type,theta_deg,period_px,codes_used,eta_grating,row,c0,c1,c2,c3,c4,c5,c6,c7,c8,c9,c10,c11,c12,c13,c14,c15,c16,c17,c18,c19
grating,0,1.00,P0,1.000000,0,P0,P0,P0,P0,P0,P0,P0,P0,P0,P0,P0,P0,P0,P0,P0,P0,P0,P0,P0,P0
grating,0,1.00,P0,1.000000,1,P0,P0,P0,P0,P0,P0,P0,P0,P0,P0,P0,P0,P0,P0,P0,P0,P0,P0,P0,P0
grating,0,1.00,P0,1.000000,2,P0,P0,P0,P0,P0,P0,P0,P0,P0,P0,P0,P0,P0,P0,P0,P0,P0,P0,P0,P0
grating,0,1.00,P0,1.000000,3,P0,P0,P0,P0,P0,P0,P0,P0,P0,P0,P0,P0,P0,P0,P0,P0,P0,P0,P0,P0
grating,0,1.00,P0,1.000000,4,P0,P0,P0,P0,P0,P0,P0,P0,P0,P0,P0,P0,P0,P0,P0,P0,P0,P0,P0,P0
grating,0,1.00,P0,1.000000,5,P0,P0,P0,P0,P0,P0,P0,P0,P0,P0,P0,P0,P0,P0,P0,P0,P0,P0,P0,P0
grating,0,1.00,P0,1.000000,6,P0,P0,P0,P0,P0,P0,P0,P0,P0,P0,P0,P0,P0,P0,P0,P0,P0,P0,P0,P0
grating,0,1.00,P0,1.000000,7,P0,P0,P0,P0,P0,P0,P0,P0,P0,P0,P0,P0,P0,P0,P0,P0,P0,P0,P0,P0
grating,0,1.00,P0,1.000000,8,P0,P0,P0,P0,P0,P0,P0,P0,P0,P0,P0,P0,P0,P0,P0,P0,P0,P0,P0,P0
grating,0,1.00,P0,1.000000,9,P0,P0,P0,P0,P0,P0,P0,P0,P0,P0,P0,P0,P0,P0,P0,P0,P0,P0,P0,P0
grating,0,1.00,P0,1.000000,10,P0,P0,P0,P0,P0,P0,P0,P0,P0,P0,P0,P0,P0,P0,P0,P0,P0,P0,P0,P0
grating,0,1.00,P0,1.000000,11,P0,P0,P0,P0,P0,P0,P0,P0,P0,P0,P0,P0,P0,P0,P0,P0,P0,P0,P0,P0
grating,0,1.00,P0,1.000000,12,P0,P0,P0,P0,P0,P0,P0,P0,P0,P0,P0,P0,P0,P0,P0,P0,P0,P0,P0,P0
grating,0,1.00,P0,1.000000,13,P0,P0,P0,P0,P0,P0,P0,P0,P0,P0,P0,P0,P0,P0,P0,P0,P0,P0,P0,P0
grating,0,1.00,P0,1.000000,14,P0,P0,P0,P0,P0,P0,P0,P0,P0,P0,P0,P0,P0,P0,P0,P0,P0,P0,P0,P0
grating,0,1.00,P0,1.000000,15,P0,P0,P0,P0,P0,P0,P0,P0,P0,P0,P0,P0,P0,P0,P0,P0,P0,P0,P0,P0
grating,0,1.00,P0,1.000000,16,P0,P0,P0,P0,P0,P0,P0,P0,P0,P0,P0,P0,P0,P0,P0,P0,P0,P0,P0,P0
grating,0,1.00,P0,1.000000,17,P0,P0,P0,P0,P0,P0,P0,P0,P0,P0,P0,P0,P0,P0,P0,P0,P0,P0,P0,P0
grating,0,1.00,P0,1.000000,18,P0,P0,P0,P0,P0,P0,P0,P0,P0,P0,P0,P0,P0,P0,P0,P0,P0,P0,P0,P0
grating,0,1.00,P0,1.000000,19,P0,P0,P0,P0,P0,P0,P0,P0,P0,P0,P0,P0,P0,P0,P0,P0,P0,P0,P0,P0
grating,180,1.00,P0,1.000000,0,P0,P0,P0,P0,P0,P0,P0,P0,P0,P0,P0,P0,P0,P0,P0,P0,P0,P0,P0,P0
grating,180,1.00,P0,1.000000,1,P0,P0,P0,P0,P0,P0,P0,P0,P0,P0,P0,P0,P0,P0,P0,P0,P0,P0,P0,P0
grating,180,1.00,P0,1.000000,2,P0,P0,P0,P0,P0,P0,P0,P0,P0,P0,P0,P0,P0,P0,P0,P0,P0,P0,P0,P0
grating,180,1.00,P0,1.000000,3,P0,P0,P0,P0,P0,P0,P0,P0,P0,P0,P0,P0,P0,P0,P0,P0,P0,P0,P0,P0
grating,180,1.00,P0,1.000000,4,P0,P0,P0,P0,P0,P0,P0,P0,P0,P0,P0,P0,P0,P0,P0,P0,P0,P0,P0,P0
grating,180,1.00,P0,1.000000,5,P0,P0,P0,P0,P0,P0,P0,P0,P0,P0,P0,P0,P0,P0,P0,P0,P0,P0,P0,P0
grating,180,1.00,P0,1.000000,6,P0,P0,P0,P0,P0,P0,P0,P0,P0,P0,P0,P0,P0,P0,P0,P0,P0,P0,P0,P0
grating,180,1.00,P0,1.000000,7,P0,P0,P0,P0,P0,P0,P0,P0,P0,P0,P0,P0,P0,P0,P0,P0,P0,P0,P0,P0
grating,180,1.00,P0,1.000000,8,P0,P0,P0,P0,P0,P0,P0,P0,P0,P0,P0,P0,P0,P0,P0,P0,P0,P0,P0,P0
grating,180,1.00,P0,1.000000,9,P0,P0,P0,P0,P0,P0,P0,P0,P0,P0,P0,P0,P0,P0,P0,P0,P0,P0,P0,P0
grating,180,1.00,P0,1.000000,10,P0,P0,P0,P0,P0,P0,P0,P0,P0,P0,P0,P0,P0,P0,P0,P0,P0,P0,P0,P0
grating,180,1.00,P0,1.000000,11,P0,P0,P0,P0,P0,P0,P0,P0,P0,P0,P0,P0,P0,P0,P0,P0,P0,P0,P0,P0
grating,180,1.00,P0,1.000000,12,P0,P0,P0,P0,P0,P0,P0,P0,P0,P0,P0,P0,P0,P0,P0,P0,P0,P0,P0,P0
grating,180,1.00,P0,1.000000,13,P0,P0,P0,P0,P0,P0,P0,P0,P0,P0,P0,P0,P0,P0,P0,P0,P0,P0,P0,P0
grating,180,1.00,P0,1.000000,14,P0,P0,P0,P0,P0,P0,P0,P0,P0,P0,P0,P0,P0,P0,P0,P0,P0,P0,P0,P0
grating,180,1.00,P0,1.000000,15,P0,P0,P0,P0,P0,P0,P0,P0,P0,P0,P0,P0,P0,P0,P0,P0,P0,P0,P0,P0
grating,180,1.00,P0,1.000000,16,P0,P0,P0,P0,P0,P0,P0,P0,P0,P0,P0,P0,P0,P0,P0,P0,P0,P0,P0,P0
grating,180,1.00,P0,1.000000,17,P0,P0,P0,P0,P0,P0,P0,P0,P0,P0,P0,P0,P0,P0,P0,P0,P0,P0,P0,P0
grating,180,1.00,P0,1.000000,18,P0,P0,P0,P0,P0,P0,P0,P0,P0,P0,P0,P0,P0,P0,P0,P0,P0,P0,P0,P0
grating,180,1.00,P0,1.000000,19,P0,P0,P0,P0,P0,P0,P0,P0,P0,P0,P0,P0,P0,P0,P0,P0,P0,P0,P0,P0
grating,0,1.10,P0|P6|P7|P8|P11|P12|P13|P14|P15,0.730606,0,P0,P15,P15,P15,P14,P13,P12,P11,P8,P7,P6,P15,P15,P15,P15,P14,P13,P12,P11,P8
grating,0,1.10,P0|P6|P7|P8|P11|P12|P13|P14|P15,0.730606,1,P0,P15,P15,P15,P14,P13,P12,P11,P8,P7,P6,P15,P15,P15,P15,P14,P13,P12,P11,P8
grating,0,1.10,P0|P6|P7|P8|P11|P12|P13|P14|P15,0.730606,2,P0,P15,P15,P15,P14,P13,P12,P11,P8,P7,P6,P15,P15,P15,P15,P14,P13,P12,P11,P8
grating,0,1.10,P0|P6|P7|P8|P11|P12|P13|P14|P15,0.730606,3,P0,P15,P15,P15,P14,P13,P12,P11,P8,P7,P6,P15,P15,P15,P15,P14,P13,P12,P11,P8
grating,0,1.10,P0|P6|P7|P8|P11|P12|P13|P14|P15,0.730606,4,P0,P15,P15,P15,P14,P13,P12,P11,P8,P7,P6,P15,P15,P15,P15,P14,P13,P12,P11,P8
grating,0,1.10,P0|P6|P7|P8|P11|P12|P13|P14|P15,0.730606,5,P0,P15,P15,P15,P14,P13,P12,P11,P8,P7,P6,P15,P15,P15,P15,P14,P13,P12,P11,P8
grating,0,1.10,P0|P6|P7|P8|P11|P12|P13|P14|P15,0.730606,6,P0,P15,P15,P15,P14,P13,P12,P11,P8,P7,P6,P15,P15,P15,P15,P14,P13,P12,P11,P8
grating,0,1.10,P0|P6|P7|P8|P11|P12|P13|P14|P15,0.730606,7,P0,P15,P15,P15,P14,P13,P12,P11,P8,P7,P6,P15,P15,P15,P15,P14,P13,P12,P11,P8
grating,0,1.10,P0|P6|P7|P8|P11|P12|P13|P14|P15,0.730606,8,P0,P15,P15,P15,P14,P13,P12,P11,P8,P7,P6,P15,P15,P15,P15,P14,P13,P12,P11,P8
grating,0,1.10,P0|P6|P7|P8|P11|P12|P13|P14|P15,0.730606,9,P0,P15,P15,P15,P14,P13,P12,P11,P8,P7,P6,P15,P15,P15,P15,P14,P13,P12,P11,P8
grating,0,1.10,P0|P6|P7|P8|P11|P12|P13|P14|P15,0.730606,10,P0,P15,P15,P15,P14,P13,P12,P11,P8,P7,P6,P15,P15,P15,P15,P14,P13,P12,P11,P8
grating,0,1.10,P0|P6|P7|P8|P11|P12|P13|P14|P15,0.730606,11,P0,P15,P15,P15,P14,P13,P12,P11,P8,P7,P6,P15,P15,P15,P15,P14,P13,P12,P11,P8
grating,0,1.10,P0|P6|P7|P8|P11|P12|P13|P14|P15,0.730606,12,P0,P15,P15,P15,P14,P13,P12,P11,P8,P7,P6,P15,P15,P15,P15,P14,P13,P12,P11,P8
grating,0,1.10,P0|P6|P7|P8|P11|P12|P13|P14|P15,0.730606,13,P0,P15,P15,P15,P14,P13,P12,P11,P8,P7,P6,P15,P15,P15,P15,P14,P13,P12,P11,P8
grating,0,1.10,P0|P6|P7|P8|P11|P12|P13|P14|P15,0.730606,14,P0,P15,P15,P15,P14,P13,P12,P11,P8,P7,P6,P15,P15,P15,P15,P14,P13,P12,P11,P8
grating,0,1.10,P0|P6|P7|P8|P11|P12|P13|P14|P15,0.730606,15,P0,P15,P15,P15,P14,P13,P12,P11,P8,P7,P6,P15,P15,P15,P15,P14,P13,P12,P11,P8
grating,0,1.10,P0|P6|P7|P8|P11|P12|P13|P14|P15,0.730606,16,P0,P15,P15,P15,P14,P13,P12,P11,P8,P7,P6,P15,P15,P15,P15,P14,P13,P12,P11,P8
grating,0,1.10,P0|P6|P7|P8|P11|P12|P13|P14|P15,0.730606,17,P0,P15,P15,P15,P14,P13,P12,P11,P8,P7,P6,P15,P15,P15,P15,P14,P13,P12,P11,P8
grating,0,1.10,P0|P6|P7|P8|P11|P12|P13|P14|P15,0.730606,18,P0,P15,P15,P15,P14,P13,P12,P11,P8,P7,P6,P15,P15,P15,P15,P14,P13,P12,P11,P8
grating,0,1.10,P0|P6|P7|P8|P11|P12|P13|P14|P15,0.730606,19,P0,P15,P15,P15,P14,P13,P12,P11,P8,P7,P6,P15,P15,P15,P15,P14,P13,P12,P11,P8
grating,180,1.10,P0|P6|P7|P8|P11|P12|P13|P14|P15,0.730606,0,P14,P15,P15,P15,P15,P6,P7,P8,P11,P12,P13,P14,P15,P15,P15,P15,P6,P7,P8,P11
grating,180,1.10,P0|P6|P7|P8|P11|P12|P13|P14|P15,0.730606,1,P14,P15,P15,P15,P15,P6,P7,P8,P11,P12,P13,P14,P15,P15,P15,P15,P6,P7,P8,P11
grating,180,1.10,P0|P6|P7|P8|P11|P12|P13|P14|P15,0.730606,2,P14,P15,P15,P15,P15,P6,P7,P8,P11,P12,P13,P14,P15,P15,P15,P15,P6,P7,P8,P11
grating,180,1.10,P0|P6|P7|P8|P11|P12|P13|P14|P15,0.730606,3,P14,P15,P15,P15,P15,P6,P7,P8,P11,P12,P13,P14,P15,P15,P15,P15,P6,P7,P8,P11
grating,180,1.10,P0|P6|P7|P8|P11|P12|P13|P14|P15,0.730606,4,P14,P15,P15,P15,P15,P6,P7,P8,P11,P12,P13,P14,P15,P15,P15,P15,P6,P7,P8,P11
grating,180,1.10,P0|P6|P7|P8|P11|P12|P13|P14|P15,0.730606,5,P14,P15,P15,P15,P15,P6,P7,P8,P11,P12,P13,P14,P15,P15,P15,P15,P6,P7,P8,P11
grating,180,1.10,P0|P6|P7|P8|P11|P12|P13|P14|P15,0.730606,6,P14,P15,P15,P15,P15,P6,P7,P8,P11,P12,P13,P14,P15,P15,P15,P15,P6,P7,P8,P11
grating,180,1.10,P0|P6|P7|P8|P11|P12|P13|P14|P15,0.730606,7,P14,P15,P15,P15,P15,P6,P7,P8,P11,P12,P13,P14,P15,P15,P15,P15,P6,P7,P8,P11
grating,180,1.10,P0|P6|P7|P8|P11|P12|P13|P14|P15,0.730606,8,P14,P15,P15,P15,P15,P6,P7,P8,P11,P12,P13,P14,P15,P15,P15,P15,P6,P7,P8,P11
grating,180,1.10,P0|P6|P7|P8|P11|P12|P13|P14|P15,0.730606,9,P14,P15,P15,P15,P15,P6,P7,P8,P11,P12,P13,P14,P15,P15,P15,P15,P6,P7,P8,P11
grating,180,1.10,P0|P6|P7|P8|P11|P12|P13|P14|P15,0.730606,10,P14,P15,P15,P15,P15,P6,P7,P8,P11,P12,P13,P14,P15,P15,P15,P15,P6,P7,P8,P11
grating,180,1.10,P0|P6|P7|P8|P11|P12|P13|P14|P15,0.730606,11,P14,P15,P15,P15,P15,P6,P7,P8,P11,P12,P13,P14,P15,P15,P15,P15,P6,P7,P8,P11
grating,180,1.10,P0|P6|P7|P8|P11|P12|P13|P14|P15,0.730606,12,P14,P15,P15,P15,P15,P6,P7,P8,P11,P12,P13,P14,P15,P15,P15,P15,P6,P7,P8,P11
grating,180,1.10,P0|P6|P7|P8|P11|P12|P13|P14|P15,0.730606,13,P14,P15,P15,P15,P15,P6,P7,P8,P11,P12,P13,P14,P15,P15,P15,P15,P6,P7,P8,P11
grating,180,1.10,P0|P6|P7|P8|P11|P12|P13|P14|P15,0.730606,14,P14,P15,P15,P15,P15,P6,P7,P8,P11,P12,P13,P14,P15,P15,P15,P15,P6,P7,P8,P11
grating,180,1.10,P0|P6|P7|P8|P11|P12|P13|P14|P15,0.730606,15,P14,P15,P15,P15,P15,P6,P7,P8,P11,P12,P13,P14,P15,P15,P15,P15,P6,P7,P8,P11
grating,180,1.10,P0|P6|P7|P8|P11|P12|P13|P14|P15,0.730606,16,P14,P15,P15,P15,P15,P6,P7,P8,P11,P12,P13,P14,P15,P15,P15,P15,P6,P7,P8,P11
grating,180,1.10,P0|P6|P7|P8|P11|P12|P13|P14|P15,0.730606,17,P14,P15,P15,P15,P15,P6,P7,P8,P11,P12,P13,P14,P15,P15,P15,P15,P6,P7,P8,P11
grating,180,1.10,P0|P6|P7|P8|P11|P12|P13|P14|P15,0.730606,18,P14,P15,P15,P15,P15,P6,P7,P8,P11,P12,P13,P14,P15,P15,P15,P15,P6,P7,P8,P11
grating,180,1.10,P0|P6|P7|P8|P11|P12|P13|P14|P15,0.730606,19,P14,P15,P15,P15,P15,P6,P7,P8,P11,P12,P13,P14,P15,P15,P15,P15,P6,P7,P8,P11
grating,0,1.20,P0|P7|P10|P13|P15,0.828152,0,P0,P15,P15,P13,P10,P7,P0,P15,P15,P13,P10,P7,P0,P15,P15,P13,P10,P7,P0,P15
grating,0,1.20,P0|P7|P10|P13|P15,0.828152,1,P0,P15,P15,P13,P10,P7,P0,P15,P15,P13,P10,P7,P0,P15,P15,P13,P10,P7,P0,P15
grating,0,1.20,P0|P7|P10|P13|P15,0.828152,2,P0,P15,P15,P13,P10,P7,P0,P15,P15,P13,P10,P7,P0,P15,P15,P13,P10,P7,P0,P15
grating,0,1.20,P0|P7|P10|P13|P15,0.828152,3,P0,P15,P15,P13,P10,P7,P0,P15,P15,P13,P10,P7,P0,P15,P15,P13,P10,P7,P0,P15
grating,0,1.20,P0|P7|P10|P13|P15,0.828152,4,P0,P15,P15,P13,P10,P7,P0,P15,P15,P13,P10,P7,P0,P15,P15,P13,P10,P7,P0,P15
grating,0,1.20,P0|P7|P10|P13|P15,0.828152,5,P0,P15,P15,P13,P10,P7,P0,P15,P15,P13,P10,P7,P0,P15,P15,P13,P10,P7,P0,P15
grating,0,1.20,P0|P7|P10|P13|P15,0.828152,6,P0,P15,P15,P13,P10,P7,P0,P15,P15,P13,P10,P7,P0,P15,P15,P13,P10,P7,P0,P15
grating,0,1.20,P0|P7|P10|P13|P15,0.828152,7,P0,P15,P15,P13,P10,P7,P0,P15,P15,P13,P10,P7,P0,P15,P15,P13,P10,P7,P0,P15
grating,0,1.20,P0|P7|P10|P13|P15,0.828152,8,P0,P15,P15,P13,P10,P7,P0,P15,P15,P13,P10,P7,P0,P15,P15,P13,P10,P7,P0,P15
grating,0,1.20,P0|P7|P10|P13|P15,0.828152,9,P0,P15,P15,P13,P10,P7,P0,P15,P15,P13,P10,P7,P0,P15,P15,P13,P10,P7,P0,P15
grating,0,1.20,P0|P7|P10|P13|P15,0.828152,10,P0,P15,P15,P13,P10,P7,P0,P15,P15,P13,P10,P7,P0,P15,P15,P13,P10,P7,P0,P15
grating,0,1.20,P0|P7|P10|P13|P15,0.828152,11,P0,P15,P15,P13,P10,P7,P0,P15,P15,P13,P10,P7,P0,P15,P15,P13,P10,P7,P0,P15
grating,0,1.20,P0|P7|P10|P13|P15,0.828152,12,P0,P15,P15,P13,P10,P7,P0,P15,P15,P13,P10,P7,P0,P15,P15,P13,P10,P7,P0,P15
grating,0,1.20,P0|P7|P10|P13|P15,0.828152,13,P0,P15,P15,P13,P10,P7,P0,P15,P15,P13,P10,P7,P0,P15,P15,P13,P10,P7,P0,P15
grating,0,1.20,P0|P7|P10|P13|P15,0.828152,14,P0,P15,P15,P13,P10,P7,P0,P15,P15,P13,P10,P7,P0,P15,P15,P13,P10,P7,P0,P15
grating,0,1.20,P0|P7|P10|P13|P15,0.828152,15,P0,P15,P15,P13,P10,P7,P0,P15,P15,P13,P10,P7,P0,P15,P15,P13,P10,P7,P0,P15
grating,0,1.20,P0|P7|P10|P13|P15,0.828152,16,P0,P15,P15,P13,P10,P7,P0,P15,P15,P13,P10,P7,P0,P15,P15,P13,P10,P7,P0,P15
grating,0,1.20,P0|P7|P10|P13|P15,0.828152,17,P0,P15,P15,P13,P10,P7,P0,P15,P15,P13,P10,P7,P0,P15,P15,P13,P10,P7,P0,P15
grating,0,1.20,P0|P7|P10|P13|P15,0.828152,18,P0,P15,P15,P13,P10,P7,P0,P15,P15,P13,P10,P7,P0,P15,P15,P13,P10,P7,P0,P15
grating,0,1.20,P0|P7|P10|P13|P15,0.828152,19,P0,P15,P15,P13,P10,P7,P0,P15,P15,P13,P10,P7,P0,P15,P15,P13,P10,P7,P0,P15
grating,180,1.20,P0|P7|P10|P13|P15,0.828152,0,P15,P0,P7,P10,P13,P15,P15,P0,P7,P10,P13,P15,P15,P0,P7,P10,P13,P15,P15,P0
grating,180,1.20,P0|P7|P10|P13|P15,0.828152,1,P15,P0,P7,P10,P13,P15,P15,P0,P7,P10,P13,P15,P15,P0,P7,P10,P13,P15,P15,P0
grating,180,1.20,P0|P7|P10|P13|P15,0.828152,2,P15,P0,P7,P10,P13,P15,P15,P0,P7,P10,P13,P15,P15,P0,P7,P10,P13,P15,P15,P0
grating,180,1.20,P0|P7|P10|P13|P15,0.828152,3,P15,P0,P7,P10,P13,P15,P15,P0,P7,P10,P13,P15,P15,P0,P7,P10,P13,P15,P15,P0
grating,180,1.20,P0|P7|P10|P13|P15,0.828152,4,P15,P0,P7,P10,P13,P15,P15,P0,P7,P10,P13,P15,P15,P0,P7,P10,P13,P15,P15,P0
grating,180,1.20,P0|P7|P10|P13|P15,0.828152,5,P15,P0,P7,P10,P13,P15,P15,P0,P7,P10,P13,P15,P15,P0,P7,P10,P13,P15,P15,P0
grating,180,1.20,P0|P7|P10|P13|P15,0.828152,6,P15,P0,P7,P10,P13,P15,P15,P0,P7,P10,P13,P15,P15,P0,P7,P10,P13,P15,P15,P0
grating,180,1.20,P0|P7|P10|P13|P15,0.828152,7,P15,P0,P7,P10,P13,P15,P15,P0,P7,P10,P13,P15,P15,P0,P7,P10,P13,P15,P15,P0
grating,180,1.20,P0|P7|P10|P13|P15,0.828152,8,P15,P0,P7,P10,P13,P15,P15,P0,P7,P10,P13,P15,P15,P0,P7,P10,P13,P15,P15,P0
grating,180,1.20,P0|P7|P10|P13|P15,0.828152,9,P15,P0,P7,P10,P13,P15,P15,P0,P7,P10,P13,P15,P15,P0,P7,P10,P13,P15,P15,P0
grating,180,1.20,P0|P7|P10|P13|P15,0.828152,10,P15,P0,P7,P10,P13,P15,P15,P0,P7,P10,P13,P15,P15,P0,P7,P10,P13,P15,P15,P0
grating,180,1.20,P0|P7|P10|P13|P15,0.828152,11,P15,P0,P7,P10,P13,P15,P15,P0,P7,P10,P13,P15,P15,P0,P7,P10,P13,P15,P15,P0
grating,180,1.20,P0|P7|P10|P13|P15,0.828152,12,P15,P0,P7,P10,P13,P15,P15,P0,P7,P10,P13,P15,P15,P0,P7,P10,P13,P15,P15,P0
grating,180,1.20,P0|P7|P10|P13|P15,0.828152,13,P15,P0,P7,P10,P13,P15,P15,P0,P7,P10,P13,P15,P15,P0,P7,P10,P13,P15,P15,P0
grating,180,1.20,P0|P7|P10|P13|P15,0.828152,14,P15,P0,P7,P10,P13,P15,P15,P0,P7,P10,P13,P15,P15,P0,P7,P10,P13,P15,P15,P0
grating,180,1.20,P0|P7|P10|P13|P15,0.828152,15,P15,P0,P7,P10,P13,P15,P15,P0,P7,P10,P13,P15,P15,P0,P7,P10,P13,P15,P15,P0
grating,180,1.20,P0|P7|P10|P13|P15,0.828152,16,P15,P0,P7,P10,P13,P15,P15,P0,P7,P10,P13,P15,P15,P0,P7,P10,P13,P15,P15,P0
grating,180,1.20,P0|P7|P10|P13|P15,0.828152,17,P15,P0,P7,P10,P13,P15,P15,P0,P7,P10,P13,P15,P15,P0,P7,P10,P13,P15,P15,P0
grating,180,1.20,P0|P7|P10|P13|P15,0.828152,18,P15,P0,P7,P10,P13,P15,P15,P0,P7,P10,P13,P15,P15,P0,P7,P10,P13,P15,P15,P0
grating,180,1.20,P0|P7|P10|P13|P15,0.828152,19,P15,P0,P7,P10,P13,P15,P15,P0,P7,P10,P13,P15,P15,P0,P7,P10,P13,P15,P15,P0
grating,0,1.30,P0|P5|P7|P8|P10|P11|P12|P13|P14|P15,0.776482,0,P0,P15,P13,P10,P5,P15,P14,P11,P7,P15,P15,P12,P8,P0,P15,P13,P10,P5,P15,P14
grating,0,1.30,P0|P5|P7|P8|P10|P11|P12|P13|P14|P15,0.776482,1,P0,P15,P13,P10,P5,P15,P14,P11,P7,P15,P15,P12,P8,P0,P15,P13,P10,P5,P15,P14
grating,0,1.30,P0|P5|P7|P8|P10|P11|P12|P13|P14|P15,0.776482,2,P0,P15,P13,P10,P5,P15,P14,P11,P7,P15,P15,P12,P8,P0,P15,P13,P10,P5,P15,P14
grating,0,1.30,P0|P5|P7|P8|P10|P11|P12|P13|P14|P15,0.776482,3,P0,P15,P13,P10,P5,P15,P14,P11,P7,P15,P15,P12,P8,P0,P15,P13,P10,P5,P15,P14
grating,0,1.30,P0|P5|P7|P8|P10|P11|P12|P13|P14|P15,0.776482,4,P0,P15,P13,P10,P5,P15,P14,P11,P7,P15,P15,P12,P8,P0,P15,P13,P10,P5,P15,P14
grating,0,1.30,P0|P5|P7|P8|P10|P11|P12|P13|P14|P15,0.776482,5,P0,P15,P13,P10,P5,P15,P14,P11,P7,P15,P15,P12,P8,P0,P15,P13,P10,P5,P15,P14
grating,0,1.30,P0|P5|P7|P8|P10|P11|P12|P13|P14|P15,0.776482,6,P0,P15,P13,P10,P5,P15,P14,P11,P7,P15,P15,P12,P8,P0,P15,P13,P10,P5,P15,P14
grating,0,1.30,P0|P5|P7|P8|P10|P11|P12|P13|P14|P15,0.776482,7,P0,P15,P13,P10,P5,P15,P14,P11,P7,P15,P15,P12,P8,P0,P15,P13,P10,P5,P15,P14
grating,0,1.30,P0|P5|P7|P8|P10|P11|P12|P13|P14|P15,0.776482,8,P0,P15,P13,P10,P5,P15,P14,P11,P7,P15,P15,P12,P8,P0,P15,P13,P10,P5,P15,P14
grating,0,1.30,P0|P5|P7|P8|P10|P11|P12|P13|P14|P15,0.776482,9,P0,P15,P13,P10,P5,P15,P14,P11,P7,P15,P15,P12,P8,P0,P15,P13,P10,P5,P15,P14
grating,0,1.30,P0|P5|P7|P8|P10|P11|P12|P13|P14|P15,0.776482,10,P0,P15,P13,P10,P5,P15,P14,P11,P7,P15,P15,P12,P8,P0,P15,P13,P10,P5,P15,P14
grating,0,1.30,P0|P5|P7|P8|P10|P11|P12|P13|P14|P15,0.776482,11,P0,P15,P13,P10,P5,P15,P14,P11,P7,P15,P15,P12,P8,P0,P15,P13,P10,P5,P15,P14
grating,0,1.30,P0|P5|P7|P8|P10|P11|P12|P13|P14|P15,0.776482,12,P0,P15,P13,P10,P5,P15,P14,P11,P7,P15,P15,P12,P8,P0,P15,P13,P10,P5,P15,P14
grating,0,1.30,P0|P5|P7|P8|P10|P11|P12|P13|P14|P15,0.776482,13,P0,P15,P13,P10,P5,P15,P14,P11,P7,P15,P15,P12,P8,P0,P15,P13,P10,P5,P15,P14
grating,0,1.30,P0|P5|P7|P8|P10|P11|P12|P13|P14|P15,0.776482,14,P0,P15,P13,P10,P5,P15,P14,P11,P7,P15,P15,P12,P8,P0,P15,P13,P10,P5,P15,P14
grating,0,1.30,P0|P5|P7|P8|P10|P11|P12|P13|P14|P15,0.776482,15,P0,P15,P13,P10,P5,P15,P14,P11,P7,P15,P15,P12,P8,P0,P15,P13,P10,P5,P15,P14
grating,0,1.30,P0|P5|P7|P8|P10|P11|P12|P13|P14|P15,0.776482,16,P0,P15,P13,P10,P5,P15,P14,P11,P7,P15,P15,P12,P8,P0,P15,P13,P10,P5,P15,P14
grating,0,1.30,P0|P5|P7|P8|P10|P11|P12|P13|P14|P15,0.776482,17,P0,P15,P13,P10,P5,P15,P14,P11,P7,P15,P15,P12,P8,P0,P15,P13,P10,P5,P15,P14
grating,0,1.30,P0|P5|P7|P8|P10|P11|P12|P13|P14|P15,0.776482,18,P0,P15,P13,P10,P5,P15,P14,P11,P7,P15,P15,P12,P8,P0,P15,P13,P10,P5,P15,P14
grating,0,1.30,P0|P5|P7|P8|P10|P11|P12|P13|P14|P15,0.776482,19,P0,P15,P13,P10,P5,P15,P14,P11,P7,P15,P15,P12,P8,P0,P15,P13,P10,P5,P15,P14
grating,180,1.30,P0|P5|P7|P8|P10|P11|P12|P13|P14|P15,0.776482,0,P15,P5,P10,P13,P15,P0,P8,P12,P15,P15,P7,P11,P14,P15,P5,P10,P13,P15,P0,P8
grating,180,1.30,P0|P5|P7|P8|P10|P11|P12|P13|P14|P15,0.776482,1,P15,P5,P10,P13,P15,P0,P8,P12,P15,P15,P7,P11,P14,P15,P5,P10,P13,P15,P0,P8
grating,180,1.30,P0|P5|P7|P8|P10|P11|P12|P13|P14|P15,0.776482,2,P15,P5,P10,P13,P15,P0,P8,P12,P15,P15,P7,P11,P14,P15,P5,P10,P13,P15,P0,P8
grating,180,1.30,P0|P5|P7|P8|P10|P11|P12|P13|P14|P15,0.776482,3,P15,P5,P10,P13,P15,P0,P8,P12,P15,P15,P7,P11,P14,P15,P5,P10,P13,P15,P0,P8
grating,180,1.30,P0|P5|P7|P8|P10|P11|P12|P13|P14|P15,0.776482,4,P15,P5,P10,P13,P15,P0,P8,P12,P15,P15,P7,P11,P14,P15,P5,P10,P13,P15,P0,P8
grating,180,1.30,P0|P5|P7|P8|P10|P11|P12|P13|P14|P15,0.776482,5,P15,P5,P10,P13,P15,P0,P8,P12,P15,P15,P7,P11,P14,P15,P5,P10,P13,P15,P0,P8
grating,180,1.30,P0|P5|P7|P8|P10|P11|P12|P13|P14|P15,0.776482,6,P15,P5,P10,P13,P15,P0,P8,P12,P15,P15,P7,P11,P14,P15,P5,P10,P13,P15,P0,P8
grating,180,1.30,P0|P5|P7|P8|P10|P11|P12|P13|P14|P15,0.776482,7,P15,P5,P10,P13,P15,P0,P8,P12,P15,P15,P7,P11,P14,P15,P5,P10,P13,P15,P0,P8
grating,180,1.30,P0|P5|P7|P8|P10|P11|P12|P13|P14|P15,0.776482,8,P15,P5,P10,P13,P15,P0,P8,P12,P15,P15,P7,P11,P14,P15,P5,P10,P13,P15,P0,P8
grating,180,1.30,P0|P5|P7|P8|P10|P11|P12|P13|P14|P15,0.776482,9,P15,P5,P10,P13,P15,P0,P8,P12,P15,P15,P7,P11,P14,P15,P5,P10,P13,P15,P0,P8
grating,180,1.30,P0|P5|P7|P8|P10|P11|P12|P13|P14|P15,0.776482,10,P15,P5,P10,P13,P15,P0,P8,P12,P15,P15,P7,P11,P14,P15,P5,P10,P13,P15,P0,P8
grating,180,1.30,P0|P5|P7|P8|P10|P11|P12|P13|P14|P15,0.776482,11,P15,P5,P10,P13,P15,P0,P8,P12,P15,P15,P7,P11,P14,P15,P5,P10,P13,P15,P0,P8
grating,180,1.30,P0|P5|P7|P8|P10|P11|P12|P13|P14|P15,0.776482,12,P15,P5,P10,P13,P15,P0,P8,P12,P15,P15,P7,P11,P14,P15,P5,P10,P13,P15,P0,P8
grating,180,1.30,P0|P5|P7|P8|P10|P11|P12|P13|P14|P15,0.776482,13,P15,P5,P10,P13,P15,P0,P8,P12,P15,P15,P7,P11,P14,P15,P5,P10,P13,P15,P0,P8
grating,180,1.30,P0|P5|P7|P8|P10|P11|P12|P13|P14|P15,0.776482,14,P15,P5,P10,P13,P15,P0,P8,P12,P15,P15,P7,P11,P14,P15,P5,P10,P13,P15,P0,P8
grating,180,1.30,P0|P5|P7|P8|P10|P11|P12|P13|P14|P15,0.776482,15,P15,P5,P10,P13,P15,P0,P8,P12,P15,P15,P7,P11,P14,P15,P5,P10,P13,P15,P0,P8
grating,180,1.30,P0|P5|P7|P8|P10|P11|P12|P13|P14|P15,0.776482,16,P15,P5,P10,P13,P15,P0,P8,P12,P15,P15,P7,P11,P14,P15,P5,P10,P13,P15,P0,P8
grating,180,1.30,P0|P5|P7|P8|P10|P11|P12|P13|P14|P15,0.776482,17,P15,P5,P10,P13,P15,P0,P8,P12,P15,P15,P7,P11,P14,P15,P5,P10,P13,P15,P0,P8
grating,180,1.30,P0|P5|P7|P8|P10|P11|P12|P13|P14|P15,0.776482,18,P15,P5,P10,P13,P15,P0,P8,P12,P15,P15,P7,P11,P14,P15,P5,P10,P13,P15,P0,P8
grating,180,1.30,P0|P5|P7|P8|P10|P11|P12|P13|P14|P15,0.776482,19,P15,P5,P10,P13,P15,P0,P8,P12,P15,P15,P7,P11,P14,P15,P5,P10,P13,P15,P0,P8
grating,0,1.40,P0|P7|P9|P12|P14|P15,0.828780,0,P0,P15,P12,P7,P15,P14,P9,P0,P15,P12,P7,P15,P14,P9,P0,P15,P12,P7,P15,P14
grating,0,1.40,P0|P7|P9|P12|P14|P15,0.828780,1,P0,P15,P12,P7,P15,P14,P9,P0,P15,P12,P7,P15,P14,P9,P0,P15,P12,P7,P15,P14
grating,0,1.40,P0|P7|P9|P12|P14|P15,0.828780,2,P0,P15,P12,P7,P15,P14,P9,P0,P15,P12,P7,P15,P14,P9,P0,P15,P12,P7,P15,P14
grating,0,1.40,P0|P7|P9|P12|P14|P15,0.828780,3,P0,P15,P12,P7,P15,P14,P9,P0,P15,P12,P7,P15,P14,P9,P0,P15,P12,P7,P15,P14
grating,0,1.40,P0|P7|P9|P12|P14|P15,0.828780,4,P0,P15,P12,P7,P15,P14,P9,P0,P15,P12,P7,P15,P14,P9,P0,P15,P12,P7,P15,P14
grating,0,1.40,P0|P7|P9|P12|P14|P15,0.828780,5,P0,P15,P12,P7,P15,P14,P9,P0,P15,P12,P7,P15,P14,P9,P0,P15,P12,P7,P15,P14
grating,0,1.40,P0|P7|P9|P12|P14|P15,0.828780,6,P0,P15,P12,P7,P15,P14,P9,P0,P15,P12,P7,P15,P14,P9,P0,P15,P12,P7,P15,P14
grating,0,1.40,P0|P7|P9|P12|P14|P15,0.828780,7,P0,P15,P12,P7,P15,P14,P9,P0,P15,P12,P7,P15,P14,P9,P0,P15,P12,P7,P15,P14
grating,0,1.40,P0|P7|P9|P12|P14|P15,0.828780,8,P0,P15,P12,P7,P15,P14,P9,P0,P15,P12,P7,P15,P14,P9,P0,P15,P12,P7,P15,P14
grating,0,1.40,P0|P7|P9|P12|P14|P15,0.828780,9,P0,P15,P12,P7,P15,P14,P9,P0,P15,P12,P7,P15,P14,P9,P0,P15,P12,P7,P15,P14
grating,0,1.40,P0|P7|P9|P12|P14|P15,0.828780,10,P0,P15,P12,P7,P15,P14,P9,P0,P15,P12,P7,P15,P14,P9,P0,P15,P12,P7,P15,P14
grating,0,1.40,P0|P7|P9|P12|P14|P15,0.828780,11,P0,P15,P12,P7,P15,P14,P9,P0,P15,P12,P7,P15,P14,P9,P0,P15,P12,P7,P15,P14
grating,0,1.40,P0|P7|P9|P12|P14|P15,0.828780,12,P0,P15,P12,P7,P15,P14,P9,P0,P15,P12,P7,P15,P14,P9,P0,P15,P12,P7,P15,P14
grating,0,1.40,P0|P7|P9|P12|P14|P15,0.828780,13,P0,P15,P12,P7,P15,P14,P9,P0,P15,P12,P7,P15,P14,P9,P0,P15,P12,P7,P15,P14
grating,0,1.40,P0|P7|P9|P12|P14|P15,0.828780,14,P0,P15,P12,P7,P15,P14,P9,P0,P15,P12,P7,P15,P14,P9,P0,P15,P12,P7,P15,P14
grating,0,1.40,P0|P7|P9|P12|P14|P15,0.828780,15,P0,P15,P12,P7,P15,P14,P9,P0,P15,P12,P7,P15,P14,P9,P0,P15,P12,P7,P15,P14
grating,0,1.40,P0|P7|P9|P12|P14|P15,0.828780,16,P0,P15,P12,P7,P15,P14,P9,P0,P15,P12,P7,P15,P14,P9,P0,P15,P12,P7,P15,P14
grating,0,1.40,P0|P7|P9|P12|P14|P15,0.828780,17,P0,P15,P12,P7,P15,P14,P9,P0,P15,P12,P7,P15,P14,P9,P0,P15,P12,P7,P15,P14
grating,0,1.40,P0|P7|P9|P12|P14|P15,0.828780,18,P0,P15,P12,P7,P15,P14,P9,P0,P15,P12,P7,P15,P14,P9,P0,P15,P12,P7,P15,P14
grating,0,1.40,P0|P7|P9|P12|P14|P15,0.828780,19,P0,P15,P12,P7,P15,P14,P9,P0,P15,P12,P7,P15,P14,P9,P0,P15,P12,P7,P15,P14
grating,180,1.40,P0|P7|P9|P12|P14|P15,0.828780,0,P9,P14,P15,P7,P12,P15,P0,P9,P14,P15,P7,P12,P15,P0,P9,P14,P15,P7,P12,P15
grating,180,1.40,P0|P7|P9|P12|P14|P15,0.828780,1,P9,P14,P15,P7,P12,P15,P0,P9,P14,P15,P7,P12,P15,P0,P9,P14,P15,P7,P12,P15
grating,180,1.40,P0|P7|P9|P12|P14|P15,0.828780,2,P9,P14,P15,P7,P12,P15,P0,P9,P14,P15,P7,P12,P15,P0,P9,P14,P15,P7,P12,P15
grating,180,1.40,P0|P7|P9|P12|P14|P15,0.828780,3,P9,P14,P15,P7,P12,P15,P0,P9,P14,P15,P7,P12,P15,P0,P9,P14,P15,P7,P12,P15
grating,180,1.40,P0|P7|P9|P12|P14|P15,0.828780,4,P9,P14,P15,P7,P12,P15,P0,P9,P14,P15,P7,P12,P15,P0,P9,P14,P15,P7,P12,P15
grating,180,1.40,P0|P7|P9|P12|P14|P15,0.828780,5,P9,P14,P15,P7,P12,P15,P0,P9,P14,P15,P7,P12,P15,P0,P9,P14,P15,P7,P12,P15
grating,180,1.40,P0|P7|P9|P12|P14|P15,0.828780,6,P9,P14,P15,P7,P12,P15,P0,P9,P14,P15,P7,P12,P15,P0,P9,P14,P15,P7,P12,P15
grating,180,1.40,P0|P7|P9|P12|P14|P15,0.828780,7,P9,P14,P15,P7,P12,P15,P0,P9,P14,P15,P7,P12,P15,P0,P9,P14,P15,P7,P12,P15
grating,180,1.40,P0|P7|P9|P12|P14|P15,0.828780,8,P9,P14,P15,P7,P12,P15,P0,P9,P14,P15,P7,P12,P15,P0,P9,P14,P15,P7,P12,P15
grating,180,1.40,P0|P7|P9|P12|P14|P15,0.828780,9,P9,P14,P15,P7,P12,P15,P0,P9,P14,P15,P7,P12,P15,P0,P9,P14,P15,P7,P12,P15
grating,180,1.40,P0|P7|P9|P12|P14|P15,0.828780,10,P9,P14,P15,P7,P12,P15,P0,P9,P14,P15,P7,P12,P15,P0,P9,P14,P15,P7,P12,P15
grating,180,1.40,P0|P7|P9|P12|P14|P15,0.828780,11,P9,P14,P15,P7,P12,P15,P0,P9,P14,P15,P7,P12,P15,P0,P9,P14,P15,P7,P12,P15
grating,180,1.40,P0|P7|P9|P12|P14|P15,0.828780,12,P9,P14,P15,P7,P12,P15,P0,P9,P14,P15,P7,P12,P15,P0,P9,P14,P15,P7,P12,P15
grating,180,1.40,P0|P7|P9|P12|P14|P15,0.828780,13,P9,P14,P15,P7,P12,P15,P0,P9,P14,P15,P7,P12,P15,P0,P9,P14,P15,P7,P12,P15
grating,180,1.40,P0|P7|P9|P12|P14|P15,0.828780,14,P9,P14,P15,P7,P12,P15,P0,P9,P14,P15,P7,P12,P15,P0,P9,P14,P15,P7,P12,P15
grating,180,1.40,P0|P7|P9|P12|P14|P15,0.828780,15,P9,P14,P15,P7,P12,P15,P0,P9,P14,P15,P7,P12,P15,P0,P9,P14,P15,P7,P12,P15
grating,180,1.40,P0|P7|P9|P12|P14|P15,0.828780,16,P9,P14,P15,P7,P12,P15,P0,P9,P14,P15,P7,P12,P15,P0,P9,P14,P15,P7,P12,P15
grating,180,1.40,P0|P7|P9|P12|P14|P15,0.828780,17,P9,P14,P15,P7,P12,P15,P0,P9,P14,P15,P7,P12,P15,P0,P9,P14,P15,P7,P12,P15
grating,180,1.40,P0|P7|P9|P12|P14|P15,0.828780,18,P9,P14,P15,P7,P12,P15,P0,P9,P14,P15,P7,P12,P15,P0,P9,P14,P15,P7,P12,P15
grating,180,1.40,P0|P7|P9|P12|P14|P15,0.828780,19,P9,P14,P15,P7,P12,P15,P0,P9,P14,P15,P7,P12,P15,P0,P9,P14,P15,P7,P12,P15
grating,0,1.50,P0|P10|P15,0.909223,0,P0,P15,P10,P0,P15,P10,P0,P15,P10,P0,P15,P10,P0,P15,P10,P0,P15,P10,P0,P15
grating,0,1.50,P0|P10|P15,0.909223,1,P0,P15,P10,P0,P15,P10,P0,P15,P10,P0,P15,P10,P0,P15,P10,P0,P15,P10,P0,P15
grating,0,1.50,P0|P10|P15,0.909223,2,P0,P15,P10,P0,P15,P10,P0,P15,P10,P0,P15,P10,P0,P15,P10,P0,P15,P10,P0,P15
grating,0,1.50,P0|P10|P15,0.909223,3,P0,P15,P10,P0,P15,P10,P0,P15,P10,P0,P15,P10,P0,P15,P10,P0,P15,P10,P0,P15
grating,0,1.50,P0|P10|P15,0.909223,4,P0,P15,P10,P0,P15,P10,P0,P15,P10,P0,P15,P10,P0,P15,P10,P0,P15,P10,P0,P15
grating,0,1.50,P0|P10|P15,0.909223,5,P0,P15,P10,P0,P15,P10,P0,P15,P10,P0,P15,P10,P0,P15,P10,P0,P15,P10,P0,P15
grating,0,1.50,P0|P10|P15,0.909223,6,P0,P15,P10,P0,P15,P10,P0,P15,P10,P0,P15,P10,P0,P15,P10,P0,P15,P10,P0,P15
grating,0,1.50,P0|P10|P15,0.909223,7,P0,P15,P10,P0,P15,P10,P0,P15,P10,P0,P15,P10,P0,P15,P10,P0,P15,P10,P0,P15
grating,0,1.50,P0|P10|P15,0.909223,8,P0,P15,P10,P0,P15,P10,P0,P15,P10,P0,P15,P10,P0,P15,P10,P0,P15,P10,P0,P15
grating,0,1.50,P0|P10|P15,0.909223,9,P0,P15,P10,P0,P15,P10,P0,P15,P10,P0,P15,P10,P0,P15,P10,P0,P15,P10,P0,P15
grating,0,1.50,P0|P10|P15,0.909223,10,P0,P15,P10,P0,P15,P10,P0,P15,P10,P0,P15,P10,P0,P15,P10,P0,P15,P10,P0,P15
grating,0,1.50,P0|P10|P15,0.909223,11,P0,P15,P10,P0,P15,P10,P0,P15,P10,P0,P15,P10,P0,P15,P10,P0,P15,P10,P0,P15
grating,0,1.50,P0|P10|P15,0.909223,12,P0,P15,P10,P0,P15,P10,P0,P15,P10,P0,P15,P10,P0,P15,P10,P0,P15,P10,P0,P15
grating,0,1.50,P0|P10|P15,0.909223,13,P0,P15,P10,P0,P15,P10,P0,P15,P10,P0,P15,P10,P0,P15,P10,P0,P15,P10,P0,P15
grating,0,1.50,P0|P10|P15,0.909223,14,P0,P15,P10,P0,P15,P10,P0,P15,P10,P0,P15,P10,P0,P15,P10,P0,P15,P10,P0,P15
grating,0,1.50,P0|P10|P15,0.909223,15,P0,P15,P10,P0,P15,P10,P0,P15,P10,P0,P15,P10,P0,P15,P10,P0,P15,P10,P0,P15
grating,0,1.50,P0|P10|P15,0.909223,16,P0,P15,P10,P0,P15,P10,P0,P15,P10,P0,P15,P10,P0,P15,P10,P0,P15,P10,P0,P15
grating,0,1.50,P0|P10|P15,0.909223,17,P0,P15,P10,P0,P15,P10,P0,P15,P10,P0,P15,P10,P0,P15,P10,P0,P15,P10,P0,P15
grating,0,1.50,P0|P10|P15,0.909223,18,P0,P15,P10,P0,P15,P10,P0,P15,P10,P0,P15,P10,P0,P15,P10,P0,P15,P10,P0,P15
grating,0,1.50,P0|P10|P15,0.909223,19,P0,P15,P10,P0,P15,P10,P0,P15,P10,P0,P15,P10,P0,P15,P10,P0,P15,P10,P0,P15
grating,180,1.50,P0|P10|P15,0.909223,0,P15,P0,P10,P15,P0,P10,P15,P0,P10,P15,P0,P10,P15,P0,P10,P15,P0,P10,P15,P0
grating,180,1.50,P0|P10|P15,0.909223,1,P15,P0,P10,P15,P0,P10,P15,P0,P10,P15,P0,P10,P15,P0,P10,P15,P0,P10,P15,P0
grating,180,1.50,P0|P10|P15,0.909223,2,P15,P0,P10,P15,P0,P10,P15,P0,P10,P15,P0,P10,P15,P0,P10,P15,P0,P10,P15,P0
grating,180,1.50,P0|P10|P15,0.909223,3,P15,P0,P10,P15,P0,P10,P15,P0,P10,P15,P0,P10,P15,P0,P10,P15,P0,P10,P15,P0
grating,180,1.50,P0|P10|P15,0.909223,4,P15,P0,P10,P15,P0,P10,P15,P0,P10,P15,P0,P10,P15,P0,P10,P15,P0,P10,P15,P0
grating,180,1.50,P0|P10|P15,0.909223,5,P15,P0,P10,P15,P0,P10,P15,P0,P10,P15,P0,P10,P15,P0,P10,P15,P0,P10,P15,P0
grating,180,1.50,P0|P10|P15,0.909223,6,P15,P0,P10,P15,P0,P10,P15,P0,P10,P15,P0,P10,P15,P0,P10,P15,P0,P10,P15,P0
grating,180,1.50,P0|P10|P15,0.909223,7,P15,P0,P10,P15,P0,P10,P15,P0,P10,P15,P0,P10,P15,P0,P10,P15,P0,P10,P15,P0
grating,180,1.50,P0|P10|P15,0.909223,8,P15,P0,P10,P15,P0,P10,P15,P0,P10,P15,P0,P10,P15,P0,P10,P15,P0,P10,P15,P0
grating,180,1.50,P0|P10|P15,0.909223,9,P15,P0,P10,P15,P0,P10,P15,P0,P10,P15,P0,P10,P15,P0,P10,P15,P0,P10,P15,P0
grating,180,1.50,P0|P10|P15,0.909223,10,P15,P0,P10,P15,P0,P10,P15,P0,P10,P15,P0,P10,P15,P0,P10,P15,P0,P10,P15,P0
grating,180,1.50,P0|P10|P15,0.909223,11,P15,P0,P10,P15,P0,P10,P15,P0,P10,P15,P0,P10,P15,P0,P10,P15,P0,P10,P15,P0
grating,180,1.50,P0|P10|P15,0.909223,12,P15,P0,P10,P15,P0,P10,P15,P0,P10,P15,P0,P10,P15,P0,P10,P15,P0,P10,P15,P0
grating,180,1.50,P0|P10|P15,0.909223,13,P15,P0,P10,P15,P0,P10,P15,P0,P10,P15,P0,P10,P15,P0,P10,P15,P0,P10,P15,P0
grating,180,1.50,P0|P10|P15,0.909223,14,P15,P0,P10,P15,P0,P10,P15,P0,P10,P15,P0,P10,P15,P0,P10,P15,P0,P10,P15,P0
grating,180,1.50,P0|P10|P15,0.909223,15,P15,P0,P10,P15,P0,P10,P15,P0,P10,P15,P0,P10,P15,P0,P10,P15,P0,P10,P15,P0
grating,180,1.50,P0|P10|P15,0.909223,16,P15,P0,P10,P15,P0,P10,P15,P0,P10,P15,P0,P10,P15,P0,P10,P15,P0,P10,P15,P0
grating,180,1.50,P0|P10|P15,0.909223,17,P15,P0,P10,P15,P0,P10,P15,P0,P10,P15,P0,P10,P15,P0,P10,P15,P0,P10,P15,P0
grating,180,1.50,P0|P10|P15,0.909223,18,P15,P0,P10,P15,P0,P10,P15,P0,P10,P15,P0,P10,P15,P0,P10,P15,P0,P10,P15,P0
grating,180,1.50,P0|P10|P15,0.909223,19,P15,P0,P10,P15,P0,P10,P15,P0,P10,P15,P0,P10,P15,P0,P10,P15,P0,P10,P15,P0
grating,0,1.60,P0|P7|P8|P11|P13|P14|P15,0.779717,0,P0,P14,P8,P15,P13,P7,P15,P11,P0,P14,P8,P15,P13,P7,P15,P11,P0,P14,P8,P15
grating,0,1.60,P0|P7|P8|P11|P13|P14|P15,0.779717,1,P0,P14,P8,P15,P13,P7,P15,P11,P0,P14,P8,P15,P13,P7,P15,P11,P0,P14,P8,P15
grating,0,1.60,P0|P7|P8|P11|P13|P14|P15,0.779717,2,P0,P14,P8,P15,P13,P7,P15,P11,P0,P14,P8,P15,P13,P7,P15,P11,P0,P14,P8,P15
grating,0,1.60,P0|P7|P8|P11|P13|P14|P15,0.779717,3,P0,P14,P8,P15,P13,P7,P15,P11,P0,P14,P8,P15,P13,P7,P15,P11,P0,P14,P8,P15
grating,0,1.60,P0|P7|P8|P11|P13|P14|P15,0.779717,4,P0,P14,P8,P15,P13,P7,P15,P11,P0,P14,P8,P15,P13,P7,P15,P11,P0,P14,P8,P15
grating,0,1.60,P0|P7|P8|P11|P13|P14|P15,0.779717,5,P0,P14,P8,P15,P13,P7,P15,P11,P0,P14,P8,P15,P13,P7,P15,P11,P0,P14,P8,P15
grating,0,1.60,P0|P7|P8|P11|P13|P14|P15,0.779717,6,P0,P14,P8,P15,P13,P7,P15,P11,P0,P14,P8,P15,P13,P7,P15,P11,P0,P14,P8,P15
grating,0,1.60,P0|P7|P8|P11|P13|P14|P15,0.779717,7,P0,P14,P8,P15,P13,P7,P15,P11,P0,P14,P8,P15,P13,P7,P15,P11,P0,P14,P8,P15
grating,0,1.60,P0|P7|P8|P11|P13|P14|P15,0.779717,8,P0,P14,P8,P15,P13,P7,P15,P11,P0,P14,P8,P15,P13,P7,P15,P11,P0,P14,P8,P15
grating,0,1.60,P0|P7|P8|P11|P13|P14|P15,0.779717,9,P0,P14,P8,P15,P13,P7,P15,P11,P0,P14,P8,P15,P13,P7,P15,P11,P0,P14,P8,P15
grating,0,1.60,P0|P7|P8|P11|P13|P14|P15,0.779717,10,P0,P14,P8,P15,P13,P7,P15,P11,P0,P14,P8,P15,P13,P7,P15,P11,P0,P14,P8,P15
grating,0,1.60,P0|P7|P8|P11|P13|P14|P15,0.779717,11,P0,P14,P8,P15,P13,P7,P15,P11,P0,P14,P8,P15,P13,P7,P15,P11,P0,P14,P8,P15
grating,0,1.60,P0|P7|P8|P11|P13|P14|P15,0.779717,12,P0,P14,P8,P15,P13,P7,P15,P11,P0,P14,P8,P15,P13,P7,P15,P11,P0,P14,P8,P15
grating,0,1.60,P0|P7|P8|P11|P13|P14|P15,0.779717,13,P0,P14,P8,P15,P13,P7,P15,P11,P0,P14,P8,P15,P13,P7,P15,P11,P0,P14,P8,P15
grating,0,1.60,P0|P7|P8|P11|P13|P14|P15,0.779717,14,P0,P14,P8,P15,P13,P7,P15,P11,P0,P14,P8,P15,P13,P7,P15,P11,P0,P14,P8,P15
grating,0,1.60,P0|P7|P8|P11|P13|P14|P15,0.779717,15,P0,P14,P8,P15,P13,P7,P15,P11,P0,P14,P8,P15,P13,P7,P15,P11,P0,P14,P8,P15
grating,0,1.60,P0|P7|P8|P11|P13|P14|P15,0.779717,16,P0,P14,P8,P15,P13,P7,P15,P11,P0,P14,P8,P15,P13,P7,P15,P11,P0,P14,P8,P15
grating,0,1.60,P0|P7|P8|P11|P13|P14|P15,0.779717,17,P0,P14,P8,P15,P13,P7,P15,P11,P0,P14,P8,P15,P13,P7,P15,P11,P0,P14,P8,P15
grating,0,1.60,P0|P7|P8|P11|P13|P14|P15,0.779717,18,P0,P14,P8,P15,P13,P7,P15,P11,P0,P14,P8,P15,P13,P7,P15,P11,P0,P14,P8,P15
grating,0,1.60,P0|P7|P8|P11|P13|P14|P15,0.779717,19,P0,P14,P8,P15,P13,P7,P15,P11,P0,P14,P8,P15,P13,P7,P15,P11,P0,P14,P8,P15
grating,180,1.60,P0|P7|P8|P11|P13|P14|P15,0.779717,0,P7,P13,P15,P8,P14,P0,P11,P15,P7,P13,P15,P8,P14,P0,P11,P15,P7,P13,P15,P8
grating,180,1.60,P0|P7|P8|P11|P13|P14|P15,0.779717,1,P7,P13,P15,P8,P14,P0,P11,P15,P7,P13,P15,P8,P14,P0,P11,P15,P7,P13,P15,P8
grating,180,1.60,P0|P7|P8|P11|P13|P14|P15,0.779717,2,P7,P13,P15,P8,P14,P0,P11,P15,P7,P13,P15,P8,P14,P0,P11,P15,P7,P13,P15,P8
grating,180,1.60,P0|P7|P8|P11|P13|P14|P15,0.779717,3,P7,P13,P15,P8,P14,P0,P11,P15,P7,P13,P15,P8,P14,P0,P11,P15,P7,P13,P15,P8
grating,180,1.60,P0|P7|P8|P11|P13|P14|P15,0.779717,4,P7,P13,P15,P8,P14,P0,P11,P15,P7,P13,P15,P8,P14,P0,P11,P15,P7,P13,P15,P8
grating,180,1.60,P0|P7|P8|P11|P13|P14|P15,0.779717,5,P7,P13,P15,P8,P14,P0,P11,P15,P7,P13,P15,P8,P14,P0,P11,P15,P7,P13,P15,P8
grating,180,1.60,P0|P7|P8|P11|P13|P14|P15,0.779717,6,P7,P13,P15,P8,P14,P0,P11,P15,P7,P13,P15,P8,P14,P0,P11,P15,P7,P13,P15,P8
grating,180,1.60,P0|P7|P8|P11|P13|P14|P15,0.779717,7,P7,P13,P15,P8,P14,P0,P11,P15,P7,P13,P15,P8,P14,P0,P11,P15,P7,P13,P15,P8
grating,180,1.60,P0|P7|P8|P11|P13|P14|P15,0.779717,8,P7,P13,P15,P8,P14,P0,P11,P15,P7,P13,P15,P8,P14,P0,P11,P15,P7,P13,P15,P8
grating,180,1.60,P0|P7|P8|P11|P13|P14|P15,0.779717,9,P7,P13,P15,P8,P14,P0,P11,P15,P7,P13,P15,P8,P14,P0,P11,P15,P7,P13,P15,P8
grating,180,1.60,P0|P7|P8|P11|P13|P14|P15,0.779717,10,P7,P13,P15,P8,P14,P0,P11,P15,P7,P13,P15,P8,P14,P0,P11,P15,P7,P13,P15,P8
grating,180,1.60,P0|P7|P8|P11|P13|P14|P15,0.779717,11,P7,P13,P15,P8,P14,P0,P11,P15,P7,P13,P15,P8,P14,P0,P11,P15,P7,P13,P15,P8
grating,180,1.60,P0|P7|P8|P11|P13|P14|P15,0.779717,12,P7,P13,P15,P8,P14,P0,P11,P15,P7,P13,P15,P8,P14,P0,P11,P15,P7,P13,P15,P8
grating,180,1.60,P0|P7|P8|P11|P13|P14|P15,0.779717,13,P7,P13,P15,P8,P14,P0,P11,P15,P7,P13,P15,P8,P14,P0,P11,P15,P7,P13,P15,P8
grating,180,1.60,P0|P7|P8|P11|P13|P14|P15,0.779717,14,P7,P13,P15,P8,P14,P0,P11,P15,P7,P13,P15,P8,P14,P0,P11,P15,P7,P13,P15,P8
grating,180,1.60,P0|P7|P8|P11|P13|P14|P15,0.779717,15,P7,P13,P15,P8,P14,P0,P11,P15,P7,P13,P15,P8,P14,P0,P11,P15,P7,P13,P15,P8
grating,180,1.60,P0|P7|P8|P11|P13|P14|P15,0.779717,16,P7,P13,P15,P8,P14,P0,P11,P15,P7,P13,P15,P8,P14,P0,P11,P15,P7,P13,P15,P8
grating,180,1.60,P0|P7|P8|P11|P13|P14|P15,0.779717,17,P7,P13,P15,P8,P14,P0,P11,P15,P7,P13,P15,P8,P14,P0,P11,P15,P7,P13,P15,P8
grating,180,1.60,P0|P7|P8|P11|P13|P14|P15,0.779717,18,P7,P13,P15,P8,P14,P0,P11,P15,P7,P13,P15,P8,P14,P0,P11,P15,P7,P13,P15,P8
grating,180,1.60,P0|P7|P8|P11|P13|P14|P15,0.779717,19,P7,P13,P15,P8,P14,P0,P11,P15,P7,P13,P15,P8,P14,P0,P11,P15,P7,P13,P15,P8
grating,0,1.70,P0|P5|P7|P8|P9|P11|P12|P13|P14|P15,0.751972,0,P0,P14,P7,P15,P11,P15,P13,P7,P15,P9,P15,P12,P5,P14,P8,P15,P11,P0,P14,P7
grating,0,1.70,P0|P5|P7|P8|P9|P11|P12|P13|P14|P15,0.751972,1,P0,P14,P7,P15,P11,P15,P13,P7,P15,P9,P15,P12,P5,P14,P8,P15,P11,P0,P14,P7
grating,0,1.70,P0|P5|P7|P8|P9|P11|P12|P13|P14|P15,0.751972,2,P0,P14,P7,P15,P11,P15,P13,P7,P15,P9,P15,P12,P5,P14,P8,P15,P11,P0,P14,P7
grating,0,1.70,P0|P5|P7|P8|P9|P11|P12|P13|P14|P15,0.751972,3,P0,P14,P7,P15,P11,P15,P13,P7,P15,P9,P15,P12,P5,P14,P8,P15,P11,P0,P14,P7
grating,0,1.70,P0|P5|P7|P8|P9|P11|P12|P13|P14|P15,0.751972,4,P0,P14,P7,P15,P11,P15,P13,P7,P15,P9,P15,P12,P5,P14,P8,P15,P11,P0,P14,P7
grating,0,1.70,P0|P5|P7|P8|P9|P11|P12|P13|P14|P15,0.751972,5,P0,P14,P7,P15,P11,P15,P13,P7,P15,P9,P15,P12,P5,P14,P8,P15,P11,P0,P14,P7
grating,0,1.70,P0|P5|P7|P8|P9|P11|P12|P13|P14|P15,0.751972,6,P0,P14,P7,P15,P11,P15,P13,P7,P15,P9,P15,P12,P5,P14,P8,P15,P11,P0,P14,P7
grating,0,1.70,P0|P5|P7|P8|P9|P11|P12|P13|P14|P15,0.751972,7,P0,P14,P7,P15,P11,P15,P13,P7,P15,P9,P15,P12,P5,P14,P8,P15,P11,P0,P14,P7
grating,0,1.70,P0|P5|P7|P8|P9|P11|P12|P13|P14|P15,0.751972,8,P0,P14,P7,P15,P11,P15,P13,P7,P15,P9,P15,P12,P5,P14,P8,P15,P11,P0,P14,P7
grating,0,1.70,P0|P5|P7|P8|P9|P11|P12|P13|P14|P15,0.751972,9,P0,P14,P7,P15,P11,P15,P13,P7,P15,P9,P15,P12,P5,P14,P8,P15,P11,P0,P14,P7
grating,0,1.70,P0|P5|P7|P8|P9|P11|P12|P13|P14|P15,0.751972,10,P0,P14,P7,P15,P11,P15,P13,P7,P15,P9,P15,P12,P5,P14,P8,P15,P11,P0,P14,P7
grating,0,1.70,P0|P5|P7|P8|P9|P11|P12|P13|P14|P15,0.751972,11,P0,P14,P7,P15,P11,P15,P13,P7,P15,P9,P15,P12,P5,P14,P8,P15,P11,P0,P14,P7
grating,0,1.70,P0|P5|P7|P8|P9|P11|P12|P13|P14|P15,0.751972,12,P0,P14,P7,P15,P11,P15,P13,P7,P15,P9,P15,P12,P5,P14,P8,P15,P11,P0,P14,P7
grating,0,1.70,P0|P5|P7|P8|P9|P11|P12|P13|P14|P15,0.751972,13,P0,P14,P7,P15,P11,P15,P13,P7,P15,P9,P15,P12,P5,P14,P8,P15,P11,P0,P14,P7
grating,0,1.70,P0|P5|P7|P8|P9|P11|P12|P13|P14|P15,0.751972,14,P0,P14,P7,P15,P11,P15,P13,P7,P15,P9,P15,P12,P5,P14,P8,P15,P11,P0,P14,P7
grating,0,1.70,P0|P5|P7|P8|P9|P11|P12|P13|P14|P15,0.751972,15,P0,P14,P7,P15,P11,P15,P13,P7,P15,P9,P15,P12,P5,P14,P8,P15,P11,P0,P14,P7
grating,0,1.70,P0|P5|P7|P8|P9|P11|P12|P13|P14|P15,0.751972,16,P0,P14,P7,P15,P11,P15,P13,P7,P15,P9,P15,P12,P5,P14,P8,P15,P11,P0,P14,P7
grating,0,1.70,P0|P5|P7|P8|P9|P11|P12|P13|P14|P15,0.751972,17,P0,P14,P7,P15,P11,P15,P13,P7,P15,P9,P15,P12,P5,P14,P8,P15,P11,P0,P14,P7
grating,0,1.70,P0|P5|P7|P8|P9|P11|P12|P13|P14|P15,0.751972,18,P0,P14,P7,P15,P11,P15,P13,P7,P15,P9,P15,P12,P5,P14,P8,P15,P11,P0,P14,P7
grating,0,1.70,P0|P5|P7|P8|P9|P11|P12|P13|P14|P15,0.751972,19,P0,P14,P7,P15,P11,P15,P13,P7,P15,P9,P15,P12,P5,P14,P8,P15,P11,P0,P14,P7
grating,180,1.70,P0|P5|P7|P8|P9|P11|P12|P13|P14|P15,0.751972,0,P8,P14,P5,P12,P15,P9,P15,P7,P13,P15,P11,P15,P7,P14,P0,P11,P15,P8,P14,P5
grating,180,1.70,P0|P5|P7|P8|P9|P11|P12|P13|P14|P15,0.751972,1,P8,P14,P5,P12,P15,P9,P15,P7,P13,P15,P11,P15,P7,P14,P0,P11,P15,P8,P14,P5
grating,180,1.70,P0|P5|P7|P8|P9|P11|P12|P13|P14|P15,0.751972,2,P8,P14,P5,P12,P15,P9,P15,P7,P13,P15,P11,P15,P7,P14,P0,P11,P15,P8,P14,P5
grating,180,1.70,P0|P5|P7|P8|P9|P11|P12|P13|P14|P15,0.751972,3,P8,P14,P5,P12,P15,P9,P15,P7,P13,P15,P11,P15,P7,P14,P0,P11,P15,P8,P14,P5
grating,180,1.70,P0|P5|P7|P8|P9|P11|P12|P13|P14|P15,0.751972,4,P8,P14,P5,P12,P15,P9,P15,P7,P13,P15,P11,P15,P7,P14,P0,P11,P15,P8,P14,P5
grating,180,1.70,P0|P5|P7|P8|P9|P11|P12|P13|P14|P15,0.751972,5,P8,P14,P5,P12,P15,P9,P15,P7,P13,P15,P11,P15,P7,P14,P0,P11,P15,P8,P14,P5
grating,180,1.70,P0|P5|P7|P8|P9|P11|P12|P13|P14|P15,0.751972,6,P8,P14,P5,P12,P15,P9,P15,P7,P13,P15,P11,P15,P7,P14,P0,P11,P15,P8,P14,P5
grating,180,1.70,P0|P5|P7|P8|P9|P11|P12|P13|P14|P15,0.751972,7,P8,P14,P5,P12,P15,P9,P15,P7,P13,P15,P11,P15,P7,P14,P0,P11,P15,P8,P14,P5
grating,180,1.70,P0|P5|P7|P8|P9|P11|P12|P13|P14|P15,0.751972,8,P8,P14,P5,P12,P15,P9,P15,P7,P13,P15,P11,P15,P7,P14,P0,P11,P15,P8,P14,P5
grating,180,1.70,P0|P5|P7|P8|P9|P11|P12|P13|P14|P15,0.751972,9,P8,P14,P5,P12,P15,P9,P15,P7,P13,P15,P11,P15,P7,P14,P0,P11,P15,P8,P14,P5
grating,180,1.70,P0|P5|P7|P8|P9|P11|P12|P13|P14|P15,0.751972,10,P8,P14,P5,P12,P15,P9,P15,P7,P13,P15,P11,P15,P7,P14,P0,P11,P15,P8,P14,P5
grating,180,1.70,P0|P5|P7|P8|P9|P11|P12|P13|P14|P15,0.751972,11,P8,P14,P5,P12,P15,P9,P15,P7,P13,P15,P11,P15,P7,P14,P0,P11,P15,P8,P14,P5
grating,180,1.70,P0|P5|P7|P8|P9|P11|P12|P13|P14|P15,0.751972,12,P8,P14,P5,P12,P15,P9,P15,P7,P13,P15,P11,P15,P7,P14,P0,P11,P15,P8,P14,P5
grating,180,1.70,P0|P5|P7|P8|P9|P11|P12|P13|P14|P15,0.751972,13,P8,P14,P5,P12,P15,P9,P15,P7,P13,P15,P11,P15,P7,P14,P0,P11,P15,P8,P14,P5
grating,180,1.70,P0|P5|P7|P8|P9|P11|P12|P13|P14|P15,0.751972,14,P8,P14,P5,P12,P15,P9,P15,P7,P13,P15,P11,P15,P7,P14,P0,P11,P15,P8,P14,P5
grating,180,1.70,P0|P5|P7|P8|P9|P11|P12|P13|P14|P15,0.751972,15,P8,P14,P5,P12,P15,P9,P15,P7,P13,P15,P11,P15,P7,P14,P0,P11,P15,P8,P14,P5
grating,180,1.70,P0|P5|P7|P8|P9|P11|P12|P13|P14|P15,0.751972,16,P8,P14,P5,P12,P15,P9,P15,P7,P13,P15,P11,P15,P7,P14,P0,P11,P15,P8,P14,P5
grating,180,1.70,P0|P5|P7|P8|P9|P11|P12|P13|P14|P15,0.751972,17,P8,P14,P5,P12,P15,P9,P15,P7,P13,P15,P11,P15,P7,P14,P0,P11,P15,P8,P14,P5
grating,180,1.70,P0|P5|P7|P8|P9|P11|P12|P13|P14|P15,0.751972,18,P8,P14,P5,P12,P15,P9,P15,P7,P13,P15,P11,P15,P7,P14,P0,P11,P15,P8,P14,P5
grating,180,1.70,P0|P5|P7|P8|P9|P11|P12|P13|P14|P15,0.751972,19,P8,P14,P5,P12,P15,P9,P15,P7,P13,P15,P11,P15,P7,P14,P0,P11,P15,P8,P14,P5
grating,0,1.80,P0|P6|P8|P10|P12|P13|P15,0.781733,0,P0,P13,P6,P15,P8,P15,P10,P15,P12,P0,P13,P6,P15,P8,P15,P10,P15,P12,P0,P13
grating,0,1.80,P0|P6|P8|P10|P12|P13|P15,0.781733,1,P0,P13,P6,P15,P8,P15,P10,P15,P12,P0,P13,P6,P15,P8,P15,P10,P15,P12,P0,P13
grating,0,1.80,P0|P6|P8|P10|P12|P13|P15,0.781733,2,P0,P13,P6,P15,P8,P15,P10,P15,P12,P0,P13,P6,P15,P8,P15,P10,P15,P12,P0,P13
grating,0,1.80,P0|P6|P8|P10|P12|P13|P15,0.781733,3,P0,P13,P6,P15,P8,P15,P10,P15,P12,P0,P13,P6,P15,P8,P15,P10,P15,P12,P0,P13
grating,0,1.80,P0|P6|P8|P10|P12|P13|P15,0.781733,4,P0,P13,P6,P15,P8,P15,P10,P15,P12,P0,P13,P6,P15,P8,P15,P10,P15,P12,P0,P13
grating,0,1.80,P0|P6|P8|P10|P12|P13|P15,0.781733,5,P0,P13,P6,P15,P8,P15,P10,P15,P12,P0,P13,P6,P15,P8,P15,P10,P15,P12,P0,P13
grating,0,1.80,P0|P6|P8|P10|P12|P13|P15,0.781733,6,P0,P13,P6,P15,P8,P15,P10,P15,P12,P0,P13,P6,P15,P8,P15,P10,P15,P12,P0,P13
grating,0,1.80,P0|P6|P8|P10|P12|P13|P15,0.781733,7,P0,P13,P6,P15,P8,P15,P10,P15,P12,P0,P13,P6,P15,P8,P15,P10,P15,P12,P0,P13
grating,0,1.80,P0|P6|P8|P10|P12|P13|P15,0.781733,8,P0,P13,P6,P15,P8,P15,P10,P15,P12,P0,P13,P6,P15,P8,P15,P10,P15,P12,P0,P13
grating,0,1.80,P0|P6|P8|P10|P12|P13|P15,0.781733,9,P0,P13,P6,P15,P8,P15,P10,P15,P12,P0,P13,P6,P15,P8,P15,P10,P15,P12,P0,P13
grating,0,1.80,P0|P6|P8|P10|P12|P13|P15,0.781733,10,P0,P13,P6,P15,P8,P15,P10,P15,P12,P0,P13,P6,P15,P8,P15,P10,P15,P12,P0,P13
grating,0,1.80,P0|P6|P8|P10|P12|P13|P15,0.781733,11,P0,P13,P6,P15,P8,P15,P10,P15,P12,P0,P13,P6,P15,P8,P15,P10,P15,P12,P0,P13
grating,0,1.80,P0|P6|P8|P10|P12|P13|P15,0.781733,12,P0,P13,P6,P15,P8,P15,P10,P15,P12,P0,P13,P6,P15,P8,P15,P10,P15,P12,P0,P13
grating,0,1.80,P0|P6|P8|P10|P12|P13|P15,0.781733,13,P0,P13,P6,P15,P8,P15,P10,P15,P12,P0,P13,P6,P15,P8,P15,P10,P15,P12,P0,P13
grating,0,1.80,P0|P6|P8|P10|P12|P13|P15,0.781733,14,P0,P13,P6,P15,P8,P15,P10,P15,P12,P0,P13,P6,P15,P8,P15,P10,P15,P12,P0,P13
grating,0,1.80,P0|P6|P8|P10|P12|P13|P15,0.781733,15,P0,P13,P6,P15,P8,P15,P10,P15,P12,P0,P13,P6,P15,P8,P15,P10,P15,P12,P0,P13
grating,0,1.80,P0|P6|P8|P10|P12|P13|P15,0.781733,16,P0,P13,P6,P15,P8,P15,P10,P15,P12,P0,P13,P6,P15,P8,P15,P10,P15,P12,P0,P13
grating,0,1.80,P0|P6|P8|P10|P12|P13|P15,0.781733,17,P0,P13,P6,P15,P8,P15,P10,P15,P12,P0,P13,P6,P15,P8,P15,P10,P15,P12,P0,P13
grating,0,1.80,P0|P6|P8|P10|P12|P13|P15,0.781733,18,P0,P13,P6,P15,P8,P15,P10,P15,P12,P0,P13,P6,P15,P8,P15,P10,P15,P12,P0,P13
grating,0,1.80,P0|P6|P8|P10|P12|P13|P15,0.781733,19,P0,P13,P6,P15,P8,P15,P10,P15,P12,P0,P13,P6,P15,P8,P15,P10,P15,P12,P0,P13
grating,180,1.80,P0|P6|P8|P10|P12|P13|P15,0.781733,0,P15,P10,P15,P8,P15,P6,P13,P0,P12,P15,P10,P15,P8,P15,P6,P13,P0,P12,P15,P10
grating,180,1.80,P0|P6|P8|P10|P12|P13|P15,0.781733,1,P15,P10,P15,P8,P15,P6,P13,P0,P12,P15,P10,P15,P8,P15,P6,P13,P0,P12,P15,P10
grating,180,1.80,P0|P6|P8|P10|P12|P13|P15,0.781733,2,P15,P10,P15,P8,P15,P6,P13,P0,P12,P15,P10,P15,P8,P15,P6,P13,P0,P12,P15,P10
grating,180,1.80,P0|P6|P8|P10|P12|P13|P15,0.781733,3,P15,P10,P15,P8,P15,P6,P13,P0,P12,P15,P10,P15,P8,P15,P6,P13,P0,P12,P15,P10
grating,180,1.80,P0|P6|P8|P10|P12|P13|P15,0.781733,4,P15,P10,P15,P8,P15,P6,P13,P0,P12,P15,P10,P15,P8,P15,P6,P13,P0,P12,P15,P10
grating,180,1.80,P0|P6|P8|P10|P12|P13|P15,0.781733,5,P15,P10,P15,P8,P15,P6,P13,P0,P12,P15,P10,P15,P8,P15,P6,P13,P0,P12,P15,P10
grating,180,1.80,P0|P6|P8|P10|P12|P13|P15,0.781733,6,P15,P10,P15,P8,P15,P6,P13,P0,P12,P15,P10,P15,P8,P15,P6,P13,P0,P12,P15,P10
grating,180,1.80,P0|P6|P8|P10|P12|P13|P15,0.781733,7,P15,P10,P15,P8,P15,P6,P13,P0,P12,P15,P10,P15,P8,P15,P6,P13,P0,P12,P15,P10
grating,180,1.80,P0|P6|P8|P10|P12|P13|P15,0.781733,8,P15,P10,P15,P8,P15,P6,P13,P0,P12,P15,P10,P15,P8,P15,P6,P13,P0,P12,P15,P10
grating,180,1.80,P0|P6|P8|P10|P12|P13|P15,0.781733,9,P15,P10,P15,P8,P15,P6,P13,P0,P12,P15,P10,P15,P8,P15,P6,P13,P0,P12,P15,P10
grating,180,1.80,P0|P6|P8|P10|P12|P13|P15,0.781733,10,P15,P10,P15,P8,P15,P6,P13,P0,P12,P15,P10,P15,P8,P15,P6,P13,P0,P12,P15,P10
grating,180,1.80,P0|P6|P8|P10|P12|P13|P15,0.781733,11,P15,P10,P15,P8,P15,P6,P13,P0,P12,P15,P10,P15,P8,P15,P6,P13,P0,P12,P15,P10
grating,180,1.80,P0|P6|P8|P10|P12|P13|P15,0.781733,12,P15,P10,P15,P8,P15,P6,P13,P0,P12,P15,P10,P15,P8,P15,P6,P13,P0,P12,P15,P10
grating,180,1.80,P0|P6|P8|P10|P12|P13|P15,0.781733,13,P15,P10,P15,P8,P15,P6,P13,P0,P12,P15,P10,P15,P8,P15,P6,P13,P0,P12,P15,P10
grating,180,1.80,P0|P6|P8|P10|P12|P13|P15,0.781733,14,P15,P10,P15,P8,P15,P6,P13,P0,P12,P15,P10,P15,P8,P15,P6,P13,P0,P12,P15,P10
grating,180,1.80,P0|P6|P8|P10|P12|P13|P15,0.781733,15,P15,P10,P15,P8,P15,P6,P13,P0,P12,P15,P10,P15,P8,P15,P6,P13,P0,P12,P15,P10
grating,180,1.80,P0|P6|P8|P10|P12|P13|P15,0.781733,16,P15,P10,P15,P8,P15,P6,P13,P0,P12,P15,P10,P15,P8,P15,P6,P13,P0,P12,P15,P10
grating,180,1.80,P0|P6|P8|P10|P12|P13|P15,0.781733,17,P15,P10,P15,P8,P15,P6,P13,P0,P12,P15,P10,P15,P8,P15,P6,P13,P0,P12,P15,P10
grating,180,1.80,P0|P6|P8|P10|P12|P13|P15,0.781733,18,P15,P10,P15,P8,P15,P6,P13,P0,P12,P15,P10,P15,P8,P15,P6,P13,P0,P12,P15,P10
grating,180,1.80,P0|P6|P8|P10|P12|P13|P15,0.781733,19,P15,P10,P15,P8,P15,P6,P13,P0,P12,P15,P10,P15,P8,P15,P6,P13,P0,P12,P15,P10
grating,0,1.90,P0|P4|P6|P7|P8|P10|P11|P12|P13|P14|P15,0.770306,0,P0,P13,P4,P14,P6,P14,P7,P15,P8,P15,P8,P15,P10,P15,P11,P15,P12,P15,P12,P0
grating,0,1.90,P0|P4|P6|P7|P8|P10|P11|P12|P13|P14|P15,0.770306,1,P0,P13,P4,P14,P6,P14,P7,P15,P8,P15,P8,P15,P10,P15,P11,P15,P12,P15,P12,P0
grating,0,1.90,P0|P4|P6|P7|P8|P10|P11|P12|P13|P14|P15,0.770306,2,P0,P13,P4,P14,P6,P14,P7,P15,P8,P15,P8,P15,P10,P15,P11,P15,P12,P15,P12,P0
grating,0,1.90,P0|P4|P6|P7|P8|P10|P11|P12|P13|P14|P15,0.770306,3,P0,P13,P4,P14,P6,P14,P7,P15,P8,P15,P8,P15,P10,P15,P11,P15,P12,P15,P12,P0
grating,0,1.90,P0|P4|P6|P7|P8|P10|P11|P12|P13|P14|P15,0.770306,4,P0,P13,P4,P14,P6,P14,P7,P15,P8,P15,P8,P15,P10,P15,P11,P15,P12,P15,P12,P0
grating,0,1.90,P0|P4|P6|P7|P8|P10|P11|P12|P13|P14|P15,0.770306,5,P0,P13,P4,P14,P6,P14,P7,P15,P8,P15,P8,P15,P10,P15,P11,P15,P12,P15,P12,P0
grating,0,1.90,P0|P4|P6|P7|P8|P10|P11|P12|P13|P14|P15,0.770306,6,P0,P13,P4,P14,P6,P14,P7,P15,P8,P15,P8,P15,P10,P15,P11,P15,P12,P15,P12,P0
grating,0,1.90,P0|P4|P6|P7|P8|P10|P11|P12|P13|P14|P15,0.770306,7,P0,P13,P4,P14,P6,P14,P7,P15,P8,P15,P8,P15,P10,P15,P11,P15,P12,P15,P12,P0
grating,0,1.90,P0|P4|P6|P7|P8|P10|P11|P12|P13|P14|P15,0.770306,8,P0,P13,P4,P14,P6,P14,P7,P15,P8,P15,P8,P15,P10,P15,P11,P15,P12,P15,P12,P0
grating,0,1.90,P0|P4|P6|P7|P8|P10|P11|P12|P13|P14|P15,0.770306,9,P0,P13,P4,P14,P6,P14,P7,P15,P8,P15,P8,P15,P10,P15,P11,P15,P12,P15,P12,P0
grating,0,1.90,P0|P4|P6|P7|P8|P10|P11|P12|P13|P14|P15,0.770306,10,P0,P13,P4,P14,P6,P14,P7,P15,P8,P15,P8,P15,P10,P15,P11,P15,P12,P15,P12,P0
grating,0,1.90,P0|P4|P6|P7|P8|P10|P11|P12|P13|P14|P15,0.770306,11,P0,P13,P4,P14,P6,P14,P7,P15,P8,P15,P8,P15,P10,P15,P11,P15,P12,P15,P12,P0
grating,0,1.90,P0|P4|P6|P7|P8|P10|P11|P12|P13|P14|P15,0.770306,12,P0,P13,P4,P14,P6,P14,P7,P15,P8,P15,P8,P15,P10,P15,P11,P15,P12,P15,P12,P0
grating,0,1.90,P0|P4|P6|P7|P8|P10|P11|P12|P13|P14|P15,0.770306,13,P0,P13,P4,P14,P6,P14,P7,P15,P8,P15,P8,P15,P10,P15,P11,P15,P12,P15,P12,P0
grating,0,1.90,P0|P4|P6|P7|P8|P10|P11|P12|P13|P14|P15,0.770306,14,P0,P13,P4,P14,P6,P14,P7,P15,P8,P15,P8,P15,P10,P15,P11,P15,P12,P15,P12,P0
grating,0,1.90,P0|P4|P6|P7|P8|P10|P11|P12|P13|P14|P15,0.770306,15,P0,P13,P4,P14,P6,P14,P7,P15,P8,P15,P8,P15,P10,P15,P11,P15,P12,P15,P12,P0
grating,0,1.90,P0|P4|P6|P7|P8|P10|P11|P12|P13|P14|P15,0.770306,16,P0,P13,P4,P14,P6,P14,P7,P15,P8,P15,P8,P15,P10,P15,P11,P15,P12,P15,P12,P0
grating,0,1.90,P0|P4|P6|P7|P8|P10|P11|P12|P13|P14|P15,0.770306,17,P0,P13,P4,P14,P6,P14,P7,P15,P8,P15,P8,P15,P10,P15,P11,P15,P12,P15,P12,P0
grating,0,1.90,P0|P4|P6|P7|P8|P10|P11|P12|P13|P14|P15,0.770306,18,P0,P13,P4,P14,P6,P14,P7,P15,P8,P15,P8,P15,P10,P15,P11,P15,P12,P15,P12,P0
grating,0,1.90,P0|P4|P6|P7|P8|P10|P11|P12|P13|P14|P15,0.770306,19,P0,P13,P4,P14,P6,P14,P7,P15,P8,P15,P8,P15,P10,P15,P11,P15,P12,P15,P12,P0
grating,180,1.90,P0|P4|P6|P7|P8|P10|P11|P12|P13|P14|P15,0.770306,0,P8,P15,P7,P14,P6,P14,P4,P13,P0,P12,P15,P12,P15,P11,P15,P10,P15,P8,P15,P8
grating,180,1.90,P0|P4|P6|P7|P8|P10|P11|P12|P13|P14|P15,0.770306,1,P8,P15,P7,P14,P6,P14,P4,P13,P0,P12,P15,P12,P15,P11,P15,P10,P15,P8,P15,P8
grating,180,1.90,P0|P4|P6|P7|P8|P10|P11|P12|P13|P14|P15,0.770306,2,P8,P15,P7,P14,P6,P14,P4,P13,P0,P12,P15,P12,P15,P11,P15,P10,P15,P8,P15,P8
grating,180,1.90,P0|P4|P6|P7|P8|P10|P11|P12|P13|P14|P15,0.770306,3,P8,P15,P7,P14,P6,P14,P4,P13,P0,P12,P15,P12,P15,P11,P15,P10,P15,P8,P15,P8
grating,180,1.90,P0|P4|P6|P7|P8|P10|P11|P12|P13|P14|P15,0.770306,4,P8,P15,P7,P14,P6,P14,P4,P13,P0,P12,P15,P12,P15,P11,P15,P10,P15,P8,P15,P8
grating,180,1.90,P0|P4|P6|P7|P8|P10|P11|P12|P13|P14|P15,0.770306,5,P8,P15,P7,P14,P6,P14,P4,P13,P0,P12,P15,P12,P15,P11,P15,P10,P15,P8,P15,P8
grating,180,1.90,P0|P4|P6|P7|P8|P10|P11|P12|P13|P14|P15,0.770306,6,P8,P15,P7,P14,P6,P14,P4,P13,P0,P12,P15,P12,P15,P11,P15,P10,P15,P8,P15,P8
grating,180,1.90,P0|P4|P6|P7|P8|P10|P11|P12|P13|P14|P15,0.770306,7,P8,P15,P7,P14,P6,P14,P4,P13,P0,P12,P15,P12,P15,P11,P15,P10,P15,P8,P15,P8
grating,180,1.90,P0|P4|P6|P7|P8|P10|P11|P12|P13|P14|P15,0.770306,8,P8,P15,P7,P14,P6,P14,P4,P13,P0,P12,P15,P12,P15,P11,P15,P10,P15,P8,P15,P8
grating,180,1.90,P0|P4|P6|P7|P8|P10|P11|P12|P13|P14|P15,0.770306,9,P8,P15,P7,P14,P6,P14,P4,P13,P0,P12,P15,P12,P15,P11,P15,P10,P15,P8,P15,P8
grating,180,1.90,P0|P4|P6|P7|P8|P10|P11|P12|P13|P14|P15,0.770306,10,P8,P15,P7,P14,P6,P14,P4,P13,P0,P12,P15,P12,P15,P11,P15,P10,P15,P8,P15,P8
grating,180,1.90,P0|P4|P6|P7|P8|P10|P11|P12|P13|P14|P15,0.770306,11,P8,P15,P7,P14,P6,P14,P4,P13,P0,P12,P15,P12,P15,P11,P15,P10,P15,P8,P15,P8
grating,180,1.90,P0|P4|P6|P7|P8|P10|P11|P12|P13|P14|P15,0.770306,12,P8,P15,P7,P14,P6,P14,P4,P13,P0,P12,P15,P12,P15,P11,P15,P10,P15,P8,P15,P8
grating,180,1.90,P0|P4|P6|P7|P8|P10|P11|P12|P13|P14|P15,0.770306,13,P8,P15,P7,P14,P6,P14,P4,P13,P0,P12,P15,P12,P15,P11,P15,P10,P15,P8,P15,P8
grating,180,1.90,P0|P4|P6|P7|P8|P10|P11|P12|P13|P14|P15,0.770306,14,P8,P15,P7,P14,P6,P14,P4,P13,P0,P12,P15,P12,P15,P11,P15,P10,P15,P8,P15,P8
grating,180,1.90,P0|P4|P6|P7|P8|P10|P11|P12|P13|P14|P15,0.770306,15,P8,P15,P7,P14,P6,P14,P4,P13,P0,P12,P15,P12,P15,P11,P15,P10,P15,P8,P15,P8
grating,180,1.90,P0|P4|P6|P7|P8|P10|P11|P12|P13|P14|P15,0.770306,16,P8,P15,P7,P14,P6,P14,P4,P13,P0,P12,P15,P12,P15,P11,P15,P10,P15,P8,P15,P8
grating,180,1.90,P0|P4|P6|P7|P8|P10|P11|P12|P13|P14|P15,0.770306,17,P8,P15,P7,P14,P6,P14,P4,P13,P0,P12,P15,P12,P15,P11,P15,P10,P15,P8,P15,P8
grating,180,1.90,P0|P4|P6|P7|P8|P10|P11|P12|P13|P14|P15,0.770306,18,P8,P15,P7,P14,P6,P14,P4,P13,P0,P12,P15,P12,P15,P11,P15,P10,P15,P8,P15,P8
grating,180,1.90,P0|P4|P6|P7|P8|P10|P11|P12|P13|P14|P15,0.770306,19,P8,P15,P7,P14,P6,P14,P4,P13,P0,P12,P15,P12,P15,P11,P15,P10,P15,P8,P15,P8
grating,0,2.00,P0|P13,0.806811,0,P0,P13,P0,P13,P0,P13,P0,P13,P0,P13,P0,P13,P0,P13,P0,P13,P0,P13,P0,P13
grating,0,2.00,P0|P13,0.806811,1,P0,P13,P0,P13,P0,P13,P0,P13,P0,P13,P0,P13,P0,P13,P0,P13,P0,P13,P0,P13
grating,0,2.00,P0|P13,0.806811,2,P0,P13,P0,P13,P0,P13,P0,P13,P0,P13,P0,P13,P0,P13,P0,P13,P0,P13,P0,P13
grating,0,2.00,P0|P13,0.806811,3,P0,P13,P0,P13,P0,P13,P0,P13,P0,P13,P0,P13,P0,P13,P0,P13,P0,P13,P0,P13
grating,0,2.00,P0|P13,0.806811,4,P0,P13,P0,P13,P0,P13,P0,P13,P0,P13,P0,P13,P0,P13,P0,P13,P0,P13,P0,P13
grating,0,2.00,P0|P13,0.806811,5,P0,P13,P0,P13,P0,P13,P0,P13,P0,P13,P0,P13,P0,P13,P0,P13,P0,P13,P0,P13
grating,0,2.00,P0|P13,0.806811,6,P0,P13,P0,P13,P0,P13,P0,P13,P0,P13,P0,P13,P0,P13,P0,P13,P0,P13,P0,P13
grating,0,2.00,P0|P13,0.806811,7,P0,P13,P0,P13,P0,P13,P0,P13,P0,P13,P0,P13,P0,P13,P0,P13,P0,P13,P0,P13
grating,0,2.00,P0|P13,0.806811,8,P0,P13,P0,P13,P0,P13,P0,P13,P0,P13,P0,P13,P0,P13,P0,P13,P0,P13,P0,P13
grating,0,2.00,P0|P13,0.806811,9,P0,P13,P0,P13,P0,P13,P0,P13,P0,P13,P0,P13,P0,P13,P0,P13,P0,P13,P0,P13
grating,0,2.00,P0|P13,0.806811,10,P0,P13,P0,P13,P0,P13,P0,P13,P0,P13,P0,P13,P0,P13,P0,P13,P0,P13,P0,P13
grating,0,2.00,P0|P13,0.806811,11,P0,P13,P0,P13,P0,P13,P0,P13,P0,P13,P0,P13,P0,P13,P0,P13,P0,P13,P0,P13
grating,0,2.00,P0|P13,0.806811,12,P0,P13,P0,P13,P0,P13,P0,P13,P0,P13,P0,P13,P0,P13,P0,P13,P0,P13,P0,P13
grating,0,2.00,P0|P13,0.806811,13,P0,P13,P0,P13,P0,P13,P0,P13,P0,P13,P0,P13,P0,P13,P0,P13,P0,P13,P0,P13
grating,0,2.00,P0|P13,0.806811,14,P0,P13,P0,P13,P0,P13,P0,P13,P0,P13,P0,P13,P0,P13,P0,P13,P0,P13,P0,P13
grating,0,2.00,P0|P13,0.806811,15,P0,P13,P0,P13,P0,P13,P0,P13,P0,P13,P0,P13,P0,P13,P0,P13,P0,P13,P0,P13
grating,0,2.00,P0|P13,0.806811,16,P0,P13,P0,P13,P0,P13,P0,P13,P0,P13,P0,P13,P0,P13,P0,P13,P0,P13,P0,P13
grating,0,2.00,P0|P13,0.806811,17,P0,P13,P0,P13,P0,P13,P0,P13,P0,P13,P0,P13,P0,P13,P0,P13,P0,P13,P0,P13
grating,0,2.00,P0|P13,0.806811,18,P0,P13,P0,P13,P0,P13,P0,P13,P0,P13,P0,P13,P0,P13,P0,P13,P0,P13,P0,P13
grating,0,2.00,P0|P13,0.806811,19,P0,P13,P0,P13,P0,P13,P0,P13,P0,P13,P0,P13,P0,P13,P0,P13,P0,P13,P0,P13
grating,180,2.00,P0|P13,0.806811,0,P13,P0,P13,P0,P13,P0,P13,P0,P13,P0,P13,P0,P13,P0,P13,P0,P13,P0,P13,P0
grating,180,2.00,P0|P13,0.806811,1,P13,P0,P13,P0,P13,P0,P13,P0,P13,P0,P13,P0,P13,P0,P13,P0,P13,P0,P13,P0
grating,180,2.00,P0|P13,0.806811,2,P13,P0,P13,P0,P13,P0,P13,P0,P13,P0,P13,P0,P13,P0,P13,P0,P13,P0,P13,P0
grating,180,2.00,P0|P13,0.806811,3,P13,P0,P13,P0,P13,P0,P13,P0,P13,P0,P13,P0,P13,P0,P13,P0,P13,P0,P13,P0
grating,180,2.00,P0|P13,0.806811,4,P13,P0,P13,P0,P13,P0,P13,P0,P13,P0,P13,P0,P13,P0,P13,P0,P13,P0,P13,P0
grating,180,2.00,P0|P13,0.806811,5,P13,P0,P13,P0,P13,P0,P13,P0,P13,P0,P13,P0,P13,P0,P13,P0,P13,P0,P13,P0
grating,180,2.00,P0|P13,0.806811,6,P13,P0,P13,P0,P13,P0,P13,P0,P13,P0,P13,P0,P13,P0,P13,P0,P13,P0,P13,P0
grating,180,2.00,P0|P13,0.806811,7,P13,P0,P13,P0,P13,P0,P13,P0,P13,P0,P13,P0,P13,P0,P13,P0,P13,P0,P13,P0
grating,180,2.00,P0|P13,0.806811,8,P13,P0,P13,P0,P13,P0,P13,P0,P13,P0,P13,P0,P13,P0,P13,P0,P13,P0,P13,P0
grating,180,2.00,P0|P13,0.806811,9,P13,P0,P13,P0,P13,P0,P13,P0,P13,P0,P13,P0,P13,P0,P13,P0,P13,P0,P13,P0
grating,180,2.00,P0|P13,0.806811,10,P13,P0,P13,P0,P13,P0,P13,P0,P13,P0,P13,P0,P13,P0,P13,P0,P13,P0,P13,P0
grating,180,2.00,P0|P13,0.806811,11,P13,P0,P13,P0,P13,P0,P13,P0,P13,P0,P13,P0,P13,P0,P13,P0,P13,P0,P13,P0
grating,180,2.00,P0|P13,0.806811,12,P13,P0,P13,P0,P13,P0,P13,P0,P13,P0,P13,P0,P13,P0,P13,P0,P13,P0,P13,P0
grating,180,2.00,P0|P13,0.806811,13,P13,P0,P13,P0,P13,P0,P13,P0,P13,P0,P13,P0,P13,P0,P13,P0,P13,P0,P13,P0
grating,180,2.00,P0|P13,0.806811,14,P13,P0,P13,P0,P13,P0,P13,P0,P13,P0,P13,P0,P13,P0,P13,P0,P13,P0,P13,P0
grating,180,2.00,P0|P13,0.806811,15,P13,P0,P13,P0,P13,P0,P13,P0,P13,P0,P13,P0,P13,P0,P13,P0,P13,P0,P13,P0
grating,180,2.00,P0|P13,0.806811,16,P13,P0,P13,P0,P13,P0,P13,P0,P13,P0,P13,P0,P13,P0,P13,P0,P13,P0,P13,P0
grating,180,2.00,P0|P13,0.806811,17,P13,P0,P13,P0,P13,P0,P13,P0,P13,P0,P13,P0,P13,P0,P13,P0,P13,P0,P13,P0
grating,180,2.00,P0|P13,0.806811,18,P13,P0,P13,P0,P13,P0,P13,P0,P13,P0,P13,P0,P13,P0,P13,P0,P13,P0,P13,P0
grating,180,2.00,P0|P13,0.806811,19,P13,P0,P13,P0,P13,P0,P13,P0,P13,P0,P13,P0,P13,P0,P13,P0,P13,P0,P13,P0
grating,0,2.10,P0|P4|P6|P7|P8|P9|P10|P11|P12|P13|P14|P15,0.769224,0,P0,P12,P15,P12,P15,P11,P15,P10,P15,P9,P15,P8,P15,P7,P15,P7,P14,P6,P14,P4
grating,0,2.10,P0|P4|P6|P7|P8|P9|P10|P11|P12|P13|P14|P15,0.769224,1,P0,P12,P15,P12,P15,P11,P15,P10,P15,P9,P15,P8,P15,P7,P15,P7,P14,P6,P14,P4
grating,0,2.10,P0|P4|P6|P7|P8|P9|P10|P11|P12|P13|P14|P15,0.769224,2,P0,P12,P15,P12,P15,P11,P15,P10,P15,P9,P15,P8,P15,P7,P15,P7,P14,P6,P14,P4
grating,0,2.10,P0|P4|P6|P7|P8|P9|P10|P11|P12|P13|P14|P15,0.769224,3,P0,P12,P15,P12,P15,P11,P15,P10,P15,P9,P15,P8,P15,P7,P15,P7,P14,P6,P14,P4
grating,0,2.10,P0|P4|P6|P7|P8|P9|P10|P11|P12|P13|P14|P15,0.769224,4,P0,P12,P15,P12,P15,P11,P15,P10,P15,P9,P15,P8,P15,P7,P15,P7,P14,P6,P14,P4
grating,0,2.10,P0|P4|P6|P7|P8|P9|P10|P11|P12|P13|P14|P15,0.769224,5,P0,P12,P15,P12,P15,P11,P15,P10,P15,P9,P15,P8,P15,P7,P15,P7,P14,P6,P14,P4
grating,0,2.10,P0|P4|P6|P7|P8|P9|P10|P11|P12|P13|P14|P15,0.769224,6,P0,P12,P15,P12,P15,P11,P15,P10,P15,P9,P15,P8,P15,P7,P15,P7,P14,P6,P14,P4
grating,0,2.10,P0|P4|P6|P7|P8|P9|P10|P11|P12|P13|P14|P15,0.769224,7,P0,P12,P15,P12,P15,P11,P15,P10,P15,P9,P15,P8,P15,P7,P15,P7,P14,P6,P14,P4
grating,0,2.10,P0|P4|P6|P7|P8|P9|P10|P11|P12|P13|P14|P15,0.769224,8,P0,P12,P15,P12,P15,P11,P15,P10,P15,P9,P15,P8,P15,P7,P15,P7,P14,P6,P14,P4
grating,0,2.10,P0|P4|P6|P7|P8|P9|P10|P11|P12|P13|P14|P15,0.769224,9,P0,P12,P15,P12,P15,P11,P15,P10,P15,P9,P15,P8,P15,P7,P15,P7,P14,P6,P14,P4
grating,0,2.10,P0|P4|P6|P7|P8|P9|P10|P11|P12|P13|P14|P15,0.769224,10,P0,P12,P15,P12,P15,P11,P15,P10,P15,P9,P15,P8,P15,P7,P15,P7,P14,P6,P14,P4
grating,0,2.10,P0|P4|P6|P7|P8|P9|P10|P11|P12|P13|P14|P15,0.769224,11,P0,P12,P15,P12,P15,P11,P15,P10,P15,P9,P15,P8,P15,P7,P15,P7,P14,P6,P14,P4
grating,0,2.10,P0|P4|P6|P7|P8|P9|P10|P11|P12|P13|P14|P15,0.769224,12,P0,P12,P15,P12,P15,P11,P15,P10,P15,P9,P15,P8,P15,P7,P15,P7,P14,P6,P14,P4
grating,0,2.10,P0|P4|P6|P7|P8|P9|P10|P11|P12|P13|P14|P15,0.769224,13,P0,P12,P15,P12,P15,P11,P15,P10,P15,P9,P15,P8,P15,P7,P15,P7,P14,P6,P14,P4
grating,0,2.10,P0|P4|P6|P7|P8|P9|P10|P11|P12|P13|P14|P15,0.769224,14,P0,P12,P15,P12,P15,P11,P15,P10,P15,P9,P15,P8,P15,P7,P15,P7,P14,P6,P14,P4
grating,0,2.10,P0|P4|P6|P7|P8|P9|P10|P11|P12|P13|P14|P15,0.769224,15,P0,P12,P15,P12,P15,P11,P15,P10,P15,P9,P15,P8,P15,P7,P15,P7,P14,P6,P14,P4
grating,0,2.10,P0|P4|P6|P7|P8|P9|P10|P11|P12|P13|P14|P15,0.769224,16,P0,P12,P15,P12,P15,P11,P15,P10,P15,P9,P15,P8,P15,P7,P15,P7,P14,P6,P14,P4
grating,0,2.10,P0|P4|P6|P7|P8|P9|P10|P11|P12|P13|P14|P15,0.769224,17,P0,P12,P15,P12,P15,P11,P15,P10,P15,P9,P15,P8,P15,P7,P15,P7,P14,P6,P14,P4
grating,0,2.10,P0|P4|P6|P7|P8|P9|P10|P11|P12|P13|P14|P15,0.769224,18,P0,P12,P15,P12,P15,P11,P15,P10,P15,P9,P15,P8,P15,P7,P15,P7,P14,P6,P14,P4
grating,0,2.10,P0|P4|P6|P7|P8|P9|P10|P11|P12|P13|P14|P15,0.769224,19,P0,P12,P15,P12,P15,P11,P15,P10,P15,P9,P15,P8,P15,P7,P15,P7,P14,P6,P14,P4
grating,180,2.10,P0|P4|P6|P7|P8|P9|P10|P11|P12|P13|P14|P15,0.769224,0,P7,P15,P8,P15,P9,P15,P10,P15,P11,P15,P12,P15,P12,P0,P13,P4,P14,P6,P14,P7
grating,180,2.10,P0|P4|P6|P7|P8|P9|P10|P11|P12|P13|P14|P15,0.769224,1,P7,P15,P8,P15,P9,P15,P10,P15,P11,P15,P12,P15,P12,P0,P13,P4,P14,P6,P14,P7
grating,180,2.10,P0|P4|P6|P7|P8|P9|P10|P11|P12|P13|P14|P15,0.769224,2,P7,P15,P8,P15,P9,P15,P10,P15,P11,P15,P12,P15,P12,P0,P13,P4,P14,P6,P14,P7
grating,180,2.10,P0|P4|P6|P7|P8|P9|P10|P11|P12|P13|P14|P15,0.769224,3,P7,P15,P8,P15,P9,P15,P10,P15,P11,P15,P12,P15,P12,P0,P13,P4,P14,P6,P14,P7
grating,180,2.10,P0|P4|P6|P7|P8|P9|P10|P11|P12|P13|P14|P15,0.769224,4,P7,P15,P8,P15,P9,P15,P10,P15,P11,P15,P12,P15,P12,P0,P13,P4,P14,P6,P14,P7
grating,180,2.10,P0|P4|P6|P7|P8|P9|P10|P11|P12|P13|P14|P15,0.769224,5,P7,P15,P8,P15,P9,P15,P10,P15,P11,P15,P12,P15,P12,P0,P13,P4,P14,P6,P14,P7
grating,180,2.10,P0|P4|P6|P7|P8|P9|P10|P11|P12|P13|P14|P15,0.769224,6,P7,P15,P8,P15,P9,P15,P10,P15,P11,P15,P12,P15,P12,P0,P13,P4,P14,P6,P14,P7
grating,180,2.10,P0|P4|P6|P7|P8|P9|P10|P11|P12|P13|P14|P15,0.769224,7,P7,P15,P8,P15,P9,P15,P10,P15,P11,P15,P12,P15,P12,P0,P13,P4,P14,P6,P14,P7
grating,180,2.10,P0|P4|P6|P7|P8|P9|P10|P11|P12|P13|P14|P15,0.769224,8,P7,P15,P8,P15,P9,P15,P10,P15,P11,P15,P12,P15,P12,P0,P13,P4,P14,P6,P14,P7
grating,180,2.10,P0|P4|P6|P7|P8|P9|P10|P11|P12|P13|P14|P15,0.769224,9,P7,P15,P8,P15,P9,P15,P10,P15,P11,P15,P12,P15,P12,P0,P13,P4,P14,P6,P14,P7
grating,180,2.10,P0|P4|P6|P7|P8|P9|P10|P11|P12|P13|P14|P15,0.769224,10,P7,P15,P8,P15,P9,P15,P10,P15,P11,P15,P12,P15,P12,P0,P13,P4,P14,P6,P14,P7
grating,180,2.10,P0|P4|P6|P7|P8|P9|P10|P11|P12|P13|P14|P15,0.769224,11,P7,P15,P8,P15,P9,P15,P10,P15,P11,P15,P12,P15,P12,P0,P13,P4,P14,P6,P14,P7
grating,180,2.10,P0|P4|P6|P7|P8|P9|P10|P11|P12|P13|P14|P15,0.769224,12,P7,P15,P8,P15,P9,P15,P10,P15,P11,P15,P12,P15,P12,P0,P13,P4,P14,P6,P14,P7
grating,180,2.10,P0|P4|P6|P7|P8|P9|P10|P11|P12|P13|P14|P15,0.769224,13,P7,P15,P8,P15,P9,P15,P10,P15,P11,P15,P12,P15,P12,P0,P13,P4,P14,P6,P14,P7
grating,180,2.10,P0|P4|P6|P7|P8|P9|P10|P11|P12|P13|P14|P15,0.769224,14,P7,P15,P8,P15,P9,P15,P10,P15,P11,P15,P12,P15,P12,P0,P13,P4,P14,P6,P14,P7
grating,180,2.10,P0|P4|P6|P7|P8|P9|P10|P11|P12|P13|P14|P15,0.769224,15,P7,P15,P8,P15,P9,P15,P10,P15,P11,P15,P12,P15,P12,P0,P13,P4,P14,P6,P14,P7
grating,180,2.10,P0|P4|P6|P7|P8|P9|P10|P11|P12|P13|P14|P15,0.769224,16,P7,P15,P8,P15,P9,P15,P10,P15,P11,P15,P12,P15,P12,P0,P13,P4,P14,P6,P14,P7
grating,180,2.10,P0|P4|P6|P7|P8|P9|P10|P11|P12|P13|P14|P15,0.769224,17,P7,P15,P8,P15,P9,P15,P10,P15,P11,P15,P12,P15,P12,P0,P13,P4,P14,P6,P14,P7
grating,180,2.10,P0|P4|P6|P7|P8|P9|P10|P11|P12|P13|P14|P15,0.769224,18,P7,P15,P8,P15,P9,P15,P10,P15,P11,P15,P12,P15,P12,P0,P13,P4,P14,P6,P14,P7
grating,180,2.10,P0|P4|P6|P7|P8|P9|P10|P11|P12|P13|P14|P15,0.769224,19,P7,P15,P8,P15,P9,P15,P10,P15,P11,P15,P12,P15,P12,P0,P13,P4,P14,P6,P14,P7
grating,0,2.20,P0|P6|P7|P8|P11|P12|P13|P14|P15,0.730786,0,P0,P12,P15,P11,P15,P8,P15,P7,P14,P6,P13,P15,P12,P15,P11,P15,P8,P15,P7,P14
grating,0,2.20,P0|P6|P7|P8|P11|P12|P13|P14|P15,0.730786,1,P0,P12,P15,P11,P15,P8,P15,P7,P14,P6,P13,P15,P12,P15,P11,P15,P8,P15,P7,P14
grating,0,2.20,P0|P6|P7|P8|P11|P12|P13|P14|P15,0.730786,2,P0,P12,P15,P11,P15,P8,P15,P7,P14,P6,P13,P15,P12,P15,P11,P15,P8,P15,P7,P14
grating,0,2.20,P0|P6|P7|P8|P11|P12|P13|P14|P15,0.730786,3,P0,P12,P15,P11,P15,P8,P15,P7,P14,P6,P13,P15,P12,P15,P11,P15,P8,P15,P7,P14
grating,0,2.20,P0|P6|P7|P8|P11|P12|P13|P14|P15,0.730786,4,P0,P12,P15,P11,P15,P8,P15,P7,P14,P6,P13,P15,P12,P15,P11,P15,P8,P15,P7,P14
grating,0,2.20,P0|P6|P7|P8|P11|P12|P13|P14|P15,0.730786,5,P0,P12,P15,P11,P15,P8,P15,P7,P14,P6,P13,P15,P12,P15,P11,P15,P8,P15,P7,P14
grating,0,2.20,P0|P6|P7|P8|P11|P12|P13|P14|P15,0.730786,6,P0,P12,P15,P11,P15,P8,P15,P7,P14,P6,P13,P15,P12,P15,P11,P15,P8,P15,P7,P14
grating,0,2.20,P0|P6|P7|P8|P11|P12|P13|P14|P15,0.730786,7,P0,P12,P15,P11,P15,P8,P15,P7,P14,P6,P13,P15,P12,P15,P11,P15,P8,P15,P7,P14
grating,0,2.20,P0|P6|P7|P8|P11|P12|P13|P14|P15,0.730786,8,P0,P12,P15,P11,P15,P8,P15,P7,P14,P6,P13,P15,P12,P15,P11,P15,P8,P15,P7,P14
grating,0,2.20,P0|P6|P7|P8|P11|P12|P13|P14|P15,0.730786,9,P0,P12,P15,P11,P15,P8,P15,P7,P14,P6,P13,P15,P12,P15,P11,P15,P8,P15,P7,P14
grating,0,2.20,P0|P6|P7|P8|P11|P12|P13|P14|P15,0.730786,10,P0,P12,P15,P11,P15,P8,P15,P7,P14,P6,P13,P15,P12,P15,P11,P15,P8,P15,P7,P14
grating,0,2.20,P0|P6|P7|P8|P11|P12|P13|P14|P15,0.730786,11,P0,P12,P15,P11,P15,P8,P15,P7,P14,P6,P13,P15,P12,P15,P11,P15,P8,P15,P7,P14
grating,0,2.20,P0|P6|P7|P8|P11|P12|P13|P14|P15,0.730786,12,P0,P12,P15,P11,P15,P8,P15,P7,P14,P6,P13,P15,P12,P15,P11,P15,P8,P15,P7,P14
grating,0,2.20,P0|P6|P7|P8|P11|P12|P13|P14|P15,0.730786,13,P0,P12,P15,P11,P15,P8,P15,P7,P14,P6,P13,P15,P12,P15,P11,P15,P8,P15,P7,P14
grating,0,2.20,P0|P6|P7|P8|P11|P12|P13|P14|P15,0.730786,14,P0,P12,P15,P11,P15,P8,P15,P7,P14,P6,P13,P15,P12,P15,P11,P15,P8,P15,P7,P14
grating,0,2.20,P0|P6|P7|P8|P11|P12|P13|P14|P15,0.730786,15,P0,P12,P15,P11,P15,P8,P15,P7,P14,P6,P13,P15,P12,P15,P11,P15,P8,P15,P7,P14
grating,0,2.20,P0|P6|P7|P8|P11|P12|P13|P14|P15,0.730786,16,P0,P12,P15,P11,P15,P8,P15,P7,P14,P6,P13,P15,P12,P15,P11,P15,P8,P15,P7,P14
grating,0,2.20,P0|P6|P7|P8|P11|P12|P13|P14|P15,0.730786,17,P0,P12,P15,P11,P15,P8,P15,P7,P14,P6,P13,P15,P12,P15,P11,P15,P8,P15,P7,P14
grating,0,2.20,P0|P6|P7|P8|P11|P12|P13|P14|P15,0.730786,18,P0,P12,P15,P11,P15,P8,P15,P7,P14,P6,P13,P15,P12,P15,P11,P15,P8,P15,P7,P14
grating,0,2.20,P0|P6|P7|P8|P11|P12|P13|P14|P15,0.730786,19,P0,P12,P15,P11,P15,P8,P15,P7,P14,P6,P13,P15,P12,P15,P11,P15,P8,P15,P7,P14
grating,180,2.20,P0|P6|P7|P8|P11|P12|P13|P14|P15,0.730786,0,P15,P11,P15,P12,P15,P13,P6,P14,P7,P15,P8,P15,P11,P15,P12,P15,P13,P6,P14,P7
grating,180,2.20,P0|P6|P7|P8|P11|P12|P13|P14|P15,0.730786,1,P15,P11,P15,P12,P15,P13,P6,P14,P7,P15,P8,P15,P11,P15,P12,P15,P13,P6,P14,P7
grating,180,2.20,P0|P6|P7|P8|P11|P12|P13|P14|P15,0.730786,2,P15,P11,P15,P12,P15,P13,P6,P14,P7,P15,P8,P15,P11,P15,P12,P15,P13,P6,P14,P7
grating,180,2.20,P0|P6|P7|P8|P11|P12|P13|P14|P15,0.730786,3,P15,P11,P15,P12,P15,P13,P6,P14,P7,P15,P8,P15,P11,P15,P12,P15,P13,P6,P14,P7
grating,180,2.20,P0|P6|P7|P8|P11|P12|P13|P14|P15,0.730786,4,P15,P11,P15,P12,P15,P13,P6,P14,P7,P15,P8,P15,P11,P15,P12,P15,P13,P6,P14,P7
grating,180,2.20,P0|P6|P7|P8|P11|P12|P13|P14|P15,0.730786,5,P15,P11,P15,P12,P15,P13,P6,P14,P7,P15,P8,P15,P11,P15,P12,P15,P13,P6,P14,P7
grating,180,2.20,P0|P6|P7|P8|P11|P12|P13|P14|P15,0.730786,6,P15,P11,P15,P12,P15,P13,P6,P14,P7,P15,P8,P15,P11,P15,P12,P15,P13,P6,P14,P7
grating,180,2.20,P0|P6|P7|P8|P11|P12|P13|P14|P15,0.730786,7,P15,P11,P15,P12,P15,P13,P6,P14,P7,P15,P8,P15,P11,P15,P12,P15,P13,P6,P14,P7
grating,180,2.20,P0|P6|P7|P8|P11|P12|P13|P14|P15,0.730786,8,P15,P11,P15,P12,P15,P13,P6,P14,P7,P15,P8,P15,P11,P15,P12,P15,P13,P6,P14,P7
grating,180,2.20,P0|P6|P7|P8|P11|P12|P13|P14|P15,0.730786,9,P15,P11,P15,P12,P15,P13,P6,P14,P7,P15,P8,P15,P11,P15,P12,P15,P13,P6,P14,P7
grating,180,2.20,P0|P6|P7|P8|P11|P12|P13|P14|P15,0.730786,10,P15,P11,P15,P12,P15,P13,P6,P14,P7,P15,P8,P15,P11,P15,P12,P15,P13,P6,P14,P7
grating,180,2.20,P0|P6|P7|P8|P11|P12|P13|P14|P15,0.730786,11,P15,P11,P15,P12,P15,P13,P6,P14,P7,P15,P8,P15,P11,P15,P12,P15,P13,P6,P14,P7
grating,180,2.20,P0|P6|P7|P8|P11|P12|P13|P14|P15,0.730786,12,P15,P11,P15,P12,P15,P13,P6,P14,P7,P15,P8,P15,P11,P15,P12,P15,P13,P6,P14,P7
grating,180,2.20,P0|P6|P7|P8|P11|P12|P13|P14|P15,0.730786,13,P15,P11,P15,P12,P15,P13,P6,P14,P7,P15,P8,P15,P11,P15,P12,P15,P13,P6,P14,P7
grating,180,2.20,P0|P6|P7|P8|P11|P12|P13|P14|P15,0.730786,14,P15,P11,P15,P12,P15,P13,P6,P14,P7,P15,P8,P15,P11,P15,P12,P15,P13,P6,P14,P7
grating,180,2.20,P0|P6|P7|P8|P11|P12|P13|P14|P15,0.730786,15,P15,P11,P15,P12,P15,P13,P6,P14,P7,P15,P8,P15,P11,P15,P12,P15,P13,P6,P14,P7
grating,180,2.20,P0|P6|P7|P8|P11|P12|P13|P14|P15,0.730786,16,P15,P11,P15,P12,P15,P13,P6,P14,P7,P15,P8,P15,P11,P15,P12,P15,P13,P6,P14,P7
grating,180,2.20,P0|P6|P7|P8|P11|P12|P13|P14|P15,0.730786,17,P15,P11,P15,P12,P15,P13,P6,P14,P7,P15,P8,P15,P11,P15,P12,P15,P13,P6,P14,P7
grating,180,2.20,P0|P6|P7|P8|P11|P12|P13|P14|P15,0.730786,18,P15,P11,P15,P12,P15,P13,P6,P14,P7,P15,P8,P15,P11,P15,P12,P15,P13,P6,P14,P7
grating,180,2.20,P0|P6|P7|P8|P11|P12|P13|P14|P15,0.730786,19,P15,P11,P15,P12,P15,P13,P6,P14,P7,P15,P8,P15,P11,P15,P12,P15,P13,P6,P14,P7
grating,0,2.30,P0|P3|P6|P7|P8|P9|P10|P11|P12|P13|P14|P15,0.758813,0,P0,P12,P15,P9,P15,P7,P14,P3,P12,P15,P10,P15,P8,P14,P6,P13,P15,P11,P15,P8
grating,0,2.30,P0|P3|P6|P7|P8|P9|P10|P11|P12|P13|P14|P15,0.758813,1,P0,P12,P15,P9,P15,P7,P14,P3,P12,P15,P10,P15,P8,P14,P6,P13,P15,P11,P15,P8
grating,0,2.30,P0|P3|P6|P7|P8|P9|P10|P11|P12|P13|P14|P15,0.758813,2,P0,P12,P15,P9,P15,P7,P14,P3,P12,P15,P10,P15,P8,P14,P6,P13,P15,P11,P15,P8
grating,0,2.30,P0|P3|P6|P7|P8|P9|P10|P11|P12|P13|P14|P15,0.758813,3,P0,P12,P15,P9,P15,P7,P14,P3,P12,P15,P10,P15,P8,P14,P6,P13,P15,P11,P15,P8
grating,0,2.30,P0|P3|P6|P7|P8|P9|P10|P11|P12|P13|P14|P15,0.758813,4,P0,P12,P15,P9,P15,P7,P14,P3,P12,P15,P10,P15,P8,P14,P6,P13,P15,P11,P15,P8
grating,0,2.30,P0|P3|P6|P7|P8|P9|P10|P11|P12|P13|P14|P15,0.758813,5,P0,P12,P15,P9,P15,P7,P14,P3,P12,P15,P10,P15,P8,P14,P6,P13,P15,P11,P15,P8
grating,0,2.30,P0|P3|P6|P7|P8|P9|P10|P11|P12|P13|P14|P15,0.758813,6,P0,P12,P15,P9,P15,P7,P14,P3,P12,P15,P10,P15,P8,P14,P6,P13,P15,P11,P15,P8
grating,0,2.30,P0|P3|P6|P7|P8|P9|P10|P11|P12|P13|P14|P15,0.758813,7,P0,P12,P15,P9,P15,P7,P14,P3,P12,P15,P10,P15,P8,P14,P6,P13,P15,P11,P15,P8
grating,0,2.30,P0|P3|P6|P7|P8|P9|P10|P11|P12|P13|P14|P15,0.758813,8,P0,P12,P15,P9,P15,P7,P14,P3,P12,P15,P10,P15,P8,P14,P6,P13,P15,P11,P15,P8
grating,0,2.30,P0|P3|P6|P7|P8|P9|P10|P11|P12|P13|P14|P15,0.758813,9,P0,P12,P15,P9,P15,P7,P14,P3,P12,P15,P10,P15,P8,P14,P6,P13,P15,P11,P15,P8
grating,0,2.30,P0|P3|P6|P7|P8|P9|P10|P11|P12|P13|P14|P15,0.758813,10,P0,P12,P15,P9,P15,P7,P14,P3,P12,P15,P10,P15,P8,P14,P6,P13,P15,P11,P15,P8
grating,0,2.30,P0|P3|P6|P7|P8|P9|P10|P11|P12|P13|P14|P15,0.758813,11,P0,P12,P15,P9,P15,P7,P14,P3,P12,P15,P10,P15,P8,P14,P6,P13,P15,P11,P15,P8
grating,0,2.30,P0|P3|P6|P7|P8|P9|P10|P11|P12|P13|P14|P15,0.758813,12,P0,P12,P15,P9,P15,P7,P14,P3,P12,P15,P10,P15,P8,P14,P6,P13,P15,P11,P15,P8
grating,0,2.30,P0|P3|P6|P7|P8|P9|P10|P11|P12|P13|P14|P15,0.758813,13,P0,P12,P15,P9,P15,P7,P14,P3,P12,P15,P10,P15,P8,P14,P6,P13,P15,P11,P15,P8
grating,0,2.30,P0|P3|P6|P7|P8|P9|P10|P11|P12|P13|P14|P15,0.758813,14,P0,P12,P15,P9,P15,P7,P14,P3,P12,P15,P10,P15,P8,P14,P6,P13,P15,P11,P15,P8
grating,0,2.30,P0|P3|P6|P7|P8|P9|P10|P11|P12|P13|P14|P15,0.758813,15,P0,P12,P15,P9,P15,P7,P14,P3,P12,P15,P10,P15,P8,P14,P6,P13,P15,P11,P15,P8
grating,0,2.30,P0|P3|P6|P7|P8|P9|P10|P11|P12|P13|P14|P15,0.758813,16,P0,P12,P15,P9,P15,P7,P14,P3,P12,P15,P10,P15,P8,P14,P6,P13,P15,P11,P15,P8
grating,0,2.30,P0|P3|P6|P7|P8|P9|P10|P11|P12|P13|P14|P15,0.758813,17,P0,P12,P15,P9,P15,P7,P14,P3,P12,P15,P10,P15,P8,P14,P6,P13,P15,P11,P15,P8
grating,0,2.30,P0|P3|P6|P7|P8|P9|P10|P11|P12|P13|P14|P15,0.758813,18,P0,P12,P15,P9,P15,P7,P14,P3,P12,P15,P10,P15,P8,P14,P6,P13,P15,P11,P15,P8
grating,0,2.30,P0|P3|P6|P7|P8|P9|P10|P11|P12|P13|P14|P15,0.758813,19,P0,P12,P15,P9,P15,P7,P14,P3,P12,P15,P10,P15,P8,P14,P6,P13,P15,P11,P15,P8
grating,180,2.30,P0|P3|P6|P7|P8|P9|P10|P11|P12|P13|P14|P15,0.758813,0,P0,P14,P7,P15,P8,P15,P11,P15,P13,P6,P14,P8,P15,P10,P15,P12,P3,P14,P7,P15
grating,180,2.30,P0|P3|P6|P7|P8|P9|P10|P11|P12|P13|P14|P15,0.758813,1,P0,P14,P7,P15,P8,P15,P11,P15,P13,P6,P14,P8,P15,P10,P15,P12,P3,P14,P7,P15
grating,180,2.30,P0|P3|P6|P7|P8|P9|P10|P11|P12|P13|P14|P15,0.758813,2,P0,P14,P7,P15,P8,P15,P11,P15,P13,P6,P14,P8,P15,P10,P15,P12,P3,P14,P7,P15
grating,180,2.30,P0|P3|P6|P7|P8|P9|P10|P11|P12|P13|P14|P15,0.758813,3,P0,P14,P7,P15,P8,P15,P11,P15,P13,P6,P14,P8,P15,P10,P15,P12,P3,P14,P7,P15
grating,180,2.30,P0|P3|P6|P7|P8|P9|P10|P11|P12|P13|P14|P15,0.758813,4,P0,P14,P7,P15,P8,P15,P11,P15,P13,P6,P14,P8,P15,P10,P15,P12,P3,P14,P7,P15
grating,180,2.30,P0|P3|P6|P7|P8|P9|P10|P11|P12|P13|P14|P15,0.758813,5,P0,P14,P7,P15,P8,P15,P11,P15,P13,P6,P14,P8,P15,P10,P15,P12,P3,P14,P7,P15
grating,180,2.30,P0|P3|P6|P7|P8|P9|P10|P11|P12|P13|P14|P15,0.758813,6,P0,P14,P7,P15,P8,P15,P11,P15,P13,P6,P14,P8,P15,P10,P15,P12,P3,P14,P7,P15
grating,180,2.30,P0|P3|P6|P7|P8|P9|P10|P11|P12|P13|P14|P15,0.758813,7,P0,P14,P7,P15,P8,P15,P11,P15,P13,P6,P14,P8,P15,P10,P15,P12,P3,P14,P7,P15
grating,180,2.30,P0|P3|P6|P7|P8|P9|P10|P11|P12|P13|P14|P15,0.758813,8,P0,P14,P7,P15,P8,P15,P11,P15,P13,P6,P14,P8,P15,P10,P15,P12,P3,P14,P7,P15
grating,180,2.30,P0|P3|P6|P7|P8|P9|P10|P11|P12|P13|P14|P15,0.758813,9,P0,P14,P7,P15,P8,P15,P11,P15,P13,P6,P14,P8,P15,P10,P15,P12,P3,P14,P7,P15
grating,180,2.30,P0|P3|P6|P7|P8|P9|P10|P11|P12|P13|P14|P15,0.758813,10,P0,P14,P7,P15,P8,P15,P11,P15,P13,P6,P14,P8,P15,P10,P15,P12,P3,P14,P7,P15
grating,180,2.30,P0|P3|P6|P7|P8|P9|P10|P11|P12|P13|P14|P15,0.758813,11,P0,P14,P7,P15,P8,P15,P11,P15,P13,P6,P14,P8,P15,P10,P15,P12,P3,P14,P7,P15
grating,180,2.30,P0|P3|P6|P7|P8|P9|P10|P11|P12|P13|P14|P15,0.758813,12,P0,P14,P7,P15,P8,P15,P11,P15,P13,P6,P14,P8,P15,P10,P15,P12,P3,P14,P7,P15
grating,180,2.30,P0|P3|P6|P7|P8|P9|P10|P11|P12|P13|P14|P15,0.758813,13,P0,P14,P7,P15,P8,P15,P11,P15,P13,P6,P14,P8,P15,P10,P15,P12,P3,P14,P7,P15
grating,180,2.30,P0|P3|P6|P7|P8|P9|P10|P11|P12|P13|P14|P15,0.758813,14,P0,P14,P7,P15,P8,P15,P11,P15,P13,P6,P14,P8,P15,P10,P15,P12,P3,P14,P7,P15
grating,180,2.30,P0|P3|P6|P7|P8|P9|P10|P11|P12|P13|P14|P15,0.758813,15,P0,P14,P7,P15,P8,P15,P11,P15,P13,P6,P14,P8,P15,P10,P15,P12,P3,P14,P7,P15
grating,180,2.30,P0|P3|P6|P7|P8|P9|P10|P11|P12|P13|P14|P15,0.758813,16,P0,P14,P7,P15,P8,P15,P11,P15,P13,P6,P14,P8,P15,P10,P15,P12,P3,P14,P7,P15
grating,180,2.30,P0|P3|P6|P7|P8|P9|P10|P11|P12|P13|P14|P15,0.758813,17,P0,P14,P7,P15,P8,P15,P11,P15,P13,P6,P14,P8,P15,P10,P15,P12,P3,P14,P7,P15
grating,180,2.30,P0|P3|P6|P7|P8|P9|P10|P11|P12|P13|P14|P15,0.758813,18,P0,P14,P7,P15,P8,P15,P11,P15,P13,P6,P14,P8,P15,P10,P15,P12,P3,P14,P7,P15
grating,180,2.30,P0|P3|P6|P7|P8|P9|P10|P11|P12|P13|P14|P15,0.758813,19,P0,P14,P7,P15,P8,P15,P11,P15,P13,P6,P14,P8,P15,P10,P15,P12,P3,P14,P7,P15
grating,0,2.40,P0|P6|P7|P8|P10|P11|P13|P14|P15,0.786731,0,P0,P11,P15,P8,P15,P6,P13,P15,P10,P15,P7,P14,P0,P11,P15,P8,P15,P6,P13,P15
grating,0,2.40,P0|P6|P7|P8|P10|P11|P13|P14|P15,0.786731,1,P0,P11,P15,P8,P15,P6,P13,P15,P10,P15,P7,P14,P0,P11,P15,P8,P15,P6,P13,P15
grating,0,2.40,P0|P6|P7|P8|P10|P11|P13|P14|P15,0.786731,2,P0,P11,P15,P8,P15,P6,P13,P15,P10,P15,P7,P14,P0,P11,P15,P8,P15,P6,P13,P15
grating,0,2.40,P0|P6|P7|P8|P10|P11|P13|P14|P15,0.786731,3,P0,P11,P15,P8,P15,P6,P13,P15,P10,P15,P7,P14,P0,P11,P15,P8,P15,P6,P13,P15
grating,0,2.40,P0|P6|P7|P8|P10|P11|P13|P14|P15,0.786731,4,P0,P11,P15,P8,P15,P6,P13,P15,P10,P15,P7,P14,P0,P11,P15,P8,P15,P6,P13,P15
grating,0,2.40,P0|P6|P7|P8|P10|P11|P13|P14|P15,0.786731,5,P0,P11,P15,P8,P15,P6,P13,P15,P10,P15,P7,P14,P0,P11,P15,P8,P15,P6,P13,P15
grating,0,2.40,P0|P6|P7|P8|P10|P11|P13|P14|P15,0.786731,6,P0,P11,P15,P8,P15,P6,P13,P15,P10,P15,P7,P14,P0,P11,P15,P8,P15,P6,P13,P15
grating,0,2.40,P0|P6|P7|P8|P10|P11|P13|P14|P15,0.786731,7,P0,P11,P15,P8,P15,P6,P13,P15,P10,P15,P7,P14,P0,P11,P15,P8,P15,P6,P13,P15
grating,0,2.40,P0|P6|P7|P8|P10|P11|P13|P14|P15,0.786731,8,P0,P11,P15,P8,P15,P6,P13,P15,P10,P15,P7,P14,P0,P11,P15,P8,P15,P6,P13,P15
grating,0,2.40,P0|P6|P7|P8|P10|P11|P13|P14|P15,0.786731,9,P0,P11,P15,P8,P15,P6,P13,P15,P10,P15,P7,P14,P0,P11,P15,P8,P15,P6,P13,P15
grating,0,2.40,P0|P6|P7|P8|P10|P11|P13|P14|P15,0.786731,10,P0,P11,P15,P8,P15,P6,P13,P15,P10,P15,P7,P14,P0,P11,P15,P8,P15,P6,P13,P15
grating,0,2.40,P0|P6|P7|P8|P10|P11|P13|P14|P15,0.786731,11,P0,P11,P15,P8,P15,P6,P13,P15,P10,P15,P7,P14,P0,P11,P15,P8,P15,P6,P13,P15
grating,0,2.40,P0|P6|P7|P8|P10|P11|P13|P14|P15,0.786731,12,P0,P11,P15,P8,P15,P6,P13,P15,P10,P15,P7,P14,P0,P11,P15,P8,P15,P6,P13,P15
grating,0,2.40,P0|P6|P7|P8|P10|P11|P13|P14|P15,0.786731,13,P0,P11,P15,P8,P15,P6,P13,P15,P10,P15,P7,P14,P0,P11,P15,P8,P15,P6,P13,P15
grating,0,2.40,P0|P6|P7|P8|P10|P11|P13|P14|P15,0.786731,14,P0,P11,P15,P8,P15,P6,P13,P15,P10,P15,P7,P14,P0,P11,P15,P8,P15,P6,P13,P15
grating,0,2.40,P0|P6|P7|P8|P10|P11|P13|P14|P15,0.786731,15,P0,P11,P15,P8,P15,P6,P13,P15,P10,P15,P7,P14,P0,P11,P15,P8,P15,P6,P13,P15
grating,0,2.40,P0|P6|P7|P8|P10|P11|P13|P14|P15,0.786731,16,P0,P11,P15,P8,P15,P6,P13,P15,P10,P15,P7,P14,P0,P11,P15,P8,P15,P6,P13,P15
grating,0,2.40,P0|P6|P7|P8|P10|P11|P13|P14|P15,0.786731,17,P0,P11,P15,P8,P15,P6,P13,P15,P10,P15,P7,P14,P0,P11,P15,P8,P15,P6,P13,P15
grating,0,2.40,P0|P6|P7|P8|P10|P11|P13|P14|P15,0.786731,18,P0,P11,P15,P8,P15,P6,P13,P15,P10,P15,P7,P14,P0,P11,P15,P8,P15,P6,P13,P15
grating,0,2.40,P0|P6|P7|P8|P10|P11|P13|P14|P15,0.786731,19,P0,P11,P15,P8,P15,P6,P13,P15,P10,P15,P7,P14,P0,P11,P15,P8,P15,P6,P13,P15
grating,180,2.40,P0|P6|P7|P8|P10|P11|P13|P14|P15,0.786731,0,P11,P0,P14,P7,P15,P10,P15,P13,P6,P15,P8,P15,P11,P0,P14,P7,P15,P10,P15,P13
grating,180,2.40,P0|P6|P7|P8|P10|P11|P13|P14|P15,0.786731,1,P11,P0,P14,P7,P15,P10,P15,P13,P6,P15,P8,P15,P11,P0,P14,P7,P15,P10,P15,P13
grating,180,2.40,P0|P6|P7|P8|P10|P11|P13|P14|P15,0.786731,2,P11,P0,P14,P7,P15,P10,P15,P13,P6,P15,P8,P15,P11,P0,P14,P7,P15,P10,P15,P13
grating,180,2.40,P0|P6|P7|P8|P10|P11|P13|P14|P15,0.786731,3,P11,P0,P14,P7,P15,P10,P15,P13,P6,P15,P8,P15,P11,P0,P14,P7,P15,P10,P15,P13
grating,180,2.40,P0|P6|P7|P8|P10|P11|P13|P14|P15,0.786731,4,P11,P0,P14,P7,P15,P10,P15,P13,P6,P15,P8,P15,P11,P0,P14,P7,P15,P10,P15,P13
grating,180,2.40,P0|P6|P7|P8|P10|P11|P13|P14|P15,0.786731,5,P11,P0,P14,P7,P15,P10,P15,P13,P6,P15,P8,P15,P11,P0,P14,P7,P15,P10,P15,P13
grating,180,2.40,P0|P6|P7|P8|P10|P11|P13|P14|P15,0.786731,6,P11,P0,P14,P7,P15,P10,P15,P13,P6,P15,P8,P15,P11,P0,P14,P7,P15,P10,P15,P13
grating,180,2.40,P0|P6|P7|P8|P10|P11|P13|P14|P15,0.786731,7,P11,P0,P14,P7,P15,P10,P15,P13,P6,P15,P8,P15,P11,P0,P14,P7,P15,P10,P15,P13
grating,180,2.40,P0|P6|P7|P8|P10|P11|P13|P14|P15,0.786731,8,P11,P0,P14,P7,P15,P10,P15,P13,P6,P15,P8,P15,P11,P0,P14,P7,P15,P10,P15,P13
grating,180,2.40,P0|P6|P7|P8|P10|P11|P13|P14|P15,0.786731,9,P11,P0,P14,P7,P15,P10,P15,P13,P6,P15,P8,P15,P11,P0,P14,P7,P15,P10,P15,P13
grating,180,2.40,P0|P6|P7|P8|P10|P11|P13|P14|P15,0.786731,10,P11,P0,P14,P7,P15,P10,P15,P13,P6,P15,P8,P15,P11,P0,P14,P7,P15,P10,P15,P13
grating,180,2.40,P0|P6|P7|P8|P10|P11|P13|P14|P15,0.786731,11,P11,P0,P14,P7,P15,P10,P15,P13,P6,P15,P8,P15,P11,P0,P14,P7,P15,P10,P15,P13
grating,180,2.40,P0|P6|P7|P8|P10|P11|P13|P14|P15,0.786731,12,P11,P0,P14,P7,P15,P10,P15,P13,P6,P15,P8,P15,P11,P0,P14,P7,P15,P10,P15,P13
grating,180,2.40,P0|P6|P7|P8|P10|P11|P13|P14|P15,0.786731,13,P11,P0,P14,P7,P15,P10,P15,P13,P6,P15,P8,P15,P11,P0,P14,P7,P15,P10,P15,P13
grating,180,2.40,P0|P6|P7|P8|P10|P11|P13|P14|P15,0.786731,14,P11,P0,P14,P7,P15,P10,P15,P13,P6,P15,P8,P15,P11,P0,P14,P7,P15,P10,P15,P13
grating,180,2.40,P0|P6|P7|P8|P10|P11|P13|P14|P15,0.786731,15,P11,P0,P14,P7,P15,P10,P15,P13,P6,P15,P8,P15,P11,P0,P14,P7,P15,P10,P15,P13
grating,180,2.40,P0|P6|P7|P8|P10|P11|P13|P14|P15,0.786731,16,P11,P0,P14,P7,P15,P10,P15,P13,P6,P15,P8,P15,P11,P0,P14,P7,P15,P10,P15,P13
grating,180,2.40,P0|P6|P7|P8|P10|P11|P13|P14|P15,0.786731,17,P11,P0,P14,P7,P15,P10,P15,P13,P6,P15,P8,P15,P11,P0,P14,P7,P15,P10,P15,P13
grating,180,2.40,P0|P6|P7|P8|P10|P11|P13|P14|P15,0.786731,18,P11,P0,P14,P7,P15,P10,P15,P13,P6,P15,P8,P15,P11,P0,P14,P7,P15,P10,P15,P13
grating,180,2.40,P0|P6|P7|P8|P10|P11|P13|P14|P15,0.786731,19,P11,P0,P14,P7,P15,P10,P15,P13,P6,P15,P8,P15,P11,P0,P14,P7,P15,P10,P15,P13
grating,0,2.50,P0|P7|P11|P14|P15,0.847986,0,P0,P11,P15,P7,P14,P0,P11,P15,P7,P14,P0,P11,P15,P7,P14,P0,P11,P15,P7,P14
grating,0,2.50,P0|P7|P11|P14|P15,0.847986,1,P0,P11,P15,P7,P14,P0,P11,P15,P7,P14,P0,P11,P15,P7,P14,P0,P11,P15,P7,P14
grating,0,2.50,P0|P7|P11|P14|P15,0.847986,2,P0,P11,P15,P7,P14,P0,P11,P15,P7,P14,P0,P11,P15,P7,P14,P0,P11,P15,P7,P14
grating,0,2.50,P0|P7|P11|P14|P15,0.847986,3,P0,P11,P15,P7,P14,P0,P11,P15,P7,P14,P0,P11,P15,P7,P14,P0,P11,P15,P7,P14
grating,0,2.50,P0|P7|P11|P14|P15,0.847986,4,P0,P11,P15,P7,P14,P0,P11,P15,P7,P14,P0,P11,P15,P7,P14,P0,P11,P15,P7,P14
grating,0,2.50,P0|P7|P11|P14|P15,0.847986,5,P0,P11,P15,P7,P14,P0,P11,P15,P7,P14,P0,P11,P15,P7,P14,P0,P11,P15,P7,P14
grating,0,2.50,P0|P7|P11|P14|P15,0.847986,6,P0,P11,P15,P7,P14,P0,P11,P15,P7,P14,P0,P11,P15,P7,P14,P0,P11,P15,P7,P14
grating,0,2.50,P0|P7|P11|P14|P15,0.847986,7,P0,P11,P15,P7,P14,P0,P11,P15,P7,P14,P0,P11,P15,P7,P14,P0,P11,P15,P7,P14
grating,0,2.50,P0|P7|P11|P14|P15,0.847986,8,P0,P11,P15,P7,P14,P0,P11,P15,P7,P14,P0,P11,P15,P7,P14,P0,P11,P15,P7,P14
grating,0,2.50,P0|P7|P11|P14|P15,0.847986,9,P0,P11,P15,P7,P14,P0,P11,P15,P7,P14,P0,P11,P15,P7,P14,P0,P11,P15,P7,P14
grating,0,2.50,P0|P7|P11|P14|P15,0.847986,10,P0,P11,P15,P7,P14,P0,P11,P15,P7,P14,P0,P11,P15,P7,P14,P0,P11,P15,P7,P14
grating,0,2.50,P0|P7|P11|P14|P15,0.847986,11,P0,P11,P15,P7,P14,P0,P11,P15,P7,P14,P0,P11,P15,P7,P14,P0,P11,P15,P7,P14
grating,0,2.50,P0|P7|P11|P14|P15,0.847986,12,P0,P11,P15,P7,P14,P0,P11,P15,P7,P14,P0,P11,P15,P7,P14,P0,P11,P15,P7,P14
grating,0,2.50,P0|P7|P11|P14|P15,0.847986,13,P0,P11,P15,P7,P14,P0,P11,P15,P7,P14,P0,P11,P15,P7,P14,P0,P11,P15,P7,P14
grating,0,2.50,P0|P7|P11|P14|P15,0.847986,14,P0,P11,P15,P7,P14,P0,P11,P15,P7,P14,P0,P11,P15,P7,P14,P0,P11,P15,P7,P14
grating,0,2.50,P0|P7|P11|P14|P15,0.847986,15,P0,P11,P15,P7,P14,P0,P11,P15,P7,P14,P0,P11,P15,P7,P14,P0,P11,P15,P7,P14
grating,0,2.50,P0|P7|P11|P14|P15,0.847986,16,P0,P11,P15,P7,P14,P0,P11,P15,P7,P14,P0,P11,P15,P7,P14,P0,P11,P15,P7,P14
grating,0,2.50,P0|P7|P11|P14|P15,0.847986,17,P0,P11,P15,P7,P14,P0,P11,P15,P7,P14,P0,P11,P15,P7,P14,P0,P11,P15,P7,P14
grating,0,2.50,P0|P7|P11|P14|P15,0.847986,18,P0,P11,P15,P7,P14,P0,P11,P15,P7,P14,P0,P11,P15,P7,P14,P0,P11,P15,P7,P14
grating,0,2.50,P0|P7|P11|P14|P15,0.847986,19,P0,P11,P15,P7,P14,P0,P11,P15,P7,P14,P0,P11,P15,P7,P14,P0,P11,P15,P7,P14
grating,180,2.50,P0|P7|P11|P14|P15,0.847986,0,P15,P11,P0,P14,P7,P15,P11,P0,P14,P7,P15,P11,P0,P14,P7,P15,P11,P0,P14,P7
grating,180,2.50,P0|P7|P11|P14|P15,0.847986,1,P15,P11,P0,P14,P7,P15,P11,P0,P14,P7,P15,P11,P0,P14,P7,P15,P11,P0,P14,P7
grating,180,2.50,P0|P7|P11|P14|P15,0.847986,2,P15,P11,P0,P14,P7,P15,P11,P0,P14,P7,P15,P11,P0,P14,P7,P15,P11,P0,P14,P7
grating,180,2.50,P0|P7|P11|P14|P15,0.847986,3,P15,P11,P0,P14,P7,P15,P11,P0,P14,P7,P15,P11,P0,P14,P7,P15,P11,P0,P14,P7
grating,180,2.50,P0|P7|P11|P14|P15,0.847986,4,P15,P11,P0,P14,P7,P15,P11,P0,P14,P7,P15,P11,P0,P14,P7,P15,P11,P0,P14,P7
grating,180,2.50,P0|P7|P11|P14|P15,0.847986,5,P15,P11,P0,P14,P7,P15,P11,P0,P14,P7,P15,P11,P0,P14,P7,P15,P11,P0,P14,P7
grating,180,2.50,P0|P7|P11|P14|P15,0.847986,6,P15,P11,P0,P14,P7,P15,P11,P0,P14,P7,P15,P11,P0,P14,P7,P15,P11,P0,P14,P7
grating,180,2.50,P0|P7|P11|P14|P15,0.847986,7,P15,P11,P0,P14,P7,P15,P11,P0,P14,P7,P15,P11,P0,P14,P7,P15,P11,P0,P14,P7
grating,180,2.50,P0|P7|P11|P14|P15,0.847986,8,P15,P11,P0,P14,P7,P15,P11,P0,P14,P7,P15,P11,P0,P14,P7,P15,P11,P0,P14,P7
grating,180,2.50,P0|P7|P11|P14|P15,0.847986,9,P15,P11,P0,P14,P7,P15,P11,P0,P14,P7,P15,P11,P0,P14,P7,P15,P11,P0,P14,P7
grating,180,2.50,P0|P7|P11|P14|P15,0.847986,10,P15,P11,P0,P14,P7,P15,P11,P0,P14,P7,P15,P11,P0,P14,P7,P15,P11,P0,P14,P7
grating,180,2.50,P0|P7|P11|P14|P15,0.847986,11,P15,P11,P0,P14,P7,P15,P11,P0,P14,P7,P15,P11,P0,P14,P7,P15,P11,P0,P14,P7
grating,180,2.50,P0|P7|P11|P14|P15,0.847986,12,P15,P11,P0,P14,P7,P15,P11,P0,P14,P7,P15,P11,P0,P14,P7,P15,P11,P0,P14,P7
grating,180,2.50,P0|P7|P11|P14|P15,0.847986,13,P15,P11,P0,P14,P7,P15,P11,P0,P14,P7,P15,P11,P0,P14,P7,P15,P11,P0,P14,P7
grating,180,2.50,P0|P7|P11|P14|P15,0.847986,14,P15,P11,P0,P14,P7,P15,P11,P0,P14,P7,P15,P11,P0,P14,P7,P15,P11,P0,P14,P7
grating,180,2.50,P0|P7|P11|P14|P15,0.847986,15,P15,P11,P0,P14,P7,P15,P11,P0,P14,P7,P15,P11,P0,P14,P7,P15,P11,P0,P14,P7
grating,180,2.50,P0|P7|P11|P14|P15,0.847986,16,P15,P11,P0,P14,P7,P15,P11,P0,P14,P7,P15,P11,P0,P14,P7,P15,P11,P0,P14,P7
grating,180,2.50,P0|P7|P11|P14|P15,0.847986,17,P15,P11,P0,P14,P7,P15,P11,P0,P14,P7,P15,P11,P0,P14,P7,P15,P11,P0,P14,P7
grating,180,2.50,P0|P7|P11|P14|P15,0.847986,18,P15,P11,P0,P14,P7,P15,P11,P0,P14,P7,P15,P11,P0,P14,P7,P15,P11,P0,P14,P7
grating,180,2.50,P0|P7|P11|P14|P15,0.847986,19,P15,P11,P0,P14,P7,P15,P11,P0,P14,P7,P15,P11,P0,P14,P7,P15,P11,P0,P14,P7
grating,0,2.60,P0|P5|P7|P8|P10|P11|P12|P13|P14|P15,0.776050,0,P0,P11,P15,P7,P13,P15,P10,P15,P5,P12,P15,P8,P14,P0,P11,P15,P7,P13,P15,P10
grating,0,2.60,P0|P5|P7|P8|P10|P11|P12|P13|P14|P15,0.776050,1,P0,P11,P15,P7,P13,P15,P10,P15,P5,P12,P15,P8,P14,P0,P11,P15,P7,P13,P15,P10
grating,0,2.60,P0|P5|P7|P8|P10|P11|P12|P13|P14|P15,0.776050,2,P0,P11,P15,P7,P13,P15,P10,P15,P5,P12,P15,P8,P14,P0,P11,P15,P7,P13,P15,P10
grating,0,2.60,P0|P5|P7|P8|P10|P11|P12|P13|P14|P15,0.776050,3,P0,P11,P15,P7,P13,P15,P10,P15,P5,P12,P15,P8,P14,P0,P11,P15,P7,P13,P15,P10
grating,0,2.60,P0|P5|P7|P8|P10|P11|P12|P13|P14|P15,0.776050,4,P0,P11,P15,P7,P13,P15,P10,P15,P5,P12,P15,P8,P14,P0,P11,P15,P7,P13,P15,P10
grating,0,2.60,P0|P5|P7|P8|P10|P11|P12|P13|P14|P15,0.776050,5,P0,P11,P15,P7,P13,P15,P10,P15,P5,P12,P15,P8,P14,P0,P11,P15,P7,P13,P15,P10
grating,0,2.60,P0|P5|P7|P8|P10|P11|P12|P13|P14|P15,0.776050,6,P0,P11,P15,P7,P13,P15,P10,P15,P5,P12,P15,P8,P14,P0,P11,P15,P7,P13,P15,P10
grating,0,2.60,P0|P5|P7|P8|P10|P11|P12|P13|P14|P15,0.776050,7,P0,P11,P15,P7,P13,P15,P10,P15,P5,P12,P15,P8,P14,P0,P11,P15,P7,P13,P15,P10
grating,0,2.60,P0|P5|P7|P8|P10|P11|P12|P13|P14|P15,0.776050,8,P0,P11,P15,P7,P13,P15,P10,P15,P5,P12,P15,P8,P14,P0,P11,P15,P7,P13,P15,P10
grating,0,2.60,P0|P5|P7|P8|P10|P11|P12|P13|P14|P15,0.776050,9,P0,P11,P15,P7,P13,P15,P10,P15,P5,P12,P15,P8,P14,P0,P11,P15,P7,P13,P15,P10
grating,0,2.60,P0|P5|P7|P8|P10|P11|P12|P13|P14|P15,0.776050,10,P0,P11,P15,P7,P13,P15,P10,P15,P5,P12,P15,P8,P14,P0,P11,P15,P7,P13,P15,P10
grating,0,2.60,P0|P5|P7|P8|P10|P11|P12|P13|P14|P15,0.776050,11,P0,P11,P15,P7,P13,P15,P10,P15,P5,P12,P15,P8,P14,P0,P11,P15,P7,P13,P15,P10
grating,0,2.60,P0|P5|P7|P8|P10|P11|P12|P13|P14|P15,0.776050,12,P0,P11,P15,P7,P13,P15,P10,P15,P5,P12,P15,P8,P14,P0,P11,P15,P7,P13,P15,P10
grating,0,2.60,P0|P5|P7|P8|P10|P11|P12|P13|P14|P15,0.776050,13,P0,P11,P15,P7,P13,P15,P10,P15,P5,P12,P15,P8,P14,P0,P11,P15,P7,P13,P15,P10
grating,0,2.60,P0|P5|P7|P8|P10|P11|P12|P13|P14|P15,0.776050,14,P0,P11,P15,P7,P13,P15,P10,P15,P5,P12,P15,P8,P14,P0,P11,P15,P7,P13,P15,P10
grating,0,2.60,P0|P5|P7|P8|P10|P11|P12|P13|P14|P15,0.776050,15,P0,P11,P15,P7,P13,P15,P10,P15,P5,P12,P15,P8,P14,P0,P11,P15,P7,P13,P15,P10
grating,0,2.60,P0|P5|P7|P8|P10|P11|P12|P13|P14|P15,0.776050,16,P0,P11,P15,P7,P13,P15,P10,P15,P5,P12,P15,P8,P14,P0,P11,P15,P7,P13,P15,P10
grating,0,2.60,P0|P5|P7|P8|P10|P11|P12|P13|P14|P15,0.776050,17,P0,P11,P15,P7,P13,P15,P10,P15,P5,P12,P15,P8,P14,P0,P11,P15,P7,P13,P15,P10
grating,0,2.60,P0|P5|P7|P8|P10|P11|P12|P13|P14|P15,0.776050,18,P0,P11,P15,P7,P13,P15,P10,P15,P5,P12,P15,P8,P14,P0,P11,P15,P7,P13,P15,P10
grating,0,2.60,P0|P5|P7|P8|P10|P11|P12|P13|P14|P15,0.776050,19,P0,P11,P15,P7,P13,P15,P10,P15,P5,P12,P15,P8,P14,P0,P11,P15,P7,P13,P15,P10
grating,180,2.60,P0|P5|P7|P8|P10|P11|P12|P13|P14|P15,0.776050,0,P15,P13,P7,P15,P11,P0,P14,P8,P15,P12,P5,P15,P10,P15,P13,P7,P15,P11,P0,P14
grating,180,2.60,P0|P5|P7|P8|P10|P11|P12|P13|P14|P15,0.776050,1,P15,P13,P7,P15,P11,P0,P14,P8,P15,P12,P5,P15,P10,P15,P13,P7,P15,P11,P0,P14
grating,180,2.60,P0|P5|P7|P8|P10|P11|P12|P13|P14|P15,0.776050,2,P15,P13,P7,P15,P11,P0,P14,P8,P15,P12,P5,P15,P10,P15,P13,P7,P15,P11,P0,P14
grating,180,2.60,P0|P5|P7|P8|P10|P11|P12|P13|P14|P15,0.776050,3,P15,P13,P7,P15,P11,P0,P14,P8,P15,P12,P5,P15,P10,P15,P13,P7,P15,P11,P0,P14
grating,180,2.60,P0|P5|P7|P8|P10|P11|P12|P13|P14|P15,0.776050,4,P15,P13,P7,P15,P11,P0,P14,P8,P15,P12,P5,P15,P10,P15,P13,P7,P15,P11,P0,P14
grating,180,2.60,P0|P5|P7|P8|P10|P11|P12|P13|P14|P15,0.776050,5,P15,P13,P7,P15,P11,P0,P14,P8,P15,P12,P5,P15,P10,P15,P13,P7,P15,P11,P0,P14
grating,180,2.60,P0|P5|P7|P8|P10|P11|P12|P13|P14|P15,0.776050,6,P15,P13,P7,P15,P11,P0,P14,P8,P15,P12,P5,P15,P10,P15,P13,P7,P15,P11,P0,P14
grating,180,2.60,P0|P5|P7|P8|P10|P11|P12|P13|P14|P15,0.776050,7,P15,P13,P7,P15,P11,P0,P14,P8,P15,P12,P5,P15,P10,P15,P13,P7,P15,P11,P0,P14
grating,180,2.60,P0|P5|P7|P8|P10|P11|P12|P13|P14|P15,0.776050,8,P15,P13,P7,P15,P11,P0,P14,P8,P15,P12,P5,P15,P10,P15,P13,P7,P15,P11,P0,P14
grating,180,2.60,P0|P5|P7|P8|P10|P11|P12|P13|P14|P15,0.776050,9,P15,P13,P7,P15,P11,P0,P14,P8,P15,P12,P5,P15,P10,P15,P13,P7,P15,P11,P0,P14
grating,180,2.60,P0|P5|P7|P8|P10|P11|P12|P13|P14|P15,0.776050,10,P15,P13,P7,P15,P11,P0,P14,P8,P15,P12,P5,P15,P10,P15,P13,P7,P15,P11,P0,P14
grating,180,2.60,P0|P5|P7|P8|P10|P11|P12|P13|P14|P15,0.776050,11,P15,P13,P7,P15,P11,P0,P14,P8,P15,P12,P5,P15,P10,P15,P13,P7,P15,P11,P0,P14
grating,180,2.60,P0|P5|P7|P8|P10|P11|P12|P13|P14|P15,0.776050,12,P15,P13,P7,P15,P11,P0,P14,P8,P15,P12,P5,P15,P10,P15,P13,P7,P15,P11,P0,P14
grating,180,2.60,P0|P5|P7|P8|P10|P11|P12|P13|P14|P15,0.776050,13,P15,P13,P7,P15,P11,P0,P14,P8,P15,P12,P5,P15,P10,P15,P13,P7,P15,P11,P0,P14
grating,180,2.60,P0|P5|P7|P8|P10|P11|P12|P13|P14|P15,0.776050,14,P15,P13,P7,P15,P11,P0,P14,P8,P15,P12,P5,P15,P10,P15,P13,P7,P15,P11,P0,P14
grating,180,2.60,P0|P5|P7|P8|P10|P11|P12|P13|P14|P15,0.776050,15,P15,P13,P7,P15,P11,P0,P14,P8,P15,P12,P5,P15,P10,P15,P13,P7,P15,P11,P0,P14
grating,180,2.60,P0|P5|P7|P8|P10|P11|P12|P13|P14|P15,0.776050,16,P15,P13,P7,P15,P11,P0,P14,P8,P15,P12,P5,P15,P10,P15,P13,P7,P15,P11,P0,P14
grating,180,2.60,P0|P5|P7|P8|P10|P11|P12|P13|P14|P15,0.776050,17,P15,P13,P7,P15,P11,P0,P14,P8,P15,P12,P5,P15,P10,P15,P13,P7,P15,P11,P0,P14
grating,180,2.60,P0|P5|P7|P8|P10|P11|P12|P13|P14|P15,0.776050,18,P15,P13,P7,P15,P11,P0,P14,P8,P15,P12,P5,P15,P10,P15,P13,P7,P15,P11,P0,P14
grating,180,2.60,P0|P5|P7|P8|P10|P11|P12|P13|P14|P15,0.776050,19,P15,P13,P7,P15,P11,P0,P14,P8,P15,P12,P5,P15,P10,P15,P13,P7,P15,P11,P0,P14
grating,0,2.70,P0|P3|P5|P6|P7|P8|P9|P10|P11|P12|P13|P14|P15,0.752114,0,P0,P11,P15,P6,P12,P15,P8,P14,P15,P10,P15,P5,P12,P15,P7,P13,P15,P9,P15,P3
grating,0,2.70,P0|P3|P5|P6|P7|P8|P9|P10|P11|P12|P13|P14|P15,0.752114,1,P0,P11,P15,P6,P12,P15,P8,P14,P15,P10,P15,P5,P12,P15,P7,P13,P15,P9,P15,P3
grating,0,2.70,P0|P3|P5|P6|P7|P8|P9|P10|P11|P12|P13|P14|P15,0.752114,2,P0,P11,P15,P6,P12,P15,P8,P14,P15,P10,P15,P5,P12,P15,P7,P13,P15,P9,P15,P3
grating,0,2.70,P0|P3|P5|P6|P7|P8|P9|P10|P11|P12|P13|P14|P15,0.752114,3,P0,P11,P15,P6,P12,P15,P8,P14,P15,P10,P15,P5,P12,P15,P7,P13,P15,P9,P15,P3
grating,0,2.70,P0|P3|P5|P6|P7|P8|P9|P10|P11|P12|P13|P14|P15,0.752114,4,P0,P11,P15,P6,P12,P15,P8,P14,P15,P10,P15,P5,P12,P15,P7,P13,P15,P9,P15,P3
grating,0,2.70,P0|P3|P5|P6|P7|P8|P9|P10|P11|P12|P13|P14|P15,0.752114,5,P0,P11,P15,P6,P12,P15,P8,P14,P15,P10,P15,P5,P12,P15,P7,P13,P15,P9,P15,P3
grating,0,2.70,P0|P3|P5|P6|P7|P8|P9|P10|P11|P12|P13|P14|P15,0.752114,6,P0,P11,P15,P6,P12,P15,P8,P14,P15,P10,P15,P5,P12,P15,P7,P13,P15,P9,P15,P3
grating,0,2.70,P0|P3|P5|P6|P7|P8|P9|P10|P11|P12|P13|P14|P15,0.752114,7,P0,P11,P15,P6,P12,P15,P8,P14,P15,P10,P15,P5,P12,P15,P7,P13,P15,P9,P15,P3
grating,0,2.70,P0|P3|P5|P6|P7|P8|P9|P10|P11|P12|P13|P14|P15,0.752114,8,P0,P11,P15,P6,P12,P15,P8,P14,P15,P10,P15,P5,P12,P15,P7,P13,P15,P9,P15,P3
grating,0,2.70,P0|P3|P5|P6|P7|P8|P9|P10|P11|P12|P13|P14|P15,0.752114,9,P0,P11,P15,P6,P12,P15,P8,P14,P15,P10,P15,P5,P12,P15,P7,P13,P15,P9,P15,P3
grating,0,2.70,P0|P3|P5|P6|P7|P8|P9|P10|P11|P12|P13|P14|P15,0.752114,10,P0,P11,P15,P6,P12,P15,P8,P14,P15,P10,P15,P5,P12,P15,P7,P13,P15,P9,P15,P3
grating,0,2.70,P0|P3|P5|P6|P7|P8|P9|P10|P11|P12|P13|P14|P15,0.752114,11,P0,P11,P15,P6,P12,P15,P8,P14,P15,P10,P15,P5,P12,P15,P7,P13,P15,P9,P15,P3
grating,0,2.70,P0|P3|P5|P6|P7|P8|P9|P10|P11|P12|P13|P14|P15,0.752114,12,P0,P11,P15,P6,P12,P15,P8,P14,P15,P10,P15,P5,P12,P15,P7,P13,P15,P9,P15,P3
grating,0,2.70,P0|P3|P5|P6|P7|P8|P9|P10|P11|P12|P13|P14|P15,0.752114,13,P0,P11,P15,P6,P12,P15,P8,P14,P15,P10,P15,P5,P12,P15,P7,P13,P15,P9,P15,P3
grating,0,2.70,P0|P3|P5|P6|P7|P8|P9|P10|P11|P12|P13|P14|P15,0.752114,14,P0,P11,P15,P6,P12,P15,P8,P14,P15,P10,P15,P5,P12,P15,P7,P13,P15,P9,P15,P3
grating,0,2.70,P0|P3|P5|P6|P7|P8|P9|P10|P11|P12|P13|P14|P15,0.752114,15,P0,P11,P15,P6,P12,P15,P8,P14,P15,P10,P15,P5,P12,P15,P7,P13,P15,P9,P15,P3
grating,0,2.70,P0|P3|P5|P6|P7|P8|P9|P10|P11|P12|P13|P14|P15,0.752114,16,P0,P11,P15,P6,P12,P15,P8,P14,P15,P10,P15,P5,P12,P15,P7,P13,P15,P9,P15,P3
grating,0,2.70,P0|P3|P5|P6|P7|P8|P9|P10|P11|P12|P13|P14|P15,0.752114,17,P0,P11,P15,P6,P12,P15,P8,P14,P15,P10,P15,P5,P12,P15,P7,P13,P15,P9,P15,P3
grating,0,2.70,P0|P3|P5|P6|P7|P8|P9|P10|P11|P12|P13|P14|P15,0.752114,18,P0,P11,P15,P6,P12,P15,P8,P14,P15,P10,P15,P5,P12,P15,P7,P13,P15,P9,P15,P3
grating,0,2.70,P0|P3|P5|P6|P7|P8|P9|P10|P11|P12|P13|P14|P15,0.752114,19,P0,P11,P15,P6,P12,P15,P8,P14,P15,P10,P15,P5,P12,P15,P7,P13,P15,P9,P15,P3
grating,180,2.70,P0|P3|P5|P6|P7|P8|P9|P10|P11|P12|P13|P14|P15,0.752114,0,P14,P8,P15,P12,P6,P15,P11,P0,P14,P8,P15,P13,P7,P15,P11,P3,P15,P9,P15,P13
grating,180,2.70,P0|P3|P5|P6|P7|P8|P9|P10|P11|P12|P13|P14|P15,0.752114,1,P14,P8,P15,P12,P6,P15,P11,P0,P14,P8,P15,P13,P7,P15,P11,P3,P15,P9,P15,P13
grating,180,2.70,P0|P3|P5|P6|P7|P8|P9|P10|P11|P12|P13|P14|P15,0.752114,2,P14,P8,P15,P12,P6,P15,P11,P0,P14,P8,P15,P13,P7,P15,P11,P3,P15,P9,P15,P13
grating,180,2.70,P0|P3|P5|P6|P7|P8|P9|P10|P11|P12|P13|P14|P15,0.752114,3,P14,P8,P15,P12,P6,P15,P11,P0,P14,P8,P15,P13,P7,P15,P11,P3,P15,P9,P15,P13
grating,180,2.70,P0|P3|P5|P6|P7|P8|P9|P10|P11|P12|P13|P14|P15,0.752114,4,P14,P8,P15,P12,P6,P15,P11,P0,P14,P8,P15,P13,P7,P15,P11,P3,P15,P9,P15,P13
grating,180,2.70,P0|P3|P5|P6|P7|P8|P9|P10|P11|P12|P13|P14|P15,0.752114,5,P14,P8,P15,P12,P6,P15,P11,P0,P14,P8,P15,P13,P7,P15,P11,P3,P15,P9,P15,P13
grating,180,2.70,P0|P3|P5|P6|P7|P8|P9|P10|P11|P12|P13|P14|P15,0.752114,6,P14,P8,P15,P12,P6,P15,P11,P0,P14,P8,P15,P13,P7,P15,P11,P3,P15,P9,P15,P13
grating,180,2.70,P0|P3|P5|P6|P7|P8|P9|P10|P11|P12|P13|P14|P15,0.752114,7,P14,P8,P15,P12,P6,P15,P11,P0,P14,P8,P15,P13,P7,P15,P11,P3,P15,P9,P15,P13
grating,180,2.70,P0|P3|P5|P6|P7|P8|P9|P10|P11|P12|P13|P14|P15,0.752114,8,P14,P8,P15,P12,P6,P15,P11,P0,P14,P8,P15,P13,P7,P15,P11,P3,P15,P9,P15,P13
grating,180,2.70,P0|P3|P5|P6|P7|P8|P9|P10|P11|P12|P13|P14|P15,0.752114,9,P14,P8,P15,P12,P6,P15,P11,P0,P14,P8,P15,P13,P7,P15,P11,P3,P15,P9,P15,P13
grating,180,2.70,P0|P3|P5|P6|P7|P8|P9|P10|P11|P12|P13|P14|P15,0.752114,10,P14,P8,P15,P12,P6,P15,P11,P0,P14,P8,P15,P13,P7,P15,P11,P3,P15,P9,P15,P13
grating,180,2.70,P0|P3|P5|P6|P7|P8|P9|P10|P11|P12|P13|P14|P15,0.752114,11,P14,P8,P15,P12,P6,P15,P11,P0,P14,P8,P15,P13,P7,P15,P11,P3,P15,P9,P15,P13
grating,180,2.70,P0|P3|P5|P6|P7|P8|P9|P10|P11|P12|P13|P14|P15,0.752114,12,P14,P8,P15,P12,P6,P15,P11,P0,P14,P8,P15,P13,P7,P15,P11,P3,P15,P9,P15,P13
grating,180,2.70,P0|P3|P5|P6|P7|P8|P9|P10|P11|P12|P13|P14|P15,0.752114,13,P14,P8,P15,P12,P6,P15,P11,P0,P14,P8,P15,P13,P7,P15,P11,P3,P15,P9,P15,P13
grating,180,2.70,P0|P3|P5|P6|P7|P8|P9|P10|P11|P12|P13|P14|P15,0.752114,14,P14,P8,P15,P12,P6,P15,P11,P0,P14,P8,P15,P13,P7,P15,P11,P3,P15,P9,P15,P13
grating,180,2.70,P0|P3|P5|P6|P7|P8|P9|P10|P11|P12|P13|P14|P15,0.752114,15,P14,P8,P15,P12,P6,P15,P11,P0,P14,P8,P15,P13,P7,P15,P11,P3,P15,P9,P15,P13
grating,180,2.70,P0|P3|P5|P6|P7|P8|P9|P10|P11|P12|P13|P14|P15,0.752114,16,P14,P8,P15,P12,P6,P15,P11,P0,P14,P8,P15,P13,P7,P15,P11,P3,P15,P9,P15,P13
grating,180,2.70,P0|P3|P5|P6|P7|P8|P9|P10|P11|P12|P13|P14|P15,0.752114,17,P14,P8,P15,P12,P6,P15,P11,P0,P14,P8,P15,P13,P7,P15,P11,P3,P15,P9,P15,P13
grating,180,2.70,P0|P3|P5|P6|P7|P8|P9|P10|P11|P12|P13|P14|P15,0.752114,18,P14,P8,P15,P12,P6,P15,P11,P0,P14,P8,P15,P13,P7,P15,P11,P3,P15,P9,P15,P13
grating,180,2.70,P0|P3|P5|P6|P7|P8|P9|P10|P11|P12|P13|P14|P15,0.752114,19,P14,P8,P15,P12,P6,P15,P11,P0,P14,P8,P15,P13,P7,P15,P11,P3,P15,P9,P15,P13
grating,0,2.80,P0|P5|P7|P8|P9|P11|P12|P13|P14|P15,0.773466,0,P0,P11,P15,P5,P12,P15,P7,P13,P15,P8,P14,P15,P9,P14,P0,P11,P15,P5,P12,P15
grating,0,2.80,P0|P5|P7|P8|P9|P11|P12|P13|P14|P15,0.773466,1,P0,P11,P15,P5,P12,P15,P7,P13,P15,P8,P14,P15,P9,P14,P0,P11,P15,P5,P12,P15
grating,0,2.80,P0|P5|P7|P8|P9|P11|P12|P13|P14|P15,0.773466,2,P0,P11,P15,P5,P12,P15,P7,P13,P15,P8,P14,P15,P9,P14,P0,P11,P15,P5,P12,P15
grating,0,2.80,P0|P5|P7|P8|P9|P11|P12|P13|P14|P15,0.773466,3,P0,P11,P15,P5,P12,P15,P7,P13,P15,P8,P14,P15,P9,P14,P0,P11,P15,P5,P12,P15
grating,0,2.80,P0|P5|P7|P8|P9|P11|P12|P13|P14|P15,0.773466,4,P0,P11,P15,P5,P12,P15,P7,P13,P15,P8,P14,P15,P9,P14,P0,P11,P15,P5,P12,P15
grating,0,2.80,P0|P5|P7|P8|P9|P11|P12|P13|P14|P15,0.773466,5,P0,P11,P15,P5,P12,P15,P7,P13,P15,P8,P14,P15,P9,P14,P0,P11,P15,P5,P12,P15
grating,0,2.80,P0|P5|P7|P8|P9|P11|P12|P13|P14|P15,0.773466,6,P0,P11,P15,P5,P12,P15,P7,P13,P15,P8,P14,P15,P9,P14,P0,P11,P15,P5,P12,P15
grating,0,2.80,P0|P5|P7|P8|P9|P11|P12|P13|P14|P15,0.773466,7,P0,P11,P15,P5,P12,P15,P7,P13,P15,P8,P14,P15,P9,P14,P0,P11,P15,P5,P12,P15
grating,0,2.80,P0|P5|P7|P8|P9|P11|P12|P13|P14|P15,0.773466,8,P0,P11,P15,P5,P12,P15,P7,P13,P15,P8,P14,P15,P9,P14,P0,P11,P15,P5,P12,P15
grating,0,2.80,P0|P5|P7|P8|P9|P11|P12|P13|P14|P15,0.773466,9,P0,P11,P15,P5,P12,P15,P7,P13,P15,P8,P14,P15,P9,P14,P0,P11,P15,P5,P12,P15
grating,0,2.80,P0|P5|P7|P8|P9|P11|P12|P13|P14|P15,0.773466,10,P0,P11,P15,P5,P12,P15,P7,P13,P15,P8,P14,P15,P9,P14,P0,P11,P15,P5,P12,P15
grating,0,2.80,P0|P5|P7|P8|P9|P11|P12|P13|P14|P15,0.773466,11,P0,P11,P15,P5,P12,P15,P7,P13,P15,P8,P14,P15,P9,P14,P0,P11,P15,P5,P12,P15
grating,0,2.80,P0|P5|P7|P8|P9|P11|P12|P13|P14|P15,0.773466,12,P0,P11,P15,P5,P12,P15,P7,P13,P15,P8,P14,P15,P9,P14,P0,P11,P15,P5,P12,P15
grating,0,2.80,P0|P5|P7|P8|P9|P11|P12|P13|P14|P15,0.773466,13,P0,P11,P15,P5,P12,P15,P7,P13,P15,P8,P14,P15,P9,P14,P0,P11,P15,P5,P12,P15
grating,0,2.80,P0|P5|P7|P8|P9|P11|P12|P13|P14|P15,0.773466,14,P0,P11,P15,P5,P12,P15,P7,P13,P15,P8,P14,P15,P9,P14,P0,P11,P15,P5,P12,P15
grating,0,2.80,P0|P5|P7|P8|P9|P11|P12|P13|P14|P15,0.773466,15,P0,P11,P15,P5,P12,P15,P7,P13,P15,P8,P14,P15,P9,P14,P0,P11,P15,P5,P12,P15
grating,0,2.80,P0|P5|P7|P8|P9|P11|P12|P13|P14|P15,0.773466,16,P0,P11,P15,P5,P12,P15,P7,P13,P15,P8,P14,P15,P9,P14,P0,P11,P15,P5,P12,P15
grating,0,2.80,P0|P5|P7|P8|P9|P11|P12|P13|P14|P15,0.773466,17,P0,P11,P15,P5,P12,P15,P7,P13,P15,P8,P14,P15,P9,P14,P0,P11,P15,P5,P12,P15
grating,0,2.80,P0|P5|P7|P8|P9|P11|P12|P13|P14|P15,0.773466,18,P0,P11,P15,P5,P12,P15,P7,P13,P15,P8,P14,P15,P9,P14,P0,P11,P15,P5,P12,P15
grating,0,2.80,P0|P5|P7|P8|P9|P11|P12|P13|P14|P15,0.773466,19,P0,P11,P15,P5,P12,P15,P7,P13,P15,P8,P14,P15,P9,P14,P0,P11,P15,P5,P12,P15
grating,180,2.80,P0|P5|P7|P8|P9|P11|P12|P13|P14|P15,0.773466,0,P14,P9,P15,P14,P8,P15,P13,P7,P15,P12,P5,P15,P11,P0,P14,P9,P15,P14,P8,P15
grating,180,2.80,P0|P5|P7|P8|P9|P11|P12|P13|P14|P15,0.773466,1,P14,P9,P15,P14,P8,P15,P13,P7,P15,P12,P5,P15,P11,P0,P14,P9,P15,P14,P8,P15
grating,180,2.80,P0|P5|P7|P8|P9|P11|P12|P13|P14|P15,0.773466,2,P14,P9,P15,P14,P8,P15,P13,P7,P15,P12,P5,P15,P11,P0,P14,P9,P15,P14,P8,P15
grating,180,2.80,P0|P5|P7|P8|P9|P11|P12|P13|P14|P15,0.773466,3,P14,P9,P15,P14,P8,P15,P13,P7,P15,P12,P5,P15,P11,P0,P14,P9,P15,P14,P8,P15
grating,180,2.80,P0|P5|P7|P8|P9|P11|P12|P13|P14|P15,0.773466,4,P14,P9,P15,P14,P8,P15,P13,P7,P15,P12,P5,P15,P11,P0,P14,P9,P15,P14,P8,P15
grating,180,2.80,P0|P5|P7|P8|P9|P11|P12|P13|P14|P15,0.773466,5,P14,P9,P15,P14,P8,P15,P13,P7,P15,P12,P5,P15,P11,P0,P14,P9,P15,P14,P8,P15
grating,180,2.80,P0|P5|P7|P8|P9|P11|P12|P13|P14|P15,0.773466,6,P14,P9,P15,P14,P8,P15,P13,P7,P15,P12,P5,P15,P11,P0,P14,P9,P15,P14,P8,P15
grating,180,2.80,P0|P5|P7|P8|P9|P11|P12|P13|P14|P15,0.773466,7,P14,P9,P15,P14,P8,P15,P13,P7,P15,P12,P5,P15,P11,P0,P14,P9,P15,P14,P8,P15
grating,180,2.80,P0|P5|P7|P8|P9|P11|P12|P13|P14|P15,0.773466,8,P14,P9,P15,P14,P8,P15,P13,P7,P15,P12,P5,P15,P11,P0,P14,P9,P15,P14,P8,P15
grating,180,2.80,P0|P5|P7|P8|P9|P11|P12|P13|P14|P15,0.773466,9,P14,P9,P15,P14,P8,P15,P13,P7,P15,P12,P5,P15,P11,P0,P14,P9,P15,P14,P8,P15
grating,180,2.80,P0|P5|P7|P8|P9|P11|P12|P13|P14|P15,0.773466,10,P14,P9,P15,P14,P8,P15,P13,P7,P15,P12,P5,P15,P11,P0,P14,P9,P15,P14,P8,P15
grating,180,2.80,P0|P5|P7|P8|P9|P11|P12|P13|P14|P15,0.773466,11,P14,P9,P15,P14,P8,P15,P13,P7,P15,P12,P5,P15,P11,P0,P14,P9,P15,P14,P8,P15
grating,180,2.80,P0|P5|P7|P8|P9|P11|P12|P13|P14|P15,0.773466,12,P14,P9,P15,P14,P8,P15,P13,P7,P15,P12,P5,P15,P11,P0,P14,P9,P15,P14,P8,P15
grating,180,2.80,P0|P5|P7|P8|P9|P11|P12|P13|P14|P15,0.773466,13,P14,P9,P15,P14,P8,P15,P13,P7,P15,P12,P5,P15,P11,P0,P14,P9,P15,P14,P8,P15
grating,180,2.80,P0|P5|P7|P8|P9|P11|P12|P13|P14|P15,0.773466,14,P14,P9,P15,P14,P8,P15,P13,P7,P15,P12,P5,P15,P11,P0,P14,P9,P15,P14,P8,P15
grating,180,2.80,P0|P5|P7|P8|P9|P11|P12|P13|P14|P15,0.773466,15,P14,P9,P15,P14,P8,P15,P13,P7,P15,P12,P5,P15,P11,P0,P14,P9,P15,P14,P8,P15
grating,180,2.80,P0|P5|P7|P8|P9|P11|P12|P13|P14|P15,0.773466,16,P14,P9,P15,P14,P8,P15,P13,P7,P15,P12,P5,P15,P11,P0,P14,P9,P15,P14,P8,P15
grating,180,2.80,P0|P5|P7|P8|P9|P11|P12|P13|P14|P15,0.773466,17,P14,P9,P15,P14,P8,P15,P13,P7,P15,P12,P5,P15,P11,P0,P14,P9,P15,P14,P8,P15
grating,180,2.80,P0|P5|P7|P8|P9|P11|P12|P13|P14|P15,0.773466,18,P14,P9,P15,P14,P8,P15,P13,P7,P15,P12,P5,P15,P11,P0,P14,P9,P15,P14,P8,P15
grating,180,2.80,P0|P5|P7|P8|P9|P11|P12|P13|P14|P15,0.773466,19,P14,P9,P15,P14,P8,P15,P13,P7,P15,P12,P5,P15,P11,P0,P14,P9,P15,P14,P8,P15
grating,0,2.90,P0|P3|P5|P6|P7|P8|P10|P11|P12|P13|P14|P15,0.755422,0,P0,P10,P15,P3,P11,P15,P5,P11,P15,P6,P12,P15,P7,P13,P15,P7,P13,P15,P8,P13
grating,0,2.90,P0|P3|P5|P6|P7|P8|P10|P11|P12|P13|P14|P15,0.755422,1,P0,P10,P15,P3,P11,P15,P5,P11,P15,P6,P12,P15,P7,P13,P15,P7,P13,P15,P8,P13
grating,0,2.90,P0|P3|P5|P6|P7|P8|P10|P11|P12|P13|P14|P15,0.755422,2,P0,P10,P15,P3,P11,P15,P5,P11,P15,P6,P12,P15,P7,P13,P15,P7,P13,P15,P8,P13
grating,0,2.90,P0|P3|P5|P6|P7|P8|P10|P11|P12|P13|P14|P15,0.755422,3,P0,P10,P15,P3,P11,P15,P5,P11,P15,P6,P12,P15,P7,P13,P15,P7,P13,P15,P8,P13
grating,0,2.90,P0|P3|P5|P6|P7|P8|P10|P11|P12|P13|P14|P15,0.755422,4,P0,P10,P15,P3,P11,P15,P5,P11,P15,P6,P12,P15,P7,P13,P15,P7,P13,P15,P8,P13
grating,0,2.90,P0|P3|P5|P6|P7|P8|P10|P11|P12|P13|P14|P15,0.755422,5,P0,P10,P15,P3,P11,P15,P5,P11,P15,P6,P12,P15,P7,P13,P15,P7,P13,P15,P8,P13
grating,0,2.90,P0|P3|P5|P6|P7|P8|P10|P11|P12|P13|P14|P15,0.755422,6,P0,P10,P15,P3,P11,P15,P5,P11,P15,P6,P12,P15,P7,P13,P15,P7,P13,P15,P8,P13
grating,0,2.90,P0|P3|P5|P6|P7|P8|P10|P11|P12|P13|P14|P15,0.755422,7,P0,P10,P15,P3,P11,P15,P5,P11,P15,P6,P12,P15,P7,P13,P15,P7,P13,P15,P8,P13
grating,0,2.90,P0|P3|P5|P6|P7|P8|P10|P11|P12|P13|P14|P15,0.755422,8,P0,P10,P15,P3,P11,P15,P5,P11,P15,P6,P12,P15,P7,P13,P15,P7,P13,P15,P8,P13
grating,0,2.90,P0|P3|P5|P6|P7|P8|P10|P11|P12|P13|P14|P15,0.755422,9,P0,P10,P15,P3,P11,P15,P5,P11,P15,P6,P12,P15,P7,P13,P15,P7,P13,P15,P8,P13
grating,0,2.90,P0|P3|P5|P6|P7|P8|P10|P11|P12|P13|P14|P15,0.755422,10,P0,P10,P15,P3,P11,P15,P5,P11,P15,P6,P12,P15,P7,P13,P15,P7,P13,P15,P8,P13
grating,0,2.90,P0|P3|P5|P6|P7|P8|P10|P11|P12|P13|P14|P15,0.755422,11,P0,P10,P15,P3,P11,P15,P5,P11,P15,P6,P12,P15,P7,P13,P15,P7,P13,P15,P8,P13
grating,0,2.90,P0|P3|P5|P6|P7|P8|P10|P11|P12|P13|P14|P15,0.755422,12,P0,P10,P15,P3,P11,P15,P5,P11,P15,P6,P12,P15,P7,P13,P15,P7,P13,P15,P8,P13
grating,0,2.90,P0|P3|P5|P6|P7|P8|P10|P11|P12|P13|P14|P15,0.755422,13,P0,P10,P15,P3,P11,P15,P5,P11,P15,P6,P12,P15,P7,P13,P15,P7,P13,P15,P8,P13
grating,0,2.90,P0|P3|P5|P6|P7|P8|P10|P11|P12|P13|P14|P15,0.755422,14,P0,P10,P15,P3,P11,P15,P5,P11,P15,P6,P12,P15,P7,P13,P15,P7,P13,P15,P8,P13
grating,0,2.90,P0|P3|P5|P6|P7|P8|P10|P11|P12|P13|P14|P15,0.755422,15,P0,P10,P15,P3,P11,P15,P5,P11,P15,P6,P12,P15,P7,P13,P15,P7,P13,P15,P8,P13
grating,0,2.90,P0|P3|P5|P6|P7|P8|P10|P11|P12|P13|P14|P15,0.755422,16,P0,P10,P15,P3,P11,P15,P5,P11,P15,P6,P12,P15,P7,P13,P15,P7,P13,P15,P8,P13
grating,0,2.90,P0|P3|P5|P6|P7|P8|P10|P11|P12|P13|P14|P15,0.755422,17,P0,P10,P15,P3,P11,P15,P5,P11,P15,P6,P12,P15,P7,P13,P15,P7,P13,P15,P8,P13
grating,0,2.90,P0|P3|P5|P6|P7|P8|P10|P11|P12|P13|P14|P15,0.755422,18,P0,P10,P15,P3,P11,P15,P5,P11,P15,P6,P12,P15,P7,P13,P15,P7,P13,P15,P8,P13
grating,0,2.90,P0|P3|P5|P6|P7|P8|P10|P11|P12|P13|P14|P15,0.755422,19,P0,P10,P15,P3,P11,P15,P5,P11,P15,P6,P12,P15,P7,P13,P15,P7,P13,P15,P8,P13
grating,180,2.90,P0|P3|P5|P6|P7|P8|P10|P11|P12|P13|P14|P15,0.755422,0,P15,P14,P8,P15,P13,P8,P15,P13,P7,P15,P13,P7,P15,P12,P6,P15,P11,P5,P15,P11
grating,180,2.90,P0|P3|P5|P6|P7|P8|P10|P11|P12|P13|P14|P15,0.755422,1,P15,P14,P8,P15,P13,P8,P15,P13,P7,P15,P13,P7,P15,P12,P6,P15,P11,P5,P15,P11
grating,180,2.90,P0|P3|P5|P6|P7|P8|P10|P11|P12|P13|P14|P15,0.755422,2,P15,P14,P8,P15,P13,P8,P15,P13,P7,P15,P13,P7,P15,P12,P6,P15,P11,P5,P15,P11
grating,180,2.90,P0|P3|P5|P6|P7|P8|P10|P11|P12|P13|P14|P15,0.755422,3,P15,P14,P8,P15,P13,P8,P15,P13,P7,P15,P13,P7,P15,P12,P6,P15,P11,P5,P15,P11
grating,180,2.90,P0|P3|P5|P6|P7|P8|P10|P11|P12|P13|P14|P15,0.755422,4,P15,P14,P8,P15,P13,P8,P15,P13,P7,P15,P13,P7,P15,P12,P6,P15,P11,P5,P15,P11
grating,180,2.90,P0|P3|P5|P6|P7|P8|P10|P11|P12|P13|P14|P15,0.755422,5,P15,P14,P8,P15,P13,P8,P15,P13,P7,P15,P13,P7,P15,P12,P6,P15,P11,P5,P15,P11
grating,180,2.90,P0|P3|P5|P6|P7|P8|P10|P11|P12|P13|P14|P15,0.755422,6,P15,P14,P8,P15,P13,P8,P15,P13,P7,P15,P13,P7,P15,P12,P6,P15,P11,P5,P15,P11
grating,180,2.90,P0|P3|P5|P6|P7|P8|P10|P11|P12|P13|P14|P15,0.755422,7,P15,P14,P8,P15,P13,P8,P15,P13,P7,P15,P13,P7,P15,P12,P6,P15,P11,P5,P15,P11
grating,180,2.90,P0|P3|P5|P6|P7|P8|P10|P11|P12|P13|P14|P15,0.755422,8,P15,P14,P8,P15,P13,P8,P15,P13,P7,P15,P13,P7,P15,P12,P6,P15,P11,P5,P15,P11
grating,180,2.90,P0|P3|P5|P6|P7|P8|P10|P11|P12|P13|P14|P15,0.755422,9,P15,P14,P8,P15,P13,P8,P15,P13,P7,P15,P13,P7,P15,P12,P6,P15,P11,P5,P15,P11
grating,180,2.90,P0|P3|P5|P6|P7|P8|P10|P11|P12|P13|P14|P15,0.755422,10,P15,P14,P8,P15,P13,P8,P15,P13,P7,P15,P13,P7,P15,P12,P6,P15,P11,P5,P15,P11
grating,180,2.90,P0|P3|P5|P6|P7|P8|P10|P11|P12|P13|P14|P15,0.755422,11,P15,P14,P8,P15,P13,P8,P15,P13,P7,P15,P13,P7,P15,P12,P6,P15,P11,P5,P15,P11
grating,180,2.90,P0|P3|P5|P6|P7|P8|P10|P11|P12|P13|P14|P15,0.755422,12,P15,P14,P8,P15,P13,P8,P15,P13,P7,P15,P13,P7,P15,P12,P6,P15,P11,P5,P15,P11
grating,180,2.90,P0|P3|P5|P6|P7|P8|P10|P11|P12|P13|P14|P15,0.755422,13,P15,P14,P8,P15,P13,P8,P15,P13,P7,P15,P13,P7,P15,P12,P6,P15,P11,P5,P15,P11
grating,180,2.90,P0|P3|P5|P6|P7|P8|P10|P11|P12|P13|P14|P15,0.755422,14,P15,P14,P8,P15,P13,P8,P15,P13,P7,P15,P13,P7,P15,P12,P6,P15,P11,P5,P15,P11
grating,180,2.90,P0|P3|P5|P6|P7|P8|P10|P11|P12|P13|P14|P15,0.755422,15,P15,P14,P8,P15,P13,P8,P15,P13,P7,P15,P13,P7,P15,P12,P6,P15,P11,P5,P15,P11
grating,180,2.90,P0|P3|P5|P6|P7|P8|P10|P11|P12|P13|P14|P15,0.755422,16,P15,P14,P8,P15,P13,P8,P15,P13,P7,P15,P13,P7,P15,P12,P6,P15,P11,P5,P15,P11
grating,180,2.90,P0|P3|P5|P6|P7|P8|P10|P11|P12|P13|P14|P15,0.755422,17,P15,P14,P8,P15,P13,P8,P15,P13,P7,P15,P13,P7,P15,P12,P6,P15,P11,P5,P15,P11
grating,180,2.90,P0|P3|P5|P6|P7|P8|P10|P11|P12|P13|P14|P15,0.755422,18,P15,P14,P8,P15,P13,P8,P15,P13,P7,P15,P13,P7,P15,P12,P6,P15,P11,P5,P15,P11
grating,180,2.90,P0|P3|P5|P6|P7|P8|P10|P11|P12|P13|P14|P15,0.755422,19,P15,P14,P8,P15,P13,P8,P15,P13,P7,P15,P13,P7,P15,P12,P6,P15,P11,P5,P15,P11
grating,0,3.00,P0|P10|P15,0.909110,0,P0,P10,P15,P0,P10,P15,P0,P10,P15,P0,P10,P15,P0,P10,P15,P0,P10,P15,P0,P10
grating,0,3.00,P0|P10|P15,0.909110,1,P0,P10,P15,P0,P10,P15,P0,P10,P15,P0,P10,P15,P0,P10,P15,P0,P10,P15,P0,P10
grating,0,3.00,P0|P10|P15,0.909110,2,P0,P10,P15,P0,P10,P15,P0,P10,P15,P0,P10,P15,P0,P10,P15,P0,P10,P15,P0,P10
grating,0,3.00,P0|P10|P15,0.909110,3,P0,P10,P15,P0,P10,P15,P0,P10,P15,P0,P10,P15,P0,P10,P15,P0,P10,P15,P0,P10
grating,0,3.00,P0|P10|P15,0.909110,4,P0,P10,P15,P0,P10,P15,P0,P10,P15,P0,P10,P15,P0,P10,P15,P0,P10,P15,P0,P10
grating,0,3.00,P0|P10|P15,0.909110,5,P0,P10,P15,P0,P10,P15,P0,P10,P15,P0,P10,P15,P0,P10,P15,P0,P10,P15,P0,P10
grating,0,3.00,P0|P10|P15,0.909110,6,P0,P10,P15,P0,P10,P15,P0,P10,P15,P0,P10,P15,P0,P10,P15,P0,P10,P15,P0,P10
grating,0,3.00,P0|P10|P15,0.909110,7,P0,P10,P15,P0,P10,P15,P0,P10,P15,P0,P10,P15,P0,P10,P15,P0,P10,P15,P0,P10
grating,0,3.00,P0|P10|P15,0.909110,8,P0,P10,P15,P0,P10,P15,P0,P10,P15,P0,P10,P15,P0,P10,P15,P0,P10,P15,P0,P10
grating,0,3.00,P0|P10|P15,0.909110,9,P0,P10,P15,P0,P10,P15,P0,P10,P15,P0,P10,P15,P0,P10,P15,P0,P10,P15,P0,P10
grating,0,3.00,P0|P10|P15,0.909110,10,P0,P10,P15,P0,P10,P15,P0,P10,P15,P0,P10,P15,P0,P10,P15,P0,P10,P15,P0,P10
grating,0,3.00,P0|P10|P15,0.909110,11,P0,P10,P15,P0,P10,P15,P0,P10,P15,P0,P10,P15,P0,P10,P15,P0,P10,P15,P0,P10
grating,0,3.00,P0|P10|P15,0.909110,12,P0,P10,P15,P0,P10,P15,P0,P10,P15,P0,P10,P15,P0,P10,P15,P0,P10,P15,P0,P10
grating,0,3.00,P0|P10|P15,0.909110,13,P0,P10,P15,P0,P10,P15,P0,P10,P15,P0,P10,P15,P0,P10,P15,P0,P10,P15,P0,P10
grating,0,3.00,P0|P10|P15,0.909110,14,P0,P10,P15,P0,P10,P15,P0,P10,P15,P0,P10,P15,P0,P10,P15,P0,P10,P15,P0,P10
grating,0,3.00,P0|P10|P15,0.909110,15,P0,P10,P15,P0,P10,P15,P0,P10,P15,P0,P10,P15,P0,P10,P15,P0,P10,P15,P0,P10
grating,0,3.00,P0|P10|P15,0.909110,16,P0,P10,P15,P0,P10,P15,P0,P10,P15,P0,P10,P15,P0,P10,P15,P0,P10,P15,P0,P10
grating,0,3.00,P0|P10|P15,0.909110,17,P0,P10,P15,P0,P10,P15,P0,P10,P15,P0,P10,P15,P0,P10,P15,P0,P10,P15,P0,P10
grating,0,3.00,P0|P10|P15,0.909110,18,P0,P10,P15,P0,P10,P15,P0,P10,P15,P0,P10,P15,P0,P10,P15,P0,P10,P15,P0,P10
grating,0,3.00,P0|P10|P15,0.909110,19,P0,P10,P15,P0,P10,P15,P0,P10,P15,P0,P10,P15,P0,P10,P15,P0,P10,P15,P0,P10
grating,180,3.00,P0|P10|P15,0.909110,0,P10,P0,P15,P10,P0,P15,P10,P0,P15,P10,P0,P15,P10,P0,P15,P10,P0,P15,P10,P0
grating,180,3.00,P0|P10|P15,0.909110,1,P10,P0,P15,P10,P0,P15,P10,P0,P15,P10,P0,P15,P10,P0,P15,P10,P0,P15,P10,P0
grating,180,3.00,P0|P10|P15,0.909110,2,P10,P0,P15,P10,P0,P15,P10,P0,P15,P10,P0,P15,P10,P0,P15,P10,P0,P15,P10,P0
grating,180,3.00,P0|P10|P15,0.909110,3,P10,P0,P15,P10,P0,P15,P10,P0,P15,P10,P0,P15,P10,P0,P15,P10,P0,P15,P10,P0
grating,180,3.00,P0|P10|P15,0.909110,4,P10,P0,P15,P10,P0,P15,P10,P0,P15,P10,P0,P15,P10,P0,P15,P10,P0,P15,P10,P0
grating,180,3.00,P0|P10|P15,0.909110,5,P10,P0,P15,P10,P0,P15,P10,P0,P15,P10,P0,P15,P10,P0,P15,P10,P0,P15,P10,P0
grating,180,3.00,P0|P10|P15,0.909110,6,P10,P0,P15,P10,P0,P15,P10,P0,P15,P10,P0,P15,P10,P0,P15,P10,P0,P15,P10,P0
grating,180,3.00,P0|P10|P15,0.909110,7,P10,P0,P15,P10,P0,P15,P10,P0,P15,P10,P0,P15,P10,P0,P15,P10,P0,P15,P10,P0
grating,180,3.00,P0|P10|P15,0.909110,8,P10,P0,P15,P10,P0,P15,P10,P0,P15,P10,P0,P15,P10,P0,P15,P10,P0,P15,P10,P0
grating,180,3.00,P0|P10|P15,0.909110,9,P10,P0,P15,P10,P0,P15,P10,P0,P15,P10,P0,P15,P10,P0,P15,P10,P0,P15,P10,P0
grating,180,3.00,P0|P10|P15,0.909110,10,P10,P0,P15,P10,P0,P15,P10,P0,P15,P10,P0,P15,P10,P0,P15,P10,P0,P15,P10,P0
grating,180,3.00,P0|P10|P15,0.909110,11,P10,P0,P15,P10,P0,P15,P10,P0,P15,P10,P0,P15,P10,P0,P15,P10,P0,P15,P10,P0
grating,180,3.00,P0|P10|P15,0.909110,12,P10,P0,P15,P10,P0,P15,P10,P0,P15,P10,P0,P15,P10,P0,P15,P10,P0,P15,P10,P0
grating,180,3.00,P0|P10|P15,0.909110,13,P10,P0,P15,P10,P0,P15,P10,P0,P15,P10,P0,P15,P10,P0,P15,P10,P0,P15,P10,P0
grating,180,3.00,P0|P10|P15,0.909110,14,P10,P0,P15,P10,P0,P15,P10,P0,P15,P10,P0,P15,P10,P0,P15,P10,P0,P15,P10,P0
grating,180,3.00,P0|P10|P15,0.909110,15,P10,P0,P15,P10,P0,P15,P10,P0,P15,P10,P0,P15,P10,P0,P15,P10,P0,P15,P10,P0
grating,180,3.00,P0|P10|P15,0.909110,16,P10,P0,P15,P10,P0,P15,P10,P0,P15,P10,P0,P15,P10,P0,P15,P10,P0,P15,P10,P0
grating,180,3.00,P0|P10|P15,0.909110,17,P10,P0,P15,P10,P0,P15,P10,P0,P15,P10,P0,P15,P10,P0,P15,P10,P0,P15,P10,P0
grating,180,3.00,P0|P10|P15,0.909110,18,P10,P0,P15,P10,P0,P15,P10,P0,P15,P10,P0,P15,P10,P0,P15,P10,P0,P15,P10,P0
grating,180,3.00,P0|P10|P15,0.909110,19,P10,P0,P15,P10,P0,P15,P10,P0,P15,P10,P0,P15,P10,P0,P15,P10,P0,P15,P10,P0
grating,45,1.00,P0|P1|P2|P3|P4|P5|P6|P7|P8|P9|P10|P11|P12|P13|P14|P15,0.743825,0,P0,P15,P11,P7,P15,P13,P8,P15,P14,P11,P5,P15,P13,P7,P15,P14,P10,P1,P15,P12
grating,45,1.00,P0|P1|P2|P3|P4|P5|P6|P7|P8|P9|P10|P11|P12|P13|P14|P15,0.743825,1,P9,P0,P15,P11,P7,P15,P13,P8,P15,P14,P11,P5,P15,P13,P7,P15,P14,P10,P1,P15
grating,45,1.00,P0|P1|P2|P3|P4|P5|P6|P7|P8|P9|P10|P11|P12|P13|P14|P15,0.743825,2,P14,P9,P0,P15,P11,P7,P15,P13,P8,P15,P14,P11,P5,P15,P13,P7,P15,P14,P10,P1
grating,45,1.00,P0|P1|P2|P3|P4|P5|P6|P7|P8|P9|P10|P11|P12|P13|P14|P15,0.743825,3,P15,P14,P9,P0,P15,P11,P7,P15,P13,P8,P15,P14,P11,P5,P15,P13,P7,P15,P14,P10
grating,45,1.00,P0|P1|P2|P3|P4|P5|P6|P7|P8|P9|P10|P11|P12|P13|P14|P15,0.743825,4,P7,P15,P14,P9,P0,P15,P11,P7,P15,P13,P8,P15,P14,P11,P5,P15,P13,P7,P15,P14
grating,45,1.00,P0|P1|P2|P3|P4|P5|P6|P7|P8|P9|P10|P11|P12|P13|P14|P15,0.743825,5,P12,P7,P15,P14,P9,P0,P15,P11,P7,P15,P13,P8,P15,P14,P11,P5,P15,P13,P7,P15
grating,45,1.00,P0|P1|P2|P3|P4|P5|P6|P7|P8|P9|P10|P11|P12|P13|P14|P15,0.743825,6,P15,P12,P7,P15,P14,P9,P0,P15,P11,P7,P15,P13,P8,P15,P14,P11,P5,P15,P13,P7
grating,45,1.00,P0|P1|P2|P3|P4|P5|P6|P7|P8|P9|P10|P11|P12|P13|P14|P15,0.743825,7,P4,P15,P12,P7,P15,P14,P9,P0,P15,P11,P7,P15,P13,P8,P15,P14,P11,P5,P15,P13
grating,45,1.00,P0|P1|P2|P3|P4|P5|P6|P7|P8|P9|P10|P11|P12|P13|P14|P15,0.743825,8,P10,P4,P15,P12,P7,P15,P14,P9,P0,P15,P11,P7,P15,P13,P8,P15,P14,P11,P5,P15
grating,45,1.00,P0|P1|P2|P3|P4|P5|P6|P7|P8|P9|P10|P11|P12|P13|P14|P15,0.743825,9,P14,P10,P4,P15,P12,P7,P15,P14,P9,P0,P15,P11,P7,P15,P13,P8,P15,P14,P11,P5
grating,45,1.00,P0|P1|P2|P3|P4|P5|P6|P7|P8|P9|P10|P11|P12|P13|P14|P15,0.743825,10,P15,P14,P10,P4,P15,P12,P7,P15,P14,P9,P0,P15,P11,P7,P15,P13,P8,P15,P14,P11
grating,45,1.00,P0|P1|P2|P3|P4|P5|P6|P7|P8|P9|P10|P11|P12|P13|P14|P15,0.743825,11,P8,P15,P14,P10,P4,P15,P12,P7,P15,P14,P9,P0,P15,P11,P7,P15,P13,P8,P15,P14
grating,45,1.00,P0|P1|P2|P3|P4|P5|P6|P7|P8|P9|P10|P11|P12|P13|P14|P15,0.743825,12,P13,P8,P15,P14,P10,P4,P15,P12,P7,P15,P14,P9,P0,P15,P11,P7,P15,P13,P8,P15
grating,45,1.00,P0|P1|P2|P3|P4|P5|P6|P7|P8|P9|P10|P11|P12|P13|P14|P15,0.743825,13,P15,P13,P8,P15,P14,P10,P4,P15,P12,P7,P15,P14,P9,P0,P15,P11,P7,P15,P13,P8
grating,45,1.00,P0|P1|P2|P3|P4|P5|P6|P7|P8|P9|P10|P11|P12|P13|P14|P15,0.743825,14,P6,P15,P13,P8,P15,P14,P10,P4,P15,P12,P7,P15,P14,P9,P0,P15,P11,P7,P15,P13
grating,45,1.00,P0|P1|P2|P3|P4|P5|P6|P7|P8|P9|P10|P11|P12|P13|P14|P15,0.743825,15,P11,P6,P15,P13,P8,P15,P14,P10,P4,P15,P12,P7,P15,P14,P9,P0,P15,P11,P7,P15
grating,45,1.00,P0|P1|P2|P3|P4|P5|P6|P7|P8|P9|P10|P11|P12|P13|P14|P15,0.743825,16,P15,P11,P6,P15,P13,P8,P15,P14,P10,P4,P15,P12,P7,P15,P14,P9,P0,P15,P11,P7
grating,45,1.00,P0|P1|P2|P3|P4|P5|P6|P7|P8|P9|P10|P11|P12|P13|P14|P15,0.743825,17,P15,P15,P11,P6,P15,P13,P8,P15,P14,P10,P4,P15,P12,P7,P15,P14,P9,P0,P15,P11
grating,45,1.00,P0|P1|P2|P3|P4|P5|P6|P7|P8|P9|P10|P11|P12|P13|P14|P15,0.743825,18,P8,P15,P15,P11,P6,P15,P13,P8,P15,P14,P10,P4,P15,P12,P7,P15,P14,P9,P0,P15
grating,45,1.00,P0|P1|P2|P3|P4|P5|P6|P7|P8|P9|P10|P11|P12|P13|P14|P15,0.743825,19,P14,P8,P15,P15,P11,P6,P15,P13,P8,P15,P14,P10,P4,P15,P12,P7,P15,P14,P9,P0
grating,225,1.00,P0|P1|P2|P3|P4|P5|P6|P7|P8|P9|P10|P11|P12|P13|P14|P15,0.743825,0,P14,P15,P7,P12,P15,P2,P10,P14,P15,P7,P13,P15,P6,P11,P15,P15,P8,P13,P15,P7
grating,225,1.00,P0|P1|P2|P3|P4|P5|P6|P7|P8|P9|P10|P11|P12|P13|P14|P15,0.743825,1,P8,P14,P15,P7,P12,P15,P2,P10,P14,P15,P7,P13,P15,P6,P11,P15,P15,P8,P13,P15
grating,225,1.00,P0|P1|P2|P3|P4|P5|P6|P7|P8|P9|P10|P11|P12|P13|P14|P15,0.743825,2,P15,P8,P14,P15,P7,P12,P15,P2,P10,P14,P15,P7,P13,P15,P6,P11,P15,P15,P8,P13
grating,225,1.00,P0|P1|P2|P3|P4|P5|P6|P7|P8|P9|P10|P11|P12|P13|P14|P15,0.743825,3,P15,P15,P8,P14,P15,P7,P12,P15,P2,P10,P14,P15,P7,P13,P15,P6,P11,P15,P15,P8
grating,225,1.00,P0|P1|P2|P3|P4|P5|P6|P7|P8|P9|P10|P11|P12|P13|P14|P15,0.743825,4,P11,P15,P15,P8,P14,P15,P7,P12,P15,P2,P10,P14,P15,P7,P13,P15,P6,P11,P15,P15
grating,225,1.00,P0|P1|P2|P3|P4|P5|P6|P7|P8|P9|P10|P11|P12|P13|P14|P15,0.743825,5,P6,P11,P15,P15,P8,P14,P15,P7,P12,P15,P2,P10,P14,P15,P7,P13,P15,P6,P11,P15
grating,225,1.00,P0|P1|P2|P3|P4|P5|P6|P7|P8|P9|P10|P11|P12|P13|P14|P15,0.743825,6,P15,P6,P11,P15,P15,P8,P14,P15,P7,P12,P15,P2,P10,P14,P15,P7,P13,P15,P6,P11
grating,225,1.00,P0|P1|P2|P3|P4|P5|P6|P7|P8|P9|P10|P11|P12|P13|P14|P15,0.743825,7,P13,P15,P6,P11,P15,P15,P8,P14,P15,P7,P12,P15,P2,P10,P14,P15,P7,P13,P15,P6
grating,225,1.00,P0|P1|P2|P3|P4|P5|P6|P7|P8|P9|P10|P11|P12|P13|P14|P15,0.743825,8,P8,P13,P15,P6,P11,P15,P15,P8,P14,P15,P7,P12,P15,P2,P10,P14,P15,P7,P13,P15
grating,225,1.00,P0|P1|P2|P3|P4|P5|P6|P7|P8|P9|P10|P11|P12|P13|P14|P15,0.743825,9,P15,P8,P13,P15,P6,P11,P15,P15,P8,P14,P15,P7,P12,P15,P2,P10,P14,P15,P7,P13
grating,225,1.00,P0|P1|P2|P3|P4|P5|P6|P7|P8|P9|P10|P11|P12|P13|P14|P15,0.743825,10,P14,P15,P8,P13,P15,P6,P11,P15,P15,P8,P14,P15,P7,P12,P15,P2,P10,P14,P15,P7
grating,225,1.00,P0|P1|P2|P3|P4|P5|P6|P7|P8|P9|P10|P11|P12|P13|P14|P15,0.743825,11,P10,P14,P15,P8,P13,P15,P6,P11,P15,P15,P8,P14,P15,P7,P12,P15,P2,P10,P14,P15
grating,225,1.00,P0|P1|P2|P3|P4|P5|P6|P7|P8|P9|P10|P11|P12|P13|P14|P15,0.743825,12,P4,P10,P14,P15,P8,P13,P15,P6,P11,P15,P15,P8,P14,P15,P7,P12,P15,P2,P10,P14
grating,225,1.00,P0|P1|P2|P3|P4|P5|P6|P7|P8|P9|P10|P11|P12|P13|P14|P15,0.743825,13,P15,P4,P10,P14,P15,P8,P13,P15,P6,P11,P15,P15,P8,P14,P15,P7,P12,P15,P2,P10
grating,225,1.00,P0|P1|P2|P3|P4|P5|P6|P7|P8|P9|P10|P11|P12|P13|P14|P15,0.743825,14,P12,P15,P4,P10,P14,P15,P8,P13,P15,P6,P11,P15,P15,P8,P14,P15,P7,P12,P15,P2
grating,225,1.00,P0|P1|P2|P3|P4|P5|P6|P7|P8|P9|P10|P11|P12|P13|P14|P15,0.743825,15,P7,P12,P15,P4,P10,P14,P15,P8,P13,P15,P6,P11,P15,P15,P8,P14,P15,P7,P12,P15
grating,225,1.00,P0|P1|P2|P3|P4|P5|P6|P7|P8|P9|P10|P11|P12|P13|P14|P15,0.743825,16,P15,P7,P12,P15,P4,P10,P14,P15,P8,P13,P15,P6,P11,P15,P15,P8,P14,P15,P7,P12
grating,225,1.00,P0|P1|P2|P3|P4|P5|P6|P7|P8|P9|P10|P11|P12|P13|P14|P15,0.743825,17,P14,P15,P7,P12,P15,P4,P10,P14,P15,P8,P13,P15,P6,P11,P15,P15,P8,P14,P15,P7
grating,225,1.00,P0|P1|P2|P3|P4|P5|P6|P7|P8|P9|P10|P11|P12|P13|P14|P15,0.743825,18,P9,P14,P15,P7,P12,P15,P4,P10,P14,P15,P8,P13,P15,P6,P11,P15,P15,P8,P14,P15
grating,225,1.00,P0|P1|P2|P3|P4|P5|P6|P7|P8|P9|P10|P11|P12|P13|P14|P15,0.743825,19,P0,P9,P14,P15,P7,P12,P15,P4,P10,P14,P15,P8,P13,P15,P6,P11,P15,P15,P8,P14
grating,45,1.10,P0|P1|P2|P3|P4|P5|P6|P7|P8|P9|P10|P11|P12|P13|P14|P15,0.735642,0,P0,P14,P9,P15,P14,P8,P15,P13,P7,P15,P12,P5,P15,P11,P15,P14,P9,P15,P14,P8
grating,45,1.10,P0|P1|P2|P3|P4|P5|P6|P7|P8|P9|P10|P11|P12|P13|P14|P15,0.735642,1,P11,P0,P14,P9,P15,P14,P8,P15,P13,P7,P15,P12,P5,P15,P11,P15,P14,P9,P15,P14
grating,45,1.10,P0|P1|P2|P3|P4|P5|P6|P7|P8|P9|P10|P11|P12|P13|P14|P15,0.735642,2,P15,P11,P0,P14,P9,P15,P14,P8,P15,P13,P7,P15,P12,P5,P15,P11,P15,P14,P9,P15
grating,45,1.10,P0|P1|P2|P3|P4|P5|P6|P7|P8|P9|P10|P11|P12|P13|P14|P15,0.735642,3,P5,P15,P11,P0,P14,P9,P15,P14,P8,P15,P13,P7,P15,P12,P5,P15,P11,P15,P14,P9
grating,45,1.10,P0|P1|P2|P3|P4|P5|P6|P7|P8|P9|P10|P11|P12|P13|P14|P15,0.735642,4,P12,P5,P15,P11,P0,P14,P9,P15,P14,P8,P15,P13,P7,P15,P12,P5,P15,P11,P15,P14
grating,45,1.10,P0|P1|P2|P3|P4|P5|P6|P7|P8|P9|P10|P11|P12|P13|P14|P15,0.735642,5,P15,P12,P5,P15,P11,P0,P14,P9,P15,P14,P8,P15,P13,P7,P15,P12,P5,P15,P11,P15
grating,45,1.10,P0|P1|P2|P3|P4|P5|P6|P7|P8|P9|P10|P11|P12|P13|P14|P15,0.735642,6,P7,P15,P12,P5,P15,P11,P0,P14,P9,P15,P14,P8,P15,P13,P7,P15,P12,P5,P15,P11
grating,45,1.10,P0|P1|P2|P3|P4|P5|P6|P7|P8|P9|P10|P11|P12|P13|P14|P15,0.735642,7,P13,P7,P15,P12,P5,P15,P11,P0,P14,P9,P15,P14,P8,P15,P13,P7,P15,P12,P5,P15
grating,45,1.10,P0|P1|P2|P3|P4|P5|P6|P7|P8|P9|P10|P11|P12|P13|P14|P15,0.735642,8,P15,P13,P7,P15,P12,P5,P15,P11,P0,P14,P9,P15,P14,P8,P15,P13,P7,P15,P12,P5
grating,45,1.10,P0|P1|P2|P3|P4|P5|P6|P7|P8|P9|P10|P11|P12|P13|P14|P15,0.735642,9,P8,P15,P13,P7,P15,P12,P5,P15,P11,P0,P14,P9,P15,P14,P8,P15,P13,P7,P15,P12
grating,45,1.10,P0|P1|P2|P3|P4|P5|P6|P7|P8|P9|P10|P11|P12|P13|P14|P15,0.735642,10,P14,P8,P15,P13,P7,P15,P12,P5,P15,P11,P0,P14,P9,P15,P14,P8,P15,P13,P7,P15
grating,45,1.10,P0|P1|P2|P3|P4|P5|P6|P7|P8|P9|P10|P11|P12|P13|P14|P15,0.735642,11,P15,P14,P8,P15,P13,P7,P15,P12,P5,P15,P11,P0,P14,P9,P15,P14,P8,P15,P13,P7
grating,45,1.10,P0|P1|P2|P3|P4|P5|P6|P7|P8|P9|P10|P11|P12|P13|P14|P15,0.735642,12,P9,P15,P14,P8,P15,P13,P7,P15,P12,P5,P15,P11,P0,P14,P9,P15,P14,P8,P15,P13
grating,45,1.10,P0|P1|P2|P3|P4|P5|P6|P7|P8|P9|P10|P11|P12|P13|P14|P15,0.735642,13,P14,P9,P15,P14,P8,P15,P13,P7,P15,P12,P5,P15,P11,P0,P14,P9,P15,P14,P8,P15
grating,45,1.10,P0|P1|P2|P3|P4|P5|P6|P7|P8|P9|P10|P11|P12|P13|P14|P15,0.735642,14,P0,P14,P9,P15,P14,P8,P15,P13,P7,P15,P12,P5,P15,P11,P0,P14,P9,P15,P14,P8
grating,45,1.10,P0|P1|P2|P3|P4|P5|P6|P7|P8|P9|P10|P11|P12|P13|P14|P15,0.735642,15,P11,P0,P14,P9,P15,P14,P8,P15,P13,P7,P15,P12,P5,P15,P11,P0,P14,P9,P15,P14
grating,45,1.10,P0|P1|P2|P3|P4|P5|P6|P7|P8|P9|P10|P11|P12|P13|P14|P15,0.735642,16,P15,P11,P0,P14,P9,P15,P14,P8,P15,P13,P7,P15,P12,P5,P15,P11,P0,P14,P9,P15
grating,45,1.10,P0|P1|P2|P3|P4|P5|P6|P7|P8|P9|P10|P11|P12|P13|P14|P15,0.735642,17,P5,P15,P11,P0,P14,P9,P15,P14,P8,P15,P13,P7,P15,P12,P5,P15,P11,P0,P14,P9
grating,45,1.10,P0|P1|P2|P3|P4|P5|P6|P7|P8|P9|P10|P11|P12|P13|P14|P15,0.735642,18,P12,P5,P15,P11,P0,P14,P9,P15,P14,P8,P15,P13,P7,P15,P12,P5,P15,P11,P0,P14
grating,45,1.10,P0|P1|P2|P3|P4|P5|P6|P7|P8|P9|P10|P11|P12|P13|P14|P15,0.735642,19,P15,P12,P5,P15,P11,P0,P14,P9,P15,P14,P8,P15,P13,P7,P15,P12,P5,P15,P11,P0
grating,225,1.10,P0|P1|P2|P3|P4|P5|P6|P7|P8|P9|P10|P11|P12|P13|P14|P15,0.735642,0,P15,P4,P11,P15,P7,P12,P15,P7,P13,P15,P8,P14,P15,P10,P15,P4,P11,P15,P7,P12
grating,225,1.10,P0|P1|P2|P3|P4|P5|P6|P7|P8|P9|P10|P11|P12|P13|P14|P15,0.735642,1,P10,P15,P4,P11,P15,P7,P12,P15,P7,P13,P15,P8,P14,P15,P10,P15,P4,P11,P15,P7
grating,225,1.10,P0|P1|P2|P3|P4|P5|P6|P7|P8|P9|P10|P11|P12|P13|P14|P15,0.735642,2,P15,P10,P15,P4,P11,P15,P7,P12,P15,P7,P13,P15,P8,P14,P15,P10,P15,P4,P11,P15
grating,225,1.10,P0|P1|P2|P3|P4|P5|P6|P7|P8|P9|P10|P11|P12|P13|P14|P15,0.735642,3,P14,P15,P10,P15,P4,P11,P15,P7,P12,P15,P7,P13,P15,P8,P14,P15,P10,P15,P4,P11
grating,225,1.10,P0|P1|P2|P3|P4|P5|P6|P7|P8|P9|P10|P11|P12|P13|P14|P15,0.735642,4,P8,P14,P15,P10,P15,P4,P11,P15,P7,P12,P15,P7,P13,P15,P8,P14,P15,P10,P15,P4
grating,225,1.10,P0|P1|P2|P3|P4|P5|P6|P7|P8|P9|P10|P11|P12|P13|P14|P15,0.735642,5,P15,P8,P14,P15,P10,P15,P4,P11,P15,P7,P12,P15,P7,P13,P15,P8,P14,P15,P10,P15
grating,225,1.10,P0|P1|P2|P3|P4|P5|P6|P7|P8|P9|P10|P11|P12|P13|P14|P15,0.735642,6,P13,P15,P8,P14,P15,P10,P15,P4,P11,P15,P7,P12,P15,P7,P13,P15,P8,P14,P15,P10
grating,225,1.10,P0|P1|P2|P3|P4|P5|P6|P7|P8|P9|P10|P11|P12|P13|P14|P15,0.735642,7,P7,P13,P15,P8,P14,P15,P10,P15,P4,P11,P15,P7,P12,P15,P7,P13,P15,P8,P14,P15
grating,225,1.10,P0|P1|P2|P3|P4|P5|P6|P7|P8|P9|P10|P11|P12|P13|P14|P15,0.735642,8,P15,P7,P13,P15,P8,P14,P15,P10,P15,P4,P11,P15,P7,P12,P15,P7,P13,P15,P8,P14
grating,225,1.10,P0|P1|P2|P3|P4|P5|P6|P7|P8|P9|P10|P11|P12|P13|P14|P15,0.735642,9,P12,P15,P7,P13,P15,P8,P14,P15,P10,P15,P4,P11,P15,P7,P12,P15,P7,P13,P15,P8
grating,225,1.10,P0|P1|P2|P3|P4|P5|P6|P7|P8|P9|P10|P11|P12|P13|P14|P15,0.735642,10,P7,P12,P15,P7,P13,P15,P8,P14,P15,P10,P15,P4,P11,P15,P7,P12,P15,P7,P13,P15
grating,225,1.10,P0|P1|P2|P3|P4|P5|P6|P7|P8|P9|P10|P11|P12|P13|P14|P15,0.735642,11,P15,P7,P12,P15,P7,P13,P15,P8,P14,P15,P10,P15,P4,P11,P15,P7,P12,P15,P7,P13
grating,225,1.10,P0|P1|P2|P3|P4|P5|P6|P7|P8|P9|P10|P11|P12|P13|P14|P15,0.735642,12,P11,P15,P7,P12,P15,P7,P13,P15,P8,P14,P15,P10,P15,P4,P11,P15,P7,P12,P15,P7
grating,225,1.10,P0|P1|P2|P3|P4|P5|P6|P7|P8|P9|P10|P11|P12|P13|P14|P15,0.735642,13,P4,P11,P15,P7,P12,P15,P7,P13,P15,P8,P14,P15,P10,P15,P4,P11,P15,P7,P12,P15
grating,225,1.10,P0|P1|P2|P3|P4|P5|P6|P7|P8|P9|P10|P11|P12|P13|P14|P15,0.735642,14,P15,P4,P11,P15,P7,P12,P15,P7,P13,P15,P8,P14,P15,P10,P15,P4,P11,P15,P7,P12
grating,225,1.10,P0|P1|P2|P3|P4|P5|P6|P7|P8|P9|P10|P11|P12|P13|P14|P15,0.735642,15,P10,P15,P4,P11,P15,P7,P12,P15,P7,P13,P15,P8,P14,P15,P10,P15,P4,P11,P15,P7
grating,225,1.10,P0|P1|P2|P3|P4|P5|P6|P7|P8|P9|P10|P11|P12|P13|P14|P15,0.735642,16,P15,P10,P15,P4,P11,P15,P7,P12,P15,P7,P13,P15,P8,P14,P15,P10,P15,P4,P11,P15
grating,225,1.10,P0|P1|P2|P3|P4|P5|P6|P7|P8|P9|P10|P11|P12|P13|P14|P15,0.735642,17,P14,P15,P10,P15,P4,P11,P15,P7,P12,P15,P7,P13,P15,P8,P14,P15,P10,P15,P4,P11
grating,225,1.10,P0|P1|P2|P3|P4|P5|P6|P7|P8|P9|P10|P11|P12|P13|P14|P15,0.735642,18,P8,P14,P15,P10,P15,P4,P11,P15,P7,P12,P15,P7,P13,P15,P8,P14,P15,P10,P15,P4
grating,225,1.10,P0|P1|P2|P3|P4|P5|P6|P7|P8|P9|P10|P11|P12|P13|P14|P15,0.735642,19,P15,P8,P14,P15,P10,P15,P4,P11,P15,P7,P12,P15,P7,P13,P15,P8,P14,P15,P10,P15
grating,45,1.20,P0|P1|P2|P3|P4|P5|P6|P7|P8|P9|P10|P11|P12|P13|P14|P15,0.743841,0,P0,P14,P7,P15,P11,P15,P13,P7,P15,P9,P15,P12,P5,P15,P8,P15,P12,P1,P14,P7
grating,45,1.20,P0|P1|P2|P3|P4|P5|P6|P7|P8|P9|P10|P11|P12|P13|P14|P15,0.743841,1,P11,P0,P14,P7,P15,P11,P15,P13,P7,P15,P9,P15,P12,P5,P15,P8,P15,P12,P1,P14
grating,45,1.20,P0|P1|P2|P3|P4|P5|P6|P7|P8|P9|P10|P11|P12|P13|P14|P15,0.743841,2,P15,P11,P0,P14,P7,P15,P11,P15,P13,P7,P15,P9,P15,P12,P5,P15,P8,P15,P12,P1
grating,45,1.20,P0|P1|P2|P3|P4|P5|P6|P7|P8|P9|P10|P11|P12|P13|P14|P15,0.743841,3,P8,P15,P11,P0,P14,P7,P15,P11,P15,P13,P7,P15,P9,P15,P12,P5,P15,P8,P15,P12
grating,45,1.20,P0|P1|P2|P3|P4|P5|P6|P7|P8|P9|P10|P11|P12|P13|P14|P15,0.743841,4,P14,P8,P15,P11,P0,P14,P7,P15,P11,P15,P13,P7,P15,P9,P15,P12,P5,P15,P8,P15
grating,45,1.20,P0|P1|P2|P3|P4|P5|P6|P7|P8|P9|P10|P11|P12|P13|P14|P15,0.743841,5,P4,P14,P8,P15,P11,P0,P14,P7,P15,P11,P15,P13,P7,P15,P9,P15,P12,P5,P15,P8
grating,45,1.20,P0|P1|P2|P3|P4|P5|P6|P7|P8|P9|P10|P11|P12|P13|P14|P15,0.743841,6,P12,P4,P14,P8,P15,P11,P0,P14,P7,P15,P11,P15,P13,P7,P15,P9,P15,P12,P5,P15
grating,45,1.20,P0|P1|P2|P3|P4|P5|P6|P7|P8|P9|P10|P11|P12|P13|P14|P15,0.743841,7,P15,P12,P4,P14,P8,P15,P11,P0,P14,P7,P15,P11,P15,P13,P7,P15,P9,P15,P12,P5
grating,45,1.20,P0|P1|P2|P3|P4|P5|P6|P7|P8|P9|P10|P11|P12|P13|P14|P15,0.743841,8,P9,P15,P12,P4,P14,P8,P15,P11,P0,P14,P7,P15,P11,P15,P13,P7,P15,P9,P15,P12
grating,45,1.20,P0|P1|P2|P3|P4|P5|P6|P7|P8|P9|P10|P11|P12|P13|P14|P15,0.743841,9,P15,P9,P15,P12,P4,P14,P8,P15,P11,P0,P14,P7,P15,P11,P15,P13,P7,P15,P9,P15
grating,45,1.20,P0|P1|P2|P3|P4|P5|P6|P7|P8|P9|P10|P11|P12|P13|P14|P15,0.743841,10,P6,P15,P9,P15,P12,P4,P14,P8,P15,P11,P0,P14,P7,P15,P11,P15,P13,P7,P15,P9
grating,45,1.20,P0|P1|P2|P3|P4|P5|P6|P7|P8|P9|P10|P11|P12|P13|P14|P15,0.743841,11,P13,P6,P15,P9,P15,P12,P4,P14,P8,P15,P11,P0,P14,P7,P15,P11,P15,P13,P7,P15
grating,45,1.20,P0|P1|P2|P3|P4|P5|P6|P7|P8|P9|P10|P11|P12|P13|P14|P15,0.743841,12,P15,P13,P6,P15,P9,P15,P12,P4,P14,P8,P15,P11,P0,P14,P7,P15,P11,P15,P13,P7
grating,45,1.20,P0|P1|P2|P3|P4|P5|P6|P7|P8|P9|P10|P11|P12|P13|P14|P15,0.743841,13,P10,P15,P13,P6,P15,P9,P15,P12,P4,P14,P8,P15,P11,P0,P14,P7,P15,P11,P15,P13
grating,45,1.20,P0|P1|P2|P3|P4|P5|P6|P7|P8|P9|P10|P11|P12|P13|P14|P15,0.743841,14,P15,P10,P15,P13,P6,P15,P9,P15,P12,P4,P14,P8,P15,P11,P0,P14,P7,P15,P11,P15
grating,45,1.20,P0|P1|P2|P3|P4|P5|P6|P7|P8|P9|P10|P11|P12|P13|P14|P15,0.743841,15,P7,P15,P10,P15,P13,P6,P15,P9,P15,P12,P4,P14,P8,P15,P11,P0,P14,P7,P15,P11
grating,45,1.20,P0|P1|P2|P3|P4|P5|P6|P7|P8|P9|P10|P11|P12|P13|P14|P15,0.743841,16,P14,P7,P15,P10,P15,P13,P6,P15,P9,P15,P12,P4,P14,P8,P15,P11,P0,P14,P7,P15
grating,45,1.20,P0|P1|P2|P3|P4|P5|P6|P7|P8|P9|P10|P11|P12|P13|P14|P15,0.743841,17,P15,P14,P7,P15,P10,P15,P13,P6,P15,P9,P15,P12,P4,P14,P8,P15,P11,P0,P14,P7
grating,45,1.20,P0|P1|P2|P3|P4|P5|P6|P7|P8|P9|P10|P11|P12|P13|P14|P15,0.743841,18,P11,P15,P14,P7,P15,P10,P15,P13,P6,P15,P9,P15,P12,P4,P14,P8,P15,P11,P0,P14
grating,45,1.20,P0|P1|P2|P3|P4|P5|P6|P7|P8|P9|P10|P11|P12|P13|P14|P15,0.743841,19,P15,P11,P15,P14,P7,P15,P10,P15,P13,P6,P15,P9,P15,P12,P4,P14,P8,P15,P11,P0
grating,225,1.20,P0|P1|P2|P3|P4|P5|P6|P7|P8|P9|P10|P11|P12|P13|P14|P15,0.743841,0,P15,P8,P14,P3,P12,P15,P8,P15,P6,P13,P15,P10,P15,P7,P13,P15,P11,P15,P7,P14
grating,225,1.20,P0|P1|P2|P3|P4|P5|P6|P7|P8|P9|P10|P11|P12|P13|P14|P15,0.743841,1,P11,P15,P8,P14,P3,P12,P15,P8,P15,P6,P13,P15,P10,P15,P7,P13,P15,P11,P15,P7
grating,225,1.20,P0|P1|P2|P3|P4|P5|P6|P7|P8|P9|P10|P11|P12|P13|P14|P15,0.743841,2,P15,P11,P15,P8,P14,P3,P12,P15,P8,P15,P6,P13,P15,P10,P15,P7,P13,P15,P11,P15
grating,225,1.20,P0|P1|P2|P3|P4|P5|P6|P7|P8|P9|P10|P11|P12|P13|P14|P15,0.743841,3,P14,P15,P11,P15,P8,P14,P3,P12,P15,P8,P15,P6,P13,P15,P10,P15,P7,P13,P15,P11
grating,225,1.20,P0|P1|P2|P3|P4|P5|P6|P7|P8|P9|P10|P11|P12|P13|P14|P15,0.743841,4,P7,P14,P15,P11,P15,P8,P14,P3,P12,P15,P8,P15,P6,P13,P15,P10,P15,P7,P13,P15
grating,225,1.20,P0|P1|P2|P3|P4|P5|P6|P7|P8|P9|P10|P11|P12|P13|P14|P15,0.743841,5,P15,P7,P14,P15,P11,P15,P8,P14,P3,P12,P15,P8,P15,P6,P13,P15,P10,P15,P7,P13
grating,225,1.20,P0|P1|P2|P3|P4|P5|P6|P7|P8|P9|P10|P11|P12|P13|P14|P15,0.743841,6,P10,P15,P7,P14,P15,P11,P15,P8,P14,P3,P12,P15,P8,P15,P6,P13,P15,P10,P15,P7
grating,225,1.20,P0|P1|P2|P3|P4|P5|P6|P7|P8|P9|P10|P11|P12|P13|P14|P15,0.743841,7,P15,P10,P15,P7,P14,P15,P11,P15,P8,P14,P3,P12,P15,P8,P15,P6,P13,P15,P10,P15
grating,225,1.20,P0|P1|P2|P3|P4|P5|P6|P7|P8|P9|P10|P11|P12|P13|P14|P15,0.743841,8,P13,P15,P10,P15,P7,P14,P15,P11,P15,P8,P14,P3,P12,P15,P8,P15,P6,P13,P15,P10
grating,225,1.20,P0|P1|P2|P3|P4|P5|P6|P7|P8|P9|P10|P11|P12|P13|P14|P15,0.743841,9,P6,P13,P15,P10,P15,P7,P14,P15,P11,P15,P8,P14,P3,P12,P15,P8,P15,P6,P13,P15
grating,225,1.20,P0|P1|P2|P3|P4|P5|P6|P7|P8|P9|P10|P11|P12|P13|P14|P15,0.743841,10,P15,P6,P13,P15,P10,P15,P7,P14,P15,P11,P15,P8,P14,P3,P12,P15,P8,P15,P6,P13
grating,225,1.20,P0|P1|P2|P3|P4|P5|P6|P7|P8|P9|P10|P11|P12|P13|P14|P15,0.743841,11,P9,P15,P6,P13,P15,P10,P15,P7,P14,P15,P11,P15,P8,P14,P3,P12,P15,P8,P15,P6
grating,225,1.20,P0|P1|P2|P3|P4|P5|P6|P7|P8|P9|P10|P11|P12|P13|P14|P15,0.743841,12,P15,P9,P15,P6,P13,P15,P10,P15,P7,P14,P15,P11,P15,P8,P14,P3,P12,P15,P8,P15
grating,225,1.20,P0|P1|P2|P3|P4|P5|P6|P7|P8|P9|P10|P11|P12|P13|P14|P15,0.743841,13,P12,P15,P9,P15,P6,P13,P15,P10,P15,P7,P14,P15,P11,P15,P8,P14,P3,P12,P15,P8
grating,225,1.20,P0|P1|P2|P3|P4|P5|P6|P7|P8|P9|P10|P11|P12|P13|P14|P15,0.743841,14,P4,P12,P15,P9,P15,P6,P13,P15,P10,P15,P7,P14,P15,P11,P15,P8,P14,P3,P12,P15
grating,225,1.20,P0|P1|P2|P3|P4|P5|P6|P7|P8|P9|P10|P11|P12|P13|P14|P15,0.743841,15,P14,P4,P12,P15,P9,P15,P6,P13,P15,P10,P15,P7,P14,P15,P11,P15,P8,P14,P3,P12
grating,225,1.20,P0|P1|P2|P3|P4|P5|P6|P7|P8|P9|P10|P11|P12|P13|P14|P15,0.743841,16,P8,P14,P4,P12,P15,P9,P15,P6,P13,P15,P10,P15,P7,P14,P15,P11,P15,P8,P14,P3
grating,225,1.20,P0|P1|P2|P3|P4|P5|P6|P7|P8|P9|P10|P11|P12|P13|P14|P15,0.743841,17,P15,P8,P14,P4,P12,P15,P9,P15,P6,P13,P15,P10,P15,P7,P14,P15,P11,P15,P8,P14
grating,225,1.20,P0|P1|P2|P3|P4|P5|P6|P7|P8|P9|P10|P11|P12|P13|P14|P15,0.743841,18,P11,P15,P8,P14,P4,P12,P15,P9,P15,P6,P13,P15,P10,P15,P7,P14,P15,P11,P15,P8
grating,225,1.20,P0|P1|P2|P3|P4|P5|P6|P7|P8|P9|P10|P11|P12|P13|P14|P15,0.743841,19,P0,P11,P15,P8,P14,P4,P12,P15,P9,P15,P6,P13,P15,P10,P15,P7,P14,P15,P11,P15
grating,45,1.30,P0|P1|P2|P3|P4|P5|P6|P7|P8|P9|P10|P11|P12|P13|P14|P15,0.743660,0,P0,P13,P6,P14,P7,P15,P8,P15,P11,P15,P12,P15,P13,P5,P14,P7,P15,P8,P15,P10
grating,45,1.30,P0|P1|P2|P3|P4|P5|P6|P7|P8|P9|P10|P11|P12|P13|P14|P15,0.743660,1,P12,P0,P13,P6,P14,P7,P15,P8,P15,P11,P15,P12,P15,P13,P5,P14,P7,P15,P8,P15
grating,45,1.30,P0|P1|P2|P3|P4|P5|P6|P7|P8|P9|P10|P11|P12|P13|P14|P15,0.743660,2,P15,P12,P0,P13,P6,P14,P7,P15,P8,P15,P11,P15,P12,P15,P13,P5,P14,P7,P15,P8
grating,45,1.30,P0|P1|P2|P3|P4|P5|P6|P7|P8|P9|P10|P11|P12|P13|P14|P15,0.743660,3,P11,P15,P12,P0,P13,P6,P14,P7,P15,P8,P15,P11,P15,P12,P15,P13,P5,P14,P7,P15
grating,45,1.30,P0|P1|P2|P3|P4|P5|P6|P7|P8|P9|P10|P11|P12|P13|P14|P15,0.743660,4,P15,P11,P15,P12,P0,P13,P6,P14,P7,P15,P8,P15,P11,P15,P12,P15,P13,P5,P14,P7
grating,45,1.30,P0|P1|P2|P3|P4|P5|P6|P7|P8|P9|P10|P11|P12|P13|P14|P15,0.743660,5,P9,P15,P11,P15,P12,P0,P13,P6,P14,P7,P15,P8,P15,P11,P15,P12,P15,P13,P5,P14
grating,45,1.30,P0|P1|P2|P3|P4|P5|P6|P7|P8|P9|P10|P11|P12|P13|P14|P15,0.743660,6,P15,P9,P15,P11,P15,P12,P0,P13,P6,P14,P7,P15,P8,P15,P11,P15,P12,P15,P13,P5
grating,45,1.30,P0|P1|P2|P3|P4|P5|P6|P7|P8|P9|P10|P11|P12|P13|P14|P15,0.743660,7,P7,P15,P9,P15,P11,P15,P12,P0,P13,P6,P14,P7,P15,P8,P15,P11,P15,P12,P15,P13
grating,45,1.30,P0|P1|P2|P3|P4|P5|P6|P7|P8|P9|P10|P11|P12|P13|P14|P15,0.743660,8,P14,P7,P15,P9,P15,P11,P15,P12,P0,P13,P6,P14,P7,P15,P8,P15,P11,P15,P12,P15
grating,45,1.30,P0|P1|P2|P3|P4|P5|P6|P7|P8|P9|P10|P11|P12|P13|P14|P15,0.743660,9,P6,P14,P7,P15,P9,P15,P11,P15,P12,P0,P13,P6,P14,P7,P15,P8,P15,P11,P15,P12
grating,45,1.30,P0|P1|P2|P3|P4|P5|P6|P7|P8|P9|P10|P11|P12|P13|P14|P15,0.743660,10,P14,P6,P14,P7,P15,P9,P15,P11,P15,P12,P0,P13,P6,P14,P7,P15,P8,P15,P11,P15
grating,45,1.30,P0|P1|P2|P3|P4|P5|P6|P7|P8|P9|P10|P11|P12|P13|P14|P15,0.743660,11,P1,P14,P6,P14,P7,P15,P9,P15,P11,P15,P12,P0,P13,P6,P14,P7,P15,P8,P15,P11
grating,45,1.30,P0|P1|P2|P3|P4|P5|P6|P7|P8|P9|P10|P11|P12|P13|P14|P15,0.743660,12,P12,P1,P14,P6,P14,P7,P15,P9,P15,P11,P15,P12,P0,P13,P6,P14,P7,P15,P8,P15
grating,45,1.30,P0|P1|P2|P3|P4|P5|P6|P7|P8|P9|P10|P11|P12|P13|P14|P15,0.743660,13,P15,P12,P1,P14,P6,P14,P7,P15,P9,P15,P11,P15,P12,P0,P13,P6,P14,P7,P15,P8
grating,45,1.30,P0|P1|P2|P3|P4|P5|P6|P7|P8|P9|P10|P11|P12|P13|P14|P15,0.743660,14,P11,P15,P12,P1,P14,P6,P14,P7,P15,P9,P15,P11,P15,P12,P0,P13,P6,P14,P7,P15
grating,45,1.30,P0|P1|P2|P3|P4|P5|P6|P7|P8|P9|P10|P11|P12|P13|P14|P15,0.743660,15,P15,P11,P15,P12,P1,P14,P6,P14,P7,P15,P9,P15,P11,P15,P12,P0,P13,P6,P14,P7
grating,45,1.30,P0|P1|P2|P3|P4|P5|P6|P7|P8|P9|P10|P11|P12|P13|P14|P15,0.743660,16,P9,P15,P11,P15,P12,P1,P14,P6,P14,P7,P15,P9,P15,P11,P15,P12,P0,P13,P6,P14
grating,45,1.30,P0|P1|P2|P3|P4|P5|P6|P7|P8|P9|P10|P11|P12|P13|P14|P15,0.743660,17,P15,P9,P15,P11,P15,P12,P1,P14,P6,P14,P7,P15,P9,P15,P11,P15,P12,P0,P13,P6
grating,45,1.30,P0|P1|P2|P3|P4|P5|P6|P7|P8|P9|P10|P11|P12|P13|P14|P15,0.743660,18,P8,P15,P9,P15,P11,P15,P12,P1,P14,P6,P14,P7,P15,P9,P15,P11,P15,P12,P0,P13
grating,45,1.30,P0|P1|P2|P3|P4|P5|P6|P7|P8|P9|P10|P11|P12|P13|P14|P15,0.743660,19,P15,P8,P15,P9,P15,P11,P15,P12,P1,P14,P6,P14,P7,P15,P9,P15,P11,P15,P12,P0
grating,225,1.30,P0|P1|P2|P3|P4|P5|P6|P7|P8|P9|P10|P11|P12|P13|P14|P15,0.743660,0,P13,P15,P12,P15,P10,P15,P8,P15,P7,P14,P5,P13,P15,P12,P15,P11,P15,P8,P15,P7
grating,225,1.30,P0|P1|P2|P3|P4|P5|P6|P7|P8|P9|P10|P11|P12|P13|P14|P15,0.743660,1,P4,P13,P15,P12,P15,P10,P15,P8,P15,P7,P14,P5,P13,P15,P12,P15,P11,P15,P8,P15
grating,225,1.30,P0|P1|P2|P3|P4|P5|P6|P7|P8|P9|P10|P11|P12|P13|P14|P15,0.743660,2,P14,P4,P13,P15,P12,P15,P10,P15,P8,P15,P7,P14,P5,P13,P15,P12,P15,P11,P15,P8
grating,225,1.30,P0|P1|P2|P3|P4|P5|P6|P7|P8|P9|P10|P11|P12|P13|P14|P15,0.743660,3,P7,P14,P4,P13,P15,P12,P15,P10,P15,P8,P15,P7,P14,P5,P13,P15,P12,P15,P11,P15
grating,225,1.30,P0|P1|P2|P3|P4|P5|P6|P7|P8|P9|P10|P11|P12|P13|P14|P15,0.743660,4,P15,P7,P14,P4,P13,P15,P12,P15,P10,P15,P8,P15,P7,P14,P5,P13,P15,P12,P15,P11
grating,225,1.30,P0|P1|P2|P3|P4|P5|P6|P7|P8|P9|P10|P11|P12|P13|P14|P15,0.743660,5,P8,P15,P7,P14,P4,P13,P15,P12,P15,P10,P15,P8,P15,P7,P14,P5,P13,P15,P12,P15
grating,225,1.30,P0|P1|P2|P3|P4|P5|P6|P7|P8|P9|P10|P11|P12|P13|P14|P15,0.743660,6,P15,P8,P15,P7,P14,P4,P13,P15,P12,P15,P10,P15,P8,P15,P7,P14,P5,P13,P15,P12
grating,225,1.30,P0|P1|P2|P3|P4|P5|P6|P7|P8|P9|P10|P11|P12|P13|P14|P15,0.743660,7,P10,P15,P8,P15,P7,P14,P4,P13,P15,P12,P15,P10,P15,P8,P15,P7,P14,P5,P13,P15
grating,225,1.30,P0|P1|P2|P3|P4|P5|P6|P7|P8|P9|P10|P11|P12|P13|P14|P15,0.743660,8,P15,P10,P15,P8,P15,P7,P14,P4,P13,P15,P12,P15,P10,P15,P8,P15,P7,P14,P5,P13
grating,225,1.30,P0|P1|P2|P3|P4|P5|P6|P7|P8|P9|P10|P11|P12|P13|P14|P15,0.743660,9,P11,P15,P10,P15,P8,P15,P7,P14,P4,P13,P15,P12,P15,P10,P15,P8,P15,P7,P14,P5
grating,225,1.30,P0|P1|P2|P3|P4|P5|P6|P7|P8|P9|P10|P11|P12|P13|P14|P15,0.743660,10,P15,P11,P15,P10,P15,P8,P15,P7,P14,P4,P13,P15,P12,P15,P10,P15,P8,P15,P7,P14
grating,225,1.30,P0|P1|P2|P3|P4|P5|P6|P7|P8|P9|P10|P11|P12|P13|P14|P15,0.743660,11,P13,P15,P11,P15,P10,P15,P8,P15,P7,P14,P4,P13,P15,P12,P15,P10,P15,P8,P15,P7
grating,225,1.30,P0|P1|P2|P3|P4|P5|P6|P7|P8|P9|P10|P11|P12|P13|P14|P15,0.743660,12,P3,P13,P15,P11,P15,P10,P15,P8,P15,P7,P14,P4,P13,P15,P12,P15,P10,P15,P8,P15
grating,225,1.30,P0|P1|P2|P3|P4|P5|P6|P7|P8|P9|P10|P11|P12|P13|P14|P15,0.743660,13,P14,P3,P13,P15,P11,P15,P10,P15,P8,P15,P7,P14,P4,P13,P15,P12,P15,P10,P15,P8
grating,225,1.30,P0|P1|P2|P3|P4|P5|P6|P7|P8|P9|P10|P11|P12|P13|P14|P15,0.743660,14,P7,P14,P3,P13,P15,P11,P15,P10,P15,P8,P15,P7,P14,P4,P13,P15,P12,P15,P10,P15
grating,225,1.30,P0|P1|P2|P3|P4|P5|P6|P7|P8|P9|P10|P11|P12|P13|P14|P15,0.743660,15,P15,P7,P14,P3,P13,P15,P11,P15,P10,P15,P8,P15,P7,P14,P4,P13,P15,P12,P15,P10
grating,225,1.30,P0|P1|P2|P3|P4|P5|P6|P7|P8|P9|P10|P11|P12|P13|P14|P15,0.743660,16,P8,P15,P7,P14,P3,P13,P15,P11,P15,P10,P15,P8,P15,P7,P14,P4,P13,P15,P12,P15
grating,225,1.30,P0|P1|P2|P3|P4|P5|P6|P7|P8|P9|P10|P11|P12|P13|P14|P15,0.743660,17,P15,P8,P15,P7,P14,P3,P13,P15,P11,P15,P10,P15,P8,P15,P7,P14,P4,P13,P15,P12
grating,225,1.30,P0|P1|P2|P3|P4|P5|P6|P7|P8|P9|P10|P11|P12|P13|P14|P15,0.743660,18,P9,P15,P8,P15,P7,P14,P3,P13,P15,P11,P15,P10,P15,P8,P15,P7,P14,P4,P13,P15
grating,225,1.30,P0|P1|P2|P3|P4|P5|P6|P7|P8|P9|P10|P11|P12|P13|P14|P15,0.743660,19,P15,P9,P15,P8,P15,P7,P14,P3,P13,P15,P11,P15,P10,P15,P8,P15,P7,P14,P4,P13
grating,45,1.40,P0|P1|P2|P3|P4|P5|P6|P7|P8|P9|P10|P11|P12|P13|P14|P15,0.744239,0,P0,P13,P0,P13,P1,P13,P2,P13,P3,P13,P4,P13,P5,P14,P5,P14,P6,P14,P6,P14
grating,45,1.40,P0|P1|P2|P3|P4|P5|P6|P7|P8|P9|P10|P11|P12|P13|P14|P15,0.744239,1,P13,P0,P13,P0,P13,P1,P13,P2,P13,P3,P13,P4,P13,P5,P14,P5,P14,P6,P14,P6
grating,45,1.40,P0|P1|P2|P3|P4|P5|P6|P7|P8|P9|P10|P11|P12|P13|P14|P15,0.744239,2,P15,P13,P0,P13,P0,P13,P1,P13,P2,P13,P3,P13,P4,P13,P5,P14,P5,P14,P6,P14
grating,45,1.40,P0|P1|P2|P3|P4|P5|P6|P7|P8|P9|P10|P11|P12|P13|P14|P15,0.744239,3,P13,P15,P13,P0,P13,P0,P13,P1,P13,P2,P13,P3,P13,P4,P13,P5,P14,P5,P14,P6
grating,45,1.40,P0|P1|P2|P3|P4|P5|P6|P7|P8|P9|P10|P11|P12|P13|P14|P15,0.744239,4,P15,P13,P15,P13,P0,P13,P0,P13,P1,P13,P2,P13,P3,P13,P4,P13,P5,P14,P5,P14
grating,45,1.40,P0|P1|P2|P3|P4|P5|P6|P7|P8|P9|P10|P11|P12|P13|P14|P15,0.744239,5,P12,P15,P13,P15,P13,P0,P13,P0,P13,P1,P13,P2,P13,P3,P13,P4,P13,P5,P14,P5
grating,45,1.40,P0|P1|P2|P3|P4|P5|P6|P7|P8|P9|P10|P11|P12|P13|P14|P15,0.744239,6,P15,P12,P15,P13,P15,P13,P0,P13,P0,P13,P1,P13,P2,P13,P3,P13,P4,P13,P5,P14
grating,45,1.40,P0|P1|P2|P3|P4|P5|P6|P7|P8|P9|P10|P11|P12|P13|P14|P15,0.744239,7,P12,P15,P12,P15,P13,P15,P13,P0,P13,P0,P13,P1,P13,P2,P13,P3,P13,P4,P13,P5
grating,45,1.40,P0|P1|P2|P3|P4|P5|P6|P7|P8|P9|P10|P11|P12|P13|P14|P15,0.744239,8,P15,P12,P15,P12,P15,P13,P15,P13,P0,P13,P0,P13,P1,P13,P2,P13,P3,P13,P4,P13
grating,45,1.40,P0|P1|P2|P3|P4|P5|P6|P7|P8|P9|P10|P11|P12|P13|P14|P15,0.744239,9,P12,P15,P12,P15,P12,P15,P13,P15,P13,P0,P13,P0,P13,P1,P13,P2,P13,P3,P13,P4
grating,45,1.40,P0|P1|P2|P3|P4|P5|P6|P7|P8|P9|P10|P11|P12|P13|P14|P15,0.744239,10,P15,P12,P15,P12,P15,P12,P15,P13,P15,P13,P0,P13,P0,P13,P1,P13,P2,P13,P3,P13
grating,45,1.40,P0|P1|P2|P3|P4|P5|P6|P7|P8|P9|P10|P11|P12|P13|P14|P15,0.744239,11,P12,P15,P12,P15,P12,P15,P12,P15,P13,P15,P13,P0,P13,P0,P13,P1,P13,P2,P13,P3
grating,45,1.40,P0|P1|P2|P3|P4|P5|P6|P7|P8|P9|P10|P11|P12|P13|P14|P15,0.744239,12,P15,P12,P15,P12,P15,P12,P15,P12,P15,P13,P15,P13,P0,P13,P0,P13,P1,P13,P2,P13
grating,45,1.40,P0|P1|P2|P3|P4|P5|P6|P7|P8|P9|P10|P11|P12|P13|P14|P15,0.744239,13,P12,P15,P12,P15,P12,P15,P12,P15,P12,P15,P13,P15,P13,P0,P13,P0,P13,P1,P13,P2
grating,45,1.40,P0|P1|P2|P3|P4|P5|P6|P7|P8|P9|P10|P11|P12|P13|P14|P15,0.744239,14,P15,P12,P15,P12,P15,P12,P15,P12,P15,P12,P15,P13,P15,P13,P0,P13,P0,P13,P1,P13
grating,45,1.40,P0|P1|P2|P3|P4|P5|P6|P7|P8|P9|P10|P11|P12|P13|P14|P15,0.744239,15,P12,P15,P12,P15,P12,P15,P12,P15,P12,P15,P12,P15,P13,P15,P13,P0,P13,P0,P13,P1
grating,45,1.40,P0|P1|P2|P3|P4|P5|P6|P7|P8|P9|P10|P11|P12|P13|P14|P15,0.744239,16,P15,P12,P15,P12,P15,P12,P15,P12,P15,P12,P15,P12,P15,P13,P15,P13,P0,P13,P0,P13
grating,45,1.40,P0|P1|P2|P3|P4|P5|P6|P7|P8|P9|P10|P11|P12|P13|P14|P15,0.744239,17,P11,P15,P12,P15,P12,P15,P12,P15,P12,P15,P12,P15,P12,P15,P13,P15,P13,P0,P13,P0
grating,45,1.40,P0|P1|P2|P3|P4|P5|P6|P7|P8|P9|P10|P11|P12|P13|P14|P15,0.744239,18,P15,P11,P15,P12,P15,P12,P15,P12,P15,P12,P15,P12,P15,P12,P15,P13,P15,P13,P0,P13
grating,45,1.40,P0|P1|P2|P3|P4|P5|P6|P7|P8|P9|P10|P11|P12|P13|P14|P15,0.744239,19,P11,P15,P11,P15,P12,P15,P12,P15,P12,P15,P12,P15,P12,P15,P12,P15,P13,P15,P13,P0
grating,225,1.40,P0|P1|P2|P3|P4|P5|P6|P7|P8|P9|P10|P11|P12|P13|P14|P15,0.744239,0,P15,P10,P15,P10,P15,P10,P15,P9,P15,P9,P15,P9,P15,P8,P15,P8,P15,P8,P15,P8
grating,225,1.40,P0|P1|P2|P3|P4|P5|P6|P7|P8|P9|P10|P11|P12|P13|P14|P15,0.744239,1,P10,P15,P10,P15,P10,P15,P10,P15,P9,P15,P9,P15,P9,P15,P8,P15,P8,P15,P8,P15
grating,225,1.40,P0|P1|P2|P3|P4|P5|P6|P7|P8|P9|P10|P11|P12|P13|P14|P15,0.744239,2,P15,P10,P15,P10,P15,P10,P15,P10,P15,P9,P15,P9,P15,P9,P15,P8,P15,P8,P15,P8
grating,225,1.40,P0|P1|P2|P3|P4|P5|P6|P7|P8|P9|P10|P11|P12|P13|P14|P15,0.744239,3,P10,P15,P10,P15,P10,P15,P10,P15,P10,P15,P9,P15,P9,P15,P9,P15,P8,P15,P8,P15
grating,225,1.40,P0|P1|P2|P3|P4|P5|P6|P7|P8|P9|P10|P11|P12|P13|P14|P15,0.744239,4,P15,P10,P15,P10,P15,P10,P15,P10,P15,P10,P15,P9,P15,P9,P15,P9,P15,P8,P15,P8
grating,225,1.40,P0|P1|P2|P3|P4|P5|P6|P7|P8|P9|P10|P11|P12|P13|P14|P15,0.744239,5,P11,P15,P10,P15,P10,P15,P10,P15,P10,P15,P10,P15,P9,P15,P9,P15,P9,P15,P8,P15
grating,225,1.40,P0|P1|P2|P3|P4|P5|P6|P7|P8|P9|P10|P11|P12|P13|P14|P15,0.744239,6,P15,P11,P15,P10,P15,P10,P15,P10,P15,P10,P15,P10,P15,P9,P15,P9,P15,P9,P15,P8
grating,225,1.40,P0|P1|P2|P3|P4|P5|P6|P7|P8|P9|P10|P11|P12|P13|P14|P15,0.744239,7,P11,P15,P11,P15,P10,P15,P10,P15,P10,P15,P10,P15,P10,P15,P9,P15,P9,P15,P9,P15
grating,225,1.40,P0|P1|P2|P3|P4|P5|P6|P7|P8|P9|P10|P11|P12|P13|P14|P15,0.744239,8,P15,P11,P15,P11,P15,P10,P15,P10,P15,P10,P15,P10,P15,P10,P15,P9,P15,P9,P15,P9
grating,225,1.40,P0|P1|P2|P3|P4|P5|P6|P7|P8|P9|P10|P11|P12|P13|P14|P15,0.744239,9,P11,P15,P11,P15,P11,P15,P10,P15,P10,P15,P10,P15,P10,P15,P10,P15,P9,P15,P9,P15
grating,225,1.40,P0|P1|P2|P3|P4|P5|P6|P7|P8|P9|P10|P11|P12|P13|P14|P15,0.744239,10,P15,P11,P15,P11,P15,P11,P15,P10,P15,P10,P15,P10,P15,P10,P15,P10,P15,P9,P15,P9
grating,225,1.40,P0|P1|P2|P3|P4|P5|P6|P7|P8|P9|P10|P11|P12|P13|P14|P15,0.744239,11,P11,P15,P11,P15,P11,P15,P11,P15,P10,P15,P10,P15,P10,P15,P10,P15,P10,P15,P9,P15
grating,225,1.40,P0|P1|P2|P3|P4|P5|P6|P7|P8|P9|P10|P11|P12|P13|P14|P15,0.744239,12,P15,P11,P15,P11,P15,P11,P15,P11,P15,P10,P15,P10,P15,P10,P15,P10,P15,P10,P15,P9
grating,225,1.40,P0|P1|P2|P3|P4|P5|P6|P7|P8|P9|P10|P11|P12|P13|P14|P15,0.744239,13,P11,P15,P11,P15,P11,P15,P11,P15,P11,P15,P10,P15,P10,P15,P10,P15,P10,P15,P10,P15
grating,225,1.40,P0|P1|P2|P3|P4|P5|P6|P7|P8|P9|P10|P11|P12|P13|P14|P15,0.744239,14,P15,P11,P15,P11,P15,P11,P15,P11,P15,P11,P15,P10,P15,P10,P15,P10,P15,P10,P15,P10
grating,225,1.40,P0|P1|P2|P3|P4|P5|P6|P7|P8|P9|P10|P11|P12|P13|P14|P15,0.744239,15,P11,P15,P11,P15,P11,P15,P11,P15,P11,P15,P11,P15,P10,P15,P10,P15,P10,P15,P10,P15
grating,225,1.40,P0|P1|P2|P3|P4|P5|P6|P7|P8|P9|P10|P11|P12|P13|P14|P15,0.744239,16,P15,P11,P15,P11,P15,P11,P15,P11,P15,P11,P15,P11,P15,P10,P15,P10,P15,P10,P15,P10
grating,225,1.40,P0|P1|P2|P3|P4|P5|P6|P7|P8|P9|P10|P11|P12|P13|P14|P15,0.744239,17,P12,P15,P11,P15,P11,P15,P11,P15,P11,P15,P11,P15,P11,P15,P10,P15,P10,P15,P10,P15
grating,225,1.40,P0|P1|P2|P3|P4|P5|P6|P7|P8|P9|P10|P11|P12|P13|P14|P15,0.744239,18,P15,P12,P15,P11,P15,P11,P15,P11,P15,P11,P15,P11,P15,P11,P15,P10,P15,P10,P15,P10
grating,225,1.40,P0|P1|P2|P3|P4|P5|P6|P7|P8|P9|P10|P11|P12|P13|P14|P15,0.744239,19,P12,P15,P12,P15,P11,P15,P11,P15,P11,P15,P11,P15,P11,P15,P11,P15,P10,P15,P10,P15
grating,45,1.50,P0|P1|P2|P3|P4|P5|P6|P7|P8|P9|P10|P11|P12|P13|P14|P15,0.744004,0,P0,P12,P15,P11,P15,P11,P15,P9,P15,P8,P15,P7,P14,P7,P14,P5,P13,P1,P13,P15
grating,45,1.50,P0|P1|P2|P3|P4|P5|P6|P7|P8|P9|P10|P11|P12|P13|P14|P15,0.744004,1,P13,P0,P12,P15,P11,P15,P11,P15,P9,P15,P8,P15,P7,P14,P7,P14,P5,P13,P1,P13
grating,45,1.50,P0|P1|P2|P3|P4|P5|P6|P7|P8|P9|P10|P11|P12|P13|P14|P15,0.744004,2,P4,P13,P0,P12,P15,P11,P15,P11,P15,P9,P15,P8,P15,P7,P14,P7,P14,P5,P13,P1
grating,45,1.50,P0|P1|P2|P3|P4|P5|P6|P7|P8|P9|P10|P11|P12|P13|P14|P15,0.744004,3,P14,P4,P13,P0,P12,P15,P11,P15,P11,P15,P9,P15,P8,P15,P7,P14,P7,P14,P5,P13
grating,45,1.50,P0|P1|P2|P3|P4|P5|P6|P7|P8|P9|P10|P11|P12|P13|P14|P15,0.744004,4,P6,P14,P4,P13,P0,P12,P15,P11,P15,P11,P15,P9,P15,P8,P15,P7,P14,P7,P14,P5
grating,45,1.50,P0|P1|P2|P3|P4|P5|P6|P7|P8|P9|P10|P11|P12|P13|P14|P15,0.744004,5,P14,P6,P14,P4,P13,P0,P12,P15,P11,P15,P11,P15,P9,P15,P8,P15,P7,P14,P7,P14
grating,45,1.50,P0|P1|P2|P3|P4|P5|P6|P7|P8|P9|P10|P11|P12|P13|P14|P15,0.744004,6,P7,P14,P6,P14,P4,P13,P0,P12,P15,P11,P15,P11,P15,P9,P15,P8,P15,P7,P14,P7
grating,45,1.50,P0|P1|P2|P3|P4|P5|P6|P7|P8|P9|P10|P11|P12|P13|P14|P15,0.744004,7,P15,P7,P14,P6,P14,P4,P13,P0,P12,P15,P11,P15,P11,P15,P9,P15,P8,P15,P7,P14
grating,45,1.50,P0|P1|P2|P3|P4|P5|P6|P7|P8|P9|P10|P11|P12|P13|P14|P15,0.744004,8,P8,P15,P7,P14,P6,P14,P4,P13,P0,P12,P15,P11,P15,P11,P15,P9,P15,P8,P15,P7
grating,45,1.50,P0|P1|P2|P3|P4|P5|P6|P7|P8|P9|P10|P11|P12|P13|P14|P15,0.744004,9,P15,P8,P15,P7,P14,P6,P14,P4,P13,P0,P12,P15,P11,P15,P11,P15,P9,P15,P8,P15
grating,45,1.50,P0|P1|P2|P3|P4|P5|P6|P7|P8|P9|P10|P11|P12|P13|P14|P15,0.744004,10,P9,P15,P8,P15,P7,P14,P6,P14,P4,P13,P0,P12,P15,P11,P15,P11,P15,P9,P15,P8
grating,45,1.50,P0|P1|P2|P3|P4|P5|P6|P7|P8|P9|P10|P11|P12|P13|P14|P15,0.744004,11,P15,P9,P15,P8,P15,P7,P14,P6,P14,P4,P13,P0,P12,P15,P11,P15,P11,P15,P9,P15
grating,45,1.50,P0|P1|P2|P3|P4|P5|P6|P7|P8|P9|P10|P11|P12|P13|P14|P15,0.744004,12,P10,P15,P9,P15,P8,P15,P7,P14,P6,P14,P4,P13,P0,P12,P15,P11,P15,P11,P15,P9
grating,45,1.50,P0|P1|P2|P3|P4|P5|P6|P7|P8|P9|P10|P11|P12|P13|P14|P15,0.744004,13,P15,P10,P15,P9,P15,P8,P15,P7,P14,P6,P14,P4,P13,P0,P12,P15,P11,P15,P11,P15
grating,45,1.50,P0|P1|P2|P3|P4|P5|P6|P7|P8|P9|P10|P11|P12|P13|P14|P15,0.744004,14,P11,P15,P10,P15,P9,P15,P8,P15,P7,P14,P6,P14,P4,P13,P0,P12,P15,P11,P15,P11
grating,45,1.50,P0|P1|P2|P3|P4|P5|P6|P7|P8|P9|P10|P11|P12|P13|P14|P15,0.744004,15,P15,P11,P15,P10,P15,P9,P15,P8,P15,P7,P14,P6,P14,P4,P13,P0,P12,P15,P11,P15
grating,45,1.50,P0|P1|P2|P3|P4|P5|P6|P7|P8|P9|P10|P11|P12|P13|P14|P15,0.744004,16,P12,P15,P11,P15,P10,P15,P9,P15,P8,P15,P7,P14,P6,P14,P4,P13,P0,P12,P15,P11
grating,45,1.50,P0|P1|P2|P3|P4|P5|P6|P7|P8|P9|P10|P11|P12|P13|P14|P15,0.744004,17,P15,P12,P15,P11,P15,P10,P15,P9,P15,P8,P15,P7,P14,P6,P14,P4,P13,P0,P12,P15
grating,45,1.50,P0|P1|P2|P3|P4|P5|P6|P7|P8|P9|P10|P11|P12|P13|P14|P15,0.744004,18,P13,P15,P12,P15,P11,P15,P10,P15,P9,P15,P8,P15,P7,P14,P6,P14,P4,P13,P0,P12
grating,45,1.50,P0|P1|P2|P3|P4|P5|P6|P7|P8|P9|P10|P11|P12|P13|P14|P15,0.744004,19,P3,P13,P15,P12,P15,P11,P15,P10,P15,P9,P15,P8,P15,P7,P14,P6,P14,P4,P13,P0
grating,225,1.50,P0|P1|P2|P3|P4|P5|P6|P7|P8|P9|P10|P11|P12|P13|P14|P15,0.744004,0,P3,P14,P6,P14,P7,P15,P8,P15,P8,P15,P10,P15,P11,P15,P12,P15,P13,P2,P14,P6
grating,225,1.50,P0|P1|P2|P3|P4|P5|P6|P7|P8|P9|P10|P11|P12|P13|P14|P15,0.744004,1,P13,P3,P14,P6,P14,P7,P15,P8,P15,P8,P15,P10,P15,P11,P15,P12,P15,P13,P2,P14
grating,225,1.50,P0|P1|P2|P3|P4|P5|P6|P7|P8|P9|P10|P11|P12|P13|P14|P15,0.744004,2,P15,P13,P3,P14,P6,P14,P7,P15,P8,P15,P8,P15,P10,P15,P11,P15,P12,P15,P13,P2
grating,225,1.50,P0|P1|P2|P3|P4|P5|P6|P7|P8|P9|P10|P11|P12|P13|P14|P15,0.744004,3,P12,P15,P13,P3,P14,P6,P14,P7,P15,P8,P15,P8,P15,P10,P15,P11,P15,P12,P15,P13
grating,225,1.50,P0|P1|P2|P3|P4|P5|P6|P7|P8|P9|P10|P11|P12|P13|P14|P15,0.744004,4,P15,P12,P15,P13,P3,P14,P6,P14,P7,P15,P8,P15,P8,P15,P10,P15,P11,P15,P12,P15
grating,225,1.50,P0|P1|P2|P3|P4|P5|P6|P7|P8|P9|P10|P11|P12|P13|P14|P15,0.744004,5,P11,P15,P12,P15,P13,P3,P14,P6,P14,P7,P15,P8,P15,P8,P15,P10,P15,P11,P15,P12
grating,225,1.50,P0|P1|P2|P3|P4|P5|P6|P7|P8|P9|P10|P11|P12|P13|P14|P15,0.744004,6,P15,P11,P15,P12,P15,P13,P3,P14,P6,P14,P7,P15,P8,P15,P8,P15,P10,P15,P11,P15
grating,225,1.50,P0|P1|P2|P3|P4|P5|P6|P7|P8|P9|P10|P11|P12|P13|P14|P15,0.744004,7,P10,P15,P11,P15,P12,P15,P13,P3,P14,P6,P14,P7,P15,P8,P15,P8,P15,P10,P15,P11
grating,225,1.50,P0|P1|P2|P3|P4|P5|P6|P7|P8|P9|P10|P11|P12|P13|P14|P15,0.744004,8,P15,P10,P15,P11,P15,P12,P15,P13,P3,P14,P6,P14,P7,P15,P8,P15,P8,P15,P10,P15
grating,225,1.50,P0|P1|P2|P3|P4|P5|P6|P7|P8|P9|P10|P11|P12|P13|P14|P15,0.744004,9,P9,P15,P10,P15,P11,P15,P12,P15,P13,P3,P14,P6,P14,P7,P15,P8,P15,P8,P15,P10
grating,225,1.50,P0|P1|P2|P3|P4|P5|P6|P7|P8|P9|P10|P11|P12|P13|P14|P15,0.744004,10,P15,P9,P15,P10,P15,P11,P15,P12,P15,P13,P3,P14,P6,P14,P7,P15,P8,P15,P8,P15
grating,225,1.50,P0|P1|P2|P3|P4|P5|P6|P7|P8|P9|P10|P11|P12|P13|P14|P15,0.744004,11,P8,P15,P9,P15,P10,P15,P11,P15,P12,P15,P13,P3,P14,P6,P14,P7,P15,P8,P15,P8
grating,225,1.50,P0|P1|P2|P3|P4|P5|P6|P7|P8|P9|P10|P11|P12|P13|P14|P15,0.744004,12,P15,P8,P15,P9,P15,P10,P15,P11,P15,P12,P15,P13,P3,P14,P6,P14,P7,P15,P8,P15
grating,225,1.50,P0|P1|P2|P3|P4|P5|P6|P7|P8|P9|P10|P11|P12|P13|P14|P15,0.744004,13,P7,P15,P8,P15,P9,P15,P10,P15,P11,P15,P12,P15,P13,P3,P14,P6,P14,P7,P15,P8
grating,225,1.50,P0|P1|P2|P3|P4|P5|P6|P7|P8|P9|P10|P11|P12|P13|P14|P15,0.744004,14,P14,P7,P15,P8,P15,P9,P15,P10,P15,P11,P15,P12,P15,P13,P3,P14,P6,P14,P7,P15
grating,225,1.50,P0|P1|P2|P3|P4|P5|P6|P7|P8|P9|P10|P11|P12|P13|P14|P15,0.744004,15,P6,P14,P7,P15,P8,P15,P9,P15,P10,P15,P11,P15,P12,P15,P13,P3,P14,P6,P14,P7
grating,225,1.50,P0|P1|P2|P3|P4|P5|P6|P7|P8|P9|P10|P11|P12|P13|P14|P15,0.744004,16,P14,P6,P14,P7,P15,P8,P15,P9,P15,P10,P15,P11,P15,P12,P15,P13,P3,P14,P6,P14
grating,225,1.50,P0|P1|P2|P3|P4|P5|P6|P7|P8|P9|P10|P11|P12|P13|P14|P15,0.744004,17,P4,P14,P6,P14,P7,P15,P8,P15,P9,P15,P10,P15,P11,P15,P12,P15,P13,P3,P14,P6
grating,225,1.50,P0|P1|P2|P3|P4|P5|P6|P7|P8|P9|P10|P11|P12|P13|P14|P15,0.744004,18,P13,P4,P14,P6,P14,P7,P15,P8,P15,P9,P15,P10,P15,P11,P15,P12,P15,P13,P3,P14
grating,225,1.50,P0|P1|P2|P3|P4|P5|P6|P7|P8|P9|P10|P11|P12|P13|P14|P15,0.744004,19,P0,P13,P4,P14,P6,P14,P7,P15,P8,P15,P9,P15,P10,P15,P11,P15,P12,P15,P13,P3
grating,45,1.60,P0|P1|P2|P3|P4|P5|P6|P7|P8|P9|P10|P11|P12|P13|P14|P15,0.743961,0,P0,P12,P15,P10,P15,P8,P14,P6,P13,P15,P12,P15,P9,P15,P7,P14,P5,P13,P15,P11
grating,45,1.60,P0|P1|P2|P3|P4|P5|P6|P7|P8|P9|P10|P11|P12|P13|P14|P15,0.743961,1,P14,P0,P12,P15,P10,P15,P8,P14,P6,P13,P15,P12,P15,P9,P15,P7,P14,P5,P13,P15
grating,45,1.60,P0|P1|P2|P3|P4|P5|P6|P7|P8|P9|P10|P11|P12|P13|P14|P15,0.743961,2,P6,P14,P0,P12,P15,P10,P15,P8,P14,P6,P13,P15,P12,P15,P9,P15,P7,P14,P5,P13
grating,45,1.60,P0|P1|P2|P3|P4|P5|P6|P7|P8|P9|P10|P11|P12|P13|P14|P15,0.743961,3,P15,P6,P14,P0,P12,P15,P10,P15,P8,P14,P6,P13,P15,P12,P15,P9,P15,P7,P14,P5
grating,45,1.60,P0|P1|P2|P3|P4|P5|P6|P7|P8|P9|P10|P11|P12|P13|P14|P15,0.743961,4,P8,P15,P6,P14,P0,P12,P15,P10,P15,P8,P14,P6,P13,P15,P12,P15,P9,P15,P7,P14
grating,45,1.60,P0|P1|P2|P3|P4|P5|P6|P7|P8|P9|P10|P11|P12|P13|P14|P15,0.743961,5,P15,P8,P15,P6,P14,P0,P12,P15,P10,P15,P8,P14,P6,P13,P15,P12,P15,P9,P15,P7
grating,45,1.60,P0|P1|P2|P3|P4|P5|P6|P7|P8|P9|P10|P11|P12|P13|P14|P15,0.743961,6,P10,P15,P8,P15,P6,P14,P0,P12,P15,P10,P15,P8,P14,P6,P13,P15,P12,P15,P9,P15
grating,45,1.60,P0|P1|P2|P3|P4|P5|P6|P7|P8|P9|P10|P11|P12|P13|P14|P15,0.743961,7,P15,P10,P15,P8,P15,P6,P14,P0,P12,P15,P10,P15,P8,P14,P6,P13,P15,P12,P15,P9
grating,45,1.60,P0|P1|P2|P3|P4|P5|P6|P7|P8|P9|P10|P11|P12|P13|P14|P15,0.743961,8,P12,P15,P10,P15,P8,P15,P6,P14,P0,P12,P15,P10,P15,P8,P14,P6,P13,P15,P12,P15
grating,45,1.60,P0|P1|P2|P3|P4|P5|P6|P7|P8|P9|P10|P11|P12|P13|P14|P15,0.743961,9,P2,P12,P15,P10,P15,P8,P15,P6,P14,P0,P12,P15,P10,P15,P8,P14,P6,P13,P15,P12
grating,45,1.60,P0|P1|P2|P3|P4|P5|P6|P7|P8|P9|P10|P11|P12|P13|P14|P15,0.743961,10,P14,P2,P12,P15,P10,P15,P8,P15,P6,P14,P0,P12,P15,P10,P15,P8,P14,P6,P13,P15
grating,45,1.60,P0|P1|P2|P3|P4|P5|P6|P7|P8|P9|P10|P11|P12|P13|P14|P15,0.743961,11,P7,P14,P2,P12,P15,P10,P15,P8,P15,P6,P14,P0,P12,P15,P10,P15,P8,P14,P6,P13
grating,45,1.60,P0|P1|P2|P3|P4|P5|P6|P7|P8|P9|P10|P11|P12|P13|P14|P15,0.743961,12,P15,P7,P14,P2,P12,P15,P10,P15,P8,P15,P6,P14,P0,P12,P15,P10,P15,P8,P14,P6
grating,45,1.60,P0|P1|P2|P3|P4|P5|P6|P7|P8|P9|P10|P11|P12|P13|P14|P15,0.743961,13,P8,P15,P7,P14,P2,P12,P15,P10,P15,P8,P15,P6,P14,P0,P12,P15,P10,P15,P8,P14
grating,45,1.60,P0|P1|P2|P3|P4|P5|P6|P7|P8|P9|P10|P11|P12|P13|P14|P15,0.743961,14,P15,P8,P15,P7,P14,P2,P12,P15,P10,P15,P8,P15,P6,P14,P0,P12,P15,P10,P15,P8
grating,45,1.60,P0|P1|P2|P3|P4|P5|P6|P7|P8|P9|P10|P11|P12|P13|P14|P15,0.743961,15,P11,P15,P8,P15,P7,P14,P2,P12,P15,P10,P15,P8,P15,P6,P14,P0,P12,P15,P10,P15
grating,45,1.60,P0|P1|P2|P3|P4|P5|P6|P7|P8|P9|P10|P11|P12|P13|P14|P15,0.743961,16,P15,P11,P15,P8,P15,P7,P14,P2,P12,P15,P10,P15,P8,P15,P6,P14,P0,P12,P15,P10
grating,45,1.60,P0|P1|P2|P3|P4|P5|P6|P7|P8|P9|P10|P11|P12|P13|P14|P15,0.743961,17,P13,P15,P11,P15,P8,P15,P7,P14,P2,P12,P15,P10,P15,P8,P15,P6,P14,P0,P12,P15
grating,45,1.60,P0|P1|P2|P3|P4|P5|P6|P7|P8|P9|P10|P11|P12|P13|P14|P15,0.743961,18,P3,P13,P15,P11,P15,P8,P15,P7,P14,P2,P12,P15,P10,P15,P8,P15,P6,P14,P0,P12
grating,45,1.60,P0|P1|P2|P3|P4|P5|P6|P7|P8|P9|P10|P11|P12|P13|P14|P15,0.743961,19,P14,P3,P13,P15,P11,P15,P8,P15,P7,P14,P2,P12,P15,P10,P15,P8,P15,P6,P14,P0
grating,225,1.60,P0|P1|P2|P3|P4|P5|P6|P7|P8|P9|P10|P11|P12|P13|P14|P15,0.743961,0,P14,P7,P15,P9,P15,P11,P15,P13,P5,P14,P7,P15,P9,P15,P11,P15,P13,P6,P14,P8
grating,225,1.60,P0|P1|P2|P3|P4|P5|P6|P7|P8|P9|P10|P11|P12|P13|P14|P15,0.743961,1,P3,P14,P7,P15,P9,P15,P11,P15,P13,P5,P14,P7,P15,P9,P15,P11,P15,P13,P6,P14
grating,225,1.60,P0|P1|P2|P3|P4|P5|P6|P7|P8|P9|P10|P11|P12|P13|P14|P15,0.743961,2,P13,P3,P14,P7,P15,P9,P15,P11,P15,P13,P5,P14,P7,P15,P9,P15,P11,P15,P13,P6
grating,225,1.60,P0|P1|P2|P3|P4|P5|P6|P7|P8|P9|P10|P11|P12|P13|P14|P15,0.743961,3,P15,P13,P3,P14,P7,P15,P9,P15,P11,P15,P13,P5,P14,P7,P15,P9,P15,P11,P15,P13
grating,225,1.60,P0|P1|P2|P3|P4|P5|P6|P7|P8|P9|P10|P11|P12|P13|P14|P15,0.743961,4,P11,P15,P13,P3,P14,P7,P15,P9,P15,P11,P15,P13,P5,P14,P7,P15,P9,P15,P11,P15
grating,225,1.60,P0|P1|P2|P3|P4|P5|P6|P7|P8|P9|P10|P11|P12|P13|P14|P15,0.743961,5,P15,P11,P15,P13,P3,P14,P7,P15,P9,P15,P11,P15,P13,P5,P14,P7,P15,P9,P15,P11
grating,225,1.60,P0|P1|P2|P3|P4|P5|P6|P7|P8|P9|P10|P11|P12|P13|P14|P15,0.743961,6,P8,P15,P11,P15,P13,P3,P14,P7,P15,P9,P15,P11,P15,P13,P5,P14,P7,P15,P9,P15
grating,225,1.60,P0|P1|P2|P3|P4|P5|P6|P7|P8|P9|P10|P11|P12|P13|P14|P15,0.743961,7,P15,P8,P15,P11,P15,P13,P3,P14,P7,P15,P9,P15,P11,P15,P13,P5,P14,P7,P15,P9
grating,225,1.60,P0|P1|P2|P3|P4|P5|P6|P7|P8|P9|P10|P11|P12|P13|P14|P15,0.743961,8,P7,P15,P8,P15,P11,P15,P13,P3,P14,P7,P15,P9,P15,P11,P15,P13,P5,P14,P7,P15
grating,225,1.60,P0|P1|P2|P3|P4|P5|P6|P7|P8|P9|P10|P11|P12|P13|P14|P15,0.743961,9,P14,P7,P15,P8,P15,P11,P15,P13,P3,P14,P7,P15,P9,P15,P11,P15,P13,P5,P14,P7
grating,225,1.60,P0|P1|P2|P3|P4|P5|P6|P7|P8|P9|P10|P11|P12|P13|P14|P15,0.743961,10,P2,P14,P7,P15,P8,P15,P11,P15,P13,P3,P14,P7,P15,P9,P15,P11,P15,P13,P5,P14
grating,225,1.60,P0|P1|P2|P3|P4|P5|P6|P7|P8|P9|P10|P11|P12|P13|P14|P15,0.743961,11,P12,P2,P14,P7,P15,P8,P15,P11,P15,P13,P3,P14,P7,P15,P9,P15,P11,P15,P13,P5
grating,225,1.60,P0|P1|P2|P3|P4|P5|P6|P7|P8|P9|P10|P11|P12|P13|P14|P15,0.743961,12,P15,P12,P2,P14,P7,P15,P8,P15,P11,P15,P13,P3,P14,P7,P15,P9,P15,P11,P15,P13
grating,225,1.60,P0|P1|P2|P3|P4|P5|P6|P7|P8|P9|P10|P11|P12|P13|P14|P15,0.743961,13,P10,P15,P12,P2,P14,P7,P15,P8,P15,P11,P15,P13,P3,P14,P7,P15,P9,P15,P11,P15
grating,225,1.60,P0|P1|P2|P3|P4|P5|P6|P7|P8|P9|P10|P11|P12|P13|P14|P15,0.743961,14,P15,P10,P15,P12,P2,P14,P7,P15,P8,P15,P11,P15,P13,P3,P14,P7,P15,P9,P15,P11
grating,225,1.60,P0|P1|P2|P3|P4|P5|P6|P7|P8|P9|P10|P11|P12|P13|P14|P15,0.743961,15,P8,P15,P10,P15,P12,P2,P14,P7,P15,P8,P15,P11,P15,P13,P3,P14,P7,P15,P9,P15
grating,225,1.60,P0|P1|P2|P3|P4|P5|P6|P7|P8|P9|P10|P11|P12|P13|P14|P15,0.743961,16,P15,P8,P15,P10,P15,P12,P2,P14,P7,P15,P8,P15,P11,P15,P13,P3,P14,P7,P15,P9
grating,225,1.60,P0|P1|P2|P3|P4|P5|P6|P7|P8|P9|P10|P11|P12|P13|P14|P15,0.743961,17,P6,P15,P8,P15,P10,P15,P12,P2,P14,P7,P15,P8,P15,P11,P15,P13,P3,P14,P7,P15
grating,225,1.60,P0|P1|P2|P3|P4|P5|P6|P7|P8|P9|P10|P11|P12|P13|P14|P15,0.743961,18,P14,P6,P15,P8,P15,P10,P15,P12,P2,P14,P7,P15,P8,P15,P11,P15,P13,P3,P14,P7
grating,225,1.60,P0|P1|P2|P3|P4|P5|P6|P7|P8|P9|P10|P11|P12|P13|P14|P15,0.743961,19,P0,P14,P6,P15,P8,P15,P10,P15,P12,P2,P14,P7,P15,P8,P15,P11,P15,P13,P3,P14
grating,45,1.70,P0|P1|P2|P3|P4|P5|P6|P7|P8|P9|P10|P11|P12|P13|P14|P15,0.744054,0,P0,P11,P15,P8,P15,P6,P13,P15,P10,P15,P7,P14,P15,P11,P15,P8,P14,P5,P13,P15
grating,45,1.70,P0|P1|P2|P3|P4|P5|P6|P7|P8|P9|P10|P11|P12|P13|P14|P15,0.744054,1,P14,P0,P11,P15,P8,P15,P6,P13,P15,P10,P15,P7,P14,P15,P11,P15,P8,P14,P5,P13
grating,45,1.70,P0|P1|P2|P3|P4|P5|P6|P7|P8|P9|P10|P11|P12|P13|P14|P15,0.744054,2,P7,P14,P0,P11,P15,P8,P15,P6,P13,P15,P10,P15,P7,P14,P15,P11,P15,P8,P14,P5
grating,45,1.70,P0|P1|P2|P3|P4|P5|P6|P7|P8|P9|P10|P11|P12|P13|P14|P15,0.744054,3,P15,P7,P14,P0,P11,P15,P8,P15,P6,P13,P15,P10,P15,P7,P14,P15,P11,P15,P8,P14
grating,45,1.70,P0|P1|P2|P3|P4|P5|P6|P7|P8|P9|P10|P11|P12|P13|P14|P15,0.744054,4,P10,P15,P7,P14,P0,P11,P15,P8,P15,P6,P13,P15,P10,P15,P7,P14,P15,P11,P15,P8
grating,45,1.70,P0|P1|P2|P3|P4|P5|P6|P7|P8|P9|P10|P11|P12|P13|P14|P15,0.744054,5,P15,P10,P15,P7,P14,P0,P11,P15,P8,P15,P6,P13,P15,P10,P15,P7,P14,P15,P11,P15
grating,45,1.70,P0|P1|P2|P3|P4|P5|P6|P7|P8|P9|P10|P11|P12|P13|P14|P15,0.744054,6,P13,P15,P10,P15,P7,P14,P0,P11,P15,P8,P15,P6,P13,P15,P10,P15,P7,P14,P15,P11
grating,45,1.70,P0|P1|P2|P3|P4|P5|P6|P7|P8|P9|P10|P11|P12|P13|P14|P15,0.744054,7,P6,P13,P15,P10,P15,P7,P14,P0,P11,P15,P8,P15,P6,P13,P15,P10,P15,P7,P14,P15
grating,45,1.70,P0|P1|P2|P3|P4|P5|P6|P7|P8|P9|P10|P11|P12|P13|P14|P15,0.744054,8,P15,P6,P13,P15,P10,P15,P7,P14,P0,P11,P15,P8,P15,P6,P13,P15,P10,P15,P7,P14
grating,45,1.70,P0|P1|P2|P3|P4|P5|P6|P7|P8|P9|P10|P11|P12|P13|P14|P15,0.744054,9,P8,P15,P6,P13,P15,P10,P15,P7,P14,P0,P11,P15,P8,P15,P6,P13,P15,P10,P15,P7
grating,45,1.70,P0|P1|P2|P3|P4|P5|P6|P7|P8|P9|P10|P11|P12|P13|P14|P15,0.744054,10,P15,P8,P15,P6,P13,P15,P10,P15,P7,P14,P0,P11,P15,P8,P15,P6,P13,P15,P10,P15
grating,45,1.70,P0|P1|P2|P3|P4|P5|P6|P7|P8|P9|P10|P11|P12|P13|P14|P15,0.744054,11,P12,P15,P8,P15,P6,P13,P15,P10,P15,P7,P14,P0,P11,P15,P8,P15,P6,P13,P15,P10
grating,45,1.70,P0|P1|P2|P3|P4|P5|P6|P7|P8|P9|P10|P11|P12|P13|P14|P15,0.744054,12,P0,P12,P15,P8,P15,P6,P13,P15,P10,P15,P7,P14,P0,P11,P15,P8,P15,P6,P13,P15
grating,45,1.70,P0|P1|P2|P3|P4|P5|P6|P7|P8|P9|P10|P11|P12|P13|P14|P15,0.744054,13,P14,P0,P12,P15,P8,P15,P6,P13,P15,P10,P15,P7,P14,P0,P11,P15,P8,P15,P6,P13
grating,45,1.70,P0|P1|P2|P3|P4|P5|P6|P7|P8|P9|P10|P11|P12|P13|P14|P15,0.744054,14,P7,P14,P0,P12,P15,P8,P15,P6,P13,P15,P10,P15,P7,P14,P0,P11,P15,P8,P15,P6
grating,45,1.70,P0|P1|P2|P3|P4|P5|P6|P7|P8|P9|P10|P11|P12|P13|P14|P15,0.744054,15,P15,P7,P14,P0,P12,P15,P8,P15,P6,P13,P15,P10,P15,P7,P14,P0,P11,P15,P8,P15
grating,45,1.70,P0|P1|P2|P3|P4|P5|P6|P7|P8|P9|P10|P11|P12|P13|P14|P15,0.744054,16,P10,P15,P7,P14,P0,P12,P15,P8,P15,P6,P13,P15,P10,P15,P7,P14,P0,P11,P15,P8
grating,45,1.70,P0|P1|P2|P3|P4|P5|P6|P7|P8|P9|P10|P11|P12|P13|P14|P15,0.744054,17,P15,P10,P15,P7,P14,P0,P12,P15,P8,P15,P6,P13,P15,P10,P15,P7,P14,P0,P11,P15
grating,45,1.70,P0|P1|P2|P3|P4|P5|P6|P7|P8|P9|P10|P11|P12|P13|P14|P15,0.744054,18,P13,P15,P10,P15,P7,P14,P0,P12,P15,P8,P15,P6,P13,P15,P10,P15,P7,P14,P0,P11
grating,45,1.70,P0|P1|P2|P3|P4|P5|P6|P7|P8|P9|P10|P11|P12|P13|P14|P15,0.744054,19,P6,P13,P15,P10,P15,P7,P14,P0,P12,P15,P8,P15,P6,P13,P15,P10,P15,P7,P14,P0
grating,225,1.70,P0|P1|P2|P3|P4|P5|P6|P7|P8|P9|P10|P11|P12|P13|P14|P15,0.744054,0,P6,P15,P8,P15,P12,P1,P14,P7,P15,P11,P15,P13,P6,P15,P8,P15,P12,P2,P14,P7
grating,225,1.70,P0|P1|P2|P3|P4|P5|P6|P7|P8|P9|P10|P11|P12|P13|P14|P15,0.744054,1,P13,P6,P15,P8,P15,P12,P1,P14,P7,P15,P11,P15,P13,P6,P15,P8,P15,P12,P2,P14
grating,225,1.70,P0|P1|P2|P3|P4|P5|P6|P7|P8|P9|P10|P11|P12|P13|P14|P15,0.744054,2,P15,P13,P6,P15,P8,P15,P12,P1,P14,P7,P15,P11,P15,P13,P6,P15,P8,P15,P12,P2
grating,225,1.70,P0|P1|P2|P3|P4|P5|P6|P7|P8|P9|P10|P11|P12|P13|P14|P15,0.744054,3,P10,P15,P13,P6,P15,P8,P15,P12,P1,P14,P7,P15,P11,P15,P13,P6,P15,P8,P15,P12
grating,225,1.70,P0|P1|P2|P3|P4|P5|P6|P7|P8|P9|P10|P11|P12|P13|P14|P15,0.744054,4,P15,P10,P15,P13,P6,P15,P8,P15,P12,P1,P14,P7,P15,P11,P15,P13,P6,P15,P8,P15
grating,225,1.70,P0|P1|P2|P3|P4|P5|P6|P7|P8|P9|P10|P11|P12|P13|P14|P15,0.744054,5,P7,P15,P10,P15,P13,P6,P15,P8,P15,P12,P1,P14,P7,P15,P11,P15,P13,P6,P15,P8
grating,225,1.70,P0|P1|P2|P3|P4|P5|P6|P7|P8|P9|P10|P11|P12|P13|P14|P15,0.744054,6,P14,P7,P15,P10,P15,P13,P6,P15,P8,P15,P12,P1,P14,P7,P15,P11,P15,P13,P6,P15
grating,225,1.70,P0|P1|P2|P3|P4|P5|P6|P7|P8|P9|P10|P11|P12|P13|P14|P15,0.744054,7,P0,P14,P7,P15,P10,P15,P13,P6,P15,P8,P15,P12,P1,P14,P7,P15,P11,P15,P13,P6
grating,225,1.70,P0|P1|P2|P3|P4|P5|P6|P7|P8|P9|P10|P11|P12|P13|P14|P15,0.744054,8,P12,P0,P14,P7,P15,P10,P15,P13,P6,P15,P8,P15,P12,P1,P14,P7,P15,P11,P15,P13
grating,225,1.70,P0|P1|P2|P3|P4|P5|P6|P7|P8|P9|P10|P11|P12|P13|P14|P15,0.744054,9,P15,P12,P0,P14,P7,P15,P10,P15,P13,P6,P15,P8,P15,P12,P1,P14,P7,P15,P11,P15
grating,225,1.70,P0|P1|P2|P3|P4|P5|P6|P7|P8|P9|P10|P11|P12|P13|P14|P15,0.744054,10,P8,P15,P12,P0,P14,P7,P15,P10,P15,P13,P6,P15,P8,P15,P12,P1,P14,P7,P15,P11
grating,225,1.70,P0|P1|P2|P3|P4|P5|P6|P7|P8|P9|P10|P11|P12|P13|P14|P15,0.744054,11,P15,P8,P15,P12,P0,P14,P7,P15,P10,P15,P13,P6,P15,P8,P15,P12,P1,P14,P7,P15
grating,225,1.70,P0|P1|P2|P3|P4|P5|P6|P7|P8|P9|P10|P11|P12|P13|P14|P15,0.744054,12,P6,P15,P8,P15,P12,P0,P14,P7,P15,P10,P15,P13,P6,P15,P8,P15,P12,P1,P14,P7
grating,225,1.70,P0|P1|P2|P3|P4|P5|P6|P7|P8|P9|P10|P11|P12|P13|P14|P15,0.744054,13,P13,P6,P15,P8,P15,P12,P0,P14,P7,P15,P10,P15,P13,P6,P15,P8,P15,P12,P1,P14
grating,225,1.70,P0|P1|P2|P3|P4|P5|P6|P7|P8|P9|P10|P11|P12|P13|P14|P15,0.744054,14,P15,P13,P6,P15,P8,P15,P12,P0,P14,P7,P15,P10,P15,P13,P6,P15,P8,P15,P12,P1
grating,225,1.70,P0|P1|P2|P3|P4|P5|P6|P7|P8|P9|P10|P11|P12|P13|P14|P15,0.744054,15,P10,P15,P13,P6,P15,P8,P15,P12,P0,P14,P7,P15,P10,P15,P13,P6,P15,P8,P15,P12
grating,225,1.70,P0|P1|P2|P3|P4|P5|P6|P7|P8|P9|P10|P11|P12|P13|P14|P15,0.744054,16,P15,P10,P15,P13,P6,P15,P8,P15,P12,P0,P14,P7,P15,P10,P15,P13,P6,P15,P8,P15
grating,225,1.70,P0|P1|P2|P3|P4|P5|P6|P7|P8|P9|P10|P11|P12|P13|P14|P15,0.744054,17,P7,P15,P10,P15,P13,P6,P15,P8,P15,P12,P0,P14,P7,P15,P10,P15,P13,P6,P15,P8
grating,225,1.70,P0|P1|P2|P3|P4|P5|P6|P7|P8|P9|P10|P11|P12|P13|P14|P15,0.744054,18,P14,P7,P15,P10,P15,P13,P6,P15,P8,P15,P12,P0,P14,P7,P15,P10,P15,P13,P6,P15
grating,225,1.70,P0|P1|P2|P3|P4|P5|P6|P7|P8|P9|P10|P11|P12|P13|P14|P15,0.744054,19,P0,P14,P7,P15,P10,P15,P13,P6,P15,P8,P15,P12,P0,P14,P7,P15,P10,P15,P13,P6
grating,45,1.80,P0|P1|P2|P3|P4|P5|P6|P7|P8|P9|P10|P11|P12|P13|P14|P15,0.742258,0,P0,P11,P15,P7,P14,P15,P11,P15,P7,P13,P15,P10,P15,P6,P13,P15,P9,P15,P5,P12
grating,45,1.80,P0|P1|P2|P3|P4|P5|P6|P7|P8|P9|P10|P11|P12|P13|P14|P15,0.742258,1,P14,P0,P11,P15,P7,P14,P15,P11,P15,P7,P13,P15,P10,P15,P6,P13,P15,P9,P15,P5
grating,45,1.80,P0|P1|P2|P3|P4|P5|P6|P7|P8|P9|P10|P11|P12|P13|P14|P15,0.742258,2,P8,P14,P0,P11,P15,P7,P14,P15,P11,P15,P7,P13,P15,P10,P15,P6,P13,P15,P9,P15
grating,45,1.80,P0|P1|P2|P3|P4|P5|P6|P7|P8|P9|P10|P11|P12|P13|P14|P15,0.742258,3,P15,P8,P14,P0,P11,P15,P7,P14,P15,P11,P15,P7,P13,P15,P10,P15,P6,P13,P15,P9
grating,45,1.80,P0|P1|P2|P3|P4|P5|P6|P7|P8|P9|P10|P11|P12|P13|P14|P15,0.742258,4,P12,P15,P8,P14,P0,P11,P15,P7,P14,P15,P11,P15,P7,P13,P15,P10,P15,P6,P13,P15
grating,45,1.80,P0|P1|P2|P3|P4|P5|P6|P7|P8|P9|P10|P11|P12|P13|P14|P15,0.742258,5,P3,P12,P15,P8,P14,P0,P11,P15,P7,P14,P15,P11,P15,P7,P13,P15,P10,P15,P6,P13
grating,45,1.80,P0|P1|P2|P3|P4|P5|P6|P7|P8|P9|P10|P11|P12|P13|P14|P15,0.742258,6,P14,P3,P12,P15,P8,P14,P0,P11,P15,P7,P14,P15,P11,P15,P7,P13,P15,P10,P15,P6
grating,45,1.80,P0|P1|P2|P3|P4|P5|P6|P7|P8|P9|P10|P11|P12|P13|P14|P15,0.742258,7,P8,P14,P3,P12,P15,P8,P14,P0,P11,P15,P7,P14,P15,P11,P15,P7,P13,P15,P10,P15
grating,45,1.80,P0|P1|P2|P3|P4|P5|P6|P7|P8|P9|P10|P11|P12|P13|P14|P15,0.742258,8,P15,P8,P14,P3,P12,P15,P8,P14,P0,P11,P15,P7,P14,P15,P11,P15,P7,P13,P15,P10
grating,45,1.80,P0|P1|P2|P3|P4|P5|P6|P7|P8|P9|P10|P11|P12|P13|P14|P15,0.742258,9,P12,P15,P8,P14,P3,P12,P15,P8,P14,P0,P11,P15,P7,P14,P15,P11,P15,P7,P13,P15
grating,45,1.80,P0|P1|P2|P3|P4|P5|P6|P7|P8|P9|P10|P11|P12|P13|P14|P15,0.742258,10,P5,P12,P15,P8,P14,P3,P12,P15,P8,P14,P0,P11,P15,P7,P14,P15,P11,P15,P7,P13
grating,45,1.80,P0|P1|P2|P3|P4|P5|P6|P7|P8|P9|P10|P11|P12|P13|P14|P15,0.742258,11,P15,P5,P12,P15,P8,P14,P3,P12,P15,P8,P14,P0,P11,P15,P7,P14,P15,P11,P15,P7
grating,45,1.80,P0|P1|P2|P3|P4|P5|P6|P7|P8|P9|P10|P11|P12|P13|P14|P15,0.742258,12,P9,P15,P5,P12,P15,P8,P14,P3,P12,P15,P8,P14,P0,P11,P15,P7,P14,P15,P11,P15
grating,45,1.80,P0|P1|P2|P3|P4|P5|P6|P7|P8|P9|P10|P11|P12|P13|P14|P15,0.742258,13,P15,P9,P15,P5,P12,P15,P8,P14,P3,P12,P15,P8,P14,P0,P11,P15,P7,P14,P15,P11
grating,45,1.80,P0|P1|P2|P3|P4|P5|P6|P7|P8|P9|P10|P11|P12|P13|P14|P15,0.742258,14,P13,P15,P9,P15,P5,P12,P15,P8,P14,P3,P12,P15,P8,P14,P0,P11,P15,P7,P14,P15
grating,45,1.80,P0|P1|P2|P3|P4|P5|P6|P7|P8|P9|P10|P11|P12|P13|P14|P15,0.742258,15,P6,P13,P15,P9,P15,P5,P12,P15,P8,P14,P3,P12,P15,P8,P14,P0,P11,P15,P7,P14
grating,45,1.80,P0|P1|P2|P3|P4|P5|P6|P7|P8|P9|P10|P11|P12|P13|P14|P15,0.742258,16,P15,P6,P13,P15,P9,P15,P5,P12,P15,P8,P14,P3,P12,P15,P8,P14,P0,P11,P15,P7
grating,45,1.80,P0|P1|P2|P3|P4|P5|P6|P7|P8|P9|P10|P11|P12|P13|P14|P15,0.742258,17,P10,P15,P6,P13,P15,P9,P15,P5,P12,P15,P8,P14,P3,P12,P15,P8,P14,P0,P11,P15
grating,45,1.80,P0|P1|P2|P3|P4|P5|P6|P7|P8|P9|P10|P11|P12|P13|P14|P15,0.742258,18,P15,P10,P15,P6,P13,P15,P9,P15,P5,P12,P15,P8,P14,P3,P12,P15,P8,P14,P0,P11
grating,45,1.80,P0|P1|P2|P3|P4|P5|P6|P7|P8|P9|P10|P11|P12|P13|P14|P15,0.742258,19,P13,P15,P10,P15,P6,P13,P15,P9,P15,P5,P12,P15,P8,P14,P3,P12,P15,P8,P14,P0
grating,225,1.80,P0|P1|P2|P3|P4|P5|P6|P7|P8|P9|P10|P11|P12|P13|P14|P15,0.742258,0,P8,P15,P12,P2,P14,P8,P15,P12,P5,P15,P8,P15,P13,P6,P15,P10,P15,P13,P7,P15
grating,225,1.80,P0|P1|P2|P3|P4|P5|P6|P7|P8|P9|P10|P11|P12|P13|P14|P15,0.742258,1,P14,P8,P15,P12,P2,P14,P8,P15,P12,P5,P15,P8,P15,P13,P6,P15,P10,P15,P13,P7
grating,225,1.80,P0|P1|P2|P3|P4|P5|P6|P7|P8|P9|P10|P11|P12|P13|P14|P15,0.742258,2,P15,P14,P8,P15,P12,P2,P14,P8,P15,P12,P5,P15,P8,P15,P13,P6,P15,P10,P15,P13
grating,225,1.80,P0|P1|P2|P3|P4|P5|P6|P7|P8|P9|P10|P11|P12|P13|P14|P15,0.742258,3,P11,P15,P14,P8,P15,P12,P2,P14,P8,P15,P12,P5,P15,P8,P15,P13,P6,P15,P10,P15
grating,225,1.80,P0|P1|P2|P3|P4|P5|P6|P7|P8|P9|P10|P11|P12|P13|P14|P15,0.742258,4,P15,P11,P15,P14,P8,P15,P12,P2,P14,P8,P15,P12,P5,P15,P8,P15,P13,P6,P15,P10
grating,225,1.80,P0|P1|P2|P3|P4|P5|P6|P7|P8|P9|P10|P11|P12|P13|P14|P15,0.742258,5,P7,P15,P11,P15,P14,P8,P15,P12,P2,P14,P8,P15,P12,P5,P15,P8,P15,P13,P6,P15
grating,225,1.80,P0|P1|P2|P3|P4|P5|P6|P7|P8|P9|P10|P11|P12|P13|P14|P15,0.742258,6,P14,P7,P15,P11,P15,P14,P8,P15,P12,P2,P14,P8,P15,P12,P5,P15,P8,P15,P13,P6
grating,225,1.80,P0|P1|P2|P3|P4|P5|P6|P7|P8|P9|P10|P11|P12|P13|P14|P15,0.742258,7,P15,P14,P7,P15,P11,P15,P14,P8,P15,P12,P2,P14,P8,P15,P12,P5,P15,P8,P15,P13
grating,225,1.80,P0|P1|P2|P3|P4|P5|P6|P7|P8|P9|P10|P11|P12|P13|P14|P15,0.742258,8,P10,P15,P14,P7,P15,P11,P15,P14,P8,P15,P12,P2,P14,P8,P15,P12,P5,P15,P8,P15
grating,225,1.80,P0|P1|P2|P3|P4|P5|P6|P7|P8|P9|P10|P11|P12|P13|P14|P15,0.742258,9,P15,P10,P15,P14,P7,P15,P11,P15,P14,P8,P15,P12,P2,P14,P8,P15,P12,P5,P15,P8
grating,225,1.80,P0|P1|P2|P3|P4|P5|P6|P7|P8|P9|P10|P11|P12|P13|P14|P15,0.742258,10,P7,P15,P10,P15,P14,P7,P15,P11,P15,P14,P8,P15,P12,P2,P14,P8,P15,P12,P5,P15
grating,225,1.80,P0|P1|P2|P3|P4|P5|P6|P7|P8|P9|P10|P11|P12|P13|P14|P15,0.742258,11,P13,P7,P15,P10,P15,P14,P7,P15,P11,P15,P14,P8,P15,P12,P2,P14,P8,P15,P12,P5
grating,225,1.80,P0|P1|P2|P3|P4|P5|P6|P7|P8|P9|P10|P11|P12|P13|P14|P15,0.742258,12,P15,P13,P7,P15,P10,P15,P14,P7,P15,P11,P15,P14,P8,P15,P12,P2,P14,P8,P15,P12
grating,225,1.80,P0|P1|P2|P3|P4|P5|P6|P7|P8|P9|P10|P11|P12|P13|P14|P15,0.742258,13,P10,P15,P13,P7,P15,P10,P15,P14,P7,P15,P11,P15,P14,P8,P15,P12,P2,P14,P8,P15
grating,225,1.80,P0|P1|P2|P3|P4|P5|P6|P7|P8|P9|P10|P11|P12|P13|P14|P15,0.742258,14,P15,P10,P15,P13,P7,P15,P10,P15,P14,P7,P15,P11,P15,P14,P8,P15,P12,P2,P14,P8
grating,225,1.80,P0|P1|P2|P3|P4|P5|P6|P7|P8|P9|P10|P11|P12|P13|P14|P15,0.742258,15,P6,P15,P10,P15,P13,P7,P15,P10,P15,P14,P7,P15,P11,P15,P14,P8,P15,P12,P2,P14
grating,225,1.80,P0|P1|P2|P3|P4|P5|P6|P7|P8|P9|P10|P11|P12|P13|P14|P15,0.742258,16,P13,P6,P15,P10,P15,P13,P7,P15,P10,P15,P14,P7,P15,P11,P15,P14,P8,P15,P12,P2
grating,225,1.80,P0|P1|P2|P3|P4|P5|P6|P7|P8|P9|P10|P11|P12|P13|P14|P15,0.742258,17,P15,P13,P6,P15,P10,P15,P13,P7,P15,P10,P15,P14,P7,P15,P11,P15,P14,P8,P15,P12
grating,225,1.80,P0|P1|P2|P3|P4|P5|P6|P7|P8|P9|P10|P11|P12|P13|P14|P15,0.742258,18,P8,P15,P13,P6,P15,P10,P15,P13,P7,P15,P10,P15,P14,P7,P15,P11,P15,P14,P8,P15
grating,225,1.80,P0|P1|P2|P3|P4|P5|P6|P7|P8|P9|P10|P11|P12|P13|P14|P15,0.742258,19,P15,P8,P15,P13,P6,P15,P10,P15,P13,P7,P15,P10,P15,P14,P7,P15,P11,P15,P14,P8
grating,45,1.90,P0|P1|P2|P3|P4|P5|P6|P7|P8|P9|P10|P11|P12|P13|P14|P15,0.743687,0,P0,P11,P15,P6,P13,P15,P8,P14,P15,P10,P15,P6,P12,P15,P8,P14,P15,P10,P15,P5
grating,45,1.90,P0|P1|P2|P3|P4|P5|P6|P7|P8|P9|P10|P11|P12|P13|P14|P15,0.743687,1,P14,P0,P11,P15,P6,P13,P15,P8,P14,P15,P10,P15,P6,P12,P15,P8,P14,P15,P10,P15
grating,45,1.90,P0|P1|P2|P3|P4|P5|P6|P7|P8|P9|P10|P11|P12|P13|P14|P15,0.743687,2,P8,P14,P0,P11,P15,P6,P13,P15,P8,P14,P15,P10,P15,P6,P12,P15,P8,P14,P15,P10
grating,45,1.90,P0|P1|P2|P3|P4|P5|P6|P7|P8|P9|P10|P11|P12|P13|P14|P15,0.743687,3,P15,P8,P14,P0,P11,P15,P6,P13,P15,P8,P14,P15,P10,P15,P6,P12,P15,P8,P14,P15
grating,45,1.90,P0|P1|P2|P3|P4|P5|P6|P7|P8|P9|P10|P11|P12|P13|P14|P15,0.743687,4,P13,P15,P8,P14,P0,P11,P15,P6,P13,P15,P8,P14,P15,P10,P15,P6,P12,P15,P8,P14
grating,45,1.90,P0|P1|P2|P3|P4|P5|P6|P7|P8|P9|P10|P11|P12|P13|P14|P15,0.743687,5,P7,P13,P15,P8,P14,P0,P11,P15,P6,P13,P15,P8,P14,P15,P10,P15,P6,P12,P15,P8
grating,45,1.90,P0|P1|P2|P3|P4|P5|P6|P7|P8|P9|P10|P11|P12|P13|P14|P15,0.743687,6,P15,P7,P13,P15,P8,P14,P0,P11,P15,P6,P13,P15,P8,P14,P15,P10,P15,P6,P12,P15
grating,45,1.90,P0|P1|P2|P3|P4|P5|P6|P7|P8|P9|P10|P11|P12|P13|P14|P15,0.743687,7,P11,P15,P7,P13,P15,P8,P14,P0,P11,P15,P6,P13,P15,P8,P14,P15,P10,P15,P6,P12
grating,45,1.90,P0|P1|P2|P3|P4|P5|P6|P7|P8|P9|P10|P11|P12|P13|P14|P15,0.743687,8,P2,P11,P15,P7,P13,P15,P8,P14,P0,P11,P15,P6,P13,P15,P8,P14,P15,P10,P15,P6
grating,45,1.90,P0|P1|P2|P3|P4|P5|P6|P7|P8|P9|P10|P11|P12|P13|P14|P15,0.743687,9,P14,P2,P11,P15,P7,P13,P15,P8,P14,P0,P11,P15,P6,P13,P15,P8,P14,P15,P10,P15
grating,45,1.90,P0|P1|P2|P3|P4|P5|P6|P7|P8|P9|P10|P11|P12|P13|P14|P15,0.743687,10,P9,P14,P2,P11,P15,P7,P13,P15,P8,P14,P0,P11,P15,P6,P13,P15,P8,P14,P15,P10
grating,45,1.90,P0|P1|P2|P3|P4|P5|P6|P7|P8|P9|P10|P11|P12|P13|P14|P15,0.743687,11,P15,P9,P14,P2,P11,P15,P7,P13,P15,P8,P14,P0,P11,P15,P6,P13,P15,P8,P14,P15
grating,45,1.90,P0|P1|P2|P3|P4|P5|P6|P7|P8|P9|P10|P11|P12|P13|P14|P15,0.743687,12,P13,P15,P9,P14,P2,P11,P15,P7,P13,P15,P8,P14,P0,P11,P15,P6,P13,P15,P8,P14
grating,45,1.90,P0|P1|P2|P3|P4|P5|P6|P7|P8|P9|P10|P11|P12|P13|P14|P15,0.743687,13,P7,P13,P15,P9,P14,P2,P11,P15,P7,P13,P15,P8,P14,P0,P11,P15,P6,P13,P15,P8
grating,45,1.90,P0|P1|P2|P3|P4|P5|P6|P7|P8|P9|P10|P11|P12|P13|P14|P15,0.743687,14,P15,P7,P13,P15,P9,P14,P2,P11,P15,P7,P13,P15,P8,P14,P0,P11,P15,P6,P13,P15
grating,45,1.90,P0|P1|P2|P3|P4|P5|P6|P7|P8|P9|P10|P11|P12|P13|P14|P15,0.743687,15,P12,P15,P7,P13,P15,P9,P14,P2,P11,P15,P7,P13,P15,P8,P14,P0,P11,P15,P6,P13
grating,45,1.90,P0|P1|P2|P3|P4|P5|P6|P7|P8|P9|P10|P11|P12|P13|P14|P15,0.743687,16,P3,P12,P15,P7,P13,P15,P9,P14,P2,P11,P15,P7,P13,P15,P8,P14,P0,P11,P15,P6
grating,45,1.90,P0|P1|P2|P3|P4|P5|P6|P7|P8|P9|P10|P11|P12|P13|P14|P15,0.743687,17,P15,P3,P12,P15,P7,P13,P15,P9,P14,P2,P11,P15,P7,P13,P15,P8,P14,P0,P11,P15
grating,45,1.90,P0|P1|P2|P3|P4|P5|P6|P7|P8|P9|P10|P11|P12|P13|P14|P15,0.743687,18,P9,P15,P3,P12,P15,P7,P13,P15,P9,P14,P2,P11,P15,P7,P13,P15,P8,P14,P0,P11
grating,45,1.90,P0|P1|P2|P3|P4|P5|P6|P7|P8|P9|P10|P11|P12|P13|P14|P15,0.743687,19,P15,P9,P15,P3,P12,P15,P7,P13,P15,P9,P14,P2,P11,P15,P7,P13,P15,P8,P14,P0
grating,225,1.90,P0|P1|P2|P3|P4|P5|P6|P7|P8|P9|P10|P11|P12|P13|P14|P15,0.743687,0,P15,P9,P15,P13,P7,P15,P12,P5,P15,P10,P15,P14,P7,P15,P12,P6,P15,P10,P15,P14
grating,225,1.90,P0|P1|P2|P3|P4|P5|P6|P7|P8|P9|P10|P11|P12|P13|P14|P15,0.743687,1,P3,P15,P9,P15,P13,P7,P15,P12,P5,P15,P10,P15,P14,P7,P15,P12,P6,P15,P10,P15
grating,225,1.90,P0|P1|P2|P3|P4|P5|P6|P7|P8|P9|P10|P11|P12|P13|P14|P15,0.743687,2,P11,P3,P15,P9,P15,P13,P7,P15,P12,P5,P15,P10,P15,P14,P7,P15,P12,P6,P15,P10
grating,225,1.90,P0|P1|P2|P3|P4|P5|P6|P7|P8|P9|P10|P11|P12|P13|P14|P15,0.743687,3,P15,P11,P3,P15,P9,P15,P13,P7,P15,P12,P5,P15,P10,P15,P14,P7,P15,P12,P6,P15
grating,225,1.90,P0|P1|P2|P3|P4|P5|P6|P7|P8|P9|P10|P11|P12|P13|P14|P15,0.743687,4,P7,P15,P11,P3,P15,P9,P15,P13,P7,P15,P12,P5,P15,P10,P15,P14,P7,P15,P12,P6
grating,225,1.90,P0|P1|P2|P3|P4|P5|P6|P7|P8|P9|P10|P11|P12|P13|P14|P15,0.743687,5,P13,P7,P15,P11,P3,P15,P9,P15,P13,P7,P15,P12,P5,P15,P10,P15,P14,P7,P15,P12
grating,225,1.90,P0|P1|P2|P3|P4|P5|P6|P7|P8|P9|P10|P11|P12|P13|P14|P15,0.743687,6,P15,P13,P7,P15,P11,P3,P15,P9,P15,P13,P7,P15,P12,P5,P15,P10,P15,P14,P7,P15
grating,225,1.90,P0|P1|P2|P3|P4|P5|P6|P7|P8|P9|P10|P11|P12|P13|P14|P15,0.743687,7,P8,P15,P13,P7,P15,P11,P3,P15,P9,P15,P13,P7,P15,P12,P5,P15,P10,P15,P14,P7
grating,225,1.90,P0|P1|P2|P3|P4|P5|P6|P7|P8|P9|P10|P11|P12|P13|P14|P15,0.743687,8,P14,P8,P15,P13,P7,P15,P11,P3,P15,P9,P15,P13,P7,P15,P12,P5,P15,P10,P15,P14
grating,225,1.90,P0|P1|P2|P3|P4|P5|P6|P7|P8|P9|P10|P11|P12|P13|P14|P15,0.743687,9,P1,P14,P8,P15,P13,P7,P15,P11,P3,P15,P9,P15,P13,P7,P15,P12,P5,P15,P10,P15
grating,225,1.90,P0|P1|P2|P3|P4|P5|P6|P7|P8|P9|P10|P11|P12|P13|P14|P15,0.743687,10,P11,P1,P14,P8,P15,P13,P7,P15,P11,P3,P15,P9,P15,P13,P7,P15,P12,P5,P15,P10
grating,225,1.90,P0|P1|P2|P3|P4|P5|P6|P7|P8|P9|P10|P11|P12|P13|P14|P15,0.743687,11,P15,P11,P1,P14,P8,P15,P13,P7,P15,P11,P3,P15,P9,P15,P13,P7,P15,P12,P5,P15
grating,225,1.90,P0|P1|P2|P3|P4|P5|P6|P7|P8|P9|P10|P11|P12|P13|P14|P15,0.743687,12,P7,P15,P11,P1,P14,P8,P15,P13,P7,P15,P11,P3,P15,P9,P15,P13,P7,P15,P12,P5
grating,225,1.90,P0|P1|P2|P3|P4|P5|P6|P7|P8|P9|P10|P11|P12|P13|P14|P15,0.743687,13,P13,P7,P15,P11,P1,P14,P8,P15,P13,P7,P15,P11,P3,P15,P9,P15,P13,P7,P15,P12
grating,225,1.90,P0|P1|P2|P3|P4|P5|P6|P7|P8|P9|P10|P11|P12|P13|P14|P15,0.743687,14,P15,P13,P7,P15,P11,P1,P14,P8,P15,P13,P7,P15,P11,P3,P15,P9,P15,P13,P7,P15
grating,225,1.90,P0|P1|P2|P3|P4|P5|P6|P7|P8|P9|P10|P11|P12|P13|P14|P15,0.743687,15,P8,P15,P13,P7,P15,P11,P1,P14,P8,P15,P13,P7,P15,P11,P3,P15,P9,P15,P13,P7
grating,225,1.90,P0|P1|P2|P3|P4|P5|P6|P7|P8|P9|P10|P11|P12|P13|P14|P15,0.743687,16,P14,P8,P15,P13,P7,P15,P11,P1,P14,P8,P15,P13,P7,P15,P11,P3,P15,P9,P15,P13
grating,225,1.90,P0|P1|P2|P3|P4|P5|P6|P7|P8|P9|P10|P11|P12|P13|P14|P15,0.743687,17,P15,P14,P8,P15,P13,P7,P15,P11,P1,P14,P8,P15,P13,P7,P15,P11,P3,P15,P9,P15
grating,225,1.90,P0|P1|P2|P3|P4|P5|P6|P7|P8|P9|P10|P11|P12|P13|P14|P15,0.743687,18,P11,P15,P14,P8,P15,P13,P7,P15,P11,P1,P14,P8,P15,P13,P7,P15,P11,P3,P15,P9
grating,225,1.90,P0|P1|P2|P3|P4|P5|P6|P7|P8|P9|P10|P11|P12|P13|P14|P15,0.743687,19,P15,P11,P15,P14,P8,P15,P13,P7,P15,P11,P1,P14,P8,P15,P13,P7,P15,P11,P3,P15
grating,45,2.00,P0|P1|P2|P3|P4|P5|P6|P7|P8|P9|P10|P11|P12|P13|P14|P15,0.744030,0,P0,P11,P15,P5,P11,P15,P7,P12,P15,P7,P13,P15,P8,P14,P15,P9,P14,P0,P11,P15
grating,45,2.00,P0|P1|P2|P3|P4|P5|P6|P7|P8|P9|P10|P11|P12|P13|P14|P15,0.744030,1,P14,P0,P11,P15,P5,P11,P15,P7,P12,P15,P7,P13,P15,P8,P14,P15,P9,P14,P0,P11
grating,45,2.00,P0|P1|P2|P3|P4|P5|P6|P7|P8|P9|P10|P11|P12|P13|P14|P15,0.744030,2,P9,P14,P0,P11,P15,P5,P11,P15,P7,P12,P15,P7,P13,P15,P8,P14,P15,P9,P14,P0
grating,45,2.00,P0|P1|P2|P3|P4|P5|P6|P7|P8|P9|P10|P11|P12|P13|P14|P15,0.744030,3,P15,P9,P14,P0,P11,P15,P5,P11,P15,P7,P12,P15,P7,P13,P15,P8,P14,P15,P9,P14
grating,45,2.00,P0|P1|P2|P3|P4|P5|P6|P7|P8|P9|P10|P11|P12|P13|P14|P15,0.744030,4,P14,P15,P9,P14,P0,P11,P15,P5,P11,P15,P7,P12,P15,P7,P13,P15,P8,P14,P15,P9
grating,45,2.00,P0|P1|P2|P3|P4|P5|P6|P7|P8|P9|P10|P11|P12|P13|P14|P15,0.744030,5,P8,P14,P15,P9,P14,P0,P11,P15,P5,P11,P15,P7,P12,P15,P7,P13,P15,P8,P14,P15
grating,45,2.00,P0|P1|P2|P3|P4|P5|P6|P7|P8|P9|P10|P11|P12|P13|P14|P15,0.744030,6,P15,P8,P14,P15,P9,P14,P0,P11,P15,P5,P11,P15,P7,P12,P15,P7,P13,P15,P8,P14
grating,45,2.00,P0|P1|P2|P3|P4|P5|P6|P7|P8|P9|P10|P11|P12|P13|P14|P15,0.744030,7,P13,P15,P8,P14,P15,P9,P14,P0,P11,P15,P5,P11,P15,P7,P12,P15,P7,P13,P15,P8
grating,45,2.00,P0|P1|P2|P3|P4|P5|P6|P7|P8|P9|P10|P11|P12|P13|P14|P15,0.744030,8,P7,P13,P15,P8,P14,P15,P9,P14,P0,P11,P15,P5,P11,P15,P7,P12,P15,P7,P13,P15
grating,45,2.00,P0|P1|P2|P3|P4|P5|P6|P7|P8|P9|P10|P11|P12|P13|P14|P15,0.744030,9,P15,P7,P13,P15,P8,P14,P15,P9,P14,P0,P11,P15,P5,P11,P15,P7,P12,P15,P7,P13
grating,45,2.00,P0|P1|P2|P3|P4|P5|P6|P7|P8|P9|P10|P11|P12|P13|P14|P15,0.744030,10,P12,P15,P7,P13,P15,P8,P14,P15,P9,P14,P0,P11,P15,P5,P11,P15,P7,P12,P15,P7
grating,45,2.00,P0|P1|P2|P3|P4|P5|P6|P7|P8|P9|P10|P11|P12|P13|P14|P15,0.744030,11,P6,P12,P15,P7,P13,P15,P8,P14,P15,P9,P14,P0,P11,P15,P5,P11,P15,P7,P12,P15
grating,45,2.00,P0|P1|P2|P3|P4|P5|P6|P7|P8|P9|P10|P11|P12|P13|P14|P15,0.744030,12,P15,P6,P12,P15,P7,P13,P15,P8,P14,P15,P9,P14,P0,P11,P15,P5,P11,P15,P7,P12
grating,45,2.00,P0|P1|P2|P3|P4|P5|P6|P7|P8|P9|P10|P11|P12|P13|P14|P15,0.744030,13,P11,P15,P6,P12,P15,P7,P13,P15,P8,P14,P15,P9,P14,P0,P11,P15,P5,P11,P15,P7
grating,45,2.00,P0|P1|P2|P3|P4|P5|P6|P7|P8|P9|P10|P11|P12|P13|P14|P15,0.744030,14,P4,P11,P15,P6,P12,P15,P7,P13,P15,P8,P14,P15,P9,P14,P0,P11,P15,P5,P11,P15
grating,45,2.00,P0|P1|P2|P3|P4|P5|P6|P7|P8|P9|P10|P11|P12|P13|P14|P15,0.744030,15,P15,P4,P11,P15,P6,P12,P15,P7,P13,P15,P8,P14,P15,P9,P14,P0,P11,P15,P5,P11
grating,45,2.00,P0|P1|P2|P3|P4|P5|P6|P7|P8|P9|P10|P11|P12|P13|P14|P15,0.744030,16,P10,P15,P4,P11,P15,P6,P12,P15,P7,P13,P15,P8,P14,P15,P9,P14,P0,P11,P15,P5
grating,45,2.00,P0|P1|P2|P3|P4|P5|P6|P7|P8|P9|P10|P11|P12|P13|P14|P15,0.744030,17,P15,P10,P15,P4,P11,P15,P6,P12,P15,P7,P13,P15,P8,P14,P15,P9,P14,P0,P11,P15
grating,45,2.00,P0|P1|P2|P3|P4|P5|P6|P7|P8|P9|P10|P11|P12|P13|P14|P15,0.744030,18,P14,P15,P10,P15,P4,P11,P15,P6,P12,P15,P7,P13,P15,P8,P14,P15,P9,P14,P0,P11
grating,45,2.00,P0|P1|P2|P3|P4|P5|P6|P7|P8|P9|P10|P11|P12|P13|P14|P15,0.744030,19,P9,P14,P15,P10,P15,P4,P11,P15,P6,P12,P15,P7,P13,P15,P8,P14,P15,P9,P14,P0
grating,225,2.00,P0|P1|P2|P3|P4|P5|P6|P7|P8|P9|P10|P11|P12|P13|P14|P15,0.744030,0,P9,P15,P14,P8,P15,P13,P7,P15,P12,P6,P15,P11,P3,P15,P10,P15,P14,P8,P15,P14
grating,225,2.00,P0|P1|P2|P3|P4|P5|P6|P7|P8|P9|P10|P11|P12|P13|P14|P15,0.744030,1,P14,P9,P15,P14,P8,P15,P13,P7,P15,P12,P6,P15,P11,P3,P15,P10,P15,P14,P8,P15
grating,225,2.00,P0|P1|P2|P3|P4|P5|P6|P7|P8|P9|P10|P11|P12|P13|P14|P15,0.744030,2,P15,P14,P9,P15,P14,P8,P15,P13,P7,P15,P12,P6,P15,P11,P3,P15,P10,P15,P14,P8
grating,225,2.00,P0|P1|P2|P3|P4|P5|P6|P7|P8|P9|P10|P11|P12|P13|P14|P15,0.744030,3,P10,P15,P14,P9,P15,P14,P8,P15,P13,P7,P15,P12,P6,P15,P11,P3,P15,P10,P15,P14
grating,225,2.00,P0|P1|P2|P3|P4|P5|P6|P7|P8|P9|P10|P11|P12|P13|P14|P15,0.744030,4,P15,P10,P15,P14,P9,P15,P14,P8,P15,P13,P7,P15,P12,P6,P15,P11,P3,P15,P10,P15
grating,225,2.00,P0|P1|P2|P3|P4|P5|P6|P7|P8|P9|P10|P11|P12|P13|P14|P15,0.744030,5,P4,P15,P10,P15,P14,P9,P15,P14,P8,P15,P13,P7,P15,P12,P6,P15,P11,P3,P15,P10
grating,225,2.00,P0|P1|P2|P3|P4|P5|P6|P7|P8|P9|P10|P11|P12|P13|P14|P15,0.744030,6,P11,P4,P15,P10,P15,P14,P9,P15,P14,P8,P15,P13,P7,P15,P12,P6,P15,P11,P3,P15
grating,225,2.00,P0|P1|P2|P3|P4|P5|P6|P7|P8|P9|P10|P11|P12|P13|P14|P15,0.744030,7,P15,P11,P4,P15,P10,P15,P14,P9,P15,P14,P8,P15,P13,P7,P15,P12,P6,P15,P11,P3
grating,225,2.00,P0|P1|P2|P3|P4|P5|P6|P7|P8|P9|P10|P11|P12|P13|P14|P15,0.744030,8,P6,P15,P11,P4,P15,P10,P15,P14,P9,P15,P14,P8,P15,P13,P7,P15,P12,P6,P15,P11
grating,225,2.00,P0|P1|P2|P3|P4|P5|P6|P7|P8|P9|P10|P11|P12|P13|P14|P15,0.744030,9,P12,P6,P15,P11,P4,P15,P10,P15,P14,P9,P15,P14,P8,P15,P13,P7,P15,P12,P6,P15
grating,225,2.00,P0|P1|P2|P3|P4|P5|P6|P7|P8|P9|P10|P11|P12|P13|P14|P15,0.744030,10,P15,P12,P6,P15,P11,P4,P15,P10,P15,P14,P9,P15,P14,P8,P15,P13,P7,P15,P12,P6
grating,225,2.00,P0|P1|P2|P3|P4|P5|P6|P7|P8|P9|P10|P11|P12|P13|P14|P15,0.744030,11,P7,P15,P12,P6,P15,P11,P4,P15,P10,P15,P14,P9,P15,P14,P8,P15,P13,P7,P15,P12
grating,225,2.00,P0|P1|P2|P3|P4|P5|P6|P7|P8|P9|P10|P11|P12|P13|P14|P15,0.744030,12,P13,P7,P15,P12,P6,P15,P11,P4,P15,P10,P15,P14,P9,P15,P14,P8,P15,P13,P7,P15
grating,225,2.00,P0|P1|P2|P3|P4|P5|P6|P7|P8|P9|P10|P11|P12|P13|P14|P15,0.744030,13,P15,P13,P7,P15,P12,P6,P15,P11,P4,P15,P10,P15,P14,P9,P15,P14,P8,P15,P13,P7
grating,225,2.00,P0|P1|P2|P3|P4|P5|P6|P7|P8|P9|P10|P11|P12|P13|P14|P15,0.744030,14,P8,P15,P13,P7,P15,P12,P6,P15,P11,P4,P15,P10,P15,P14,P9,P15,P14,P8,P15,P13
grating,225,2.00,P0|P1|P2|P3|P4|P5|P6|P7|P8|P9|P10|P11|P12|P13|P14|P15,0.744030,15,P14,P8,P15,P13,P7,P15,P12,P6,P15,P11,P4,P15,P10,P15,P14,P9,P15,P14,P8,P15
grating,225,2.00,P0|P1|P2|P3|P4|P5|P6|P7|P8|P9|P10|P11|P12|P13|P14|P15,0.744030,16,P15,P14,P8,P15,P13,P7,P15,P12,P6,P15,P11,P4,P15,P10,P15,P14,P9,P15,P14,P8
grating,225,2.00,P0|P1|P2|P3|P4|P5|P6|P7|P8|P9|P10|P11|P12|P13|P14|P15,0.744030,17,P9,P15,P14,P8,P15,P13,P7,P15,P12,P6,P15,P11,P4,P15,P10,P15,P14,P9,P15,P14
grating,225,2.00,P0|P1|P2|P3|P4|P5|P6|P7|P8|P9|P10|P11|P12|P13|P14|P15,0.744030,18,P14,P9,P15,P14,P8,P15,P13,P7,P15,P12,P6,P15,P11,P4,P15,P10,P15,P14,P9,P15
grating,225,2.00,P0|P1|P2|P3|P4|P5|P6|P7|P8|P9|P10|P11|P12|P13|P14|P15,0.744030,19,P0,P14,P9,P15,P14,P8,P15,P13,P7,P15,P12,P6,P15,P11,P4,P15,P10,P15,P14,P9
grating,45,2.10,P0|P1|P2|P3|P4|P5|P6|P7|P8|P9|P10|P11|P12|P13|P14|P15,0.744256,0,P0,P10,P15,P0,P10,P15,P1,P11,P15,P2,P11,P15,P3,P11,P15,P4,P11,P15,P5,P11
grating,45,2.10,P0|P1|P2|P3|P4|P5|P6|P7|P8|P9|P10|P11|P12|P13|P14|P15,0.744256,1,P15,P0,P10,P15,P0,P10,P15,P1,P11,P15,P2,P11,P15,P3,P11,P15,P4,P11,P15,P5
grating,45,2.10,P0|P1|P2|P3|P4|P5|P6|P7|P8|P9|P10|P11|P12|P13|P14|P15,0.744256,2,P10,P15,P0,P10,P15,P0,P10,P15,P1,P11,P15,P2,P11,P15,P3,P11,P15,P4,P11,P15
grating,45,2.10,P0|P1|P2|P3|P4|P5|P6|P7|P8|P9|P10|P11|P12|P13|P14|P15,0.744256,3,P15,P10,P15,P0,P10,P15,P0,P10,P15,P1,P11,P15,P2,P11,P15,P3,P11,P15,P4,P11
grating,45,2.10,P0|P1|P2|P3|P4|P5|P6|P7|P8|P9|P10|P11|P12|P13|P14|P15,0.744256,4,P14,P15,P10,P15,P0,P10,P15,P0,P10,P15,P1,P11,P15,P2,P11,P15,P3,P11,P15,P4
grating,45,2.10,P0|P1|P2|P3|P4|P5|P6|P7|P8|P9|P10|P11|P12|P13|P14|P15,0.744256,5,P10,P14,P15,P10,P15,P0,P10,P15,P0,P10,P15,P1,P11,P15,P2,P11,P15,P3,P11,P15
grating,45,2.10,P0|P1|P2|P3|P4|P5|P6|P7|P8|P9|P10|P11|P12|P13|P14|P15,0.744256,6,P15,P10,P14,P15,P10,P15,P0,P10,P15,P0,P10,P15,P1,P11,P15,P2,P11,P15,P3,P11
grating,45,2.10,P0|P1|P2|P3|P4|P5|P6|P7|P8|P9|P10|P11|P12|P13|P14|P15,0.744256,7,P14,P15,P10,P14,P15,P10,P15,P0,P10,P15,P0,P10,P15,P1,P11,P15,P2,P11,P15,P3
grating,45,2.10,P0|P1|P2|P3|P4|P5|P6|P7|P8|P9|P10|P11|P12|P13|P14|P15,0.744256,8,P10,P14,P15,P10,P14,P15,P10,P15,P0,P10,P15,P0,P10,P15,P1,P11,P15,P2,P11,P15
grating,45,2.10,P0|P1|P2|P3|P4|P5|P6|P7|P8|P9|P10|P11|P12|P13|P14|P15,0.744256,9,P15,P10,P14,P15,P10,P14,P15,P10,P15,P0,P10,P15,P0,P10,P15,P1,P11,P15,P2,P11
grating,45,2.10,P0|P1|P2|P3|P4|P5|P6|P7|P8|P9|P10|P11|P12|P13|P14|P15,0.744256,10,P14,P15,P10,P14,P15,P10,P14,P15,P10,P15,P0,P10,P15,P0,P10,P15,P1,P11,P15,P2
grating,45,2.10,P0|P1|P2|P3|P4|P5|P6|P7|P8|P9|P10|P11|P12|P13|P14|P15,0.744256,11,P9,P14,P15,P10,P14,P15,P10,P14,P15,P10,P15,P0,P10,P15,P0,P10,P15,P1,P11,P15
grating,45,2.10,P0|P1|P2|P3|P4|P5|P6|P7|P8|P9|P10|P11|P12|P13|P14|P15,0.744256,12,P15,P9,P14,P15,P10,P14,P15,P10,P14,P15,P10,P15,P0,P10,P15,P0,P10,P15,P1,P11
grating,45,2.10,P0|P1|P2|P3|P4|P5|P6|P7|P8|P9|P10|P11|P12|P13|P14|P15,0.744256,13,P14,P15,P9,P14,P15,P10,P14,P15,P10,P14,P15,P10,P15,P0,P10,P15,P0,P10,P15,P1
grating,45,2.10,P0|P1|P2|P3|P4|P5|P6|P7|P8|P9|P10|P11|P12|P13|P14|P15,0.744256,14,P9,P14,P15,P9,P14,P15,P10,P14,P15,P10,P14,P15,P10,P15,P0,P10,P15,P0,P10,P15
grating,45,2.10,P0|P1|P2|P3|P4|P5|P6|P7|P8|P9|P10|P11|P12|P13|P14|P15,0.744256,15,P15,P9,P14,P15,P9,P14,P15,P10,P14,P15,P10,P14,P15,P10,P15,P0,P10,P15,P0,P10
grating,45,2.10,P0|P1|P2|P3|P4|P5|P6|P7|P8|P9|P10|P11|P12|P13|P14|P15,0.744256,16,P14,P15,P9,P14,P15,P9,P14,P15,P10,P14,P15,P10,P14,P15,P10,P15,P0,P10,P15,P0
grating,45,2.10,P0|P1|P2|P3|P4|P5|P6|P7|P8|P9|P10|P11|P12|P13|P14|P15,0.744256,17,P8,P14,P15,P9,P14,P15,P9,P14,P15,P10,P14,P15,P10,P14,P15,P10,P15,P0,P10,P15
grating,45,2.10,P0|P1|P2|P3|P4|P5|P6|P7|P8|P9|P10|P11|P12|P13|P14|P15,0.744256,18,P15,P8,P14,P15,P9,P14,P15,P9,P14,P15,P10,P14,P15,P10,P14,P15,P10,P15,P0,P10
grating,45,2.10,P0|P1|P2|P3|P4|P5|P6|P7|P8|P9|P10|P11|P12|P13|P14|P15,0.744256,19,P14,P15,P8,P14,P15,P9,P14,P15,P9,P14,P15,P10,P14,P15,P10,P14,P15,P10,P15,P0
grating,225,2.10,P0|P1|P2|P3|P4|P5|P6|P7|P8|P9|P10|P11|P12|P13|P14|P15,0.744256,0,P15,P13,P8,P15,P13,P8,P15,P13,P7,P15,P13,P7,P15,P13,P7,P15,P13,P7,P15,P13
grating,225,2.10,P0|P1|P2|P3|P4|P5|P6|P7|P8|P9|P10|P11|P12|P13|P14|P15,0.744256,1,P8,P15,P13,P8,P15,P13,P8,P15,P13,P7,P15,P13,P7,P15,P13,P7,P15,P13,P7,P15
grating,225,2.10,P0|P1|P2|P3|P4|P5|P6|P7|P8|P9|P10|P11|P12|P13|P14|P15,0.744256,2,P14,P8,P15,P13,P8,P15,P13,P8,P15,P13,P7,P15,P13,P7,P15,P13,P7,P15,P13,P7
grating,225,2.10,P0|P1|P2|P3|P4|P5|P6|P7|P8|P9|P10|P11|P12|P13|P14|P15,0.744256,3,P15,P14,P8,P15,P13,P8,P15,P13,P8,P15,P13,P7,P15,P13,P7,P15,P13,P7,P15,P13
grating,225,2.10,P0|P1|P2|P3|P4|P5|P6|P7|P8|P9|P10|P11|P12|P13|P14|P15,0.744256,4,P8,P15,P14,P8,P15,P13,P8,P15,P13,P8,P15,P13,P7,P15,P13,P7,P15,P13,P7,P15
grating,225,2.10,P0|P1|P2|P3|P4|P5|P6|P7|P8|P9|P10|P11|P12|P13|P14|P15,0.744256,5,P14,P8,P15,P14,P8,P15,P13,P8,P15,P13,P8,P15,P13,P7,P15,P13,P7,P15,P13,P7
grating,225,2.10,P0|P1|P2|P3|P4|P5|P6|P7|P8|P9|P10|P11|P12|P13|P14|P15,0.744256,6,P15,P14,P8,P15,P14,P8,P15,P13,P8,P15,P13,P8,P15,P13,P7,P15,P13,P7,P15,P13
grating,225,2.10,P0|P1|P2|P3|P4|P5|P6|P7|P8|P9|P10|P11|P12|P13|P14|P15,0.744256,7,P8,P15,P14,P8,P15,P14,P8,P15,P13,P8,P15,P13,P8,P15,P13,P7,P15,P13,P7,P15
grating,225,2.10,P0|P1|P2|P3|P4|P5|P6|P7|P8|P9|P10|P11|P12|P13|P14|P15,0.744256,8,P14,P8,P15,P14,P8,P15,P14,P8,P15,P13,P8,P15,P13,P8,P15,P13,P7,P15,P13,P7
grating,225,2.10,P0|P1|P2|P3|P4|P5|P6|P7|P8|P9|P10|P11|P12|P13|P14|P15,0.744256,9,P15,P14,P8,P15,P14,P8,P15,P14,P8,P15,P13,P8,P15,P13,P8,P15,P13,P7,P15,P13
grating,225,2.10,P0|P1|P2|P3|P4|P5|P6|P7|P8|P9|P10|P11|P12|P13|P14|P15,0.744256,10,P8,P15,P14,P8,P15,P14,P8,P15,P14,P8,P15,P13,P8,P15,P13,P8,P15,P13,P7,P15
grating,225,2.10,P0|P1|P2|P3|P4|P5|P6|P7|P8|P9|P10|P11|P12|P13|P14|P15,0.744256,11,P14,P8,P15,P14,P8,P15,P14,P8,P15,P14,P8,P15,P13,P8,P15,P13,P8,P15,P13,P7
grating,225,2.10,P0|P1|P2|P3|P4|P5|P6|P7|P8|P9|P10|P11|P12|P13|P14|P15,0.744256,12,P15,P14,P8,P15,P14,P8,P15,P14,P8,P15,P14,P8,P15,P13,P8,P15,P13,P8,P15,P13
grating,225,2.10,P0|P1|P2|P3|P4|P5|P6|P7|P8|P9|P10|P11|P12|P13|P14|P15,0.744256,13,P8,P15,P14,P8,P15,P14,P8,P15,P14,P8,P15,P14,P8,P15,P13,P8,P15,P13,P8,P15
grating,225,2.10,P0|P1|P2|P3|P4|P5|P6|P7|P8|P9|P10|P11|P12|P13|P14|P15,0.744256,14,P14,P8,P15,P14,P8,P15,P14,P8,P15,P14,P8,P15,P14,P8,P15,P13,P8,P15,P13,P8
grating,225,2.10,P0|P1|P2|P3|P4|P5|P6|P7|P8|P9|P10|P11|P12|P13|P14|P15,0.744256,15,P15,P14,P8,P15,P14,P8,P15,P14,P8,P15,P14,P8,P15,P14,P8,P15,P13,P8,P15,P13
grating,225,2.10,P0|P1|P2|P3|P4|P5|P6|P7|P8|P9|P10|P11|P12|P13|P14|P15,0.744256,16,P8,P15,P14,P8,P15,P14,P8,P15,P14,P8,P15,P14,P8,P15,P14,P8,P15,P13,P8,P15
grating,225,2.10,P0|P1|P2|P3|P4|P5|P6|P7|P8|P9|P10|P11|P12|P13|P14|P15,0.744256,17,P14,P8,P15,P14,P8,P15,P14,P8,P15,P14,P8,P15,P14,P8,P15,P14,P8,P15,P13,P8
grating,225,2.10,P0|P1|P2|P3|P4|P5|P6|P7|P8|P9|P10|P11|P12|P13|P14|P15,0.744256,18,P15,P14,P8,P15,P14,P8,P15,P14,P8,P15,P14,P8,P15,P14,P8,P15,P14,P8,P15,P13
grating,225,2.10,P0|P1|P2|P3|P4|P5|P6|P7|P8|P9|P10|P11|P12|P13|P14|P15,0.744256,19,P9,P15,P14,P8,P15,P14,P8,P15,P14,P8,P15,P14,P8,P15,P14,P8,P15,P14,P8,P15
grating,45,2.20,P0|P1|P2|P3|P4|P5|P6|P7|P8|P9|P10|P11|P12|P13|P14|P15,0.742043,0,P0,P10,P14,P15,P9,P14,P15,P8,P14,P15,P8,P13,P15,P7,P13,P15,P7,P12,P15,P6
grating,45,2.20,P0|P1|P2|P3|P4|P5|P6|P7|P8|P9|P10|P11|P12|P13|P14|P15,0.742043,1,P15,P0,P10,P14,P15,P9,P14,P15,P8,P14,P15,P8,P13,P15,P7,P13,P15,P7,P12,P15
grating,45,2.20,P0|P1|P2|P3|P4|P5|P6|P7|P8|P9|P10|P11|P12|P13|P14|P15,0.742043,2,P11,P15,P0,P10,P14,P15,P9,P14,P15,P8,P14,P15,P8,P13,P15,P7,P13,P15,P7,P12
grating,45,2.20,P0|P1|P2|P3|P4|P5|P6|P7|P8|P9|P10|P11|P12|P13|P14|P15,0.742043,3,P3,P11,P15,P0,P10,P14,P15,P9,P14,P15,P8,P14,P15,P8,P13,P15,P7,P13,P15,P7
grating,45,2.20,P0|P1|P2|P3|P4|P5|P6|P7|P8|P9|P10|P11|P12|P13|P14|P15,0.742043,4,P15,P3,P11,P15,P0,P10,P14,P15,P9,P14,P15,P8,P14,P15,P8,P13,P15,P7,P13,P15
grating,45,2.20,P0|P1|P2|P3|P4|P5|P6|P7|P8|P9|P10|P11|P12|P13|P14|P15,0.742043,5,P11,P15,P3,P11,P15,P0,P10,P14,P15,P9,P14,P15,P8,P14,P15,P8,P13,P15,P7,P13
grating,45,2.20,P0|P1|P2|P3|P4|P5|P6|P7|P8|P9|P10|P11|P12|P13|P14|P15,0.742043,6,P5,P11,P15,P3,P11,P15,P0,P10,P14,P15,P9,P14,P15,P8,P14,P15,P8,P13,P15,P7
grating,45,2.20,P0|P1|P2|P3|P4|P5|P6|P7|P8|P9|P10|P11|P12|P13|P14|P15,0.742043,7,P15,P5,P11,P15,P3,P11,P15,P0,P10,P14,P15,P9,P14,P15,P8,P14,P15,P8,P13,P15
grating,45,2.20,P0|P1|P2|P3|P4|P5|P6|P7|P8|P9|P10|P11|P12|P13|P14|P15,0.742043,8,P12,P15,P5,P11,P15,P3,P11,P15,P0,P10,P14,P15,P9,P14,P15,P8,P14,P15,P8,P13
grating,45,2.20,P0|P1|P2|P3|P4|P5|P6|P7|P8|P9|P10|P11|P12|P13|P14|P15,0.742043,9,P6,P12,P15,P5,P11,P15,P3,P11,P15,P0,P10,P14,P15,P9,P14,P15,P8,P14,P15,P8
grating,45,2.20,P0|P1|P2|P3|P4|P5|P6|P7|P8|P9|P10|P11|P12|P13|P14|P15,0.742043,10,P15,P6,P12,P15,P5,P11,P15,P3,P11,P15,P0,P10,P14,P15,P9,P14,P15,P8,P14,P15
grating,45,2.20,P0|P1|P2|P3|P4|P5|P6|P7|P8|P9|P10|P11|P12|P13|P14|P15,0.742043,11,P12,P15,P6,P12,P15,P5,P11,P15,P3,P11,P15,P0,P10,P14,P15,P9,P14,P15,P8,P14
grating,45,2.20,P0|P1|P2|P3|P4|P5|P6|P7|P8|P9|P10|P11|P12|P13|P14|P15,0.742043,12,P7,P12,P15,P6,P12,P15,P5,P11,P15,P3,P11,P15,P0,P10,P14,P15,P9,P14,P15,P8
grating,45,2.20,P0|P1|P2|P3|P4|P5|P6|P7|P8|P9|P10|P11|P12|P13|P14|P15,0.742043,13,P15,P7,P12,P15,P6,P12,P15,P5,P11,P15,P3,P11,P15,P0,P10,P14,P15,P9,P14,P15
grating,45,2.20,P0|P1|P2|P3|P4|P5|P6|P7|P8|P9|P10|P11|P12|P13|P14|P15,0.742043,14,P13,P15,P7,P12,P15,P6,P12,P15,P5,P11,P15,P3,P11,P15,P0,P10,P14,P15,P9,P14
grating,45,2.20,P0|P1|P2|P3|P4|P5|P6|P7|P8|P9|P10|P11|P12|P13|P14|P15,0.742043,15,P7,P13,P15,P7,P12,P15,P6,P12,P15,P5,P11,P15,P3,P11,P15,P0,P10,P14,P15,P9
grating,45,2.20,P0|P1|P2|P3|P4|P5|P6|P7|P8|P9|P10|P11|P12|P13|P14|P15,0.742043,16,P15,P7,P13,P15,P7,P12,P15,P6,P12,P15,P5,P11,P15,P3,P11,P15,P0,P10,P14,P15
grating,45,2.20,P0|P1|P2|P3|P4|P5|P6|P7|P8|P9|P10|P11|P12|P13|P14|P15,0.742043,17,P13,P15,P7,P13,P15,P7,P12,P15,P6,P12,P15,P5,P11,P15,P3,P11,P15,P0,P10,P14
grating,45,2.20,P0|P1|P2|P3|P4|P5|P6|P7|P8|P9|P10|P11|P12|P13|P14|P15,0.742043,18,P8,P13,P15,P7,P13,P15,P7,P12,P15,P6,P12,P15,P5,P11,P15,P3,P11,P15,P0,P10
grating,45,2.20,P0|P1|P2|P3|P4|P5|P6|P7|P8|P9|P10|P11|P12|P13|P14|P15,0.742043,19,P15,P8,P13,P15,P7,P13,P15,P7,P12,P15,P6,P12,P15,P5,P11,P15,P3,P11,P15,P0
grating,225,2.20,P0|P1|P2|P3|P4|P5|P6|P7|P8|P9|P10|P11|P12|P13|P14|P15,0.742043,0,P10,P2,P15,P11,P5,P15,P12,P6,P15,P12,P7,P15,P13,P7,P15,P13,P8,P15,P14,P8
grating,225,2.20,P0|P1|P2|P3|P4|P5|P6|P7|P8|P9|P10|P11|P12|P13|P14|P15,0.742043,1,P15,P10,P2,P15,P11,P5,P15,P12,P6,P15,P12,P7,P15,P13,P7,P15,P13,P8,P15,P14
grating,225,2.20,P0|P1|P2|P3|P4|P5|P6|P7|P8|P9|P10|P11|P12|P13|P14|P15,0.742043,2,P15,P15,P10,P2,P15,P11,P5,P15,P12,P6,P15,P12,P7,P15,P13,P7,P15,P13,P8,P15
grating,225,2.20,P0|P1|P2|P3|P4|P5|P6|P7|P8|P9|P10|P11|P12|P13|P14|P15,0.742043,3,P10,P15,P15,P10,P2,P15,P11,P5,P15,P12,P6,P15,P12,P7,P15,P13,P7,P15,P13,P8
grating,225,2.20,P0|P1|P2|P3|P4|P5|P6|P7|P8|P9|P10|P11|P12|P13|P14|P15,0.742043,4,P14,P10,P15,P15,P10,P2,P15,P11,P5,P15,P12,P6,P15,P12,P7,P15,P13,P7,P15,P13
grating,225,2.20,P0|P1|P2|P3|P4|P5|P6|P7|P8|P9|P10|P11|P12|P13|P14|P15,0.742043,5,P15,P14,P10,P15,P15,P10,P2,P15,P11,P5,P15,P12,P6,P15,P12,P7,P15,P13,P7,P15
grating,225,2.20,P0|P1|P2|P3|P4|P5|P6|P7|P8|P9|P10|P11|P12|P13|P14|P15,0.742043,6,P9,P15,P14,P10,P15,P15,P10,P2,P15,P11,P5,P15,P12,P6,P15,P12,P7,P15,P13,P7
grating,225,2.20,P0|P1|P2|P3|P4|P5|P6|P7|P8|P9|P10|P11|P12|P13|P14|P15,0.742043,7,P14,P9,P15,P14,P10,P15,P15,P10,P2,P15,P11,P5,P15,P12,P6,P15,P12,P7,P15,P13
grating,225,2.20,P0|P1|P2|P3|P4|P5|P6|P7|P8|P9|P10|P11|P12|P13|P14|P15,0.742043,8,P15,P14,P9,P15,P14,P10,P15,P15,P10,P2,P15,P11,P5,P15,P12,P6,P15,P12,P7,P15
grating,225,2.20,P0|P1|P2|P3|P4|P5|P6|P7|P8|P9|P10|P11|P12|P13|P14|P15,0.742043,9,P8,P15,P14,P9,P15,P14,P10,P15,P15,P10,P2,P15,P11,P5,P15,P12,P6,P15,P12,P7
grating,225,2.20,P0|P1|P2|P3|P4|P5|P6|P7|P8|P9|P10|P11|P12|P13|P14|P15,0.742043,10,P14,P8,P15,P14,P9,P15,P14,P10,P15,P15,P10,P2,P15,P11,P5,P15,P12,P6,P15,P12
grating,225,2.20,P0|P1|P2|P3|P4|P5|P6|P7|P8|P9|P10|P11|P12|P13|P14|P15,0.742043,11,P15,P14,P8,P15,P14,P9,P15,P14,P10,P15,P15,P10,P2,P15,P11,P5,P15,P12,P6,P15
grating,225,2.20,P0|P1|P2|P3|P4|P5|P6|P7|P8|P9|P10|P11|P12|P13|P14|P15,0.742043,12,P8,P15,P14,P8,P15,P14,P9,P15,P14,P10,P15,P15,P10,P2,P15,P11,P5,P15,P12,P6
grating,225,2.20,P0|P1|P2|P3|P4|P5|P6|P7|P8|P9|P10|P11|P12|P13|P14|P15,0.742043,13,P13,P8,P15,P14,P8,P15,P14,P9,P15,P14,P10,P15,P15,P10,P2,P15,P11,P5,P15,P12
grating,225,2.20,P0|P1|P2|P3|P4|P5|P6|P7|P8|P9|P10|P11|P12|P13|P14|P15,0.742043,14,P15,P13,P8,P15,P14,P8,P15,P14,P9,P15,P14,P10,P15,P15,P10,P2,P15,P11,P5,P15
grating,225,2.20,P0|P1|P2|P3|P4|P5|P6|P7|P8|P9|P10|P11|P12|P13|P14|P15,0.742043,15,P7,P15,P13,P8,P15,P14,P8,P15,P14,P9,P15,P14,P10,P15,P15,P10,P2,P15,P11,P5
grating,225,2.20,P0|P1|P2|P3|P4|P5|P6|P7|P8|P9|P10|P11|P12|P13|P14|P15,0.742043,16,P13,P7,P15,P13,P8,P15,P14,P8,P15,P14,P9,P15,P14,P10,P15,P15,P10,P2,P15,P11
grating,225,2.20,P0|P1|P2|P3|P4|P5|P6|P7|P8|P9|P10|P11|P12|P13|P14|P15,0.742043,17,P15,P13,P7,P15,P13,P8,P15,P14,P8,P15,P14,P9,P15,P14,P10,P15,P15,P10,P2,P15
grating,225,2.20,P0|P1|P2|P3|P4|P5|P6|P7|P8|P9|P10|P11|P12|P13|P14|P15,0.742043,18,P7,P15,P13,P7,P15,P13,P8,P15,P14,P8,P15,P14,P9,P15,P14,P10,P15,P15,P10,P2
grating,225,2.20,P0|P1|P2|P3|P4|P5|P6|P7|P8|P9|P10|P11|P12|P13|P14|P15,0.742043,19,P12,P7,P15,P13,P7,P15,P13,P8,P15,P14,P8,P15,P14,P9,P15,P14,P10,P15,P15,P10
grating,45,2.30,P0|P1|P2|P3|P4|P5|P6|P7|P8|P9|P10|P11|P12|P13|P14|P15,0.743671,0,P0,P10,P14,P15,P8,P13,P15,P7,P12,P15,P5,P11,P15,P15,P9,P14,P15,P8,P13,P15
grating,45,2.30,P0|P1|P2|P3|P4|P5|P6|P7|P8|P9|P10|P11|P12|P13|P14|P15,0.743671,1,P15,P0,P10,P14,P15,P8,P13,P15,P7,P12,P15,P5,P11,P15,P15,P9,P14,P15,P8,P13
grating,45,2.30,P0|P1|P2|P3|P4|P5|P6|P7|P8|P9|P10|P11|P12|P13|P14|P15,0.743671,2,P11,P15,P0,P10,P14,P15,P8,P13,P15,P7,P12,P15,P5,P11,P15,P15,P9,P14,P15,P8
grating,45,2.30,P0|P1|P2|P3|P4|P5|P6|P7|P8|P9|P10|P11|P12|P13|P14|P15,0.743671,3,P5,P11,P15,P0,P10,P14,P15,P8,P13,P15,P7,P12,P15,P5,P11,P15,P15,P9,P14,P15
grating,45,2.30,P0|P1|P2|P3|P4|P5|P6|P7|P8|P9|P10|P11|P12|P13|P14|P15,0.743671,4,P15,P5,P11,P15,P0,P10,P14,P15,P8,P13,P15,P7,P12,P15,P5,P11,P15,P15,P9,P14
grating,45,2.30,P0|P1|P2|P3|P4|P5|P6|P7|P8|P9|P10|P11|P12|P13|P14|P15,0.743671,5,P12,P15,P5,P11,P15,P0,P10,P14,P15,P8,P13,P15,P7,P12,P15,P5,P11,P15,P15,P9
grating,45,2.30,P0|P1|P2|P3|P4|P5|P6|P7|P8|P9|P10|P11|P12|P13|P14|P15,0.743671,6,P7,P12,P15,P5,P11,P15,P0,P10,P14,P15,P8,P13,P15,P7,P12,P15,P5,P11,P15,P15
grating,45,2.30,P0|P1|P2|P3|P4|P5|P6|P7|P8|P9|P10|P11|P12|P13|P14|P15,0.743671,7,P15,P7,P12,P15,P5,P11,P15,P0,P10,P14,P15,P8,P13,P15,P7,P12,P15,P5,P11,P15
grating,45,2.30,P0|P1|P2|P3|P4|P5|P6|P7|P8|P9|P10|P11|P12|P13|P14|P15,0.743671,8,P13,P15,P7,P12,P15,P5,P11,P15,P0,P10,P14,P15,P8,P13,P15,P7,P12,P15,P5,P11
grating,45,2.30,P0|P1|P2|P3|P4|P5|P6|P7|P8|P9|P10|P11|P12|P13|P14|P15,0.743671,9,P8,P13,P15,P7,P12,P15,P5,P11,P15,P0,P10,P14,P15,P8,P13,P15,P7,P12,P15,P5
grating,45,2.30,P0|P1|P2|P3|P4|P5|P6|P7|P8|P9|P10|P11|P12|P13|P14|P15,0.743671,10,P15,P8,P13,P15,P7,P12,P15,P5,P11,P15,P0,P10,P14,P15,P8,P13,P15,P7,P12,P15
grating,45,2.30,P0|P1|P2|P3|P4|P5|P6|P7|P8|P9|P10|P11|P12|P13|P14|P15,0.743671,11,P14,P15,P8,P13,P15,P7,P12,P15,P5,P11,P15,P0,P10,P14,P15,P8,P13,P15,P7,P12
grating,45,2.30,P0|P1|P2|P3|P4|P5|P6|P7|P8|P9|P10|P11|P12|P13|P14|P15,0.743671,12,P10,P14,P15,P8,P13,P15,P7,P12,P15,P5,P11,P15,P0,P10,P14,P15,P8,P13,P15,P7
grating,45,2.30,P0|P1|P2|P3|P4|P5|P6|P7|P8|P9|P10|P11|P12|P13|P14|P15,0.743671,13,P0,P10,P14,P15,P8,P13,P15,P7,P12,P15,P5,P11,P15,P0,P10,P14,P15,P8,P13,P15
grating,45,2.30,P0|P1|P2|P3|P4|P5|P6|P7|P8|P9|P10|P11|P12|P13|P14|P15,0.743671,14,P15,P0,P10,P14,P15,P8,P13,P15,P7,P12,P15,P5,P11,P15,P0,P10,P14,P15,P8,P13
grating,45,2.30,P0|P1|P2|P3|P4|P5|P6|P7|P8|P9|P10|P11|P12|P13|P14|P15,0.743671,15,P11,P15,P0,P10,P14,P15,P8,P13,P15,P7,P12,P15,P5,P11,P15,P0,P10,P14,P15,P8
grating,45,2.30,P0|P1|P2|P3|P4|P5|P6|P7|P8|P9|P10|P11|P12|P13|P14|P15,0.743671,16,P6,P11,P15,P0,P10,P14,P15,P8,P13,P15,P7,P12,P15,P5,P11,P15,P0,P10,P14,P15
grating,45,2.30,P0|P1|P2|P3|P4|P5|P6|P7|P8|P9|P10|P11|P12|P13|P14|P15,0.743671,17,P15,P6,P11,P15,P0,P10,P14,P15,P8,P13,P15,P7,P12,P15,P5,P11,P15,P0,P10,P14
grating,45,2.30,P0|P1|P2|P3|P4|P5|P6|P7|P8|P9|P10|P11|P12|P13|P14|P15,0.743671,18,P12,P15,P6,P11,P15,P0,P10,P14,P15,P8,P13,P15,P7,P12,P15,P5,P11,P15,P0,P10
grating,45,2.30,P0|P1|P2|P3|P4|P5|P6|P7|P8|P9|P10|P11|P12|P13|P14|P15,0.743671,19,P7,P12,P15,P6,P11,P15,P0,P10,P14,P15,P8,P13,P15,P7,P12,P15,P5,P11,P15,P0
grating,225,2.30,P0|P1|P2|P3|P4|P5|P6|P7|P8|P9|P10|P11|P12|P13|P14|P15,0.743671,0,P13,P8,P15,P14,P10,P0,P15,P11,P6,P15,P12,P7,P15,P13,P8,P15,P14,P10,P1,P15
grating,225,2.30,P0|P1|P2|P3|P4|P5|P6|P7|P8|P9|P10|P11|P12|P13|P14|P15,0.743671,1,P15,P13,P8,P15,P14,P10,P0,P15,P11,P6,P15,P12,P7,P15,P13,P8,P15,P14,P10,P1
grating,225,2.30,P0|P1|P2|P3|P4|P5|P6|P7|P8|P9|P10|P11|P12|P13|P14|P15,0.743671,2,P7,P15,P13,P8,P15,P14,P10,P0,P15,P11,P6,P15,P12,P7,P15,P13,P8,P15,P14,P10
grating,225,2.30,P0|P1|P2|P3|P4|P5|P6|P7|P8|P9|P10|P11|P12|P13|P14|P15,0.743671,3,P12,P7,P15,P13,P8,P15,P14,P10,P0,P15,P11,P6,P15,P12,P7,P15,P13,P8,P15,P14
grating,225,2.30,P0|P1|P2|P3|P4|P5|P6|P7|P8|P9|P10|P11|P12|P13|P14|P15,0.743671,4,P15,P12,P7,P15,P13,P8,P15,P14,P10,P0,P15,P11,P6,P15,P12,P7,P15,P13,P8,P15
grating,225,2.30,P0|P1|P2|P3|P4|P5|P6|P7|P8|P9|P10|P11|P12|P13|P14|P15,0.743671,5,P6,P15,P12,P7,P15,P13,P8,P15,P14,P10,P0,P15,P11,P6,P15,P12,P7,P15,P13,P8
grating,225,2.30,P0|P1|P2|P3|P4|P5|P6|P7|P8|P9|P10|P11|P12|P13|P14|P15,0.743671,6,P11,P6,P15,P12,P7,P15,P13,P8,P15,P14,P10,P0,P15,P11,P6,P15,P12,P7,P15,P13
grating,225,2.30,P0|P1|P2|P3|P4|P5|P6|P7|P8|P9|P10|P11|P12|P13|P14|P15,0.743671,7,P15,P11,P6,P15,P12,P7,P15,P13,P8,P15,P14,P10,P0,P15,P11,P6,P15,P12,P7,P15
grating,225,2.30,P0|P1|P2|P3|P4|P5|P6|P7|P8|P9|P10|P11|P12|P13|P14|P15,0.743671,8,P0,P15,P11,P6,P15,P12,P7,P15,P13,P8,P15,P14,P10,P0,P15,P11,P6,P15,P12,P7
grating,225,2.30,P0|P1|P2|P3|P4|P5|P6|P7|P8|P9|P10|P11|P12|P13|P14|P15,0.743671,9,P10,P0,P15,P11,P6,P15,P12,P7,P15,P13,P8,P15,P14,P10,P0,P15,P11,P6,P15,P12
grating,225,2.30,P0|P1|P2|P3|P4|P5|P6|P7|P8|P9|P10|P11|P12|P13|P14|P15,0.743671,10,P14,P10,P0,P15,P11,P6,P15,P12,P7,P15,P13,P8,P15,P14,P10,P0,P15,P11,P6,P15
grating,225,2.30,P0|P1|P2|P3|P4|P5|P6|P7|P8|P9|P10|P11|P12|P13|P14|P15,0.743671,11,P15,P14,P10,P0,P15,P11,P6,P15,P12,P7,P15,P13,P8,P15,P14,P10,P0,P15,P11,P6
grating,225,2.30,P0|P1|P2|P3|P4|P5|P6|P7|P8|P9|P10|P11|P12|P13|P14|P15,0.743671,12,P8,P15,P14,P10,P0,P15,P11,P6,P15,P12,P7,P15,P13,P8,P15,P14,P10,P0,P15,P11
grating,225,2.30,P0|P1|P2|P3|P4|P5|P6|P7|P8|P9|P10|P11|P12|P13|P14|P15,0.743671,13,P13,P8,P15,P14,P10,P0,P15,P11,P6,P15,P12,P7,P15,P13,P8,P15,P14,P10,P0,P15
grating,225,2.30,P0|P1|P2|P3|P4|P5|P6|P7|P8|P9|P10|P11|P12|P13|P14|P15,0.743671,14,P15,P13,P8,P15,P14,P10,P0,P15,P11,P6,P15,P12,P7,P15,P13,P8,P15,P14,P10,P0
grating,225,2.30,P0|P1|P2|P3|P4|P5|P6|P7|P8|P9|P10|P11|P12|P13|P14|P15,0.743671,15,P7,P15,P13,P8,P15,P14,P10,P0,P15,P11,P6,P15,P12,P7,P15,P13,P8,P15,P14,P10
grating,225,2.30,P0|P1|P2|P3|P4|P5|P6|P7|P8|P9|P10|P11|P12|P13|P14|P15,0.743671,16,P12,P7,P15,P13,P8,P15,P14,P10,P0,P15,P11,P6,P15,P12,P7,P15,P13,P8,P15,P14
grating,225,2.30,P0|P1|P2|P3|P4|P5|P6|P7|P8|P9|P10|P11|P12|P13|P14|P15,0.743671,17,P15,P12,P7,P15,P13,P8,P15,P14,P10,P0,P15,P11,P6,P15,P12,P7,P15,P13,P8,P15
grating,225,2.30,P0|P1|P2|P3|P4|P5|P6|P7|P8|P9|P10|P11|P12|P13|P14|P15,0.743671,18,P6,P15,P12,P7,P15,P13,P8,P15,P14,P10,P0,P15,P11,P6,P15,P12,P7,P15,P13,P8
grating,225,2.30,P0|P1|P2|P3|P4|P5|P6|P7|P8|P9|P10|P11|P12|P13|P14|P15,0.743671,19,P11,P6,P15,P12,P7,P15,P13,P8,P15,P14,P10,P0,P15,P11,P6,P15,P12,P7,P15,P13
grating,45,2.40,P0|P1|P2|P3|P4|P5|P6|P7|P8|P9|P10|P11|P12|P13|P14|P15,0.744074,0,P0,P9,P14,P15,P7,P12,P15,P5,P11,P14,P15,P8,P13,P15,P7,P12,P15,P0,P9,P14
grating,45,2.40,P0|P1|P2|P3|P4|P5|P6|P7|P8|P9|P10|P11|P12|P13|P14|P15,0.744074,1,P15,P0,P9,P14,P15,P7,P12,P15,P5,P11,P14,P15,P8,P13,P15,P7,P12,P15,P0,P9
grating,45,2.40,P0|P1|P2|P3|P4|P5|P6|P7|P8|P9|P10|P11|P12|P13|P14|P15,0.744074,2,P11,P15,P0,P9,P14,P15,P7,P12,P15,P5,P11,P14,P15,P8,P13,P15,P7,P12,P15,P0
grating,45,2.40,P0|P1|P2|P3|P4|P5|P6|P7|P8|P9|P10|P11|P12|P13|P14|P15,0.744074,3,P6,P11,P15,P0,P9,P14,P15,P7,P12,P15,P5,P11,P14,P15,P8,P13,P15,P7,P12,P15
grating,45,2.40,P0|P1|P2|P3|P4|P5|P6|P7|P8|P9|P10|P11|P12|P13|P14|P15,0.744074,4,P15,P6,P11,P15,P0,P9,P14,P15,P7,P12,P15,P5,P11,P14,P15,P8,P13,P15,P7,P12
grating,45,2.40,P0|P1|P2|P3|P4|P5|P6|P7|P8|P9|P10|P11|P12|P13|P14|P15,0.744074,5,P13,P15,P6,P11,P15,P0,P9,P14,P15,P7,P12,P15,P5,P11,P14,P15,P8,P13,P15,P7
grating,45,2.40,P0|P1|P2|P3|P4|P5|P6|P7|P8|P9|P10|P11|P12|P13|P14|P15,0.744074,6,P8,P13,P15,P6,P11,P15,P0,P9,P14,P15,P7,P12,P15,P5,P11,P14,P15,P8,P13,P15
grating,45,2.40,P0|P1|P2|P3|P4|P5|P6|P7|P8|P9|P10|P11|P12|P13|P14|P15,0.744074,7,P15,P8,P13,P15,P6,P11,P15,P0,P9,P14,P15,P7,P12,P15,P5,P11,P14,P15,P8,P13
grating,45,2.40,P0|P1|P2|P3|P4|P5|P6|P7|P8|P9|P10|P11|P12|P13|P14|P15,0.744074,8,P14,P15,P8,P13,P15,P6,P11,P15,P0,P9,P14,P15,P7,P12,P15,P5,P11,P14,P15,P8
grating,45,2.40,P0|P1|P2|P3|P4|P5|P6|P7|P8|P9|P10|P11|P12|P13|P14|P15,0.744074,9,P10,P14,P15,P8,P13,P15,P6,P11,P15,P0,P9,P14,P15,P7,P12,P15,P5,P11,P14,P15
grating,45,2.40,P0|P1|P2|P3|P4|P5|P6|P7|P8|P9|P10|P11|P12|P13|P14|P15,0.744074,10,P4,P10,P14,P15,P8,P13,P15,P6,P11,P15,P0,P9,P14,P15,P7,P12,P15,P5,P11,P14
grating,45,2.40,P0|P1|P2|P3|P4|P5|P6|P7|P8|P9|P10|P11|P12|P13|P14|P15,0.744074,11,P15,P4,P10,P14,P15,P8,P13,P15,P6,P11,P15,P0,P9,P14,P15,P7,P12,P15,P5,P11
grating,45,2.40,P0|P1|P2|P3|P4|P5|P6|P7|P8|P9|P10|P11|P12|P13|P14|P15,0.744074,12,P12,P15,P4,P10,P14,P15,P8,P13,P15,P6,P11,P15,P0,P9,P14,P15,P7,P12,P15,P5
grating,45,2.40,P0|P1|P2|P3|P4|P5|P6|P7|P8|P9|P10|P11|P12|P13|P14|P15,0.744074,13,P7,P12,P15,P4,P10,P14,P15,P8,P13,P15,P6,P11,P15,P0,P9,P14,P15,P7,P12,P15
grating,45,2.40,P0|P1|P2|P3|P4|P5|P6|P7|P8|P9|P10|P11|P12|P13|P14|P15,0.744074,14,P15,P7,P12,P15,P4,P10,P14,P15,P8,P13,P15,P6,P11,P15,P0,P9,P14,P15,P7,P12
grating,45,2.40,P0|P1|P2|P3|P4|P5|P6|P7|P8|P9|P10|P11|P12|P13|P14|P15,0.744074,15,P14,P15,P7,P12,P15,P4,P10,P14,P15,P8,P13,P15,P6,P11,P15,P0,P9,P14,P15,P7
grating,45,2.40,P0|P1|P2|P3|P4|P5|P6|P7|P8|P9|P10|P11|P12|P13|P14|P15,0.744074,16,P9,P14,P15,P7,P12,P15,P4,P10,P14,P15,P8,P13,P15,P6,P11,P15,P0,P9,P14,P15
grating,45,2.40,P0|P1|P2|P3|P4|P5|P6|P7|P8|P9|P10|P11|P12|P13|P14|P15,0.744074,17,P15,P9,P14,P15,P7,P12,P15,P4,P10,P14,P15,P8,P13,P15,P6,P11,P15,P0,P9,P14
grating,45,2.40,P0|P1|P2|P3|P4|P5|P6|P7|P8|P9|P10|P11|P12|P13|P14|P15,0.744074,18,P15,P15,P9,P14,P15,P7,P12,P15,P4,P10,P14,P15,P8,P13,P15,P6,P11,P15,P0,P9
grating,45,2.40,P0|P1|P2|P3|P4|P5|P6|P7|P8|P9|P10|P11|P12|P13|P14|P15,0.744074,19,P11,P15,P15,P9,P14,P15,P7,P12,P15,P4,P10,P14,P15,P8,P13,P15,P6,P11,P15,P0
grating,225,2.40,P0|P1|P2|P3|P4|P5|P6|P7|P8|P9|P10|P11|P12|P13|P14|P15,0.744074,0,P11,P6,P15,P13,P8,P15,P14,P10,P3,P15,P12,P7,P15,P14,P9,P15,P15,P11,P6,P15
grating,225,2.40,P0|P1|P2|P3|P4|P5|P6|P7|P8|P9|P10|P11|P12|P13|P14|P15,0.744074,1,P15,P11,P6,P15,P13,P8,P15,P14,P10,P3,P15,P12,P7,P15,P14,P9,P15,P15,P11,P6
grating,225,2.40,P0|P1|P2|P3|P4|P5|P6|P7|P8|P9|P10|P11|P12|P13|P14|P15,0.744074,2,P15,P15,P11,P6,P15,P13,P8,P15,P14,P10,P3,P15,P12,P7,P15,P14,P9,P15,P15,P11
grating,225,2.40,P0|P1|P2|P3|P4|P5|P6|P7|P8|P9|P10|P11|P12|P13|P14|P15,0.744074,3,P9,P15,P15,P11,P6,P15,P13,P8,P15,P14,P10,P3,P15,P12,P7,P15,P14,P9,P15,P15
grating,225,2.40,P0|P1|P2|P3|P4|P5|P6|P7|P8|P9|P10|P11|P12|P13|P14|P15,0.744074,4,P14,P9,P15,P15,P11,P6,P15,P13,P8,P15,P14,P10,P3,P15,P12,P7,P15,P14,P9,P15
grating,225,2.40,P0|P1|P2|P3|P4|P5|P6|P7|P8|P9|P10|P11|P12|P13|P14|P15,0.744074,5,P15,P14,P9,P15,P15,P11,P6,P15,P13,P8,P15,P14,P10,P3,P15,P12,P7,P15,P14,P9
grating,225,2.40,P0|P1|P2|P3|P4|P5|P6|P7|P8|P9|P10|P11|P12|P13|P14|P15,0.744074,6,P7,P15,P14,P9,P15,P15,P11,P6,P15,P13,P8,P15,P14,P10,P3,P15,P12,P7,P15,P14
grating,225,2.40,P0|P1|P2|P3|P4|P5|P6|P7|P8|P9|P10|P11|P12|P13|P14|P15,0.744074,7,P12,P7,P15,P14,P9,P15,P15,P11,P6,P15,P13,P8,P15,P14,P10,P3,P15,P12,P7,P15
grating,225,2.40,P0|P1|P2|P3|P4|P5|P6|P7|P8|P9|P10|P11|P12|P13|P14|P15,0.744074,8,P15,P12,P7,P15,P14,P9,P15,P15,P11,P6,P15,P13,P8,P15,P14,P10,P3,P15,P12,P7
grating,225,2.40,P0|P1|P2|P3|P4|P5|P6|P7|P8|P9|P10|P11|P12|P13|P14|P15,0.744074,9,P4,P15,P12,P7,P15,P14,P9,P15,P15,P11,P6,P15,P13,P8,P15,P14,P10,P3,P15,P12
grating,225,2.40,P0|P1|P2|P3|P4|P5|P6|P7|P8|P9|P10|P11|P12|P13|P14|P15,0.744074,10,P10,P4,P15,P12,P7,P15,P14,P9,P15,P15,P11,P6,P15,P13,P8,P15,P14,P10,P3,P15
grating,225,2.40,P0|P1|P2|P3|P4|P5|P6|P7|P8|P9|P10|P11|P12|P13|P14|P15,0.744074,11,P14,P10,P4,P15,P12,P7,P15,P14,P9,P15,P15,P11,P6,P15,P13,P8,P15,P14,P10,P3
grating,225,2.40,P0|P1|P2|P3|P4|P5|P6|P7|P8|P9|P10|P11|P12|P13|P14|P15,0.744074,12,P15,P14,P10,P4,P15,P12,P7,P15,P14,P9,P15,P15,P11,P6,P15,P13,P8,P15,P14,P10
grating,225,2.40,P0|P1|P2|P3|P4|P5|P6|P7|P8|P9|P10|P11|P12|P13|P14|P15,0.744074,13,P8,P15,P14,P10,P4,P15,P12,P7,P15,P14,P9,P15,P15,P11,P6,P15,P13,P8,P15,P14
grating,225,2.40,P0|P1|P2|P3|P4|P5|P6|P7|P8|P9|P10|P11|P12|P13|P14|P15,0.744074,14,P13,P8,P15,P14,P10,P4,P15,P12,P7,P15,P14,P9,P15,P15,P11,P6,P15,P13,P8,P15
grating,225,2.40,P0|P1|P2|P3|P4|P5|P6|P7|P8|P9|P10|P11|P12|P13|P14|P15,0.744074,15,P15,P13,P8,P15,P14,P10,P4,P15,P12,P7,P15,P14,P9,P15,P15,P11,P6,P15,P13,P8
grating,225,2.40,P0|P1|P2|P3|P4|P5|P6|P7|P8|P9|P10|P11|P12|P13|P14|P15,0.744074,16,P6,P15,P13,P8,P15,P14,P10,P4,P15,P12,P7,P15,P14,P9,P15,P15,P11,P6,P15,P13
grating,225,2.40,P0|P1|P2|P3|P4|P5|P6|P7|P8|P9|P10|P11|P12|P13|P14|P15,0.744074,17,P11,P6,P15,P13,P8,P15,P14,P10,P4,P15,P12,P7,P15,P14,P9,P15,P15,P11,P6,P15
grating,225,2.40,P0|P1|P2|P3|P4|P5|P6|P7|P8|P9|P10|P11|P12|P13|P14|P15,0.744074,18,P15,P11,P6,P15,P13,P8,P15,P14,P10,P4,P15,P12,P7,P15,P14,P9,P15,P15,P11,P6
grating,225,2.40,P0|P1|P2|P3|P4|P5|P6|P7|P8|P9|P10|P11|P12|P13|P14|P15,0.744074,19,P0,P15,P11,P6,P15,P13,P8,P15,P14,P10,P4,P15,P12,P7,P15,P14,P9,P15,P15,P11
grating,45,2.50,P0|P1|P2|P3|P4|P5|P6|P7|P8|P9|P10|P11|P12|P13|P14|P15,0.743800,0,P0,P9,P14,P15,P7,P11,P15,P15,P8,P13,P15,P6,P11,P15,P15,P8,P13,P15,P6,P11
grating,45,2.50,P0|P1|P2|P3|P4|P5|P6|P7|P8|P9|P10|P11|P12|P13|P14|P15,0.743800,1,P15,P0,P9,P14,P15,P7,P11,P15,P15,P8,P13,P15,P6,P11,P15,P15,P8,P13,P15,P6
grating,45,2.50,P0|P1|P2|P3|P4|P5|P6|P7|P8|P9|P10|P11|P12|P13|P14|P15,0.743800,2,P12,P15,P0,P9,P14,P15,P7,P11,P15,P15,P8,P13,P15,P6,P11,P15,P15,P8,P13,P15
grating,45,2.50,P0|P1|P2|P3|P4|P5|P6|P7|P8|P9|P10|P11|P12|P13|P14|P15,0.743800,3,P7,P12,P15,P0,P9,P14,P15,P7,P11,P15,P15,P8,P13,P15,P6,P11,P15,P15,P8,P13
grating,45,2.50,P0|P1|P2|P3|P4|P5|P6|P7|P8|P9|P10|P11|P12|P13|P14|P15,0.743800,4,P15,P7,P12,P15,P0,P9,P14,P15,P7,P11,P15,P15,P8,P13,P15,P6,P11,P15,P15,P8
grating,45,2.50,P0|P1|P2|P3|P4|P5|P6|P7|P8|P9|P10|P11|P12|P13|P14|P15,0.743800,5,P14,P15,P7,P12,P15,P0,P9,P14,P15,P7,P11,P15,P15,P8,P13,P15,P6,P11,P15,P15
grating,45,2.50,P0|P1|P2|P3|P4|P5|P6|P7|P8|P9|P10|P11|P12|P13|P14|P15,0.743800,6,P9,P14,P15,P7,P12,P15,P0,P9,P14,P15,P7,P11,P15,P15,P8,P13,P15,P6,P11,P15
grating,45,2.50,P0|P1|P2|P3|P4|P5|P6|P7|P8|P9|P10|P11|P12|P13|P14|P15,0.743800,7,P1,P9,P14,P15,P7,P12,P15,P0,P9,P14,P15,P7,P11,P15,P15,P8,P13,P15,P6,P11
grating,45,2.50,P0|P1|P2|P3|P4|P5|P6|P7|P8|P9|P10|P11|P12|P13|P14|P15,0.743800,8,P15,P1,P9,P14,P15,P7,P12,P15,P0,P9,P14,P15,P7,P11,P15,P15,P8,P13,P15,P6
grating,45,2.50,P0|P1|P2|P3|P4|P5|P6|P7|P8|P9|P10|P11|P12|P13|P14|P15,0.743800,9,P12,P15,P1,P9,P14,P15,P7,P12,P15,P0,P9,P14,P15,P7,P11,P15,P15,P8,P13,P15
grating,45,2.50,P0|P1|P2|P3|P4|P5|P6|P7|P8|P9|P10|P11|P12|P13|P14|P15,0.743800,10,P7,P12,P15,P1,P9,P14,P15,P7,P12,P15,P0,P9,P14,P15,P7,P11,P15,P15,P8,P13
grating,45,2.50,P0|P1|P2|P3|P4|P5|P6|P7|P8|P9|P10|P11|P12|P13|P14|P15,0.743800,11,P15,P7,P12,P15,P1,P9,P14,P15,P7,P12,P15,P0,P9,P14,P15,P7,P11,P15,P15,P8
grating,45,2.50,P0|P1|P2|P3|P4|P5|P6|P7|P8|P9|P10|P11|P12|P13|P14|P15,0.743800,12,P14,P15,P7,P12,P15,P1,P9,P14,P15,P7,P12,P15,P0,P9,P14,P15,P7,P11,P15,P15
grating,45,2.50,P0|P1|P2|P3|P4|P5|P6|P7|P8|P9|P10|P11|P12|P13|P14|P15,0.743800,13,P10,P14,P15,P7,P12,P15,P1,P9,P14,P15,P7,P12,P15,P0,P9,P14,P15,P7,P11,P15
grating,45,2.50,P0|P1|P2|P3|P4|P5|P6|P7|P8|P9|P10|P11|P12|P13|P14|P15,0.743800,14,P3,P10,P14,P15,P7,P12,P15,P1,P9,P14,P15,P7,P12,P15,P0,P9,P14,P15,P7,P11
grating,45,2.50,P0|P1|P2|P3|P4|P5|P6|P7|P8|P9|P10|P11|P12|P13|P14|P15,0.743800,15,P15,P3,P10,P14,P15,P7,P12,P15,P1,P9,P14,P15,P7,P12,P15,P0,P9,P14,P15,P7
grating,45,2.50,P0|P1|P2|P3|P4|P5|P6|P7|P8|P9|P10|P11|P12|P13|P14|P15,0.743800,16,P12,P15,P3,P10,P14,P15,P7,P12,P15,P1,P9,P14,P15,P7,P12,P15,P0,P9,P14,P15
grating,45,2.50,P0|P1|P2|P3|P4|P5|P6|P7|P8|P9|P10|P11|P12|P13|P14|P15,0.743800,17,P7,P12,P15,P3,P10,P14,P15,P7,P12,P15,P1,P9,P14,P15,P7,P12,P15,P0,P9,P14
grating,45,2.50,P0|P1|P2|P3|P4|P5|P6|P7|P8|P9|P10|P11|P12|P13|P14|P15,0.743800,18,P15,P7,P12,P15,P3,P10,P14,P15,P7,P12,P15,P1,P9,P14,P15,P7,P12,P15,P0,P9
grating,45,2.50,P0|P1|P2|P3|P4|P5|P6|P7|P8|P9|P10|P11|P12|P13|P14|P15,0.743800,19,P14,P15,P7,P12,P15,P3,P10,P14,P15,P7,P12,P15,P1,P9,P14,P15,P7,P12,P15,P0
grating,225,2.50,P0|P1|P2|P3|P4|P5|P6|P7|P8|P9|P10|P11|P12|P13|P14|P15,0.743800,0,P15,P13,P8,P15,P15,P11,P7,P15,P14,P9,P15,P15,P12,P7,P15,P14,P9,P1,P15,P12
grating,225,2.50,P0|P1|P2|P3|P4|P5|P6|P7|P8|P9|P10|P11|P12|P13|P14|P15,0.743800,1,P6,P15,P13,P8,P15,P15,P11,P7,P15,P14,P9,P15,P15,P12,P7,P15,P14,P9,P1,P15
grating,225,2.50,P0|P1|P2|P3|P4|P5|P6|P7|P8|P9|P10|P11|P12|P13|P14|P15,0.743800,2,P11,P6,P15,P13,P8,P15,P15,P11,P7,P15,P14,P9,P15,P15,P12,P7,P15,P14,P9,P1
grating,225,2.50,P0|P1|P2|P3|P4|P5|P6|P7|P8|P9|P10|P11|P12|P13|P14|P15,0.743800,3,P15,P11,P6,P15,P13,P8,P15,P15,P11,P7,P15,P14,P9,P15,P15,P12,P7,P15,P14,P9
grating,225,2.50,P0|P1|P2|P3|P4|P5|P6|P7|P8|P9|P10|P11|P12|P13|P14|P15,0.743800,4,P15,P15,P11,P6,P15,P13,P8,P15,P15,P11,P7,P15,P14,P9,P15,P15,P12,P7,P15,P14
grating,225,2.50,P0|P1|P2|P3|P4|P5|P6|P7|P8|P9|P10|P11|P12|P13|P14|P15,0.743800,5,P8,P15,P15,P11,P6,P15,P13,P8,P15,P15,P11,P7,P15,P14,P9,P15,P15,P12,P7,P15
grating,225,2.50,P0|P1|P2|P3|P4|P5|P6|P7|P8|P9|P10|P11|P12|P13|P14|P15,0.743800,6,P13,P8,P15,P15,P11,P6,P15,P13,P8,P15,P15,P11,P7,P15,P14,P9,P15,P15,P12,P7
grating,225,2.50,P0|P1|P2|P3|P4|P5|P6|P7|P8|P9|P10|P11|P12|P13|P14|P15,0.743800,7,P15,P13,P8,P15,P15,P11,P6,P15,P13,P8,P15,P15,P11,P7,P15,P14,P9,P15,P15,P12
grating,225,2.50,P0|P1|P2|P3|P4|P5|P6|P7|P8|P9|P10|P11|P12|P13|P14|P15,0.743800,8,P6,P15,P13,P8,P15,P15,P11,P6,P15,P13,P8,P15,P15,P11,P7,P15,P14,P9,P15,P15
grating,225,2.50,P0|P1|P2|P3|P4|P5|P6|P7|P8|P9|P10|P11|P12|P13|P14|P15,0.743800,9,P11,P6,P15,P13,P8,P15,P15,P11,P6,P15,P13,P8,P15,P15,P11,P7,P15,P14,P9,P15
grating,225,2.50,P0|P1|P2|P3|P4|P5|P6|P7|P8|P9|P10|P11|P12|P13|P14|P15,0.743800,10,P14,P11,P6,P15,P13,P8,P15,P15,P11,P6,P15,P13,P8,P15,P15,P11,P7,P15,P14,P9
grating,225,2.50,P0|P1|P2|P3|P4|P5|P6|P7|P8|P9|P10|P11|P12|P13|P14|P15,0.743800,11,P15,P14,P11,P6,P15,P13,P8,P15,P15,P11,P6,P15,P13,P8,P15,P15,P11,P7,P15,P14
grating,225,2.50,P0|P1|P2|P3|P4|P5|P6|P7|P8|P9|P10|P11|P12|P13|P14|P15,0.743800,12,P8,P15,P14,P11,P6,P15,P13,P8,P15,P15,P11,P6,P15,P13,P8,P15,P15,P11,P7,P15
grating,225,2.50,P0|P1|P2|P3|P4|P5|P6|P7|P8|P9|P10|P11|P12|P13|P14|P15,0.743800,13,P13,P8,P15,P14,P11,P6,P15,P13,P8,P15,P15,P11,P6,P15,P13,P8,P15,P15,P11,P7
grating,225,2.50,P0|P1|P2|P3|P4|P5|P6|P7|P8|P9|P10|P11|P12|P13|P14|P15,0.743800,14,P15,P13,P8,P15,P14,P11,P6,P15,P13,P8,P15,P15,P11,P6,P15,P13,P8,P15,P15,P11
grating,225,2.50,P0|P1|P2|P3|P4|P5|P6|P7|P8|P9|P10|P11|P12|P13|P14|P15,0.743800,15,P5,P15,P13,P8,P15,P14,P11,P6,P15,P13,P8,P15,P15,P11,P6,P15,P13,P8,P15,P15
grating,225,2.50,P0|P1|P2|P3|P4|P5|P6|P7|P8|P9|P10|P11|P12|P13|P14|P15,0.743800,16,P11,P5,P15,P13,P8,P15,P14,P11,P6,P15,P13,P8,P15,P15,P11,P6,P15,P13,P8,P15
grating,225,2.50,P0|P1|P2|P3|P4|P5|P6|P7|P8|P9|P10|P11|P12|P13|P14|P15,0.743800,17,P14,P11,P5,P15,P13,P8,P15,P14,P11,P6,P15,P13,P8,P15,P15,P11,P6,P15,P13,P8
grating,225,2.50,P0|P1|P2|P3|P4|P5|P6|P7|P8|P9|P10|P11|P12|P13|P14|P15,0.743800,18,P15,P14,P11,P5,P15,P13,P8,P15,P14,P11,P6,P15,P13,P8,P15,P15,P11,P6,P15,P13
grating,225,2.50,P0|P1|P2|P3|P4|P5|P6|P7|P8|P9|P10|P11|P12|P13|P14|P15,0.743800,19,P7,P15,P14,P11,P5,P15,P13,P8,P15,P14,P11,P6,P15,P13,P8,P15,P15,P11,P6,P15
grating,45,2.60,P0|P1|P2|P3|P4|P5|P6|P7|P8|P9|P10|P11|P12|P13|P14|P15,0.743616,0,P0,P8,P13,P15,P6,P11,P14,P15,P7,P12,P15,P15,P8,P13,P15,P6,P11,P14,P15,P7
grating,45,2.60,P0|P1|P2|P3|P4|P5|P6|P7|P8|P9|P10|P11|P12|P13|P14|P15,0.743616,1,P15,P0,P8,P13,P15,P6,P11,P14,P15,P7,P12,P15,P15,P8,P13,P15,P6,P11,P14,P15
grating,45,2.60,P0|P1|P2|P3|P4|P5|P6|P7|P8|P9|P10|P11|P12|P13|P14|P15,0.743616,2,P12,P15,P0,P8,P13,P15,P6,P11,P14,P15,P7,P12,P15,P15,P8,P13,P15,P6,P11,P14
grating,45,2.60,P0|P1|P2|P3|P4|P5|P6|P7|P8|P9|P10|P11|P12|P13|P14|P15,0.743616,3,P7,P12,P15,P0,P8,P13,P15,P6,P11,P14,P15,P7,P12,P15,P15,P8,P13,P15,P6,P11
grating,45,2.60,P0|P1|P2|P3|P4|P5|P6|P7|P8|P9|P10|P11|P12|P13|P14|P15,0.743616,4,P15,P7,P12,P15,P0,P8,P13,P15,P6,P11,P14,P15,P7,P12,P15,P15,P8,P13,P15,P6
grating,45,2.60,P0|P1|P2|P3|P4|P5|P6|P7|P8|P9|P10|P11|P12|P13|P14|P15,0.743616,5,P14,P15,P7,P12,P15,P0,P8,P13,P15,P6,P11,P14,P15,P7,P12,P15,P15,P8,P13,P15
grating,45,2.60,P0|P1|P2|P3|P4|P5|P6|P7|P8|P9|P10|P11|P12|P13|P14|P15,0.743616,6,P11,P14,P15,P7,P12,P15,P0,P8,P13,P15,P6,P11,P14,P15,P7,P12,P15,P15,P8,P13
grating,45,2.60,P0|P1|P2|P3|P4|P5|P6|P7|P8|P9|P10|P11|P12|P13|P14|P15,0.743616,7,P6,P11,P14,P15,P7,P12,P15,P0,P8,P13,P15,P6,P11,P14,P15,P7,P12,P15,P15,P8
grating,45,2.60,P0|P1|P2|P3|P4|P5|P6|P7|P8|P9|P10|P11|P12|P13|P14|P15,0.743616,8,P15,P6,P11,P14,P15,P7,P12,P15,P0,P8,P13,P15,P6,P11,P14,P15,P7,P12,P15,P15
grating,45,2.60,P0|P1|P2|P3|P4|P5|P6|P7|P8|P9|P10|P11|P12|P13|P14|P15,0.743616,9,P13,P15,P6,P11,P14,P15,P7,P12,P15,P0,P8,P13,P15,P6,P11,P14,P15,P7,P12,P15
grating,45,2.60,P0|P1|P2|P3|P4|P5|P6|P7|P8|P9|P10|P11|P12|P13|P14|P15,0.743616,10,P9,P13,P15,P6,P11,P14,P15,P7,P12,P15,P0,P8,P13,P15,P6,P11,P14,P15,P7,P12
grating,45,2.60,P0|P1|P2|P3|P4|P5|P6|P7|P8|P9|P10|P11|P12|P13|P14|P15,0.743616,11,P0,P9,P13,P15,P6,P11,P14,P15,P7,P12,P15,P0,P8,P13,P15,P6,P11,P14,P15,P7
grating,45,2.60,P0|P1|P2|P3|P4|P5|P6|P7|P8|P9|P10|P11|P12|P13|P14|P15,0.743616,12,P15,P0,P9,P13,P15,P6,P11,P14,P15,P7,P12,P15,P0,P8,P13,P15,P6,P11,P14,P15
grating,45,2.60,P0|P1|P2|P3|P4|P5|P6|P7|P8|P9|P10|P11|P12|P13|P14|P15,0.743616,13,P12,P15,P0,P9,P13,P15,P6,P11,P14,P15,P7,P12,P15,P0,P8,P13,P15,P6,P11,P14
grating,45,2.60,P0|P1|P2|P3|P4|P5|P6|P7|P8|P9|P10|P11|P12|P13|P14|P15,0.743616,14,P7,P12,P15,P0,P9,P13,P15,P6,P11,P14,P15,P7,P12,P15,P0,P8,P13,P15,P6,P11
grating,45,2.60,P0|P1|P2|P3|P4|P5|P6|P7|P8|P9|P10|P11|P12|P13|P14|P15,0.743616,15,P15,P7,P12,P15,P0,P9,P13,P15,P6,P11,P14,P15,P7,P12,P15,P0,P8,P13,P15,P6
grating,45,2.60,P0|P1|P2|P3|P4|P5|P6|P7|P8|P9|P10|P11|P12|P13|P14|P15,0.743616,16,P14,P15,P7,P12,P15,P0,P9,P13,P15,P6,P11,P14,P15,P7,P12,P15,P0,P8,P13,P15
grating,45,2.60,P0|P1|P2|P3|P4|P5|P6|P7|P8|P9|P10|P11|P12|P13|P14|P15,0.743616,17,P11,P14,P15,P7,P12,P15,P0,P9,P13,P15,P6,P11,P14,P15,P7,P12,P15,P0,P8,P13
grating,45,2.60,P0|P1|P2|P3|P4|P5|P6|P7|P8|P9|P10|P11|P12|P13|P14|P15,0.743616,18,P6,P11,P14,P15,P7,P12,P15,P0,P9,P13,P15,P6,P11,P14,P15,P7,P12,P15,P0,P8
grating,45,2.60,P0|P1|P2|P3|P4|P5|P6|P7|P8|P9|P10|P11|P12|P13|P14|P15,0.743616,19,P15,P6,P11,P14,P15,P7,P12,P15,P0,P9,P13,P15,P6,P11,P14,P15,P7,P12,P15,P0
grating,225,2.60,P0|P1|P2|P3|P4|P5|P6|P7|P8|P9|P10|P11|P12|P13|P14|P15,0.743616,0,P15,P13,P8,P15,P15,P11,P7,P15,P14,P10,P3,P15,P13,P8,P15,P15,P11,P7,P15,P14
grating,225,2.60,P0|P1|P2|P3|P4|P5|P6|P7|P8|P9|P10|P11|P12|P13|P14|P15,0.743616,1,P2,P15,P13,P8,P15,P15,P11,P7,P15,P14,P10,P3,P15,P13,P8,P15,P15,P11,P7,P15
grating,225,2.60,P0|P1|P2|P3|P4|P5|P6|P7|P8|P9|P10|P11|P12|P13|P14|P15,0.743616,2,P9,P2,P15,P13,P8,P15,P15,P11,P7,P15,P14,P10,P3,P15,P13,P8,P15,P15,P11,P7
grating,225,2.60,P0|P1|P2|P3|P4|P5|P6|P7|P8|P9|P10|P11|P12|P13|P14|P15,0.743616,3,P14,P9,P2,P15,P13,P8,P15,P15,P11,P7,P15,P14,P10,P3,P15,P13,P8,P15,P15,P11
grating,225,2.60,P0|P1|P2|P3|P4|P5|P6|P7|P8|P9|P10|P11|P12|P13|P14|P15,0.743616,4,P15,P14,P9,P2,P15,P13,P8,P15,P15,P11,P7,P15,P14,P10,P3,P15,P13,P8,P15,P15
grating,225,2.60,P0|P1|P2|P3|P4|P5|P6|P7|P8|P9|P10|P11|P12|P13|P14|P15,0.743616,5,P6,P15,P14,P9,P2,P15,P13,P8,P15,P15,P11,P7,P15,P14,P10,P3,P15,P13,P8,P15
grating,225,2.60,P0|P1|P2|P3|P4|P5|P6|P7|P8|P9|P10|P11|P12|P13|P14|P15,0.743616,6,P11,P6,P15,P14,P9,P2,P15,P13,P8,P15,P15,P11,P7,P15,P14,P10,P3,P15,P13,P8
grating,225,2.60,P0|P1|P2|P3|P4|P5|P6|P7|P8|P9|P10|P11|P12|P13|P14|P15,0.743616,7,P15,P11,P6,P15,P14,P9,P2,P15,P13,P8,P15,P15,P11,P7,P15,P14,P10,P3,P15,P13
grating,225,2.60,P0|P1|P2|P3|P4|P5|P6|P7|P8|P9|P10|P11|P12|P13|P14|P15,0.743616,8,P15,P15,P11,P6,P15,P14,P9,P2,P15,P13,P8,P15,P15,P11,P7,P15,P14,P10,P3,P15
grating,225,2.60,P0|P1|P2|P3|P4|P5|P6|P7|P8|P9|P10|P11|P12|P13|P14|P15,0.743616,9,P8,P15,P15,P11,P6,P15,P14,P9,P2,P15,P13,P8,P15,P15,P11,P7,P15,P14,P10,P3
grating,225,2.60,P0|P1|P2|P3|P4|P5|P6|P7|P8|P9|P10|P11|P12|P13|P14|P15,0.743616,10,P12,P8,P15,P15,P11,P6,P15,P14,P9,P2,P15,P13,P8,P15,P15,P11,P7,P15,P14,P10
grating,225,2.60,P0|P1|P2|P3|P4|P5|P6|P7|P8|P9|P10|P11|P12|P13|P14|P15,0.743616,11,P15,P12,P8,P15,P15,P11,P6,P15,P14,P9,P2,P15,P13,P8,P15,P15,P11,P7,P15,P14
grating,225,2.60,P0|P1|P2|P3|P4|P5|P6|P7|P8|P9|P10|P11|P12|P13|P14|P15,0.743616,12,P1,P15,P12,P8,P15,P15,P11,P6,P15,P14,P9,P2,P15,P13,P8,P15,P15,P11,P7,P15
grating,225,2.60,P0|P1|P2|P3|P4|P5|P6|P7|P8|P9|P10|P11|P12|P13|P14|P15,0.743616,13,P9,P1,P15,P12,P8,P15,P15,P11,P6,P15,P14,P9,P2,P15,P13,P8,P15,P15,P11,P7
grating,225,2.60,P0|P1|P2|P3|P4|P5|P6|P7|P8|P9|P10|P11|P12|P13|P14|P15,0.743616,14,P14,P9,P1,P15,P12,P8,P15,P15,P11,P6,P15,P14,P9,P2,P15,P13,P8,P15,P15,P11
grating,225,2.60,P0|P1|P2|P3|P4|P5|P6|P7|P8|P9|P10|P11|P12|P13|P14|P15,0.743616,15,P15,P14,P9,P1,P15,P12,P8,P15,P15,P11,P6,P15,P14,P9,P2,P15,P13,P8,P15,P15
grating,225,2.60,P0|P1|P2|P3|P4|P5|P6|P7|P8|P9|P10|P11|P12|P13|P14|P15,0.743616,16,P6,P15,P14,P9,P1,P15,P12,P8,P15,P15,P11,P6,P15,P14,P9,P2,P15,P13,P8,P15
grating,225,2.60,P0|P1|P2|P3|P4|P5|P6|P7|P8|P9|P10|P11|P12|P13|P14|P15,0.743616,17,P11,P6,P15,P14,P9,P1,P15,P12,P8,P15,P15,P11,P6,P15,P14,P9,P2,P15,P13,P8
grating,225,2.60,P0|P1|P2|P3|P4|P5|P6|P7|P8|P9|P10|P11|P12|P13|P14|P15,0.743616,18,P14,P11,P6,P15,P14,P9,P1,P15,P12,P8,P15,P15,P11,P6,P15,P14,P9,P2,P15,P13
grating,225,2.60,P0|P1|P2|P3|P4|P5|P6|P7|P8|P9|P10|P11|P12|P13|P14|P15,0.743616,19,P15,P14,P11,P6,P15,P14,P9,P1,P15,P12,P8,P15,P15,P11,P6,P15,P14,P9,P2,P15
grating,45,2.70,P0|P1|P2|P3|P4|P5|P6|P7|P8|P9|P10|P11|P12|P13|P14|P15,0.742066,0,P0,P8,P13,P15,P4,P10,P14,P15,P6,P11,P14,P15,P7,P11,P15,P15,P7,P12,P15,P15
grating,45,2.70,P0|P1|P2|P3|P4|P5|P6|P7|P8|P9|P10|P11|P12|P13|P14|P15,0.742066,1,P15,P0,P8,P13,P15,P4,P10,P14,P15,P6,P11,P14,P15,P7,P11,P15,P15,P7,P12,P15
grating,45,2.70,P0|P1|P2|P3|P4|P5|P6|P7|P8|P9|P10|P11|P12|P13|P14|P15,0.742066,2,P12,P15,P0,P8,P13,P15,P4,P10,P14,P15,P6,P11,P14,P15,P7,P11,P15,P15,P7,P12
grating,45,2.70,P0|P1|P2|P3|P4|P5|P6|P7|P8|P9|P10|P11|P12|P13|P14|P15,0.742066,3,P8,P12,P15,P0,P8,P13,P15,P4,P10,P14,P15,P6,P11,P14,P15,P7,P11,P15,P15,P7
grating,45,2.70,P0|P1|P2|P3|P4|P5|P6|P7|P8|P9|P10|P11|P12|P13|P14|P15,0.742066,4,P15,P8,P12,P15,P0,P8,P13,P15,P4,P10,P14,P15,P6,P11,P14,P15,P7,P11,P15,P15
grating,45,2.70,P0|P1|P2|P3|P4|P5|P6|P7|P8|P9|P10|P11|P12|P13|P14|P15,0.742066,5,P15,P15,P8,P12,P15,P0,P8,P13,P15,P4,P10,P14,P15,P6,P11,P14,P15,P7,P11,P15
grating,45,2.70,P0|P1|P2|P3|P4|P5|P6|P7|P8|P9|P10|P11|P12|P13|P14|P15,0.742066,6,P12,P15,P15,P8,P12,P15,P0,P8,P13,P15,P4,P10,P14,P15,P6,P11,P14,P15,P7,P11
grating,45,2.70,P0|P1|P2|P3|P4|P5|P6|P7|P8|P9|P10|P11|P12|P13|P14|P15,0.742066,7,P7,P12,P15,P15,P8,P12,P15,P0,P8,P13,P15,P4,P10,P14,P15,P6,P11,P14,P15,P7
grating,45,2.70,P0|P1|P2|P3|P4|P5|P6|P7|P8|P9|P10|P11|P12|P13|P14|P15,0.742066,8,P15,P7,P12,P15,P15,P8,P12,P15,P0,P8,P13,P15,P4,P10,P14,P15,P6,P11,P14,P15
grating,45,2.70,P0|P1|P2|P3|P4|P5|P6|P7|P8|P9|P10|P11|P12|P13|P14|P15,0.742066,9,P14,P15,P7,P12,P15,P15,P8,P12,P15,P0,P8,P13,P15,P4,P10,P14,P15,P6,P11,P14
grating,45,2.70,P0|P1|P2|P3|P4|P5|P6|P7|P8|P9|P10|P11|P12|P13|P14|P15,0.742066,10,P11,P14,P15,P7,P12,P15,P15,P8,P12,P15,P0,P8,P13,P15,P4,P10,P14,P15,P6,P11
grating,45,2.70,P0|P1|P2|P3|P4|P5|P6|P7|P8|P9|P10|P11|P12|P13|P14|P15,0.742066,11,P7,P11,P14,P15,P7,P12,P15,P15,P8,P12,P15,P0,P8,P13,P15,P4,P10,P14,P15,P6
grating,45,2.70,P0|P1|P2|P3|P4|P5|P6|P7|P8|P9|P10|P11|P12|P13|P14|P15,0.742066,12,P15,P7,P11,P14,P15,P7,P12,P15,P15,P8,P12,P15,P0,P8,P13,P15,P4,P10,P14,P15
grating,45,2.70,P0|P1|P2|P3|P4|P5|P6|P7|P8|P9|P10|P11|P12|P13|P14|P15,0.742066,13,P14,P15,P7,P11,P14,P15,P7,P12,P15,P15,P8,P12,P15,P0,P8,P13,P15,P4,P10,P14
grating,45,2.70,P0|P1|P2|P3|P4|P5|P6|P7|P8|P9|P10|P11|P12|P13|P14|P15,0.742066,14,P10,P14,P15,P7,P11,P14,P15,P7,P12,P15,P15,P8,P12,P15,P0,P8,P13,P15,P4,P10
grating,45,2.70,P0|P1|P2|P3|P4|P5|P6|P7|P8|P9|P10|P11|P12|P13|P14|P15,0.742066,15,P5,P10,P14,P15,P7,P11,P14,P15,P7,P12,P15,P15,P8,P12,P15,P0,P8,P13,P15,P4
grating,45,2.70,P0|P1|P2|P3|P4|P5|P6|P7|P8|P9|P10|P11|P12|P13|P14|P15,0.742066,16,P15,P5,P10,P14,P15,P7,P11,P14,P15,P7,P12,P15,P15,P8,P12,P15,P0,P8,P13,P15
grating,45,2.70,P0|P1|P2|P3|P4|P5|P6|P7|P8|P9|P10|P11|P12|P13|P14|P15,0.742066,17,P13,P15,P5,P10,P14,P15,P7,P11,P14,P15,P7,P12,P15,P15,P8,P12,P15,P0,P8,P13
grating,45,2.70,P0|P1|P2|P3|P4|P5|P6|P7|P8|P9|P10|P11|P12|P13|P14|P15,0.742066,18,P9,P13,P15,P5,P10,P14,P15,P7,P11,P14,P15,P7,P12,P15,P15,P8,P12,P15,P0,P8
grating,45,2.70,P0|P1|P2|P3|P4|P5|P6|P7|P8|P9|P10|P11|P12|P13|P14|P15,0.742066,19,P2,P9,P13,P15,P5,P10,P14,P15,P7,P11,P14,P15,P7,P12,P15,P15,P8,P12,P15,P0
grating,225,2.70,P0|P1|P2|P3|P4|P5|P6|P7|P8|P9|P10|P11|P12|P13|P14|P15,0.742066,0,P7,P15,P14,P10,P6,P15,P14,P9,P3,P15,P13,P8,P15,P15,P12,P8,P15,P15,P12,P7
grating,225,2.70,P0|P1|P2|P3|P4|P5|P6|P7|P8|P9|P10|P11|P12|P13|P14|P15,0.742066,1,P11,P7,P15,P14,P10,P6,P15,P14,P9,P3,P15,P13,P8,P15,P15,P12,P8,P15,P15,P12
grating,225,2.70,P0|P1|P2|P3|P4|P5|P6|P7|P8|P9|P10|P11|P12|P13|P14|P15,0.742066,2,P15,P11,P7,P15,P14,P10,P6,P15,P14,P9,P3,P15,P13,P8,P15,P15,P12,P8,P15,P15
grating,225,2.70,P0|P1|P2|P3|P4|P5|P6|P7|P8|P9|P10|P11|P12|P13|P14|P15,0.742066,3,P15,P15,P11,P7,P15,P14,P10,P6,P15,P14,P9,P3,P15,P13,P8,P15,P15,P12,P8,P15
grating,225,2.70,P0|P1|P2|P3|P4|P5|P6|P7|P8|P9|P10|P11|P12|P13|P14|P15,0.742066,4,P7,P15,P15,P11,P7,P15,P14,P10,P6,P15,P14,P9,P3,P15,P13,P8,P15,P15,P12,P8
grating,225,2.70,P0|P1|P2|P3|P4|P5|P6|P7|P8|P9|P10|P11|P12|P13|P14|P15,0.742066,5,P12,P7,P15,P15,P11,P7,P15,P14,P10,P6,P15,P14,P9,P3,P15,P13,P8,P15,P15,P12
grating,225,2.70,P0|P1|P2|P3|P4|P5|P6|P7|P8|P9|P10|P11|P12|P13|P14|P15,0.742066,6,P15,P12,P7,P15,P15,P11,P7,P15,P14,P10,P6,P15,P14,P9,P3,P15,P13,P8,P15,P15
grating,225,2.70,P0|P1|P2|P3|P4|P5|P6|P7|P8|P9|P10|P11|P12|P13|P14|P15,0.742066,7,P15,P15,P12,P7,P15,P15,P11,P7,P15,P14,P10,P6,P15,P14,P9,P3,P15,P13,P8,P15
grating,225,2.70,P0|P1|P2|P3|P4|P5|P6|P7|P8|P9|P10|P11|P12|P13|P14|P15,0.742066,8,P8,P15,P15,P12,P7,P15,P15,P11,P7,P15,P14,P10,P6,P15,P14,P9,P3,P15,P13,P8
grating,225,2.70,P0|P1|P2|P3|P4|P5|P6|P7|P8|P9|P10|P11|P12|P13|P14|P15,0.742066,9,P13,P8,P15,P15,P12,P7,P15,P15,P11,P7,P15,P14,P10,P6,P15,P14,P9,P3,P15,P13
grating,225,2.70,P0|P1|P2|P3|P4|P5|P6|P7|P8|P9|P10|P11|P12|P13|P14|P15,0.742066,10,P15,P13,P8,P15,P15,P12,P7,P15,P15,P11,P7,P15,P14,P10,P6,P15,P14,P9,P3,P15
grating,225,2.70,P0|P1|P2|P3|P4|P5|P6|P7|P8|P9|P10|P11|P12|P13|P14|P15,0.742066,11,P1,P15,P13,P8,P15,P15,P12,P7,P15,P15,P11,P7,P15,P14,P10,P6,P15,P14,P9,P3
grating,225,2.70,P0|P1|P2|P3|P4|P5|P6|P7|P8|P9|P10|P11|P12|P13|P14|P15,0.742066,12,P9,P1,P15,P13,P8,P15,P15,P12,P7,P15,P15,P11,P7,P15,P14,P10,P6,P15,P14,P9
grating,225,2.70,P0|P1|P2|P3|P4|P5|P6|P7|P8|P9|P10|P11|P12|P13|P14|P15,0.742066,13,P13,P9,P1,P15,P13,P8,P15,P15,P12,P7,P15,P15,P11,P7,P15,P14,P10,P6,P15,P14
grating,225,2.70,P0|P1|P2|P3|P4|P5|P6|P7|P8|P9|P10|P11|P12|P13|P14|P15,0.742066,14,P15,P13,P9,P1,P15,P13,P8,P15,P15,P12,P7,P15,P15,P11,P7,P15,P14,P10,P6,P15
grating,225,2.70,P0|P1|P2|P3|P4|P5|P6|P7|P8|P9|P10|P11|P12|P13|P14|P15,0.742066,15,P5,P15,P13,P9,P1,P15,P13,P8,P15,P15,P12,P7,P15,P15,P11,P7,P15,P14,P10,P6
grating,225,2.70,P0|P1|P2|P3|P4|P5|P6|P7|P8|P9|P10|P11|P12|P13|P14|P15,0.742066,16,P10,P5,P15,P13,P9,P1,P15,P13,P8,P15,P15,P12,P7,P15,P15,P11,P7,P15,P14,P10
grating,225,2.70,P0|P1|P2|P3|P4|P5|P6|P7|P8|P9|P10|P11|P12|P13|P14|P15,0.742066,17,P14,P10,P5,P15,P13,P9,P1,P15,P13,P8,P15,P15,P12,P7,P15,P15,P11,P7,P15,P14
grating,225,2.70,P0|P1|P2|P3|P4|P5|P6|P7|P8|P9|P10|P11|P12|P13|P14|P15,0.742066,18,P15,P14,P10,P5,P15,P13,P9,P1,P15,P13,P8,P15,P15,P12,P7,P15,P15,P11,P7,P15
grating,225,2.70,P0|P1|P2|P3|P4|P5|P6|P7|P8|P9|P10|P11|P12|P13|P14|P15,0.742066,19,P6,P15,P14,P10,P5,P15,P13,P9,P1,P15,P13,P8,P15,P15,P12,P7,P15,P15,P11,P7
grating,45,2.80,P0|P1|P2|P3|P4|P5|P6|P7|P8|P9|P10|P11|P12|P13|P14|P15,0.744091,0,P0,P8,P13,P15,P0,P8,P13,P15,P1,P8,P13,P15,P2,P9,P13,P15,P3,P9,P13,P15
grating,45,2.80,P0|P1|P2|P3|P4|P5|P6|P7|P8|P9|P10|P11|P12|P13|P14|P15,0.744091,1,P15,P0,P8,P13,P15,P0,P8,P13,P15,P1,P8,P13,P15,P2,P9,P13,P15,P3,P9,P13
grating,45,2.80,P0|P1|P2|P3|P4|P5|P6|P7|P8|P9|P10|P11|P12|P13|P14|P15,0.744091,2,P13,P15,P0,P8,P13,P15,P0,P8,P13,P15,P1,P8,P13,P15,P2,P9,P13,P15,P3,P9
grating,45,2.80,P0|P1|P2|P3|P4|P5|P6|P7|P8|P9|P10|P11|P12|P13|P14|P15,0.744091,3,P8,P13,P15,P0,P8,P13,P15,P0,P8,P13,P15,P1,P8,P13,P15,P2,P9,P13,P15,P3
grating,45,2.80,P0|P1|P2|P3|P4|P5|P6|P7|P8|P9|P10|P11|P12|P13|P14|P15,0.744091,4,P15,P8,P13,P15,P0,P8,P13,P15,P0,P8,P13,P15,P1,P8,P13,P15,P2,P9,P13,P15
grating,45,2.80,P0|P1|P2|P3|P4|P5|P6|P7|P8|P9|P10|P11|P12|P13|P14|P15,0.744091,5,P15,P15,P8,P13,P15,P0,P8,P13,P15,P0,P8,P13,P15,P1,P8,P13,P15,P2,P9,P13
grating,45,2.80,P0|P1|P2|P3|P4|P5|P6|P7|P8|P9|P10|P11|P12|P13|P14|P15,0.744091,6,P13,P15,P15,P8,P13,P15,P0,P8,P13,P15,P0,P8,P13,P15,P1,P8,P13,P15,P2,P9
grating,45,2.80,P0|P1|P2|P3|P4|P5|P6|P7|P8|P9|P10|P11|P12|P13|P14|P15,0.744091,7,P8,P13,P15,P15,P8,P13,P15,P0,P8,P13,P15,P0,P8,P13,P15,P1,P8,P13,P15,P2
grating,45,2.80,P0|P1|P2|P3|P4|P5|P6|P7|P8|P9|P10|P11|P12|P13|P14|P15,0.744091,8,P15,P8,P13,P15,P15,P8,P13,P15,P0,P8,P13,P15,P0,P8,P13,P15,P1,P8,P13,P15
grating,45,2.80,P0|P1|P2|P3|P4|P5|P6|P7|P8|P9|P10|P11|P12|P13|P14|P15,0.744091,9,P15,P15,P8,P13,P15,P15,P8,P13,P15,P0,P8,P13,P15,P0,P8,P13,P15,P1,P8,P13
grating,45,2.80,P0|P1|P2|P3|P4|P5|P6|P7|P8|P9|P10|P11|P12|P13|P14|P15,0.744091,10,P12,P15,P15,P8,P13,P15,P15,P8,P13,P15,P0,P8,P13,P15,P0,P8,P13,P15,P1,P8
grating,45,2.80,P0|P1|P2|P3|P4|P5|P6|P7|P8|P9|P10|P11|P12|P13|P14|P15,0.744091,11,P8,P12,P15,P15,P8,P13,P15,P15,P8,P13,P15,P0,P8,P13,P15,P0,P8,P13,P15,P1
grating,45,2.80,P0|P1|P2|P3|P4|P5|P6|P7|P8|P9|P10|P11|P12|P13|P14|P15,0.744091,12,P15,P8,P12,P15,P15,P8,P13,P15,P15,P8,P13,P15,P0,P8,P13,P15,P0,P8,P13,P15
grating,45,2.80,P0|P1|P2|P3|P4|P5|P6|P7|P8|P9|P10|P11|P12|P13|P14|P15,0.744091,13,P15,P15,P8,P12,P15,P15,P8,P13,P15,P15,P8,P13,P15,P0,P8,P13,P15,P0,P8,P13
grating,45,2.80,P0|P1|P2|P3|P4|P5|P6|P7|P8|P9|P10|P11|P12|P13|P14|P15,0.744091,14,P12,P15,P15,P8,P12,P15,P15,P8,P13,P15,P15,P8,P13,P15,P0,P8,P13,P15,P0,P8
grating,45,2.80,P0|P1|P2|P3|P4|P5|P6|P7|P8|P9|P10|P11|P12|P13|P14|P15,0.744091,15,P8,P12,P15,P15,P8,P12,P15,P15,P8,P13,P15,P15,P8,P13,P15,P0,P8,P13,P15,P0
grating,45,2.80,P0|P1|P2|P3|P4|P5|P6|P7|P8|P9|P10|P11|P12|P13|P14|P15,0.744091,16,P15,P8,P12,P15,P15,P8,P12,P15,P15,P8,P13,P15,P15,P8,P13,P15,P0,P8,P13,P15
grating,45,2.80,P0|P1|P2|P3|P4|P5|P6|P7|P8|P9|P10|P11|P12|P13|P14|P15,0.744091,17,P15,P15,P8,P12,P15,P15,P8,P12,P15,P15,P8,P13,P15,P15,P8,P13,P15,P0,P8,P13
grating,45,2.80,P0|P1|P2|P3|P4|P5|P6|P7|P8|P9|P10|P11|P12|P13|P14|P15,0.744091,18,P12,P15,P15,P8,P12,P15,P15,P8,P12,P15,P15,P8,P13,P15,P15,P8,P13,P15,P0,P8
grating,45,2.80,P0|P1|P2|P3|P4|P5|P6|P7|P8|P9|P10|P11|P12|P13|P14|P15,0.744091,19,P7,P12,P15,P15,P8,P12,P15,P15,P8,P12,P15,P15,P8,P13,P15,P15,P8,P13,P15,P0
grating,225,2.80,P0|P1|P2|P3|P4|P5|P6|P7|P8|P9|P10|P11|P12|P13|P14|P15,0.744091,0,P15,P15,P11,P7,P15,P14,P11,P7,P15,P14,P11,P7,P15,P14,P11,P7,P15,P14,P11,P7
grating,225,2.80,P0|P1|P2|P3|P4|P5|P6|P7|P8|P9|P10|P11|P12|P13|P14|P15,0.744091,1,P7,P15,P15,P11,P7,P15,P14,P11,P7,P15,P14,P11,P7,P15,P14,P11,P7,P15,P14,P11
grating,225,2.80,P0|P1|P2|P3|P4|P5|P6|P7|P8|P9|P10|P11|P12|P13|P14|P15,0.744091,2,P12,P7,P15,P15,P11,P7,P15,P14,P11,P7,P15,P14,P11,P7,P15,P14,P11,P7,P15,P14
grating,225,2.80,P0|P1|P2|P3|P4|P5|P6|P7|P8|P9|P10|P11|P12|P13|P14|P15,0.744091,3,P15,P12,P7,P15,P15,P11,P7,P15,P14,P11,P7,P15,P14,P11,P7,P15,P14,P11,P7,P15
grating,225,2.80,P0|P1|P2|P3|P4|P5|P6|P7|P8|P9|P10|P11|P12|P13|P14|P15,0.744091,4,P15,P15,P12,P7,P15,P15,P11,P7,P15,P14,P11,P7,P15,P14,P11,P7,P15,P14,P11,P7
grating,225,2.80,P0|P1|P2|P3|P4|P5|P6|P7|P8|P9|P10|P11|P12|P13|P14|P15,0.744091,5,P7,P15,P15,P12,P7,P15,P15,P11,P7,P15,P14,P11,P7,P15,P14,P11,P7,P15,P14,P11
grating,225,2.80,P0|P1|P2|P3|P4|P5|P6|P7|P8|P9|P10|P11|P12|P13|P14|P15,0.744091,6,P12,P7,P15,P15,P12,P7,P15,P15,P11,P7,P15,P14,P11,P7,P15,P14,P11,P7,P15,P14
grating,225,2.80,P0|P1|P2|P3|P4|P5|P6|P7|P8|P9|P10|P11|P12|P13|P14|P15,0.744091,7,P15,P12,P7,P15,P15,P12,P7,P15,P15,P11,P7,P15,P14,P11,P7,P15,P14,P11,P7,P15
grating,225,2.80,P0|P1|P2|P3|P4|P5|P6|P7|P8|P9|P10|P11|P12|P13|P14|P15,0.744091,8,P15,P15,P12,P7,P15,P15,P12,P7,P15,P15,P11,P7,P15,P14,P11,P7,P15,P14,P11,P7
grating,225,2.80,P0|P1|P2|P3|P4|P5|P6|P7|P8|P9|P10|P11|P12|P13|P14|P15,0.744091,9,P7,P15,P15,P12,P7,P15,P15,P12,P7,P15,P15,P11,P7,P15,P14,P11,P7,P15,P14,P11
grating,225,2.80,P0|P1|P2|P3|P4|P5|P6|P7|P8|P9|P10|P11|P12|P13|P14|P15,0.744091,10,P12,P7,P15,P15,P12,P7,P15,P15,P12,P7,P15,P15,P11,P7,P15,P14,P11,P7,P15,P14
grating,225,2.80,P0|P1|P2|P3|P4|P5|P6|P7|P8|P9|P10|P11|P12|P13|P14|P15,0.744091,11,P15,P12,P7,P15,P15,P12,P7,P15,P15,P12,P7,P15,P15,P11,P7,P15,P14,P11,P7,P15
grating,225,2.80,P0|P1|P2|P3|P4|P5|P6|P7|P8|P9|P10|P11|P12|P13|P14|P15,0.744091,12,P15,P15,P12,P7,P15,P15,P12,P7,P15,P15,P12,P7,P15,P15,P11,P7,P15,P14,P11,P7
grating,225,2.80,P0|P1|P2|P3|P4|P5|P6|P7|P8|P9|P10|P11|P12|P13|P14|P15,0.744091,13,P7,P15,P15,P12,P7,P15,P15,P12,P7,P15,P15,P12,P7,P15,P15,P11,P7,P15,P14,P11
grating,225,2.80,P0|P1|P2|P3|P4|P5|P6|P7|P8|P9|P10|P11|P12|P13|P14|P15,0.744091,14,P12,P7,P15,P15,P12,P7,P15,P15,P12,P7,P15,P15,P12,P7,P15,P15,P11,P7,P15,P14
grating,225,2.80,P0|P1|P2|P3|P4|P5|P6|P7|P8|P9|P10|P11|P12|P13|P14|P15,0.744091,15,P15,P12,P7,P15,P15,P12,P7,P15,P15,P12,P7,P15,P15,P12,P7,P15,P15,P11,P7,P15
grating,225,2.80,P0|P1|P2|P3|P4|P5|P6|P7|P8|P9|P10|P11|P12|P13|P14|P15,0.744091,16,P15,P15,P12,P7,P15,P15,P12,P7,P15,P15,P12,P7,P15,P15,P12,P7,P15,P15,P11,P7
grating,225,2.80,P0|P1|P2|P3|P4|P5|P6|P7|P8|P9|P10|P11|P12|P13|P14|P15,0.744091,17,P8,P15,P15,P12,P7,P15,P15,P12,P7,P15,P15,P12,P7,P15,P15,P12,P7,P15,P15,P11
grating,225,2.80,P0|P1|P2|P3|P4|P5|P6|P7|P8|P9|P10|P11|P12|P13|P14|P15,0.744091,18,P12,P8,P15,P15,P12,P7,P15,P15,P12,P7,P15,P15,P12,P7,P15,P15,P12,P7,P15,P15
grating,225,2.80,P0|P1|P2|P3|P4|P5|P6|P7|P8|P9|P10|P11|P12|P13|P14|P15,0.744091,19,P15,P12,P8,P15,P15,P12,P7,P15,P15,P12,P7,P15,P15,P12,P7,P15,P15,P12,P7,P15
grating,45,2.90,P0|P1|P2|P3|P4|P5|P6|P7|P8|P9|P10|P11|P12|P13|P14|P15,0.743814,0,P0,P8,P13,P15,P15,P8,P12,P15,P15,P7,P12,P15,P15,P7,P11,P15,P15,P7,P11,P14
grating,45,2.90,P0|P1|P2|P3|P4|P5|P6|P7|P8|P9|P10|P11|P12|P13|P14|P15,0.743814,1,P15,P0,P8,P13,P15,P15,P8,P12,P15,P15,P7,P12,P15,P15,P7,P11,P15,P15,P7,P11
grating,45,2.90,P0|P1|P2|P3|P4|P5|P6|P7|P8|P9|P10|P11|P12|P13|P14|P15,0.743814,2,P13,P15,P0,P8,P13,P15,P15,P8,P12,P15,P15,P7,P12,P15,P15,P7,P11,P15,P15,P7
grating,45,2.90,P0|P1|P2|P3|P4|P5|P6|P7|P8|P9|P10|P11|P12|P13|P14|P15,0.743814,3,P8,P13,P15,P0,P8,P13,P15,P15,P8,P12,P15,P15,P7,P12,P15,P15,P7,P11,P15,P15
grating,45,2.90,P0|P1|P2|P3|P4|P5|P6|P7|P8|P9|P10|P11|P12|P13|P14|P15,0.743814,4,P2,P8,P13,P15,P0,P8,P13,P15,P15,P8,P12,P15,P15,P7,P12,P15,P15,P7,P11,P15
grating,45,2.90,P0|P1|P2|P3|P4|P5|P6|P7|P8|P9|P10|P11|P12|P13|P14|P15,0.743814,5,P15,P2,P8,P13,P15,P0,P8,P13,P15,P15,P8,P12,P15,P15,P7,P12,P15,P15,P7,P11
grating,45,2.90,P0|P1|P2|P3|P4|P5|P6|P7|P8|P9|P10|P11|P12|P13|P14|P15,0.743814,6,P13,P15,P2,P8,P13,P15,P0,P8,P13,P15,P15,P8,P12,P15,P15,P7,P12,P15,P15,P7
grating,45,2.90,P0|P1|P2|P3|P4|P5|P6|P7|P8|P9|P10|P11|P12|P13|P14|P15,0.743814,7,P9,P13,P15,P2,P8,P13,P15,P0,P8,P13,P15,P15,P8,P12,P15,P15,P7,P12,P15,P15
grating,45,2.90,P0|P1|P2|P3|P4|P5|P6|P7|P8|P9|P10|P11|P12|P13|P14|P15,0.743814,8,P4,P9,P13,P15,P2,P8,P13,P15,P0,P8,P13,P15,P15,P8,P12,P15,P15,P7,P12,P15
grating,45,2.90,P0|P1|P2|P3|P4|P5|P6|P7|P8|P9|P10|P11|P12|P13|P14|P15,0.743814,9,P15,P4,P9,P13,P15,P2,P8,P13,P15,P0,P8,P13,P15,P15,P8,P12,P15,P15,P7,P12
grating,45,2.90,P0|P1|P2|P3|P4|P5|P6|P7|P8|P9|P10|P11|P12|P13|P14|P15,0.743814,10,P14,P15,P4,P9,P13,P15,P2,P8,P13,P15,P0,P8,P13,P15,P15,P8,P12,P15,P15,P7
grating,45,2.90,P0|P1|P2|P3|P4|P5|P6|P7|P8|P9|P10|P11|P12|P13|P14|P15,0.743814,11,P10,P14,P15,P4,P9,P13,P15,P2,P8,P13,P15,P0,P8,P13,P15,P15,P8,P12,P15,P15
grating,45,2.90,P0|P1|P2|P3|P4|P5|P6|P7|P8|P9|P10|P11|P12|P13|P14|P15,0.743814,12,P5,P10,P14,P15,P4,P9,P13,P15,P2,P8,P13,P15,P0,P8,P13,P15,P15,P8,P12,P15
grating,45,2.90,P0|P1|P2|P3|P4|P5|P6|P7|P8|P9|P10|P11|P12|P13|P14|P15,0.743814,13,P15,P5,P10,P14,P15,P4,P9,P13,P15,P2,P8,P13,P15,P0,P8,P13,P15,P15,P8,P12
grating,45,2.90,P0|P1|P2|P3|P4|P5|P6|P7|P8|P9|P10|P11|P12|P13|P14|P15,0.743814,14,P14,P15,P5,P10,P14,P15,P4,P9,P13,P15,P2,P8,P13,P15,P0,P8,P13,P15,P15,P8
grating,45,2.90,P0|P1|P2|P3|P4|P5|P6|P7|P8|P9|P10|P11|P12|P13|P14|P15,0.743814,15,P10,P14,P15,P5,P10,P14,P15,P4,P9,P13,P15,P2,P8,P13,P15,P0,P8,P13,P15,P15
grating,45,2.90,P0|P1|P2|P3|P4|P5|P6|P7|P8|P9|P10|P11|P12|P13|P14|P15,0.743814,16,P6,P10,P14,P15,P5,P10,P14,P15,P4,P9,P13,P15,P2,P8,P13,P15,P0,P8,P13,P15
grating,45,2.90,P0|P1|P2|P3|P4|P5|P6|P7|P8|P9|P10|P11|P12|P13|P14|P15,0.743814,17,P15,P6,P10,P14,P15,P5,P10,P14,P15,P4,P9,P13,P15,P2,P8,P13,P15,P0,P8,P13
grating,45,2.90,P0|P1|P2|P3|P4|P5|P6|P7|P8|P9|P10|P11|P12|P13|P14|P15,0.743814,18,P14,P15,P6,P10,P14,P15,P5,P10,P14,P15,P4,P9,P13,P15,P2,P8,P13,P15,P0,P8
grating,45,2.90,P0|P1|P2|P3|P4|P5|P6|P7|P8|P9|P10|P11|P12|P13|P14|P15,0.743814,19,P11,P14,P15,P6,P10,P14,P15,P5,P10,P14,P15,P4,P9,P13,P15,P2,P8,P13,P15,P0
grating,225,2.90,P0|P1|P2|P3|P4|P5|P6|P7|P8|P9|P10|P11|P12|P13|P14|P15,0.743814,0,P4,P15,P14,P10,P6,P15,P14,P10,P6,P15,P14,P11,P7,P15,P14,P11,P7,P15,P15,P12
grating,225,2.90,P0|P1|P2|P3|P4|P5|P6|P7|P8|P9|P10|P11|P12|P13|P14|P15,0.743814,1,P9,P4,P15,P14,P10,P6,P15,P14,P10,P6,P15,P14,P11,P7,P15,P14,P11,P7,P15,P15
grating,225,2.90,P0|P1|P2|P3|P4|P5|P6|P7|P8|P9|P10|P11|P12|P13|P14|P15,0.743814,2,P13,P9,P4,P15,P14,P10,P6,P15,P14,P10,P6,P15,P14,P11,P7,P15,P14,P11,P7,P15
grating,225,2.90,P0|P1|P2|P3|P4|P5|P6|P7|P8|P9|P10|P11|P12|P13|P14|P15,0.743814,3,P15,P13,P9,P4,P15,P14,P10,P6,P15,P14,P10,P6,P15,P14,P11,P7,P15,P14,P11,P7
grating,225,2.90,P0|P1|P2|P3|P4|P5|P6|P7|P8|P9|P10|P11|P12|P13|P14|P15,0.743814,4,P2,P15,P13,P9,P4,P15,P14,P10,P6,P15,P14,P10,P6,P15,P14,P11,P7,P15,P14,P11
grating,225,2.90,P0|P1|P2|P3|P4|P5|P6|P7|P8|P9|P10|P11|P12|P13|P14|P15,0.743814,5,P9,P2,P15,P13,P9,P4,P15,P14,P10,P6,P15,P14,P10,P6,P15,P14,P11,P7,P15,P14
grating,225,2.90,P0|P1|P2|P3|P4|P5|P6|P7|P8|P9|P10|P11|P12|P13|P14|P15,0.743814,6,P13,P9,P2,P15,P13,P9,P4,P15,P14,P10,P6,P15,P14,P10,P6,P15,P14,P11,P7,P15
grating,225,2.90,P0|P1|P2|P3|P4|P5|P6|P7|P8|P9|P10|P11|P12|P13|P14|P15,0.743814,7,P15,P13,P9,P2,P15,P13,P9,P4,P15,P14,P10,P6,P15,P14,P10,P6,P15,P14,P11,P7
grating,225,2.90,P0|P1|P2|P3|P4|P5|P6|P7|P8|P9|P10|P11|P12|P13|P14|P15,0.743814,8,P0,P15,P13,P9,P2,P15,P13,P9,P4,P15,P14,P10,P6,P15,P14,P10,P6,P15,P14,P11
grating,225,2.90,P0|P1|P2|P3|P4|P5|P6|P7|P8|P9|P10|P11|P12|P13|P14|P15,0.743814,9,P8,P0,P15,P13,P9,P2,P15,P13,P9,P4,P15,P14,P10,P6,P15,P14,P10,P6,P15,P14
grating,225,2.90,P0|P1|P2|P3|P4|P5|P6|P7|P8|P9|P10|P11|P12|P13|P14|P15,0.743814,10,P13,P8,P0,P15,P13,P9,P2,P15,P13,P9,P4,P15,P14,P10,P6,P15,P14,P10,P6,P15
grating,225,2.90,P0|P1|P2|P3|P4|P5|P6|P7|P8|P9|P10|P11|P12|P13|P14|P15,0.743814,11,P15,P13,P8,P0,P15,P13,P9,P2,P15,P13,P9,P4,P15,P14,P10,P6,P15,P14,P10,P6
grating,225,2.90,P0|P1|P2|P3|P4|P5|P6|P7|P8|P9|P10|P11|P12|P13|P14|P15,0.743814,12,P15,P15,P13,P8,P0,P15,P13,P9,P2,P15,P13,P9,P4,P15,P14,P10,P6,P15,P14,P10
grating,225,2.90,P0|P1|P2|P3|P4|P5|P6|P7|P8|P9|P10|P11|P12|P13|P14|P15,0.743814,13,P8,P15,P15,P13,P8,P0,P15,P13,P9,P2,P15,P13,P9,P4,P15,P14,P10,P6,P15,P14
grating,225,2.90,P0|P1|P2|P3|P4|P5|P6|P7|P8|P9|P10|P11|P12|P13|P14|P15,0.743814,14,P12,P8,P15,P15,P13,P8,P0,P15,P13,P9,P2,P15,P13,P9,P4,P15,P14,P10,P6,P15
grating,225,2.90,P0|P1|P2|P3|P4|P5|P6|P7|P8|P9|P10|P11|P12|P13|P14|P15,0.743814,15,P15,P12,P8,P15,P15,P13,P8,P0,P15,P13,P9,P2,P15,P13,P9,P4,P15,P14,P10,P6
grating,225,2.90,P0|P1|P2|P3|P4|P5|P6|P7|P8|P9|P10|P11|P12|P13|P14|P15,0.743814,16,P15,P15,P12,P8,P15,P15,P13,P8,P0,P15,P13,P9,P2,P15,P13,P9,P4,P15,P14,P10
grating,225,2.90,P0|P1|P2|P3|P4|P5|P6|P7|P8|P9|P10|P11|P12|P13|P14|P15,0.743814,17,P7,P15,P15,P12,P8,P15,P15,P13,P8,P0,P15,P13,P9,P2,P15,P13,P9,P4,P15,P14
grating,225,2.90,P0|P1|P2|P3|P4|P5|P6|P7|P8|P9|P10|P11|P12|P13|P14|P15,0.743814,18,P12,P7,P15,P15,P12,P8,P15,P15,P13,P8,P0,P15,P13,P9,P2,P15,P13,P9,P4,P15
grating,225,2.90,P0|P1|P2|P3|P4|P5|P6|P7|P8|P9|P10|P11|P12|P13|P14|P15,0.743814,19,P15,P12,P7,P15,P15,P12,P8,P15,P15,P13,P8,P0,P15,P13,P9,P2,P15,P13,P9,P4
grating,45,3.00,P0|P1|P2|P3|P4|P5|P6|P7|P8|P9|P10|P11|P12|P13|P14|P15,0.744078,0,P0,P8,P12,P15,P15,P7,P11,P14,P15,P7,P11,P14,P15,P5,P9,P13,P15,P0,P8,P12
grating,45,3.00,P0|P1|P2|P3|P4|P5|P6|P7|P8|P9|P10|P11|P12|P13|P14|P15,0.744078,1,P15,P0,P8,P12,P15,P15,P7,P11,P14,P15,P7,P11,P14,P15,P5,P9,P13,P15,P0,P8
grating,45,3.00,P0|P1|P2|P3|P4|P5|P6|P7|P8|P9|P10|P11|P12|P13|P14|P15,0.744078,2,P13,P15,P0,P8,P12,P15,P15,P7,P11,P14,P15,P7,P11,P14,P15,P5,P9,P13,P15,P0
grating,45,3.00,P0|P1|P2|P3|P4|P5|P6|P7|P8|P9|P10|P11|P12|P13|P14|P15,0.744078,3,P9,P13,P15,P0,P8,P12,P15,P15,P7,P11,P14,P15,P7,P11,P14,P15,P5,P9,P13,P15
grating,45,3.00,P0|P1|P2|P3|P4|P5|P6|P7|P8|P9|P10|P11|P12|P13|P14|P15,0.744078,4,P4,P9,P13,P15,P0,P8,P12,P15,P15,P7,P11,P14,P15,P7,P11,P14,P15,P5,P9,P13
grating,45,3.00,P0|P1|P2|P3|P4|P5|P6|P7|P8|P9|P10|P11|P12|P13|P14|P15,0.744078,5,P15,P4,P9,P13,P15,P0,P8,P12,P15,P15,P7,P11,P14,P15,P7,P11,P14,P15,P5,P9
grating,45,3.00,P0|P1|P2|P3|P4|P5|P6|P7|P8|P9|P10|P11|P12|P13|P14|P15,0.744078,6,P14,P15,P4,P9,P13,P15,P0,P8,P12,P15,P15,P7,P11,P14,P15,P7,P11,P14,P15,P5
grating,45,3.00,P0|P1|P2|P3|P4|P5|P6|P7|P8|P9|P10|P11|P12|P13|P14|P15,0.744078,7,P10,P14,P15,P4,P9,P13,P15,P0,P8,P12,P15,P15,P7,P11,P14,P15,P7,P11,P14,P15
grating,45,3.00,P0|P1|P2|P3|P4|P5|P6|P7|P8|P9|P10|P11|P12|P13|P14|P15,0.744078,8,P6,P10,P14,P15,P4,P9,P13,P15,P0,P8,P12,P15,P15,P7,P11,P14,P15,P7,P11,P14
grating,45,3.00,P0|P1|P2|P3|P4|P5|P6|P7|P8|P9|P10|P11|P12|P13|P14|P15,0.744078,9,P15,P6,P10,P14,P15,P4,P9,P13,P15,P0,P8,P12,P15,P15,P7,P11,P14,P15,P7,P11
grating,45,3.00,P0|P1|P2|P3|P4|P5|P6|P7|P8|P9|P10|P11|P12|P13|P14|P15,0.744078,10,P14,P15,P6,P10,P14,P15,P4,P9,P13,P15,P0,P8,P12,P15,P15,P7,P11,P14,P15,P7
grating,45,3.00,P0|P1|P2|P3|P4|P5|P6|P7|P8|P9|P10|P11|P12|P13|P14|P15,0.744078,11,P11,P14,P15,P6,P10,P14,P15,P4,P9,P13,P15,P0,P8,P12,P15,P15,P7,P11,P14,P15
grating,45,3.00,P0|P1|P2|P3|P4|P5|P6|P7|P8|P9|P10|P11|P12|P13|P14|P15,0.744078,12,P7,P11,P14,P15,P6,P10,P14,P15,P4,P9,P13,P15,P0,P8,P12,P15,P15,P7,P11,P14
grating,45,3.00,P0|P1|P2|P3|P4|P5|P6|P7|P8|P9|P10|P11|P12|P13|P14|P15,0.744078,13,P15,P7,P11,P14,P15,P6,P10,P14,P15,P4,P9,P13,P15,P0,P8,P12,P15,P15,P7,P11
grating,45,3.00,P0|P1|P2|P3|P4|P5|P6|P7|P8|P9|P10|P11|P12|P13|P14|P15,0.744078,14,P15,P15,P7,P11,P14,P15,P6,P10,P14,P15,P4,P9,P13,P15,P0,P8,P12,P15,P15,P7
grating,45,3.00,P0|P1|P2|P3|P4|P5|P6|P7|P8|P9|P10|P11|P12|P13|P14|P15,0.744078,15,P12,P15,P15,P7,P11,P14,P15,P6,P10,P14,P15,P4,P9,P13,P15,P0,P8,P12,P15,P15
grating,45,3.00,P0|P1|P2|P3|P4|P5|P6|P7|P8|P9|P10|P11|P12|P13|P14|P15,0.744078,16,P8,P12,P15,P15,P7,P11,P14,P15,P6,P10,P14,P15,P4,P9,P13,P15,P0,P8,P12,P15
grating,45,3.00,P0|P1|P2|P3|P4|P5|P6|P7|P8|P9|P10|P11|P12|P13|P14|P15,0.744078,17,P15,P8,P12,P15,P15,P7,P11,P14,P15,P6,P10,P14,P15,P4,P9,P13,P15,P0,P8,P12
grating,45,3.00,P0|P1|P2|P3|P4|P5|P6|P7|P8|P9|P10|P11|P12|P13|P14|P15,0.744078,18,P15,P15,P8,P12,P15,P15,P7,P11,P14,P15,P6,P10,P14,P15,P4,P9,P13,P15,P0,P8
grating,45,3.00,P0|P1|P2|P3|P4|P5|P6|P7|P8|P9|P10|P11|P12|P13|P14|P15,0.744078,19,P13,P15,P15,P8,P12,P15,P15,P7,P11,P14,P15,P6,P10,P14,P15,P4,P9,P13,P15,P0
grating,225,3.00,P0|P1|P2|P3|P4|P5|P6|P7|P8|P9|P10|P11|P12|P13|P14|P15,0.744078,0,P13,P9,P4,P15,P14,P10,P6,P15,P14,P11,P7,P15,P15,P12,P8,P15,P15,P13,P9,P3
grating,225,3.00,P0|P1|P2|P3|P4|P5|P6|P7|P8|P9|P10|P11|P12|P13|P14|P15,0.744078,1,P15,P13,P9,P4,P15,P14,P10,P6,P15,P14,P11,P7,P15,P15,P12,P8,P15,P15,P13,P9
grating,225,3.00,P0|P1|P2|P3|P4|P5|P6|P7|P8|P9|P10|P11|P12|P13|P14|P15,0.744078,2,P15,P15,P13,P9,P4,P15,P14,P10,P6,P15,P14,P11,P7,P15,P15,P12,P8,P15,P15,P13
grating,225,3.00,P0|P1|P2|P3|P4|P5|P6|P7|P8|P9|P10|P11|P12|P13|P14|P15,0.744078,3,P8,P15,P15,P13,P9,P4,P15,P14,P10,P6,P15,P14,P11,P7,P15,P15,P12,P8,P15,P15
grating,225,3.00,P0|P1|P2|P3|P4|P5|P6|P7|P8|P9|P10|P11|P12|P13|P14|P15,0.744078,4,P12,P8,P15,P15,P13,P9,P4,P15,P14,P10,P6,P15,P14,P11,P7,P15,P15,P12,P8,P15
grating,225,3.00,P0|P1|P2|P3|P4|P5|P6|P7|P8|P9|P10|P11|P12|P13|P14|P15,0.744078,5,P15,P12,P8,P15,P15,P13,P9,P4,P15,P14,P10,P6,P15,P14,P11,P7,P15,P15,P12,P8
grating,225,3.00,P0|P1|P2|P3|P4|P5|P6|P7|P8|P9|P10|P11|P12|P13|P14|P15,0.744078,6,P15,P15,P12,P8,P15,P15,P13,P9,P4,P15,P14,P10,P6,P15,P14,P11,P7,P15,P15,P12
grating,225,3.00,P0|P1|P2|P3|P4|P5|P6|P7|P8|P9|P10|P11|P12|P13|P14|P15,0.744078,7,P7,P15,P15,P12,P8,P15,P15,P13,P9,P4,P15,P14,P10,P6,P15,P14,P11,P7,P15,P15
grating,225,3.00,P0|P1|P2|P3|P4|P5|P6|P7|P8|P9|P10|P11|P12|P13|P14|P15,0.744078,8,P11,P7,P15,P15,P12,P8,P15,P15,P13,P9,P4,P15,P14,P10,P6,P15,P14,P11,P7,P15
grating,225,3.00,P0|P1|P2|P3|P4|P5|P6|P7|P8|P9|P10|P11|P12|P13|P14|P15,0.744078,9,P14,P11,P7,P15,P15,P12,P8,P15,P15,P13,P9,P4,P15,P14,P10,P6,P15,P14,P11,P7
grating,225,3.00,P0|P1|P2|P3|P4|P5|P6|P7|P8|P9|P10|P11|P12|P13|P14|P15,0.744078,10,P15,P14,P11,P7,P15,P15,P12,P8,P15,P15,P13,P9,P4,P15,P14,P10,P6,P15,P14,P11
grating,225,3.00,P0|P1|P2|P3|P4|P5|P6|P7|P8|P9|P10|P11|P12|P13|P14|P15,0.744078,11,P6,P15,P14,P11,P7,P15,P15,P12,P8,P15,P15,P13,P9,P4,P15,P14,P10,P6,P15,P14
grating,225,3.00,P0|P1|P2|P3|P4|P5|P6|P7|P8|P9|P10|P11|P12|P13|P14|P15,0.744078,12,P10,P6,P15,P14,P11,P7,P15,P15,P12,P8,P15,P15,P13,P9,P4,P15,P14,P10,P6,P15
grating,225,3.00,P0|P1|P2|P3|P4|P5|P6|P7|P8|P9|P10|P11|P12|P13|P14|P15,0.744078,13,P14,P10,P6,P15,P14,P11,P7,P15,P15,P12,P8,P15,P15,P13,P9,P4,P15,P14,P10,P6
grating,225,3.00,P0|P1|P2|P3|P4|P5|P6|P7|P8|P9|P10|P11|P12|P13|P14|P15,0.744078,14,P15,P14,P10,P6,P15,P14,P11,P7,P15,P15,P12,P8,P15,P15,P13,P9,P4,P15,P14,P10
grating,225,3.00,P0|P1|P2|P3|P4|P5|P6|P7|P8|P9|P10|P11|P12|P13|P14|P15,0.744078,15,P4,P15,P14,P10,P6,P15,P14,P11,P7,P15,P15,P12,P8,P15,P15,P13,P9,P4,P15,P14
grating,225,3.00,P0|P1|P2|P3|P4|P5|P6|P7|P8|P9|P10|P11|P12|P13|P14|P15,0.744078,16,P9,P4,P15,P14,P10,P6,P15,P14,P11,P7,P15,P15,P12,P8,P15,P15,P13,P9,P4,P15
grating,225,3.00,P0|P1|P2|P3|P4|P5|P6|P7|P8|P9|P10|P11|P12|P13|P14|P15,0.744078,17,P13,P9,P4,P15,P14,P10,P6,P15,P14,P11,P7,P15,P15,P12,P8,P15,P15,P13,P9,P4
grating,225,3.00,P0|P1|P2|P3|P4|P5|P6|P7|P8|P9|P10|P11|P12|P13|P14|P15,0.744078,18,P15,P13,P9,P4,P15,P14,P10,P6,P15,P14,P11,P7,P15,P15,P12,P8,P15,P15,P13,P9
grating,225,3.00,P0|P1|P2|P3|P4|P5|P6|P7|P8|P9|P10|P11|P12|P13|P14|P15,0.744078,19,P0,P15,P13,P9,P4,P15,P14,P10,P6,P15,P14,P11,P7,P15,P15,P12,P8,P15,P15,P13
grating,90,1.00,P0,1.000000,0,P0,P0,P0,P0,P0,P0,P0,P0,P0,P0,P0,P0,P0,P0,P0,P0,P0,P0,P0,P0
grating,90,1.00,P0,1.000000,1,P0,P0,P0,P0,P0,P0,P0,P0,P0,P0,P0,P0,P0,P0,P0,P0,P0,P0,P0,P0
grating,90,1.00,P0,1.000000,2,P0,P0,P0,P0,P0,P0,P0,P0,P0,P0,P0,P0,P0,P0,P0,P0,P0,P0,P0,P0
grating,90,1.00,P0,1.000000,3,P0,P0,P0,P0,P0,P0,P0,P0,P0,P0,P0,P0,P0,P0,P0,P0,P0,P0,P0,P0
grating,90,1.00,P0,1.000000,4,P0,P0,P0,P0,P0,P0,P0,P0,P0,P0,P0,P0,P0,P0,P0,P0,P0,P0,P0,P0
grating,90,1.00,P0,1.000000,5,P0,P0,P0,P0,P0,P0,P0,P0,P0,P0,P0,P0,P0,P0,P0,P0,P0,P0,P0,P0
grating,90,1.00,P0,1.000000,6,P0,P0,P0,P0,P0,P0,P0,P0,P0,P0,P0,P0,P0,P0,P0,P0,P0,P0,P0,P0
grating,90,1.00,P0,1.000000,7,P0,P0,P0,P0,P0,P0,P0,P0,P0,P0,P0,P0,P0,P0,P0,P0,P0,P0,P0,P0
grating,90,1.00,P0,1.000000,8,P0,P0,P0,P0,P0,P0,P0,P0,P0,P0,P0,P0,P0,P0,P0,P0,P0,P0,P0,P0
grating,90,1.00,P0,1.000000,9,P0,P0,P0,P0,P0,P0,P0,P0,P0,P0,P0,P0,P0,P0,P0,P0,P0,P0,P0,P0
grating,90,1.00,P0,1.000000,10,P0,P0,P0,P0,P0,P0,P0,P0,P0,P0,P0,P0,P0,P0,P0,P0,P0,P0,P0,P0
grating,90,1.00,P0,1.000000,11,P0,P0,P0,P0,P0,P0,P0,P0,P0,P0,P0,P0,P0,P0,P0,P0,P0,P0,P0,P0
grating,90,1.00,P0,1.000000,12,P0,P0,P0,P0,P0,P0,P0,P0,P0,P0,P0,P0,P0,P0,P0,P0,P0,P0,P0,P0
grating,90,1.00,P0,1.000000,13,P0,P0,P0,P0,P0,P0,P0,P0,P0,P0,P0,P0,P0,P0,P0,P0,P0,P0,P0,P0
grating,90,1.00,P0,1.000000,14,P0,P0,P0,P0,P0,P0,P0,P0,P0,P0,P0,P0,P0,P0,P0,P0,P0,P0,P0,P0
grating,90,1.00,P0,1.000000,15,P0,P0,P0,P0,P0,P0,P0,P0,P0,P0,P0,P0,P0,P0,P0,P0,P0,P0,P0,P0
grating,90,1.00,P0,1.000000,16,P0,P0,P0,P0,P0,P0,P0,P0,P0,P0,P0,P0,P0,P0,P0,P0,P0,P0,P0,P0
grating,90,1.00,P0,1.000000,17,P0,P0,P0,P0,P0,P0,P0,P0,P0,P0,P0,P0,P0,P0,P0,P0,P0,P0,P0,P0
grating,90,1.00,P0,1.000000,18,P0,P0,P0,P0,P0,P0,P0,P0,P0,P0,P0,P0,P0,P0,P0,P0,P0,P0,P0,P0
grating,90,1.00,P0,1.000000,19,P0,P0,P0,P0,P0,P0,P0,P0,P0,P0,P0,P0,P0,P0,P0,P0,P0,P0,P0,P0
grating,270,1.00,P0,1.000000,0,P0,P0,P0,P0,P0,P0,P0,P0,P0,P0,P0,P0,P0,P0,P0,P0,P0,P0,P0,P0
grating,270,1.00,P0,1.000000,1,P0,P0,P0,P0,P0,P0,P0,P0,P0,P0,P0,P0,P0,P0,P0,P0,P0,P0,P0,P0
grating,270,1.00,P0,1.000000,2,P0,P0,P0,P0,P0,P0,P0,P0,P0,P0,P0,P0,P0,P0,P0,P0,P0,P0,P0,P0
grating,270,1.00,P0,1.000000,3,P0,P0,P0,P0,P0,P0,P0,P0,P0,P0,P0,P0,P0,P0,P0,P0,P0,P0,P0,P0
grating,270,1.00,P0,1.000000,4,P0,P0,P0,P0,P0,P0,P0,P0,P0,P0,P0,P0,P0,P0,P0,P0,P0,P0,P0,P0
grating,270,1.00,P0,1.000000,5,P0,P0,P0,P0,P0,P0,P0,P0,P0,P0,P0,P0,P0,P0,P0,P0,P0,P0,P0,P0
grating,270,1.00,P0,1.000000,6,P0,P0,P0,P0,P0,P0,P0,P0,P0,P0,P0,P0,P0,P0,P0,P0,P0,P0,P0,P0
grating,270,1.00,P0,1.000000,7,P0,P0,P0,P0,P0,P0,P0,P0,P0,P0,P0,P0,P0,P0,P0,P0,P0,P0,P0,P0
grating,270,1.00,P0,1.000000,8,P0,P0,P0,P0,P0,P0,P0,P0,P0,P0,P0,P0,P0,P0,P0,P0,P0,P0,P0,P0
grating,270,1.00,P0,1.000000,9,P0,P0,P0,P0,P0,P0,P0,P0,P0,P0,P0,P0,P0,P0,P0,P0,P0,P0,P0,P0
grating,270,1.00,P0,1.000000,10,P0,P0,P0,P0,P0,P0,P0,P0,P0,P0,P0,P0,P0,P0,P0,P0,P0,P0,P0,P0
grating,270,1.00,P0,1.000000,11,P0,P0,P0,P0,P0,P0,P0,P0,P0,P0,P0,P0,P0,P0,P0,P0,P0,P0,P0,P0
grating,270,1.00,P0,1.000000,12,P0,P0,P0,P0,P0,P0,P0,P0,P0,P0,P0,P0,P0,P0,P0,P0,P0,P0,P0,P0
grating,270,1.00,P0,1.000000,13,P0,P0,P0,P0,P0,P0,P0,P0,P0,P0,P0,P0,P0,P0,P0,P0,P0,P0,P0,P0
grating,270,1.00,P0,1.000000,14,P0,P0,P0,P0,P0,P0,P0,P0,P0,P0,P0,P0,P0,P0,P0,P0,P0,P0,P0,P0
grating,270,1.00,P0,1.000000,15,P0,P0,P0,P0,P0,P0,P0,P0,P0,P0,P0,P0,P0,P0,P0,P0,P0,P0,P0,P0
grating,270,1.00,P0,1.000000,16,P0,P0,P0,P0,P0,P0,P0,P0,P0,P0,P0,P0,P0,P0,P0,P0,P0,P0,P0,P0
grating,270,1.00,P0,1.000000,17,P0,P0,P0,P0,P0,P0,P0,P0,P0,P0,P0,P0,P0,P0,P0,P0,P0,P0,P0,P0
grating,270,1.00,P0,1.000000,18,P0,P0,P0,P0,P0,P0,P0,P0,P0,P0,P0,P0,P0,P0,P0,P0,P0,P0,P0,P0
grating,270,1.00,P0,1.000000,19,P0,P0,P0,P0,P0,P0,P0,P0,P0,P0,P0,P0,P0,P0,P0,P0,P0,P0,P0,P0
grating,90,1.10,P0|P6|P7|P8|P11|P12|P13|P14|P15,0.780240,0,P0,P0,P0,P0,P0,P0,P0,P0,P0,P0,P0,P0,P0,P0,P0,P0,P0,P0,P0,P0
grating,90,1.10,P0|P6|P7|P8|P11|P12|P13|P14|P15,0.780240,1,P6,P6,P6,P6,P6,P6,P6,P6,P6,P6,P6,P6,P6,P6,P6,P6,P6,P6,P6,P6
grating,90,1.10,P0|P6|P7|P8|P11|P12|P13|P14|P15,0.780240,2,P7,P7,P7,P7,P7,P7,P7,P7,P7,P7,P7,P7,P7,P7,P7,P7,P7,P7,P7,P7
grating,90,1.10,P0|P6|P7|P8|P11|P12|P13|P14|P15,0.780240,3,P8,P8,P8,P8,P8,P8,P8,P8,P8,P8,P8,P8,P8,P8,P8,P8,P8,P8,P8,P8
grating,90,1.10,P0|P6|P7|P8|P11|P12|P13|P14|P15,0.780240,4,P11,P11,P11,P11,P11,P11,P11,P11,P11,P11,P11,P11,P11,P11,P11,P11,P11,P11,P11,P11
grating,90,1.10,P0|P6|P7|P8|P11|P12|P13|P14|P15,0.780240,5,P12,P12,P12,P12,P12,P12,P12,P12,P12,P12,P12,P12,P12,P12,P12,P12,P12,P12,P12,P12
grating,90,1.10,P0|P6|P7|P8|P11|P12|P13|P14|P15,0.780240,6,P13,P13,P13,P13,P13,P13,P13,P13,P13,P13,P13,P13,P13,P13,P13,P13,P13,P13,P13,P13
grating,90,1.10,P0|P6|P7|P8|P11|P12|P13|P14|P15,0.780240,7,P14,P14,P14,P14,P14,P14,P14,P14,P14,P14,P14,P14,P14,P14,P14,P14,P14,P14,P14,P14
grating,90,1.10,P0|P6|P7|P8|P11|P12|P13|P14|P15,0.780240,8,P15,P15,P15,P15,P15,P15,P15,P15,P15,P15,P15,P15,P15,P15,P15,P15,P15,P15,P15,P15
grating,90,1.10,P0|P6|P7|P8|P11|P12|P13|P14|P15,0.780240,9,P15,P15,P15,P15,P15,P15,P15,P15,P15,P15,P15,P15,P15,P15,P15,P15,P15,P15,P15,P15
grating,90,1.10,P0|P6|P7|P8|P11|P12|P13|P14|P15,0.780240,10,P15,P15,P15,P15,P15,P15,P15,P15,P15,P15,P15,P15,P15,P15,P15,P15,P15,P15,P15,P15
grating,90,1.10,P0|P6|P7|P8|P11|P12|P13|P14|P15,0.780240,11,P0,P0,P0,P0,P0,P0,P0,P0,P0,P0,P0,P0,P0,P0,P0,P0,P0,P0,P0,P0
grating,90,1.10,P0|P6|P7|P8|P11|P12|P13|P14|P15,0.780240,12,P6,P6,P6,P6,P6,P6,P6,P6,P6,P6,P6,P6,P6,P6,P6,P6,P6,P6,P6,P6
grating,90,1.10,P0|P6|P7|P8|P11|P12|P13|P14|P15,0.780240,13,P7,P7,P7,P7,P7,P7,P7,P7,P7,P7,P7,P7,P7,P7,P7,P7,P7,P7,P7,P7
grating,90,1.10,P0|P6|P7|P8|P11|P12|P13|P14|P15,0.780240,14,P8,P8,P8,P8,P8,P8,P8,P8,P8,P8,P8,P8,P8,P8,P8,P8,P8,P8,P8,P8
grating,90,1.10,P0|P6|P7|P8|P11|P12|P13|P14|P15,0.780240,15,P11,P11,P11,P11,P11,P11,P11,P11,P11,P11,P11,P11,P11,P11,P11,P11,P11,P11,P11,P11
grating,90,1.10,P0|P6|P7|P8|P11|P12|P13|P14|P15,0.780240,16,P12,P12,P12,P12,P12,P12,P12,P12,P12,P12,P12,P12,P12,P12,P12,P12,P12,P12,P12,P12
grating,90,1.10,P0|P6|P7|P8|P11|P12|P13|P14|P15,0.780240,17,P13,P13,P13,P13,P13,P13,P13,P13,P13,P13,P13,P13,P13,P13,P13,P13,P13,P13,P13,P13
grating,90,1.10,P0|P6|P7|P8|P11|P12|P13|P14|P15,0.780240,18,P14,P14,P14,P14,P14,P14,P14,P14,P14,P14,P14,P14,P14,P14,P14,P14,P14,P14,P14,P14
grating,90,1.10,P0|P6|P7|P8|P11|P12|P13|P14|P15,0.780240,19,P15,P15,P15,P15,P15,P15,P15,P15,P15,P15,P15,P15,P15,P15,P15,P15,P15,P15,P15,P15
grating,270,1.10,P0|P6|P7|P8|P11|P12|P13|P14|P15,0.780240,0,P14,P14,P14,P14,P14,P14,P14,P14,P14,P14,P14,P14,P14,P14,P14,P14,P14,P14,P14,P14
grating,270,1.10,P0|P6|P7|P8|P11|P12|P13|P14|P15,0.780240,1,P13,P13,P13,P13,P13,P13,P13,P13,P13,P13,P13,P13,P13,P13,P13,P13,P13,P13,P13,P13
grating,270,1.10,P0|P6|P7|P8|P11|P12|P13|P14|P15,0.780240,2,P12,P12,P12,P12,P12,P12,P12,P12,P12,P12,P12,P12,P12,P12,P12,P12,P12,P12,P12,P12
grating,270,1.10,P0|P6|P7|P8|P11|P12|P13|P14|P15,0.780240,3,P11,P11,P11,P11,P11,P11,P11,P11,P11,P11,P11,P11,P11,P11,P11,P11,P11,P11,P11,P11
grating,270,1.10,P0|P6|P7|P8|P11|P12|P13|P14|P15,0.780240,4,P8,P8,P8,P8,P8,P8,P8,P8,P8,P8,P8,P8,P8,P8,P8,P8,P8,P8,P8,P8
grating,270,1.10,P0|P6|P7|P8|P11|P12|P13|P14|P15,0.780240,5,P7,P7,P7,P7,P7,P7,P7,P7,P7,P7,P7,P7,P7,P7,P7,P7,P7,P7,P7,P7
grating,270,1.10,P0|P6|P7|P8|P11|P12|P13|P14|P15,0.780240,6,P6,P6,P6,P6,P6,P6,P6,P6,P6,P6,P6,P6,P6,P6,P6,P6,P6,P6,P6,P6
grating,270,1.10,P0|P6|P7|P8|P11|P12|P13|P14|P15,0.780240,7,P0,P0,P0,P0,P0,P0,P0,P0,P0,P0,P0,P0,P0,P0,P0,P0,P0,P0,P0,P0
grating,270,1.10,P0|P6|P7|P8|P11|P12|P13|P14|P15,0.780240,8,P15,P15,P15,P15,P15,P15,P15,P15,P15,P15,P15,P15,P15,P15,P15,P15,P15,P15,P15,P15
grating,270,1.10,P0|P6|P7|P8|P11|P12|P13|P14|P15,0.780240,9,P15,P15,P15,P15,P15,P15,P15,P15,P15,P15,P15,P15,P15,P15,P15,P15,P15,P15,P15,P15
grating,270,1.10,P0|P6|P7|P8|P11|P12|P13|P14|P15,0.780240,10,P15,P15,P15,P15,P15,P15,P15,P15,P15,P15,P15,P15,P15,P15,P15,P15,P15,P15,P15,P15
grating,270,1.10,P0|P6|P7|P8|P11|P12|P13|P14|P15,0.780240,11,P14,P14,P14,P14,P14,P14,P14,P14,P14,P14,P14,P14,P14,P14,P14,P14,P14,P14,P14,P14
grating,270,1.10,P0|P6|P7|P8|P11|P12|P13|P14|P15,0.780240,12,P13,P13,P13,P13,P13,P13,P13,P13,P13,P13,P13,P13,P13,P13,P13,P13,P13,P13,P13,P13
grating,270,1.10,P0|P6|P7|P8|P11|P12|P13|P14|P15,0.780240,13,P12,P12,P12,P12,P12,P12,P12,P12,P12,P12,P12,P12,P12,P12,P12,P12,P12,P12,P12,P12
grating,270,1.10,P0|P6|P7|P8|P11|P12|P13|P14|P15,0.780240,14,P11,P11,P11,P11,P11,P11,P11,P11,P11,P11,P11,P11,P11,P11,P11,P11,P11,P11,P11,P11
grating,270,1.10,P0|P6|P7|P8|P11|P12|P13|P14|P15,0.780240,15,P8,P8,P8,P8,P8,P8,P8,P8,P8,P8,P8,P8,P8,P8,P8,P8,P8,P8,P8,P8
grating,270,1.10,P0|P6|P7|P8|P11|P12|P13|P14|P15,0.780240,16,P7,P7,P7,P7,P7,P7,P7,P7,P7,P7,P7,P7,P7,P7,P7,P7,P7,P7,P7,P7
grating,270,1.10,P0|P6|P7|P8|P11|P12|P13|P14|P15,0.780240,17,P6,P6,P6,P6,P6,P6,P6,P6,P6,P6,P6,P6,P6,P6,P6,P6,P6,P6,P6,P6
grating,270,1.10,P0|P6|P7|P8|P11|P12|P13|P14|P15,0.780240,18,P0,P0,P0,P0,P0,P0,P0,P0,P0,P0,P0,P0,P0,P0,P0,P0,P0,P0,P0,P0
grating,270,1.10,P0|P6|P7|P8|P11|P12|P13|P14|P15,0.780240,19,P15,P15,P15,P15,P15,P15,P15,P15,P15,P15,P15,P15,P15,P15,P15,P15,P15,P15,P15,P15
grating,90,1.20,P0|P7|P10|P13|P15,0.828389,0,P0,P0,P0,P0,P0,P0,P0,P0,P0,P0,P0,P0,P0,P0,P0,P0,P0,P0,P0,P0
grating,90,1.20,P0|P7|P10|P13|P15,0.828389,1,P7,P7,P7,P7,P7,P7,P7,P7,P7,P7,P7,P7,P7,P7,P7,P7,P7,P7,P7,P7
grating,90,1.20,P0|P7|P10|P13|P15,0.828389,2,P10,P10,P10,P10,P10,P10,P10,P10,P10,P10,P10,P10,P10,P10,P10,P10,P10,P10,P10,P10
grating,90,1.20,P0|P7|P10|P13|P15,0.828389,3,P13,P13,P13,P13,P13,P13,P13,P13,P13,P13,P13,P13,P13,P13,P13,P13,P13,P13,P13,P13
grating,90,1.20,P0|P7|P10|P13|P15,0.828389,4,P15,P15,P15,P15,P15,P15,P15,P15,P15,P15,P15,P15,P15,P15,P15,P15,P15,P15,P15,P15
grating,90,1.20,P0|P7|P10|P13|P15,0.828389,5,P15,P15,P15,P15,P15,P15,P15,P15,P15,P15,P15,P15,P15,P15,P15,P15,P15,P15,P15,P15
grating,90,1.20,P0|P7|P10|P13|P15,0.828389,6,P0,P0,P0,P0,P0,P0,P0,P0,P0,P0,P0,P0,P0,P0,P0,P0,P0,P0,P0,P0
grating,90,1.20,P0|P7|P10|P13|P15,0.828389,7,P7,P7,P7,P7,P7,P7,P7,P7,P7,P7,P7,P7,P7,P7,P7,P7,P7,P7,P7,P7
grating,90,1.20,P0|P7|P10|P13|P15,0.828389,8,P10,P10,P10,P10,P10,P10,P10,P10,P10,P10,P10,P10,P10,P10,P10,P10,P10,P10,P10,P10
grating,90,1.20,P0|P7|P10|P13|P15,0.828389,9,P13,P13,P13,P13,P13,P13,P13,P13,P13,P13,P13,P13,P13,P13,P13,P13,P13,P13,P13,P13
grating,90,1.20,P0|P7|P10|P13|P15,0.828389,10,P15,P15,P15,P15,P15,P15,P15,P15,P15,P15,P15,P15,P15,P15,P15,P15,P15,P15,P15,P15
grating,90,1.20,P0|P7|P10|P13|P15,0.828389,11,P15,P15,P15,P15,P15,P15,P15,P15,P15,P15,P15,P15,P15,P15,P15,P15,P15,P15,P15,P15
grating,90,1.20,P0|P7|P10|P13|P15,0.828389,12,P0,P0,P0,P0,P0,P0,P0,P0,P0,P0,P0,P0,P0,P0,P0,P0,P0,P0,P0,P0
grating,90,1.20,P0|P7|P10|P13|P15,0.828389,13,P7,P7,P7,P7,P7,P7,P7,P7,P7,P7,P7,P7,P7,P7,P7,P7,P7,P7,P7,P7
grating,90,1.20,P0|P7|P10|P13|P15,0.828389,14,P10,P10,P10,P10,P10,P10,P10,P10,P10,P10,P10,P10,P10,P10,P10,P10,P10,P10,P10,P10
grating,90,1.20,P0|P7|P10|P13|P15,0.828389,15,P13,P13,P13,P13,P13,P13,P13,P13,P13,P13,P13,P13,P13,P13,P13,P13,P13,P13,P13,P13
grating,90,1.20,P0|P7|P10|P13|P15,0.828389,16,P15,P15,P15,P15,P15,P15,P15,P15,P15,P15,P15,P15,P15,P15,P15,P15,P15,P15,P15,P15
grating,90,1.20,P0|P7|P10|P13|P15,0.828389,17,P15,P15,P15,P15,P15,P15,P15,P15,P15,P15,P15,P15,P15,P15,P15,P15,P15,P15,P15,P15
grating,90,1.20,P0|P7|P10|P13|P15,0.828389,18,P0,P0,P0,P0,P0,P0,P0,P0,P0,P0,P0,P0,P0,P0,P0,P0,P0,P0,P0,P0
grating,90,1.20,P0|P7|P10|P13|P15,0.828389,19,P7,P7,P7,P7,P7,P7,P7,P7,P7,P7,P7,P7,P7,P7,P7,P7,P7,P7,P7,P7
grating,270,1.20,P0|P7|P10|P13|P15,0.828389,0,P7,P7,P7,P7,P7,P7,P7,P7,P7,P7,P7,P7,P7,P7,P7,P7,P7,P7,P7,P7
grating,270,1.20,P0|P7|P10|P13|P15,0.828389,1,P0,P0,P0,P0,P0,P0,P0,P0,P0,P0,P0,P0,P0,P0,P0,P0,P0,P0,P0,P0
grating,270,1.20,P0|P7|P10|P13|P15,0.828389,2,P15,P15,P15,P15,P15,P15,P15,P15,P15,P15,P15,P15,P15,P15,P15,P15,P15,P15,P15,P15
grating,270,1.20,P0|P7|P10|P13|P15,0.828389,3,P15,P15,P15,P15,P15,P15,P15,P15,P15,P15,P15,P15,P15,P15,P15,P15,P15,P15,P15,P15
grating,270,1.20,P0|P7|P10|P13|P15,0.828389,4,P13,P13,P13,P13,P13,P13,P13,P13,P13,P13,P13,P13,P13,P13,P13,P13,P13,P13,P13,P13
grating,270,1.20,P0|P7|P10|P13|P15,0.828389,5,P10,P10,P10,P10,P10,P10,P10,P10,P10,P10,P10,P10,P10,P10,P10,P10,P10,P10,P10,P10
grating,270,1.20,P0|P7|P10|P13|P15,0.828389,6,P7,P7,P7,P7,P7,P7,P7,P7,P7,P7,P7,P7,P7,P7,P7,P7,P7,P7,P7,P7
grating,270,1.20,P0|P7|P10|P13|P15,0.828389,7,P0,P0,P0,P0,P0,P0,P0,P0,P0,P0,P0,P0,P0,P0,P0,P0,P0,P0,P0,P0
grating,270,1.20,P0|P7|P10|P13|P15,0.828389,8,P15,P15,P15,P15,P15,P15,P15,P15,P15,P15,P15,P15,P15,P15,P15,P15,P15,P15,P15,P15
grating,270,1.20,P0|P7|P10|P13|P15,0.828389,9,P15,P15,P15,P15,P15,P15,P15,P15,P15,P15,P15,P15,P15,P15,P15,P15,P15,P15,P15,P15
grating,270,1.20,P0|P7|P10|P13|P15,0.828389,10,P13,P13,P13,P13,P13,P13,P13,P13,P13,P13,P13,P13,P13,P13,P13,P13,P13,P13,P13,P13
grating,270,1.20,P0|P7|P10|P13|P15,0.828389,11,P10,P10,P10,P10,P10,P10,P10,P10,P10,P10,P10,P10,P10,P10,P10,P10,P10,P10,P10,P10
grating,270,1.20,P0|P7|P10|P13|P15,0.828389,12,P7,P7,P7,P7,P7,P7,P7,P7,P7,P7,P7,P7,P7,P7,P7,P7,P7,P7,P7,P7
grating,270,1.20,P0|P7|P10|P13|P15,0.828389,13,P0,P0,P0,P0,P0,P0,P0,P0,P0,P0,P0,P0,P0,P0,P0,P0,P0,P0,P0,P0
grating,270,1.20,P0|P7|P10|P13|P15,0.828389,14,P15,P15,P15,P15,P15,P15,P15,P15,P15,P15,P15,P15,P15,P15,P15,P15,P15,P15,P15,P15
grating,270,1.20,P0|P7|P10|P13|P15,0.828389,15,P15,P15,P15,P15,P15,P15,P15,P15,P15,P15,P15,P15,P15,P15,P15,P15,P15,P15,P15,P15
grating,270,1.20,P0|P7|P10|P13|P15,0.828389,16,P13,P13,P13,P13,P13,P13,P13,P13,P13,P13,P13,P13,P13,P13,P13,P13,P13,P13,P13,P13
grating,270,1.20,P0|P7|P10|P13|P15,0.828389,17,P10,P10,P10,P10,P10,P10,P10,P10,P10,P10,P10,P10,P10,P10,P10,P10,P10,P10,P10,P10
grating,270,1.20,P0|P7|P10|P13|P15,0.828389,18,P7,P7,P7,P7,P7,P7,P7,P7,P7,P7,P7,P7,P7,P7,P7,P7,P7,P7,P7,P7
grating,270,1.20,P0|P7|P10|P13|P15,0.828389,19,P0,P0,P0,P0,P0,P0,P0,P0,P0,P0,P0,P0,P0,P0,P0,P0,P0,P0,P0,P0
grating,90,1.30,P0|P5|P7|P8|P10|P11|P12|P13|P14|P15,0.775891,0,P0,P0,P0,P0,P0,P0,P0,P0,P0,P0,P0,P0,P0,P0,P0,P0,P0,P0,P0,P0
grating,90,1.30,P0|P5|P7|P8|P10|P11|P12|P13|P14|P15,0.775891,1,P8,P8,P8,P8,P8,P8,P8,P8,P8,P8,P8,P8,P8,P8,P8,P8,P8,P8,P8,P8
grating,90,1.30,P0|P5|P7|P8|P10|P11|P12|P13|P14|P15,0.775891,2,P12,P12,P12,P12,P12,P12,P12,P12,P12,P12,P12,P12,P12,P12,P12,P12,P12,P12,P12,P12
grating,90,1.30,P0|P5|P7|P8|P10|P11|P12|P13|P14|P15,0.775891,3,P15,P15,P15,P15,P15,P15,P15,P15,P15,P15,P15,P15,P15,P15,P15,P15,P15,P15,P15,P15
grating,90,1.30,P0|P5|P7|P8|P10|P11|P12|P13|P14|P15,0.775891,4,P15,P15,P15,P15,P15,P15,P15,P15,P15,P15,P15,P15,P15,P15,P15,P15,P15,P15,P15,P15
grating,90,1.30,P0|P5|P7|P8|P10|P11|P12|P13|P14|P15,0.775891,5,P7,P7,P7,P7,P7,P7,P7,P7,P7,P7,P7,P7,P7,P7,P7,P7,P7,P7,P7,P7
grating,90,1.30,P0|P5|P7|P8|P10|P11|P12|P13|P14|P15,0.775891,6,P11,P11,P11,P11,P11,P11,P11,P11,P11,P11,P11,P11,P11,P11,P11,P11,P11,P11,P11,P11
grating,90,1.30,P0|P5|P7|P8|P10|P11|P12|P13|P14|P15,0.775891,7,P14,P14,P14,P14,P14,P14,P14,P14,P14,P14,P14,P14,P14,P14,P14,P14,P14,P14,P14,P14
grating,90,1.30,P0|P5|P7|P8|P10|P11|P12|P13|P14|P15,0.775891,8,P15,P15,P15,P15,P15,P15,P15,P15,P15,P15,P15,P15,P15,P15,P15,P15,P15,P15,P15,P15
grating,90,1.30,P0|P5|P7|P8|P10|P11|P12|P13|P14|P15,0.775891,9,P5,P5,P5,P5,P5,P5,P5,P5,P5,P5,P5,P5,P5,P5,P5,P5,P5,P5,P5,P5
grating,90,1.30,P0|P5|P7|P8|P10|P11|P12|P13|P14|P15,0.775891,10,P10,P10,P10,P10,P10,P10,P10,P10,P10,P10,P10,P10,P10,P10,P10,P10,P10,P10,P10,P10
grating,90,1.30,P0|P5|P7|P8|P10|P11|P12|P13|P14|P15,0.775891,11,P13,P13,P13,P13,P13,P13,P13,P13,P13,P13,P13,P13,P13,P13,P13,P13,P13,P13,P13,P13
grating,90,1.30,P0|P5|P7|P8|P10|P11|P12|P13|P14|P15,0.775891,12,P15,P15,P15,P15,P15,P15,P15,P15,P15,P15,P15,P15,P15,P15,P15,P15,P15,P15,P15,P15
grating,90,1.30,P0|P5|P7|P8|P10|P11|P12|P13|P14|P15,0.775891,13,P0,P0,P0,P0,P0,P0,P0,P0,P0,P0,P0,P0,P0,P0,P0,P0,P0,P0,P0,P0
grating,90,1.30,P0|P5|P7|P8|P10|P11|P12|P13|P14|P15,0.775891,14,P8,P8,P8,P8,P8,P8,P8,P8,P8,P8,P8,P8,P8,P8,P8,P8,P8,P8,P8,P8
grating,90,1.30,P0|P5|P7|P8|P10|P11|P12|P13|P14|P15,0.775891,15,P12,P12,P12,P12,P12,P12,P12,P12,P12,P12,P12,P12,P12,P12,P12,P12,P12,P12,P12,P12
grating,90,1.30,P0|P5|P7|P8|P10|P11|P12|P13|P14|P15,0.775891,16,P15,P15,P15,P15,P15,P15,P15,P15,P15,P15,P15,P15,P15,P15,P15,P15,P15,P15,P15,P15
grating,90,1.30,P0|P5|P7|P8|P10|P11|P12|P13|P14|P15,0.775891,17,P15,P15,P15,P15,P15,P15,P15,P15,P15,P15,P15,P15,P15,P15,P15,P15,P15,P15,P15,P15
grating,90,1.30,P0|P5|P7|P8|P10|P11|P12|P13|P14|P15,0.775891,18,P7,P7,P7,P7,P7,P7,P7,P7,P7,P7,P7,P7,P7,P7,P7,P7,P7,P7,P7,P7
grating,90,1.30,P0|P5|P7|P8|P10|P11|P12|P13|P14|P15,0.775891,19,P11,P11,P11,P11,P11,P11,P11,P11,P11,P11,P11,P11,P11,P11,P11,P11,P11,P11,P11,P11
grating,270,1.30,P0|P5|P7|P8|P10|P11|P12|P13|P14|P15,0.775891,0,P11,P11,P11,P11,P11,P11,P11,P11,P11,P11,P11,P11,P11,P11,P11,P11,P11,P11,P11,P11
grating,270,1.30,P0|P5|P7|P8|P10|P11|P12|P13|P14|P15,0.775891,1,P7,P7,P7,P7,P7,P7,P7,P7,P7,P7,P7,P7,P7,P7,P7,P7,P7,P7,P7,P7
grating,270,1.30,P0|P5|P7|P8|P10|P11|P12|P13|P14|P15,0.775891,2,P15,P15,P15,P15,P15,P15,P15,P15,P15,P15,P15,P15,P15,P15,P15,P15,P15,P15,P15,P15
grating,270,1.30,P0|P5|P7|P8|P10|P11|P12|P13|P14|P15,0.775891,3,P15,P15,P15,P15,P15,P15,P15,P15,P15,P15,P15,P15,P15,P15,P15,P15,P15,P15,P15,P15
grating,270,1.30,P0|P5|P7|P8|P10|P11|P12|P13|P14|P15,0.775891,4,P12,P12,P12,P12,P12,P12,P12,P12,P12,P12,P12,P12,P12,P12,P12,P12,P12,P12,P12,P12
grating,270,1.30,P0|P5|P7|P8|P10|P11|P12|P13|P14|P15,0.775891,5,P8,P8,P8,P8,P8,P8,P8,P8,P8,P8,P8,P8,P8,P8,P8,P8,P8,P8,P8,P8
grating,270,1.30,P0|P5|P7|P8|P10|P11|P12|P13|P14|P15,0.775891,6,P0,P0,P0,P0,P0,P0,P0,P0,P0,P0,P0,P0,P0,P0,P0,P0,P0,P0,P0,P0
grating,270,1.30,P0|P5|P7|P8|P10|P11|P12|P13|P14|P15,0.775891,7,P15,P15,P15,P15,P15,P15,P15,P15,P15,P15,P15,P15,P15,P15,P15,P15,P15,P15,P15,P15
grating,270,1.30,P0|P5|P7|P8|P10|P11|P12|P13|P14|P15,0.775891,8,P13,P13,P13,P13,P13,P13,P13,P13,P13,P13,P13,P13,P13,P13,P13,P13,P13,P13,P13,P13
grating,270,1.30,P0|P5|P7|P8|P10|P11|P12|P13|P14|P15,0.775891,9,P10,P10,P10,P10,P10,P10,P10,P10,P10,P10,P10,P10,P10,P10,P10,P10,P10,P10,P10,P10
grating,270,1.30,P0|P5|P7|P8|P10|P11|P12|P13|P14|P15,0.775891,10,P5,P5,P5,P5,P5,P5,P5,P5,P5,P5,P5,P5,P5,P5,P5,P5,P5,P5,P5,P5
grating,270,1.30,P0|P5|P7|P8|P10|P11|P12|P13|P14|P15,0.775891,11,P15,P15,P15,P15,P15,P15,P15,P15,P15,P15,P15,P15,P15,P15,P15,P15,P15,P15,P15,P15
grating,270,1.30,P0|P5|P7|P8|P10|P11|P12|P13|P14|P15,0.775891,12,P14,P14,P14,P14,P14,P14,P14,P14,P14,P14,P14,P14,P14,P14,P14,P14,P14,P14,P14,P14
grating,270,1.30,P0|P5|P7|P8|P10|P11|P12|P13|P14|P15,0.775891,13,P11,P11,P11,P11,P11,P11,P11,P11,P11,P11,P11,P11,P11,P11,P11,P11,P11,P11,P11,P11
grating,270,1.30,P0|P5|P7|P8|P10|P11|P12|P13|P14|P15,0.775891,14,P7,P7,P7,P7,P7,P7,P7,P7,P7,P7,P7,P7,P7,P7,P7,P7,P7,P7,P7,P7
grating,270,1.30,P0|P5|P7|P8|P10|P11|P12|P13|P14|P15,0.775891,15,P15,P15,P15,P15,P15,P15,P15,P15,P15,P15,P15,P15,P15,P15,P15,P15,P15,P15,P15,P15
grating,270,1.30,P0|P5|P7|P8|P10|P11|P12|P13|P14|P15,0.775891,16,P15,P15,P15,P15,P15,P15,P15,P15,P15,P15,P15,P15,P15,P15,P15,P15,P15,P15,P15,P15
grating,270,1.30,P0|P5|P7|P8|P10|P11|P12|P13|P14|P15,0.775891,17,P12,P12,P12,P12,P12,P12,P12,P12,P12,P12,P12,P12,P12,P12,P12,P12,P12,P12,P12,P12
grating,270,1.30,P0|P5|P7|P8|P10|P11|P12|P13|P14|P15,0.775891,18,P8,P8,P8,P8,P8,P8,P8,P8,P8,P8,P8,P8,P8,P8,P8,P8,P8,P8,P8,P8
grating,270,1.30,P0|P5|P7|P8|P10|P11|P12|P13|P14|P15,0.775891,19,P0,P0,P0,P0,P0,P0,P0,P0,P0,P0,P0,P0,P0,P0,P0,P0,P0,P0,P0,P0
grating,90,1.40,P0|P7|P9|P12|P14|P15,0.793960,0,P0,P0,P0,P0,P0,P0,P0,P0,P0,P0,P0,P0,P0,P0,P0,P0,P0,P0,P0,P0
grating,90,1.40,P0|P7|P9|P12|P14|P15,0.793960,1,P9,P9,P9,P9,P9,P9,P9,P9,P9,P9,P9,P9,P9,P9,P9,P9,P9,P9,P9,P9
grating,90,1.40,P0|P7|P9|P12|P14|P15,0.793960,2,P14,P14,P14,P14,P14,P14,P14,P14,P14,P14,P14,P14,P14,P14,P14,P14,P14,P14,P14,P14
grating,90,1.40,P0|P7|P9|P12|P14|P15,0.793960,3,P15,P15,P15,P15,P15,P15,P15,P15,P15,P15,P15,P15,P15,P15,P15,P15,P15,P15,P15,P15
grating,90,1.40,P0|P7|P9|P12|P14|P15,0.793960,4,P7,P7,P7,P7,P7,P7,P7,P7,P7,P7,P7,P7,P7,P7,P7,P7,P7,P7,P7,P7
grating,90,1.40,P0|P7|P9|P12|P14|P15,0.793960,5,P12,P12,P12,P12,P12,P12,P12,P12,P12,P12,P12,P12,P12,P12,P12,P12,P12,P12,P12,P12
grating,90,1.40,P0|P7|P9|P12|P14|P15,0.793960,6,P15,P15,P15,P15,P15,P15,P15,P15,P15,P15,P15,P15,P15,P15,P15,P15,P15,P15,P15,P15
grating,90,1.40,P0|P7|P9|P12|P14|P15,0.793960,7,P15,P15,P15,P15,P15,P15,P15,P15,P15,P15,P15,P15,P15,P15,P15,P15,P15,P15,P15,P15
grating,90,1.40,P0|P7|P9|P12|P14|P15,0.793960,8,P9,P9,P9,P9,P9,P9,P9,P9,P9,P9,P9,P9,P9,P9,P9,P9,P9,P9,P9,P9
grating,90,1.40,P0|P7|P9|P12|P14|P15,0.793960,9,P14,P14,P14,P14,P14,P14,P14,P14,P14,P14,P14,P14,P14,P14,P14,P14,P14,P14,P14,P14
grating,90,1.40,P0|P7|P9|P12|P14|P15,0.793960,10,P15,P15,P15,P15,P15,P15,P15,P15,P15,P15,P15,P15,P15,P15,P15,P15,P15,P15,P15,P15
grating,90,1.40,P0|P7|P9|P12|P14|P15,0.793960,11,P7,P7,P7,P7,P7,P7,P7,P7,P7,P7,P7,P7,P7,P7,P7,P7,P7,P7,P7,P7
grating,90,1.40,P0|P7|P9|P12|P14|P15,0.793960,12,P12,P12,P12,P12,P12,P12,P12,P12,P12,P12,P12,P12,P12,P12,P12,P12,P12,P12,P12,P12
grating,90,1.40,P0|P7|P9|P12|P14|P15,0.793960,13,P15,P15,P15,P15,P15,P15,P15,P15,P15,P15,P15,P15,P15,P15,P15,P15,P15,P15,P15,P15
grating,90,1.40,P0|P7|P9|P12|P14|P15,0.793960,14,P15,P15,P15,P15,P15,P15,P15,P15,P15,P15,P15,P15,P15,P15,P15,P15,P15,P15,P15,P15
grating,90,1.40,P0|P7|P9|P12|P14|P15,0.793960,15,P9,P9,P9,P9,P9,P9,P9,P9,P9,P9,P9,P9,P9,P9,P9,P9,P9,P9,P9,P9
grating,90,1.40,P0|P7|P9|P12|P14|P15,0.793960,16,P14,P14,P14,P14,P14,P14,P14,P14,P14,P14,P14,P14,P14,P14,P14,P14,P14,P14,P14,P14
grating,90,1.40,P0|P7|P9|P12|P14|P15,0.793960,17,P15,P15,P15,P15,P15,P15,P15,P15,P15,P15,P15,P15,P15,P15,P15,P15,P15,P15,P15,P15
grating,90,1.40,P0|P7|P9|P12|P14|P15,0.793960,18,P7,P7,P7,P7,P7,P7,P7,P7,P7,P7,P7,P7,P7,P7,P7,P7,P7,P7,P7,P7
grating,90,1.40,P0|P7|P9|P12|P14|P15,0.793960,19,P12,P12,P12,P12,P12,P12,P12,P12,P12,P12,P12,P12,P12,P12,P12,P12,P12,P12,P12,P12
grating,270,1.40,P0|P7|P9|P12|P14|P15,0.793960,0,P9,P9,P9,P9,P9,P9,P9,P9,P9,P9,P9,P9,P9,P9,P9,P9,P9,P9,P9,P9
grating,270,1.40,P0|P7|P9|P12|P14|P15,0.793960,1,P0,P0,P0,P0,P0,P0,P0,P0,P0,P0,P0,P0,P0,P0,P0,P0,P0,P0,P0,P0
grating,270,1.40,P0|P7|P9|P12|P14|P15,0.793960,2,P15,P15,P15,P15,P15,P15,P15,P15,P15,P15,P15,P15,P15,P15,P15,P15,P15,P15,P15,P15
grating,270,1.40,P0|P7|P9|P12|P14|P15,0.793960,3,P12,P12,P12,P12,P12,P12,P12,P12,P12,P12,P12,P12,P12,P12,P12,P12,P12,P12,P12,P12
grating,270,1.40,P0|P7|P9|P12|P14|P15,0.793960,4,P7,P7,P7,P7,P7,P7,P7,P7,P7,P7,P7,P7,P7,P7,P7,P7,P7,P7,P7,P7
grating,270,1.40,P0|P7|P9|P12|P14|P15,0.793960,5,P15,P15,P15,P15,P15,P15,P15,P15,P15,P15,P15,P15,P15,P15,P15,P15,P15,P15,P15,P15
grating,270,1.40,P0|P7|P9|P12|P14|P15,0.793960,6,P14,P14,P14,P14,P14,P14,P14,P14,P14,P14,P14,P14,P14,P14,P14,P14,P14,P14,P14,P14
grating,270,1.40,P0|P7|P9|P12|P14|P15,0.793960,7,P9,P9,P9,P9,P9,P9,P9,P9,P9,P9,P9,P9,P9,P9,P9,P9,P9,P9,P9,P9
grating,270,1.40,P0|P7|P9|P12|P14|P15,0.793960,8,P0,P0,P0,P0,P0,P0,P0,P0,P0,P0,P0,P0,P0,P0,P0,P0,P0,P0,P0,P0
grating,270,1.40,P0|P7|P9|P12|P14|P15,0.793960,9,P15,P15,P15,P15,P15,P15,P15,P15,P15,P15,P15,P15,P15,P15,P15,P15,P15,P15,P15,P15
grating,270,1.40,P0|P7|P9|P12|P14|P15,0.793960,10,P12,P12,P12,P12,P12,P12,P12,P12,P12,P12,P12,P12,P12,P12,P12,P12,P12,P12,P12,P12
grating,270,1.40,P0|P7|P9|P12|P14|P15,0.793960,11,P7,P7,P7,P7,P7,P7,P7,P7,P7,P7,P7,P7,P7,P7,P7,P7,P7,P7,P7,P7
grating,270,1.40,P0|P7|P9|P12|P14|P15,0.793960,12,P15,P15,P15,P15,P15,P15,P15,P15,P15,P15,P15,P15,P15,P15,P15,P15,P15,P15,P15,P15
grating,270,1.40,P0|P7|P9|P12|P14|P15,0.793960,13,P14,P14,P14,P14,P14,P14,P14,P14,P14,P14,P14,P14,P14,P14,P14,P14,P14,P14,P14,P14
grating,270,1.40,P0|P7|P9|P12|P14|P15,0.793960,14,P9,P9,P9,P9,P9,P9,P9,P9,P9,P9,P9,P9,P9,P9,P9,P9,P9,P9,P9,P9
grating,270,1.40,P0|P7|P9|P12|P14|P15,0.793960,15,P0,P0,P0,P0,P0,P0,P0,P0,P0,P0,P0,P0,P0,P0,P0,P0,P0,P0,P0,P0
grating,270,1.40,P0|P7|P9|P12|P14|P15,0.793960,16,P15,P15,P15,P15,P15,P15,P15,P15,P15,P15,P15,P15,P15,P15,P15,P15,P15,P15,P15,P15
grating,270,1.40,P0|P7|P9|P12|P14|P15,0.793960,17,P12,P12,P12,P12,P12,P12,P12,P12,P12,P12,P12,P12,P12,P12,P12,P12,P12,P12,P12,P12
grating,270,1.40,P0|P7|P9|P12|P14|P15,0.793960,18,P7,P7,P7,P7,P7,P7,P7,P7,P7,P7,P7,P7,P7,P7,P7,P7,P7,P7,P7,P7
grating,270,1.40,P0|P7|P9|P12|P14|P15,0.793960,19,P15,P15,P15,P15,P15,P15,P15,P15,P15,P15,P15,P15,P15,P15,P15,P15,P15,P15,P15,P15
grating,90,1.50,P0|P10|P15,0.909075,0,P0,P0,P0,P0,P0,P0,P0,P0,P0,P0,P0,P0,P0,P0,P0,P0,P0,P0,P0,P0
grating,90,1.50,P0|P10|P15,0.909075,1,P10,P10,P10,P10,P10,P10,P10,P10,P10,P10,P10,P10,P10,P10,P10,P10,P10,P10,P10,P10
grating,90,1.50,P0|P10|P15,0.909075,2,P15,P15,P15,P15,P15,P15,P15,P15,P15,P15,P15,P15,P15,P15,P15,P15,P15,P15,P15,P15
grating,90,1.50,P0|P10|P15,0.909075,3,P0,P0,P0,P0,P0,P0,P0,P0,P0,P0,P0,P0,P0,P0,P0,P0,P0,P0,P0,P0
grating,90,1.50,P0|P10|P15,0.909075,4,P10,P10,P10,P10,P10,P10,P10,P10,P10,P10,P10,P10,P10,P10,P10,P10,P10,P10,P10,P10
grating,90,1.50,P0|P10|P15,0.909075,5,P15,P15,P15,P15,P15,P15,P15,P15,P15,P15,P15,P15,P15,P15,P15,P15,P15,P15,P15,P15
grating,90,1.50,P0|P10|P15,0.909075,6,P0,P0,P0,P0,P0,P0,P0,P0,P0,P0,P0,P0,P0,P0,P0,P0,P0,P0,P0,P0
grating,90,1.50,P0|P10|P15,0.909075,7,P10,P10,P10,P10,P10,P10,P10,P10,P10,P10,P10,P10,P10,P10,P10,P10,P10,P10,P10,P10
grating,90,1.50,P0|P10|P15,0.909075,8,P15,P15,P15,P15,P15,P15,P15,P15,P15,P15,P15,P15,P15,P15,P15,P15,P15,P15,P15,P15
grating,90,1.50,P0|P10|P15,0.909075,9,P0,P0,P0,P0,P0,P0,P0,P0,P0,P0,P0,P0,P0,P0,P0,P0,P0,P0,P0,P0
grating,90,1.50,P0|P10|P15,0.909075,10,P10,P10,P10,P10,P10,P10,P10,P10,P10,P10,P10,P10,P10,P10,P10,P10,P10,P10,P10,P10
grating,90,1.50,P0|P10|P15,0.909075,11,P15,P15,P15,P15,P15,P15,P15,P15,P15,P15,P15,P15,P15,P15,P15,P15,P15,P15,P15,P15
grating,90,1.50,P0|P10|P15,0.909075,12,P0,P0,P0,P0,P0,P0,P0,P0,P0,P0,P0,P0,P0,P0,P0,P0,P0,P0,P0,P0
grating,90,1.50,P0|P10|P15,0.909075,13,P10,P10,P10,P10,P10,P10,P10,P10,P10,P10,P10,P10,P10,P10,P10,P10,P10,P10,P10,P10
grating,90,1.50,P0|P10|P15,0.909075,14,P15,P15,P15,P15,P15,P15,P15,P15,P15,P15,P15,P15,P15,P15,P15,P15,P15,P15,P15,P15
grating,90,1.50,P0|P10|P15,0.909075,15,P0,P0,P0,P0,P0,P0,P0,P0,P0,P0,P0,P0,P0,P0,P0,P0,P0,P0,P0,P0
grating,90,1.50,P0|P10|P15,0.909075,16,P10,P10,P10,P10,P10,P10,P10,P10,P10,P10,P10,P10,P10,P10,P10,P10,P10,P10,P10,P10
grating,90,1.50,P0|P10|P15,0.909075,17,P15,P15,P15,P15,P15,P15,P15,P15,P15,P15,P15,P15,P15,P15,P15,P15,P15,P15,P15,P15
grating,90,1.50,P0|P10|P15,0.909075,18,P0,P0,P0,P0,P0,P0,P0,P0,P0,P0,P0,P0,P0,P0,P0,P0,P0,P0,P0,P0
grating,90,1.50,P0|P10|P15,0.909075,19,P10,P10,P10,P10,P10,P10,P10,P10,P10,P10,P10,P10,P10,P10,P10,P10,P10,P10,P10,P10
grating,270,1.50,P0|P10|P15,0.909075,0,P10,P10,P10,P10,P10,P10,P10,P10,P10,P10,P10,P10,P10,P10,P10,P10,P10,P10,P10,P10
grating,270,1.50,P0|P10|P15,0.909075,1,P0,P0,P0,P0,P0,P0,P0,P0,P0,P0,P0,P0,P0,P0,P0,P0,P0,P0,P0,P0
grating,270,1.50,P0|P10|P15,0.909075,2,P15,P15,P15,P15,P15,P15,P15,P15,P15,P15,P15,P15,P15,P15,P15,P15,P15,P15,P15,P15
grating,270,1.50,P0|P10|P15,0.909075,3,P10,P10,P10,P10,P10,P10,P10,P10,P10,P10,P10,P10,P10,P10,P10,P10,P10,P10,P10,P10
grating,270,1.50,P0|P10|P15,0.909075,4,P0,P0,P0,P0,P0,P0,P0,P0,P0,P0,P0,P0,P0,P0,P0,P0,P0,P0,P0,P0
grating,270,1.50,P0|P10|P15,0.909075,5,P15,P15,P15,P15,P15,P15,P15,P15,P15,P15,P15,P15,P15,P15,P15,P15,P15,P15,P15,P15
grating,270,1.50,P0|P10|P15,0.909075,6,P10,P10,P10,P10,P10,P10,P10,P10,P10,P10,P10,P10,P10,P10,P10,P10,P10,P10,P10,P10
grating,270,1.50,P0|P10|P15,0.909075,7,P0,P0,P0,P0,P0,P0,P0,P0,P0,P0,P0,P0,P0,P0,P0,P0,P0,P0,P0,P0
grating,270,1.50,P0|P10|P15,0.909075,8,P15,P15,P15,P15,P15,P15,P15,P15,P15,P15,P15,P15,P15,P15,P15,P15,P15,P15,P15,P15
grating,270,1.50,P0|P10|P15,0.909075,9,P10,P10,P10,P10,P10,P10,P10,P10,P10,P10,P10,P10,P10,P10,P10,P10,P10,P10,P10,P10
grating,270,1.50,P0|P10|P15,0.909075,10,P0,P0,P0,P0,P0,P0,P0,P0,P0,P0,P0,P0,P0,P0,P0,P0,P0,P0,P0,P0
grating,270,1.50,P0|P10|P15,0.909075,11,P15,P15,P15,P15,P15,P15,P15,P15,P15,P15,P15,P15,P15,P15,P15,P15,P15,P15,P15,P15
grating,270,1.50,P0|P10|P15,0.909075,12,P10,P10,P10,P10,P10,P10,P10,P10,P10,P10,P10,P10,P10,P10,P10,P10,P10,P10,P10,P10
grating,270,1.50,P0|P10|P15,0.909075,13,P0,P0,P0,P0,P0,P0,P0,P0,P0,P0,P0,P0,P0,P0,P0,P0,P0,P0,P0,P0
grating,270,1.50,P0|P10|P15,0.909075,14,P15,P15,P15,P15,P15,P15,P15,P15,P15,P15,P15,P15,P15,P15,P15,P15,P15,P15,P15,P15
grating,270,1.50,P0|P10|P15,0.909075,15,P10,P10,P10,P10,P10,P10,P10,P10,P10,P10,P10,P10,P10,P10,P10,P10,P10,P10,P10,P10
grating,270,1.50,P0|P10|P15,0.909075,16,P0,P0,P0,P0,P0,P0,P0,P0,P0,P0,P0,P0,P0,P0,P0,P0,P0,P0,P0,P0
grating,270,1.50,P0|P10|P15,0.909075,17,P15,P15,P15,P15,P15,P15,P15,P15,P15,P15,P15,P15,P15,P15,P15,P15,P15,P15,P15,P15
grating,270,1.50,P0|P10|P15,0.909075,18,P10,P10,P10,P10,P10,P10,P10,P10,P10,P10,P10,P10,P10,P10,P10,P10,P10,P10,P10,P10
grating,270,1.50,P0|P10|P15,0.909075,19,P0,P0,P0,P0,P0,P0,P0,P0,P0,P0,P0,P0,P0,P0,P0,P0,P0,P0,P0,P0
grating,90,1.60,P0|P7|P8|P11|P13|P14|P15,0.780021,0,P0,P0,P0,P0,P0,P0,P0,P0,P0,P0,P0,P0,P0,P0,P0,P0,P0,P0,P0,P0
grating,90,1.60,P0|P7|P8|P11|P13|P14|P15,0.780021,1,P11,P11,P11,P11,P11,P11,P11,P11,P11,P11,P11,P11,P11,P11,P11,P11,P11,P11,P11,P11
grating,90,1.60,P0|P7|P8|P11|P13|P14|P15,0.780021,2,P15,P15,P15,P15,P15,P15,P15,P15,P15,P15,P15,P15,P15,P15,P15,P15,P15,P15,P15,P15
grating,90,1.60,P0|P7|P8|P11|P13|P14|P15,0.780021,3,P7,P7,P7,P7,P7,P7,P7,P7,P7,P7,P7,P7,P7,P7,P7,P7,P7,P7,P7,P7
grating,90,1.60,P0|P7|P8|P11|P13|P14|P15,0.780021,4,P13,P13,P13,P13,P13,P13,P13,P13,P13,P13,P13,P13,P13,P13,P13,P13,P13,P13,P13,P13
grating,90,1.60,P0|P7|P8|P11|P13|P14|P15,0.780021,5,P15,P15,P15,P15,P15,P15,P15,P15,P15,P15,P15,P15,P15,P15,P15,P15,P15,P15,P15,P15
grating,90,1.60,P0|P7|P8|P11|P13|P14|P15,0.780021,6,P8,P8,P8,P8,P8,P8,P8,P8,P8,P8,P8,P8,P8,P8,P8,P8,P8,P8,P8,P8
grating,90,1.60,P0|P7|P8|P11|P13|P14|P15,0.780021,7,P14,P14,P14,P14,P14,P14,P14,P14,P14,P14,P14,P14,P14,P14,P14,P14,P14,P14,P14,P14
grating,90,1.60,P0|P7|P8|P11|P13|P14|P15,0.780021,8,P0,P0,P0,P0,P0,P0,P0,P0,P0,P0,P0,P0,P0,P0,P0,P0,P0,P0,P0,P0
grating,90,1.60,P0|P7|P8|P11|P13|P14|P15,0.780021,9,P11,P11,P11,P11,P11,P11,P11,P11,P11,P11,P11,P11,P11,P11,P11,P11,P11,P11,P11,P11
grating,90,1.60,P0|P7|P8|P11|P13|P14|P15,0.780021,10,P15,P15,P15,P15,P15,P15,P15,P15,P15,P15,P15,P15,P15,P15,P15,P15,P15,P15,P15,P15
grating,90,1.60,P0|P7|P8|P11|P13|P14|P15,0.780021,11,P7,P7,P7,P7,P7,P7,P7,P7,P7,P7,P7,P7,P7,P7,P7,P7,P7,P7,P7,P7
grating,90,1.60,P0|P7|P8|P11|P13|P14|P15,0.780021,12,P13,P13,P13,P13,P13,P13,P13,P13,P13,P13,P13,P13,P13,P13,P13,P13,P13,P13,P13,P13
grating,90,1.60,P0|P7|P8|P11|P13|P14|P15,0.780021,13,P15,P15,P15,P15,P15,P15,P15,P15,P15,P15,P15,P15,P15,P15,P15,P15,P15,P15,P15,P15
grating,90,1.60,P0|P7|P8|P11|P13|P14|P15,0.780021,14,P8,P8,P8,P8,P8,P8,P8,P8,P8,P8,P8,P8,P8,P8,P8,P8,P8,P8,P8,P8
grating,90,1.60,P0|P7|P8|P11|P13|P14|P15,0.780021,15,P14,P14,P14,P14,P14,P14,P14,P14,P14,P14,P14,P14,P14,P14,P14,P14,P14,P14,P14,P14
grating,90,1.60,P0|P7|P8|P11|P13|P14|P15,0.780021,16,P0,P0,P0,P0,P0,P0,P0,P0,P0,P0,P0,P0,P0,P0,P0,P0,P0,P0,P0,P0
grating,90,1.60,P0|P7|P8|P11|P13|P14|P15,0.780021,17,P11,P11,P11,P11,P11,P11,P11,P11,P11,P11,P11,P11,P11,P11,P11,P11,P11,P11,P11,P11
grating,90,1.60,P0|P7|P8|P11|P13|P14|P15,0.780021,18,P15,P15,P15,P15,P15,P15,P15,P15,P15,P15,P15,P15,P15,P15,P15,P15,P15,P15,P15,P15
grating,90,1.60,P0|P7|P8|P11|P13|P14|P15,0.780021,19,P7,P7,P7,P7,P7,P7,P7,P7,P7,P7,P7,P7,P7,P7,P7,P7,P7,P7,P7,P7
grating,270,1.60,P0|P7|P8|P11|P13|P14|P15,0.780021,0,P14,P14,P14,P14,P14,P14,P14,P14,P14,P14,P14,P14,P14,P14,P14,P14,P14,P14,P14,P14
grating,270,1.60,P0|P7|P8|P11|P13|P14|P15,0.780021,1,P8,P8,P8,P8,P8,P8,P8,P8,P8,P8,P8,P8,P8,P8,P8,P8,P8,P8,P8,P8
grating,270,1.60,P0|P7|P8|P11|P13|P14|P15,0.780021,2,P15,P15,P15,P15,P15,P15,P15,P15,P15,P15,P15,P15,P15,P15,P15,P15,P15,P15,P15,P15
grating,270,1.60,P0|P7|P8|P11|P13|P14|P15,0.780021,3,P13,P13,P13,P13,P13,P13,P13,P13,P13,P13,P13,P13,P13,P13,P13,P13,P13,P13,P13,P13
grating,270,1.60,P0|P7|P8|P11|P13|P14|P15,0.780021,4,P7,P7,P7,P7,P7,P7,P7,P7,P7,P7,P7,P7,P7,P7,P7,P7,P7,P7,P7,P7
grating,270,1.60,P0|P7|P8|P11|P13|P14|P15,0.780021,5,P15,P15,P15,P15,P15,P15,P15,P15,P15,P15,P15,P15,P15,P15,P15,P15,P15,P15,P15,P15
grating,270,1.60,P0|P7|P8|P11|P13|P14|P15,0.780021,6,P11,P11,P11,P11,P11,P11,P11,P11,P11,P11,P11,P11,P11,P11,P11,P11,P11,P11,P11,P11
grating,270,1.60,P0|P7|P8|P11|P13|P14|P15,0.780021,7,P0,P0,P0,P0,P0,P0,P0,P0,P0,P0,P0,P0,P0,P0,P0,P0,P0,P0,P0,P0
grating,270,1.60,P0|P7|P8|P11|P13|P14|P15,0.780021,8,P14,P14,P14,P14,P14,P14,P14,P14,P14,P14,P14,P14,P14,P14,P14,P14,P14,P14,P14,P14
grating,270,1.60,P0|P7|P8|P11|P13|P14|P15,0.780021,9,P8,P8,P8,P8,P8,P8,P8,P8,P8,P8,P8,P8,P8,P8,P8,P8,P8,P8,P8,P8
grating,270,1.60,P0|P7|P8|P11|P13|P14|P15,0.780021,10,P15,P15,P15,P15,P15,P15,P15,P15,P15,P15,P15,P15,P15,P15,P15,P15,P15,P15,P15,P15
grating,270,1.60,P0|P7|P8|P11|P13|P14|P15,0.780021,11,P13,P13,P13,P13,P13,P13,P13,P13,P13,P13,P13,P13,P13,P13,P13,P13,P13,P13,P13,P13
grating,270,1.60,P0|P7|P8|P11|P13|P14|P15,0.780021,12,P7,P7,P7,P7,P7,P7,P7,P7,P7,P7,P7,P7,P7,P7,P7,P7,P7,P7,P7,P7
grating,270,1.60,P0|P7|P8|P11|P13|P14|P15,0.780021,13,P15,P15,P15,P15,P15,P15,P15,P15,P15,P15,P15,P15,P15,P15,P15,P15,P15,P15,P15,P15
grating,270,1.60,P0|P7|P8|P11|P13|P14|P15,0.780021,14,P11,P11,P11,P11,P11,P11,P11,P11,P11,P11,P11,P11,P11,P11,P11,P11,P11,P11,P11,P11
grating,270,1.60,P0|P7|P8|P11|P13|P14|P15,0.780021,15,P0,P0,P0,P0,P0,P0,P0,P0,P0,P0,P0,P0,P0,P0,P0,P0,P0,P0,P0,P0
grating,270,1.60,P0|P7|P8|P11|P13|P14|P15,0.780021,16,P14,P14,P14,P14,P14,P14,P14,P14,P14,P14,P14,P14,P14,P14,P14,P14,P14,P14,P14,P14
grating,270,1.60,P0|P7|P8|P11|P13|P14|P15,0.780021,17,P8,P8,P8,P8,P8,P8,P8,P8,P8,P8,P8,P8,P8,P8,P8,P8,P8,P8,P8,P8
grating,270,1.60,P0|P7|P8|P11|P13|P14|P15,0.780021,18,P15,P15,P15,P15,P15,P15,P15,P15,P15,P15,P15,P15,P15,P15,P15,P15,P15,P15,P15,P15
grating,270,1.60,P0|P7|P8|P11|P13|P14|P15,0.780021,19,P13,P13,P13,P13,P13,P13,P13,P13,P13,P13,P13,P13,P13,P13,P13,P13,P13,P13,P13,P13
grating,90,1.70,P0|P5|P7|P8|P9|P11|P12|P13|P14|P15,0.751899,0,P0,P0,P0,P0,P0,P0,P0,P0,P0,P0,P0,P0,P0,P0,P0,P0,P0,P0,P0,P0
grating,90,1.70,P0|P5|P7|P8|P9|P11|P12|P13|P14|P15,0.751899,1,P11,P11,P11,P11,P11,P11,P11,P11,P11,P11,P11,P11,P11,P11,P11,P11,P11,P11,P11,P11
grating,90,1.70,P0|P5|P7|P8|P9|P11|P12|P13|P14|P15,0.751899,2,P15,P15,P15,P15,P15,P15,P15,P15,P15,P15,P15,P15,P15,P15,P15,P15,P15,P15,P15,P15
grating,90,1.70,P0|P5|P7|P8|P9|P11|P12|P13|P14|P15,0.751899,3,P8,P8,P8,P8,P8,P8,P8,P8,P8,P8,P8,P8,P8,P8,P8,P8,P8,P8,P8,P8
grating,90,1.70,P0|P5|P7|P8|P9|P11|P12|P13|P14|P15,0.751899,4,P14,P14,P14,P14,P14,P14,P14,P14,P14,P14,P14,P14,P14,P14,P14,P14,P14,P14,P14,P14
grating,90,1.70,P0|P5|P7|P8|P9|P11|P12|P13|P14|P15,0.751899,5,P5,P5,P5,P5,P5,P5,P5,P5,P5,P5,P5,P5,P5,P5,P5,P5,P5,P5,P5,P5
grating,90,1.70,P0|P5|P7|P8|P9|P11|P12|P13|P14|P15,0.751899,6,P12,P12,P12,P12,P12,P12,P12,P12,P12,P12,P12,P12,P12,P12,P12,P12,P12,P12,P12,P12
grating,90,1.70,P0|P5|P7|P8|P9|P11|P12|P13|P14|P15,0.751899,7,P15,P15,P15,P15,P15,P15,P15,P15,P15,P15,P15,P15,P15,P15,P15,P15,P15,P15,P15,P15
grating,90,1.70,P0|P5|P7|P8|P9|P11|P12|P13|P14|P15,0.751899,8,P9,P9,P9,P9,P9,P9,P9,P9,P9,P9,P9,P9,P9,P9,P9,P9,P9,P9,P9,P9
grating,90,1.70,P0|P5|P7|P8|P9|P11|P12|P13|P14|P15,0.751899,9,P15,P15,P15,P15,P15,P15,P15,P15,P15,P15,P15,P15,P15,P15,P15,P15,P15,P15,P15,P15
grating,90,1.70,P0|P5|P7|P8|P9|P11|P12|P13|P14|P15,0.751899,10,P7,P7,P7,P7,P7,P7,P7,P7,P7,P7,P7,P7,P7,P7,P7,P7,P7,P7,P7,P7
grating,90,1.70,P0|P5|P7|P8|P9|P11|P12|P13|P14|P15,0.751899,11,P13,P13,P13,P13,P13,P13,P13,P13,P13,P13,P13,P13,P13,P13,P13,P13,P13,P13,P13,P13
grating,90,1.70,P0|P5|P7|P8|P9|P11|P12|P13|P14|P15,0.751899,12,P15,P15,P15,P15,P15,P15,P15,P15,P15,P15,P15,P15,P15,P15,P15,P15,P15,P15,P15,P15
grating,90,1.70,P0|P5|P7|P8|P9|P11|P12|P13|P14|P15,0.751899,13,P11,P11,P11,P11,P11,P11,P11,P11,P11,P11,P11,P11,P11,P11,P11,P11,P11,P11,P11,P11
grating,90,1.70,P0|P5|P7|P8|P9|P11|P12|P13|P14|P15,0.751899,14,P15,P15,P15,P15,P15,P15,P15,P15,P15,P15,P15,P15,P15,P15,P15,P15,P15,P15,P15,P15
grating,90,1.70,P0|P5|P7|P8|P9|P11|P12|P13|P14|P15,0.751899,15,P7,P7,P7,P7,P7,P7,P7,P7,P7,P7,P7,P7,P7,P7,P7,P7,P7,P7,P7,P7
grating,90,1.70,P0|P5|P7|P8|P9|P11|P12|P13|P14|P15,0.751899,16,P14,P14,P14,P14,P14,P14,P14,P14,P14,P14,P14,P14,P14,P14,P14,P14,P14,P14,P14,P14
grating,90,1.70,P0|P5|P7|P8|P9|P11|P12|P13|P14|P15,0.751899,17,P0,P0,P0,P0,P0,P0,P0,P0,P0,P0,P0,P0,P0,P0,P0,P0,P0,P0,P0,P0
grating,90,1.70,P0|P5|P7|P8|P9|P11|P12|P13|P14|P15,0.751899,18,P11,P11,P11,P11,P11,P11,P11,P11,P11,P11,P11,P11,P11,P11,P11,P11,P11,P11,P11,P11
grating,90,1.70,P0|P5|P7|P8|P9|P11|P12|P13|P14|P15,0.751899,19,P15,P15,P15,P15,P15,P15,P15,P15,P15,P15,P15,P15,P15,P15,P15,P15,P15,P15,P15,P15
grating,270,1.70,P0|P5|P7|P8|P9|P11|P12|P13|P14|P15,0.751899,0,P0,P0,P0,P0,P0,P0,P0,P0,P0,P0,P0,P0,P0,P0,P0,P0,P0,P0,P0,P0
grating,270,1.70,P0|P5|P7|P8|P9|P11|P12|P13|P14|P15,0.751899,1,P14,P14,P14,P14,P14,P14,P14,P14,P14,P14,P14,P14,P14,P14,P14,P14,P14,P14,P14,P14
grating,270,1.70,P0|P5|P7|P8|P9|P11|P12|P13|P14|P15,0.751899,2,P7,P7,P7,P7,P7,P7,P7,P7,P7,P7,P7,P7,P7,P7,P7,P7,P7,P7,P7,P7
grating,270,1.70,P0|P5|P7|P8|P9|P11|P12|P13|P14|P15,0.751899,3,P15,P15,P15,P15,P15,P15,P15,P15,P15,P15,P15,P15,P15,P15,P15,P15,P15,P15,P15,P15
grating,270,1.70,P0|P5|P7|P8|P9|P11|P12|P13|P14|P15,0.751899,4,P11,P11,P11,P11,P11,P11,P11,P11,P11,P11,P11,P11,P11,P11,P11,P11,P11,P11,P11,P11
grating,270,1.70,P0|P5|P7|P8|P9|P11|P12|P13|P14|P15,0.751899,5,P15,P15,P15,P15,P15,P15,P15,P15,P15,P15,P15,P15,P15,P15,P15,P15,P15,P15,P15,P15
grating,270,1.70,P0|P5|P7|P8|P9|P11|P12|P13|P14|P15,0.751899,6,P13,P13,P13,P13,P13,P13,P13,P13,P13,P13,P13,P13,P13,P13,P13,P13,P13,P13,P13,P13
grating,270,1.70,P0|P5|P7|P8|P9|P11|P12|P13|P14|P15,0.751899,7,P7,P7,P7,P7,P7,P7,P7,P7,P7,P7,P7,P7,P7,P7,P7,P7,P7,P7,P7,P7
grating,270,1.70,P0|P5|P7|P8|P9|P11|P12|P13|P14|P15,0.751899,8,P15,P15,P15,P15,P15,P15,P15,P15,P15,P15,P15,P15,P15,P15,P15,P15,P15,P15,P15,P15
grating,270,1.70,P0|P5|P7|P8|P9|P11|P12|P13|P14|P15,0.751899,9,P9,P9,P9,P9,P9,P9,P9,P9,P9,P9,P9,P9,P9,P9,P9,P9,P9,P9,P9,P9
grating,270,1.70,P0|P5|P7|P8|P9|P11|P12|P13|P14|P15,0.751899,10,P15,P15,P15,P15,P15,P15,P15,P15,P15,P15,P15,P15,P15,P15,P15,P15,P15,P15,P15,P15
grating,270,1.70,P0|P5|P7|P8|P9|P11|P12|P13|P14|P15,0.751899,11,P12,P12,P12,P12,P12,P12,P12,P12,P12,P12,P12,P12,P12,P12,P12,P12,P12,P12,P12,P12
grating,270,1.70,P0|P5|P7|P8|P9|P11|P12|P13|P14|P15,0.751899,12,P5,P5,P5,P5,P5,P5,P5,P5,P5,P5,P5,P5,P5,P5,P5,P5,P5,P5,P5,P5
grating,270,1.70,P0|P5|P7|P8|P9|P11|P12|P13|P14|P15,0.751899,13,P14,P14,P14,P14,P14,P14,P14,P14,P14,P14,P14,P14,P14,P14,P14,P14,P14,P14,P14,P14
grating,270,1.70,P0|P5|P7|P8|P9|P11|P12|P13|P14|P15,0.751899,14,P8,P8,P8,P8,P8,P8,P8,P8,P8,P8,P8,P8,P8,P8,P8,P8,P8,P8,P8,P8
grating,270,1.70,P0|P5|P7|P8|P9|P11|P12|P13|P14|P15,0.751899,15,P15,P15,P15,P15,P15,P15,P15,P15,P15,P15,P15,P15,P15,P15,P15,P15,P15,P15,P15,P15
grating,270,1.70,P0|P5|P7|P8|P9|P11|P12|P13|P14|P15,0.751899,16,P11,P11,P11,P11,P11,P11,P11,P11,P11,P11,P11,P11,P11,P11,P11,P11,P11,P11,P11,P11
grating,270,1.70,P0|P5|P7|P8|P9|P11|P12|P13|P14|P15,0.751899,17,P0,P0,P0,P0,P0,P0,P0,P0,P0,P0,P0,P0,P0,P0,P0,P0,P0,P0,P0,P0
grating,270,1.70,P0|P5|P7|P8|P9|P11|P12|P13|P14|P15,0.751899,18,P14,P14,P14,P14,P14,P14,P14,P14,P14,P14,P14,P14,P14,P14,P14,P14,P14,P14,P14,P14
grating,270,1.70,P0|P5|P7|P8|P9|P11|P12|P13|P14|P15,0.751899,19,P7,P7,P7,P7,P7,P7,P7,P7,P7,P7,P7,P7,P7,P7,P7,P7,P7,P7,P7,P7
grating,90,1.80,P0|P6|P8|P10|P12|P13|P15,0.781996,0,P0,P0,P0,P0,P0,P0,P0,P0,P0,P0,P0,P0,P0,P0,P0,P0,P0,P0,P0,P0
grating,90,1.80,P0|P6|P8|P10|P12|P13|P15,0.781996,1,P12,P12,P12,P12,P12,P12,P12,P12,P12,P12,P12,P12,P12,P12,P12,P12,P12,P12,P12,P12
grating,90,1.80,P0|P6|P8|P10|P12|P13|P15,0.781996,2,P15,P15,P15,P15,P15,P15,P15,P15,P15,P15,P15,P15,P15,P15,P15,P15,P15,P15,P15,P15
grating,90,1.80,P0|P6|P8|P10|P12|P13|P15,0.781996,3,P10,P10,P10,P10,P10,P10,P10,P10,P10,P10,P10,P10,P10,P10,P10,P10,P10,P10,P10,P10
grating,90,1.80,P0|P6|P8|P10|P12|P13|P15,0.781996,4,P15,P15,P15,P15,P15,P15,P15,P15,P15,P15,P15,P15,P15,P15,P15,P15,P15,P15,P15,P15
grating,90,1.80,P0|P6|P8|P10|P12|P13|P15,0.781996,5,P8,P8,P8,P8,P8,P8,P8,P8,P8,P8,P8,P8,P8,P8,P8,P8,P8,P8,P8,P8
grating,90,1.80,P0|P6|P8|P10|P12|P13|P15,0.781996,6,P15,P15,P15,P15,P15,P15,P15,P15,P15,P15,P15,P15,P15,P15,P15,P15,P15,P15,P15,P15
grating,90,1.80,P0|P6|P8|P10|P12|P13|P15,0.781996,7,P6,P6,P6,P6,P6,P6,P6,P6,P6,P6,P6,P6,P6,P6,P6,P6,P6,P6,P6,P6
grating,90,1.80,P0|P6|P8|P10|P12|P13|P15,0.781996,8,P13,P13,P13,P13,P13,P13,P13,P13,P13,P13,P13,P13,P13,P13,P13,P13,P13,P13,P13,P13
grating,90,1.80,P0|P6|P8|P10|P12|P13|P15,0.781996,9,P0,P0,P0,P0,P0,P0,P0,P0,P0,P0,P0,P0,P0,P0,P0,P0,P0,P0,P0,P0
grating,90,1.80,P0|P6|P8|P10|P12|P13|P15,0.781996,10,P12,P12,P12,P12,P12,P12,P12,P12,P12,P12,P12,P12,P12,P12,P12,P12,P12,P12,P12,P12
grating,90,1.80,P0|P6|P8|P10|P12|P13|P15,0.781996,11,P15,P15,P15,P15,P15,P15,P15,P15,P15,P15,P15,P15,P15,P15,P15,P15,P15,P15,P15,P15
grating,90,1.80,P0|P6|P8|P10|P12|P13|P15,0.781996,12,P10,P10,P10,P10,P10,P10,P10,P10,P10,P10,P10,P10,P10,P10,P10,P10,P10,P10,P10,P10
grating,90,1.80,P0|P6|P8|P10|P12|P13|P15,0.781996,13,P15,P15,P15,P15,P15,P15,P15,P15,P15,P15,P15,P15,P15,P15,P15,P15,P15,P15,P15,P15
grating,90,1.80,P0|P6|P8|P10|P12|P13|P15,0.781996,14,P8,P8,P8,P8,P8,P8,P8,P8,P8,P8,P8,P8,P8,P8,P8,P8,P8,P8,P8,P8
grating,90,1.80,P0|P6|P8|P10|P12|P13|P15,0.781996,15,P15,P15,P15,P15,P15,P15,P15,P15,P15,P15,P15,P15,P15,P15,P15,P15,P15,P15,P15,P15
grating,90,1.80,P0|P6|P8|P10|P12|P13|P15,0.781996,16,P6,P6,P6,P6,P6,P6,P6,P6,P6,P6,P6,P6,P6,P6,P6,P6,P6,P6,P6,P6
grating,90,1.80,P0|P6|P8|P10|P12|P13|P15,0.781996,17,P13,P13,P13,P13,P13,P13,P13,P13,P13,P13,P13,P13,P13,P13,P13,P13,P13,P13,P13,P13
grating,90,1.80,P0|P6|P8|P10|P12|P13|P15,0.781996,18,P0,P0,P0,P0,P0,P0,P0,P0,P0,P0,P0,P0,P0,P0,P0,P0,P0,P0,P0,P0
grating,90,1.80,P0|P6|P8|P10|P12|P13|P15,0.781996,19,P12,P12,P12,P12,P12,P12,P12,P12,P12,P12,P12,P12,P12,P12,P12,P12,P12,P12,P12,P12
grating,270,1.80,P0|P6|P8|P10|P12|P13|P15,0.781996,0,P6,P6,P6,P6,P6,P6,P6,P6,P6,P6,P6,P6,P6,P6,P6,P6,P6,P6,P6,P6
grating,270,1.80,P0|P6|P8|P10|P12|P13|P15,0.781996,1,P15,P15,P15,P15,P15,P15,P15,P15,P15,P15,P15,P15,P15,P15,P15,P15,P15,P15,P15,P15
grating,270,1.80,P0|P6|P8|P10|P12|P13|P15,0.781996,2,P8,P8,P8,P8,P8,P8,P8,P8,P8,P8,P8,P8,P8,P8,P8,P8,P8,P8,P8,P8
grating,270,1.80,P0|P6|P8|P10|P12|P13|P15,0.781996,3,P15,P15,P15,P15,P15,P15,P15,P15,P15,P15,P15,P15,P15,P15,P15,P15,P15,P15,P15,P15
grating,270,1.80,P0|P6|P8|P10|P12|P13|P15,0.781996,4,P10,P10,P10,P10,P10,P10,P10,P10,P10,P10,P10,P10,P10,P10,P10,P10,P10,P10,P10,P10
grating,270,1.80,P0|P6|P8|P10|P12|P13|P15,0.781996,5,P15,P15,P15,P15,P15,P15,P15,P15,P15,P15,P15,P15,P15,P15,P15,P15,P15,P15,P15,P15
grating,270,1.80,P0|P6|P8|P10|P12|P13|P15,0.781996,6,P12,P12,P12,P12,P12,P12,P12,P12,P12,P12,P12,P12,P12,P12,P12,P12,P12,P12,P12,P12
grating,270,1.80,P0|P6|P8|P10|P12|P13|P15,0.781996,7,P0,P0,P0,P0,P0,P0,P0,P0,P0,P0,P0,P0,P0,P0,P0,P0,P0,P0,P0,P0
grating,270,1.80,P0|P6|P8|P10|P12|P13|P15,0.781996,8,P13,P13,P13,P13,P13,P13,P13,P13,P13,P13,P13,P13,P13,P13,P13,P13,P13,P13,P13,P13
grating,270,1.80,P0|P6|P8|P10|P12|P13|P15,0.781996,9,P6,P6,P6,P6,P6,P6,P6,P6,P6,P6,P6,P6,P6,P6,P6,P6,P6,P6,P6,P6
grating,270,1.80,P0|P6|P8|P10|P12|P13|P15,0.781996,10,P15,P15,P15,P15,P15,P15,P15,P15,P15,P15,P15,P15,P15,P15,P15,P15,P15,P15,P15,P15
grating,270,1.80,P0|P6|P8|P10|P12|P13|P15,0.781996,11,P8,P8,P8,P8,P8,P8,P8,P8,P8,P8,P8,P8,P8,P8,P8,P8,P8,P8,P8,P8
grating,270,1.80,P0|P6|P8|P10|P12|P13|P15,0.781996,12,P15,P15,P15,P15,P15,P15,P15,P15,P15,P15,P15,P15,P15,P15,P15,P15,P15,P15,P15,P15
grating,270,1.80,P0|P6|P8|P10|P12|P13|P15,0.781996,13,P10,P10,P10,P10,P10,P10,P10,P10,P10,P10,P10,P10,P10,P10,P10,P10,P10,P10,P10,P10
grating,270,1.80,P0|P6|P8|P10|P12|P13|P15,0.781996,14,P15,P15,P15,P15,P15,P15,P15,P15,P15,P15,P15,P15,P15,P15,P15,P15,P15,P15,P15,P15
grating,270,1.80,P0|P6|P8|P10|P12|P13|P15,0.781996,15,P12,P12,P12,P12,P12,P12,P12,P12,P12,P12,P12,P12,P12,P12,P12,P12,P12,P12,P12,P12
grating,270,1.80,P0|P6|P8|P10|P12|P13|P15,0.781996,16,P0,P0,P0,P0,P0,P0,P0,P0,P0,P0,P0,P0,P0,P0,P0,P0,P0,P0,P0,P0
grating,270,1.80,P0|P6|P8|P10|P12|P13|P15,0.781996,17,P13,P13,P13,P13,P13,P13,P13,P13,P13,P13,P13,P13,P13,P13,P13,P13,P13,P13,P13,P13
grating,270,1.80,P0|P6|P8|P10|P12|P13|P15,0.781996,18,P6,P6,P6,P6,P6,P6,P6,P6,P6,P6,P6,P6,P6,P6,P6,P6,P6,P6,P6,P6
grating,270,1.80,P0|P6|P8|P10|P12|P13|P15,0.781996,19,P15,P15,P15,P15,P15,P15,P15,P15,P15,P15,P15,P15,P15,P15,P15,P15,P15,P15,P15,P15
grating,90,1.90,P0|P4|P6|P7|P8|P10|P11|P12|P13|P14|P15,0.770267,0,P0,P0,P0,P0,P0,P0,P0,P0,P0,P0,P0,P0,P0,P0,P0,P0,P0,P0,P0,P0
grating,90,1.90,P0|P4|P6|P7|P8|P10|P11|P12|P13|P14|P15,0.770267,1,P12,P12,P12,P12,P12,P12,P12,P12,P12,P12,P12,P12,P12,P12,P12,P12,P12,P12,P12,P12
grating,90,1.90,P0|P4|P6|P7|P8|P10|P11|P12|P13|P14|P15,0.770267,2,P15,P15,P15,P15,P15,P15,P15,P15,P15,P15,P15,P15,P15,P15,P15,P15,P15,P15,P15,P15
grating,90,1.90,P0|P4|P6|P7|P8|P10|P11|P12|P13|P14|P15,0.770267,3,P12,P12,P12,P12,P12,P12,P12,P12,P12,P12,P12,P12,P12,P12,P12,P12,P12,P12,P12,P12
grating,90,1.90,P0|P4|P6|P7|P8|P10|P11|P12|P13|P14|P15,0.770267,4,P15,P15,P15,P15,P15,P15,P15,P15,P15,P15,P15,P15,P15,P15,P15,P15,P15,P15,P15,P15
grating,90,1.90,P0|P4|P6|P7|P8|P10|P11|P12|P13|P14|P15,0.770267,5,P11,P11,P11,P11,P11,P11,P11,P11,P11,P11,P11,P11,P11,P11,P11,P11,P11,P11,P11,P11
grating,90,1.90,P0|P4|P6|P7|P8|P10|P11|P12|P13|P14|P15,0.770267,6,P15,P15,P15,P15,P15,P15,P15,P15,P15,P15,P15,P15,P15,P15,P15,P15,P15,P15,P15,P15
grating,90,1.90,P0|P4|P6|P7|P8|P10|P11|P12|P13|P14|P15,0.770267,7,P10,P10,P10,P10,P10,P10,P10,P10,P10,P10,P10,P10,P10,P10,P10,P10,P10,P10,P10,P10
grating,90,1.90,P0|P4|P6|P7|P8|P10|P11|P12|P13|P14|P15,0.770267,8,P15,P15,P15,P15,P15,P15,P15,P15,P15,P15,P15,P15,P15,P15,P15,P15,P15,P15,P15,P15
grating,90,1.90,P0|P4|P6|P7|P8|P10|P11|P12|P13|P14|P15,0.770267,9,P8,P8,P8,P8,P8,P8,P8,P8,P8,P8,P8,P8,P8,P8,P8,P8,P8,P8,P8,P8
grating,90,1.90,P0|P4|P6|P7|P8|P10|P11|P12|P13|P14|P15,0.770267,10,P15,P15,P15,P15,P15,P15,P15,P15,P15,P15,P15,P15,P15,P15,P15,P15,P15,P15,P15,P15
grating,90,1.90,P0|P4|P6|P7|P8|P10|P11|P12|P13|P14|P15,0.770267,11,P8,P8,P8,P8,P8,P8,P8,P8,P8,P8,P8,P8,P8,P8,P8,P8,P8,P8,P8,P8
grating,90,1.90,P0|P4|P6|P7|P8|P10|P11|P12|P13|P14|P15,0.770267,12,P15,P15,P15,P15,P15,P15,P15,P15,P15,P15,P15,P15,P15,P15,P15,P15,P15,P15,P15,P15
grating,90,1.90,P0|P4|P6|P7|P8|P10|P11|P12|P13|P14|P15,0.770267,13,P7,P7,P7,P7,P7,P7,P7,P7,P7,P7,P7,P7,P7,P7,P7,P7,P7,P7,P7,P7
grating,90,1.90,P0|P4|P6|P7|P8|P10|P11|P12|P13|P14|P15,0.770267,14,P14,P14,P14,P14,P14,P14,P14,P14,P14,P14,P14,P14,P14,P14,P14,P14,P14,P14,P14,P14
grating,90,1.90,P0|P4|P6|P7|P8|P10|P11|P12|P13|P14|P15,0.770267,15,P6,P6,P6,P6,P6,P6,P6,P6,P6,P6,P6,P6,P6,P6,P6,P6,P6,P6,P6,P6
grating,90,1.90,P0|P4|P6|P7|P8|P10|P11|P12|P13|P14|P15,0.770267,16,P14,P14,P14,P14,P14,P14,P14,P14,P14,P14,P14,P14,P14,P14,P14,P14,P14,P14,P14,P14
grating,90,1.90,P0|P4|P6|P7|P8|P10|P11|P12|P13|P14|P15,0.770267,17,P4,P4,P4,P4,P4,P4,P4,P4,P4,P4,P4,P4,P4,P4,P4,P4,P4,P4,P4,P4
grating,90,1.90,P0|P4|P6|P7|P8|P10|P11|P12|P13|P14|P15,0.770267,18,P13,P13,P13,P13,P13,P13,P13,P13,P13,P13,P13,P13,P13,P13,P13,P13,P13,P13,P13,P13
grating,90,1.90,P0|P4|P6|P7|P8|P10|P11|P12|P13|P14|P15,0.770267,19,P0,P0,P0,P0,P0,P0,P0,P0,P0,P0,P0,P0,P0,P0,P0,P0,P0,P0,P0,P0
grating,270,1.90,P0|P4|P6|P7|P8|P10|P11|P12|P13|P14|P15,0.770267,0,P12,P12,P12,P12,P12,P12,P12,P12,P12,P12,P12,P12,P12,P12,P12,P12,P12,P12,P12,P12
grating,270,1.90,P0|P4|P6|P7|P8|P10|P11|P12|P13|P14|P15,0.770267,1,P0,P0,P0,P0,P0,P0,P0,P0,P0,P0,P0,P0,P0,P0,P0,P0,P0,P0,P0,P0
grating,270,1.90,P0|P4|P6|P7|P8|P10|P11|P12|P13|P14|P15,0.770267,2,P13,P13,P13,P13,P13,P13,P13,P13,P13,P13,P13,P13,P13,P13,P13,P13,P13,P13,P13,P13
grating,270,1.90,P0|P4|P6|P7|P8|P10|P11|P12|P13|P14|P15,0.770267,3,P4,P4,P4,P4,P4,P4,P4,P4,P4,P4,P4,P4,P4,P4,P4,P4,P4,P4,P4,P4
grating,270,1.90,P0|P4|P6|P7|P8|P10|P11|P12|P13|P14|P15,0.770267,4,P14,P14,P14,P14,P14,P14,P14,P14,P14,P14,P14,P14,P14,P14,P14,P14,P14,P14,P14,P14
grating,270,1.90,P0|P4|P6|P7|P8|P10|P11|P12|P13|P14|P15,0.770267,5,P6,P6,P6,P6,P6,P6,P6,P6,P6,P6,P6,P6,P6,P6,P6,P6,P6,P6,P6,P6
grating,270,1.90,P0|P4|P6|P7|P8|P10|P11|P12|P13|P14|P15,0.770267,6,P14,P14,P14,P14,P14,P14,P14,P14,P14,P14,P14,P14,P14,P14,P14,P14,P14,P14,P14,P14
grating,270,1.90,P0|P4|P6|P7|P8|P10|P11|P12|P13|P14|P15,0.770267,7,P7,P7,P7,P7,P7,P7,P7,P7,P7,P7,P7,P7,P7,P7,P7,P7,P7,P7,P7,P7
grating,270,1.90,P0|P4|P6|P7|P8|P10|P11|P12|P13|P14|P15,0.770267,8,P15,P15,P15,P15,P15,P15,P15,P15,P15,P15,P15,P15,P15,P15,P15,P15,P15,P15,P15,P15
grating,270,1.90,P0|P4|P6|P7|P8|P10|P11|P12|P13|P14|P15,0.770267,9,P8,P8,P8,P8,P8,P8,P8,P8,P8,P8,P8,P8,P8,P8,P8,P8,P8,P8,P8,P8
grating,270,1.90,P0|P4|P6|P7|P8|P10|P11|P12|P13|P14|P15,0.770267,10,P15,P15,P15,P15,P15,P15,P15,P15,P15,P15,P15,P15,P15,P15,P15,P15,P15,P15,P15,P15
grating,270,1.90,P0|P4|P6|P7|P8|P10|P11|P12|P13|P14|P15,0.770267,11,P8,P8,P8,P8,P8,P8,P8,P8,P8,P8,P8,P8,P8,P8,P8,P8,P8,P8,P8,P8
grating,270,1.90,P0|P4|P6|P7|P8|P10|P11|P12|P13|P14|P15,0.770267,12,P15,P15,P15,P15,P15,P15,P15,P15,P15,P15,P15,P15,P15,P15,P15,P15,P15,P15,P15,P15
grating,270,1.90,P0|P4|P6|P7|P8|P10|P11|P12|P13|P14|P15,0.770267,13,P10,P10,P10,P10,P10,P10,P10,P10,P10,P10,P10,P10,P10,P10,P10,P10,P10,P10,P10,P10
grating,270,1.90,P0|P4|P6|P7|P8|P10|P11|P12|P13|P14|P15,0.770267,14,P15,P15,P15,P15,P15,P15,P15,P15,P15,P15,P15,P15,P15,P15,P15,P15,P15,P15,P15,P15
grating,270,1.90,P0|P4|P6|P7|P8|P10|P11|P12|P13|P14|P15,0.770267,15,P11,P11,P11,P11,P11,P11,P11,P11,P11,P11,P11,P11,P11,P11,P11,P11,P11,P11,P11,P11
grating,270,1.90,P0|P4|P6|P7|P8|P10|P11|P12|P13|P14|P15,0.770267,16,P15,P15,P15,P15,P15,P15,P15,P15,P15,P15,P15,P15,P15,P15,P15,P15,P15,P15,P15,P15
grating,270,1.90,P0|P4|P6|P7|P8|P10|P11|P12|P13|P14|P15,0.770267,17,P12,P12,P12,P12,P12,P12,P12,P12,P12,P12,P12,P12,P12,P12,P12,P12,P12,P12,P12,P12
grating,270,1.90,P0|P4|P6|P7|P8|P10|P11|P12|P13|P14|P15,0.770267,18,P15,P15,P15,P15,P15,P15,P15,P15,P15,P15,P15,P15,P15,P15,P15,P15,P15,P15,P15,P15
grating,270,1.90,P0|P4|P6|P7|P8|P10|P11|P12|P13|P14|P15,0.770267,19,P12,P12,P12,P12,P12,P12,P12,P12,P12,P12,P12,P12,P12,P12,P12,P12,P12,P12,P12,P12
grating,90,2.00,P0|P13,0.806811,0,P0,P0,P0,P0,P0,P0,P0,P0,P0,P0,P0,P0,P0,P0,P0,P0,P0,P0,P0,P0
grating,90,2.00,P0|P13,0.806811,1,P13,P13,P13,P13,P13,P13,P13,P13,P13,P13,P13,P13,P13,P13,P13,P13,P13,P13,P13,P13
grating,90,2.00,P0|P13,0.806811,2,P0,P0,P0,P0,P0,P0,P0,P0,P0,P0,P0,P0,P0,P0,P0,P0,P0,P0,P0,P0
grating,90,2.00,P0|P13,0.806811,3,P13,P13,P13,P13,P13,P13,P13,P13,P13,P13,P13,P13,P13,P13,P13,P13,P13,P13,P13,P13
grating,90,2.00,P0|P13,0.806811,4,P0,P0,P0,P0,P0,P0,P0,P0,P0,P0,P0,P0,P0,P0,P0,P0,P0,P0,P0,P0
grating,90,2.00,P0|P13,0.806811,5,P13,P13,P13,P13,P13,P13,P13,P13,P13,P13,P13,P13,P13,P13,P13,P13,P13,P13,P13,P13
grating,90,2.00,P0|P13,0.806811,6,P0,P0,P0,P0,P0,P0,P0,P0,P0,P0,P0,P0,P0,P0,P0,P0,P0,P0,P0,P0
grating,90,2.00,P0|P13,0.806811,7,P13,P13,P13,P13,P13,P13,P13,P13,P13,P13,P13,P13,P13,P13,P13,P13,P13,P13,P13,P13
grating,90,2.00,P0|P13,0.806811,8,P0,P0,P0,P0,P0,P0,P0,P0,P0,P0,P0,P0,P0,P0,P0,P0,P0,P0,P0,P0
grating,90,2.00,P0|P13,0.806811,9,P13,P13,P13,P13,P13,P13,P13,P13,P13,P13,P13,P13,P13,P13,P13,P13,P13,P13,P13,P13
grating,90,2.00,P0|P13,0.806811,10,P0,P0,P0,P0,P0,P0,P0,P0,P0,P0,P0,P0,P0,P0,P0,P0,P0,P0,P0,P0
grating,90,2.00,P0|P13,0.806811,11,P13,P13,P13,P13,P13,P13,P13,P13,P13,P13,P13,P13,P13,P13,P13,P13,P13,P13,P13,P13
grating,90,2.00,P0|P13,0.806811,12,P0,P0,P0,P0,P0,P0,P0,P0,P0,P0,P0,P0,P0,P0,P0,P0,P0,P0,P0,P0
grating,90,2.00,P0|P13,0.806811,13,P13,P13,P13,P13,P13,P13,P13,P13,P13,P13,P13,P13,P13,P13,P13,P13,P13,P13,P13,P13
grating,90,2.00,P0|P13,0.806811,14,P0,P0,P0,P0,P0,P0,P0,P0,P0,P0,P0,P0,P0,P0,P0,P0,P0,P0,P0,P0
grating,90,2.00,P0|P13,0.806811,15,P13,P13,P13,P13,P13,P13,P13,P13,P13,P13,P13,P13,P13,P13,P13,P13,P13,P13,P13,P13
grating,90,2.00,P0|P13,0.806811,16,P0,P0,P0,P0,P0,P0,P0,P0,P0,P0,P0,P0,P0,P0,P0,P0,P0,P0,P0,P0
grating,90,2.00,P0|P13,0.806811,17,P13,P13,P13,P13,P13,P13,P13,P13,P13,P13,P13,P13,P13,P13,P13,P13,P13,P13,P13,P13
grating,90,2.00,P0|P13,0.806811,18,P0,P0,P0,P0,P0,P0,P0,P0,P0,P0,P0,P0,P0,P0,P0,P0,P0,P0,P0,P0
grating,90,2.00,P0|P13,0.806811,19,P13,P13,P13,P13,P13,P13,P13,P13,P13,P13,P13,P13,P13,P13,P13,P13,P13,P13,P13,P13
grating,270,2.00,P0|P13,0.806811,0,P13,P13,P13,P13,P13,P13,P13,P13,P13,P13,P13,P13,P13,P13,P13,P13,P13,P13,P13,P13
grating,270,2.00,P0|P13,0.806811,1,P0,P0,P0,P0,P0,P0,P0,P0,P0,P0,P0,P0,P0,P0,P0,P0,P0,P0,P0,P0
grating,270,2.00,P0|P13,0.806811,2,P13,P13,P13,P13,P13,P13,P13,P13,P13,P13,P13,P13,P13,P13,P13,P13,P13,P13,P13,P13
grating,270,2.00,P0|P13,0.806811,3,P0,P0,P0,P0,P0,P0,P0,P0,P0,P0,P0,P0,P0,P0,P0,P0,P0,P0,P0,P0
grating,270,2.00,P0|P13,0.806811,4,P13,P13,P13,P13,P13,P13,P13,P13,P13,P13,P13,P13,P13,P13,P13,P13,P13,P13,P13,P13
grating,270,2.00,P0|P13,0.806811,5,P0,P0,P0,P0,P0,P0,P0,P0,P0,P0,P0,P0,P0,P0,P0,P0,P0,P0,P0,P0
grating,270,2.00,P0|P13,0.806811,6,P13,P13,P13,P13,P13,P13,P13,P13,P13,P13,P13,P13,P13,P13,P13,P13,P13,P13,P13,P13
grating,270,2.00,P0|P13,0.806811,7,P0,P0,P0,P0,P0,P0,P0,P0,P0,P0,P0,P0,P0,P0,P0,P0,P0,P0,P0,P0
grating,270,2.00,P0|P13,0.806811,8,P13,P13,P13,P13,P13,P13,P13,P13,P13,P13,P13,P13,P13,P13,P13,P13,P13,P13,P13,P13
grating,270,2.00,P0|P13,0.806811,9,P0,P0,P0,P0,P0,P0,P0,P0,P0,P0,P0,P0,P0,P0,P0,P0,P0,P0,P0,P0
grating,270,2.00,P0|P13,0.806811,10,P13,P13,P13,P13,P13,P13,P13,P13,P13,P13,P13,P13,P13,P13,P13,P13,P13,P13,P13,P13
grating,270,2.00,P0|P13,0.806811,11,P0,P0,P0,P0,P0,P0,P0,P0,P0,P0,P0,P0,P0,P0,P0,P0,P0,P0,P0,P0
grating,270,2.00,P0|P13,0.806811,12,P13,P13,P13,P13,P13,P13,P13,P13,P13,P13,P13,P13,P13,P13,P13,P13,P13,P13,P13,P13
grating,270,2.00,P0|P13,0.806811,13,P0,P0,P0,P0,P0,P0,P0,P0,P0,P0,P0,P0,P0,P0,P0,P0,P0,P0,P0,P0
grating,270,2.00,P0|P13,0.806811,14,P13,P13,P13,P13,P13,P13,P13,P13,P13,P13,P13,P13,P13,P13,P13,P13,P13,P13,P13,P13
grating,270,2.00,P0|P13,0.806811,15,P0,P0,P0,P0,P0,P0,P0,P0,P0,P0,P0,P0,P0,P0,P0,P0,P0,P0,P0,P0
grating,270,2.00,P0|P13,0.806811,16,P13,P13,P13,P13,P13,P13,P13,P13,P13,P13,P13,P13,P13,P13,P13,P13,P13,P13,P13,P13
grating,270,2.00,P0|P13,0.806811,17,P0,P0,P0,P0,P0,P0,P0,P0,P0,P0,P0,P0,P0,P0,P0,P0,P0,P0,P0,P0
grating,270,2.00,P0|P13,0.806811,18,P13,P13,P13,P13,P13,P13,P13,P13,P13,P13,P13,P13,P13,P13,P13,P13,P13,P13,P13,P13
grating,270,2.00,P0|P13,0.806811,19,P0,P0,P0,P0,P0,P0,P0,P0,P0,P0,P0,P0,P0,P0,P0,P0,P0,P0,P0,P0
grating,90,2.10,P0|P4|P6|P7|P8|P9|P10|P11|P12|P13|P14|P15,0.769047,0,P0,P0,P0,P0,P0,P0,P0,P0,P0,P0,P0,P0,P0,P0,P0,P0,P0,P0,P0,P0
grating,90,2.10,P0|P4|P6|P7|P8|P9|P10|P11|P12|P13|P14|P15,0.769047,1,P13,P13,P13,P13,P13,P13,P13,P13,P13,P13,P13,P13,P13,P13,P13,P13,P13,P13,P13,P13
grating,90,2.10,P0|P4|P6|P7|P8|P9|P10|P11|P12|P13|P14|P15,0.769047,2,P4,P4,P4,P4,P4,P4,P4,P4,P4,P4,P4,P4,P4,P4,P4,P4,P4,P4,P4,P4
grating,90,2.10,P0|P4|P6|P7|P8|P9|P10|P11|P12|P13|P14|P15,0.769047,3,P14,P14,P14,P14,P14,P14,P14,P14,P14,P14,P14,P14,P14,P14,P14,P14,P14,P14,P14,P14
grating,90,2.10,P0|P4|P6|P7|P8|P9|P10|P11|P12|P13|P14|P15,0.769047,4,P6,P6,P6,P6,P6,P6,P6,P6,P6,P6,P6,P6,P6,P6,P6,P6,P6,P6,P6,P6
grating,90,2.10,P0|P4|P6|P7|P8|P9|P10|P11|P12|P13|P14|P15,0.769047,5,P14,P14,P14,P14,P14,P14,P14,P14,P14,P14,P14,P14,P14,P14,P14,P14,P14,P14,P14,P14
grating,90,2.10,P0|P4|P6|P7|P8|P9|P10|P11|P12|P13|P14|P15,0.769047,6,P7,P7,P7,P7,P7,P7,P7,P7,P7,P7,P7,P7,P7,P7,P7,P7,P7,P7,P7,P7
grating,90,2.10,P0|P4|P6|P7|P8|P9|P10|P11|P12|P13|P14|P15,0.769047,7,P15,P15,P15,P15,P15,P15,P15,P15,P15,P15,P15,P15,P15,P15,P15,P15,P15,P15,P15,P15
grating,90,2.10,P0|P4|P6|P7|P8|P9|P10|P11|P12|P13|P14|P15,0.769047,8,P7,P7,P7,P7,P7,P7,P7,P7,P7,P7,P7,P7,P7,P7,P7,P7,P7,P7,P7,P7
grating,90,2.10,P0|P4|P6|P7|P8|P9|P10|P11|P12|P13|P14|P15,0.769047,9,P15,P15,P15,P15,P15,P15,P15,P15,P15,P15,P15,P15,P15,P15,P15,P15,P15,P15,P15,P15
grating,90,2.10,P0|P4|P6|P7|P8|P9|P10|P11|P12|P13|P14|P15,0.769047,10,P8,P8,P8,P8,P8,P8,P8,P8,P8,P8,P8,P8,P8,P8,P8,P8,P8,P8,P8,P8
grating,90,2.10,P0|P4|P6|P7|P8|P9|P10|P11|P12|P13|P14|P15,0.769047,11,P15,P15,P15,P15,P15,P15,P15,P15,P15,P15,P15,P15,P15,P15,P15,P15,P15,P15,P15,P15
grating,90,2.10,P0|P4|P6|P7|P8|P9|P10|P11|P12|P13|P14|P15,0.769047,12,P9,P9,P9,P9,P9,P9,P9,P9,P9,P9,P9,P9,P9,P9,P9,P9,P9,P9,P9,P9
grating,90,2.10,P0|P4|P6|P7|P8|P9|P10|P11|P12|P13|P14|P15,0.769047,13,P15,P15,P15,P15,P15,P15,P15,P15,P15,P15,P15,P15,P15,P15,P15,P15,P15,P15,P15,P15
grating,90,2.10,P0|P4|P6|P7|P8|P9|P10|P11|P12|P13|P14|P15,0.769047,14,P10,P10,P10,P10,P10,P10,P10,P10,P10,P10,P10,P10,P10,P10,P10,P10,P10,P10,P10,P10
grating,90,2.10,P0|P4|P6|P7|P8|P9|P10|P11|P12|P13|P14|P15,0.769047,15,P15,P15,P15,P15,P15,P15,P15,P15,P15,P15,P15,P15,P15,P15,P15,P15,P15,P15,P15,P15
grating,90,2.10,P0|P4|P6|P7|P8|P9|P10|P11|P12|P13|P14|P15,0.769047,16,P11,P11,P11,P11,P11,P11,P11,P11,P11,P11,P11,P11,P11,P11,P11,P11,P11,P11,P11,P11
grating,90,2.10,P0|P4|P6|P7|P8|P9|P10|P11|P12|P13|P14|P15,0.769047,17,P15,P15,P15,P15,P15,P15,P15,P15,P15,P15,P15,P15,P15,P15,P15,P15,P15,P15,P15,P15
grating,90,2.10,P0|P4|P6|P7|P8|P9|P10|P11|P12|P13|P14|P15,0.769047,18,P12,P12,P12,P12,P12,P12,P12,P12,P12,P12,P12,P12,P12,P12,P12,P12,P12,P12,P12,P12
grating,90,2.10,P0|P4|P6|P7|P8|P9|P10|P11|P12|P13|P14|P15,0.769047,19,P15,P15,P15,P15,P15,P15,P15,P15,P15,P15,P15,P15,P15,P15,P15,P15,P15,P15,P15,P15
grating,270,2.10,P0|P4|P6|P7|P8|P9|P10|P11|P12|P13|P14|P15,0.769047,0,P13,P13,P13,P13,P13,P13,P13,P13,P13,P13,P13,P13,P13,P13,P13,P13,P13,P13,P13,P13
grating,270,2.10,P0|P4|P6|P7|P8|P9|P10|P11|P12|P13|P14|P15,0.769047,1,P0,P0,P0,P0,P0,P0,P0,P0,P0,P0,P0,P0,P0,P0,P0,P0,P0,P0,P0,P0
grating,270,2.10,P0|P4|P6|P7|P8|P9|P10|P11|P12|P13|P14|P15,0.769047,2,P12,P12,P12,P12,P12,P12,P12,P12,P12,P12,P12,P12,P12,P12,P12,P12,P12,P12,P12,P12
grating,270,2.10,P0|P4|P6|P7|P8|P9|P10|P11|P12|P13|P14|P15,0.769047,3,P15,P15,P15,P15,P15,P15,P15,P15,P15,P15,P15,P15,P15,P15,P15,P15,P15,P15,P15,P15
grating,270,2.10,P0|P4|P6|P7|P8|P9|P10|P11|P12|P13|P14|P15,0.769047,4,P12,P12,P12,P12,P12,P12,P12,P12,P12,P12,P12,P12,P12,P12,P12,P12,P12,P12,P12,P12
grating,270,2.10,P0|P4|P6|P7|P8|P9|P10|P11|P12|P13|P14|P15,0.769047,5,P15,P15,P15,P15,P15,P15,P15,P15,P15,P15,P15,P15,P15,P15,P15,P15,P15,P15,P15,P15
grating,270,2.10,P0|P4|P6|P7|P8|P9|P10|P11|P12|P13|P14|P15,0.769047,6,P11,P11,P11,P11,P11,P11,P11,P11,P11,P11,P11,P11,P11,P11,P11,P11,P11,P11,P11,P11
grating,270,2.10,P0|P4|P6|P7|P8|P9|P10|P11|P12|P13|P14|P15,0.769047,7,P15,P15,P15,P15,P15,P15,P15,P15,P15,P15,P15,P15,P15,P15,P15,P15,P15,P15,P15,P15
grating,270,2.10,P0|P4|P6|P7|P8|P9|P10|P11|P12|P13|P14|P15,0.769047,8,P10,P10,P10,P10,P10,P10,P10,P10,P10,P10,P10,P10,P10,P10,P10,P10,P10,P10,P10,P10
grating,270,2.10,P0|P4|P6|P7|P8|P9|P10|P11|P12|P13|P14|P15,0.769047,9,P15,P15,P15,P15,P15,P15,P15,P15,P15,P15,P15,P15,P15,P15,P15,P15,P15,P15,P15,P15
grating,270,2.10,P0|P4|P6|P7|P8|P9|P10|P11|P12|P13|P14|P15,0.769047,10,P9,P9,P9,P9,P9,P9,P9,P9,P9,P9,P9,P9,P9,P9,P9,P9,P9,P9,P9,P9
grating,270,2.10,P0|P4|P6|P7|P8|P9|P10|P11|P12|P13|P14|P15,0.769047,11,P15,P15,P15,P15,P15,P15,P15,P15,P15,P15,P15,P15,P15,P15,P15,P15,P15,P15,P15,P15
grating,270,2.10,P0|P4|P6|P7|P8|P9|P10|P11|P12|P13|P14|P15,0.769047,12,P8,P8,P8,P8,P8,P8,P8,P8,P8,P8,P8,P8,P8,P8,P8,P8,P8,P8,P8,P8
grating,270,2.10,P0|P4|P6|P7|P8|P9|P10|P11|P12|P13|P14|P15,0.769047,13,P15,P15,P15,P15,P15,P15,P15,P15,P15,P15,P15,P15,P15,P15,P15,P15,P15,P15,P15,P15
grating,270,2.10,P0|P4|P6|P7|P8|P9|P10|P11|P12|P13|P14|P15,0.769047,14,P7,P7,P7,P7,P7,P7,P7,P7,P7,P7,P7,P7,P7,P7,P7,P7,P7,P7,P7,P7
grating,270,2.10,P0|P4|P6|P7|P8|P9|P10|P11|P12|P13|P14|P15,0.769047,15,P15,P15,P15,P15,P15,P15,P15,P15,P15,P15,P15,P15,P15,P15,P15,P15,P15,P15,P15,P15
grating,270,2.10,P0|P4|P6|P7|P8|P9|P10|P11|P12|P13|P14|P15,0.769047,16,P7,P7,P7,P7,P7,P7,P7,P7,P7,P7,P7,P7,P7,P7,P7,P7,P7,P7,P7,P7
grating,270,2.10,P0|P4|P6|P7|P8|P9|P10|P11|P12|P13|P14|P15,0.769047,17,P14,P14,P14,P14,P14,P14,P14,P14,P14,P14,P14,P14,P14,P14,P14,P14,P14,P14,P14,P14
grating,270,2.10,P0|P4|P6|P7|P8|P9|P10|P11|P12|P13|P14|P15,0.769047,18,P6,P6,P6,P6,P6,P6,P6,P6,P6,P6,P6,P6,P6,P6,P6,P6,P6,P6,P6,P6
grating,270,2.10,P0|P4|P6|P7|P8|P9|P10|P11|P12|P13|P14|P15,0.769047,19,P14,P14,P14,P14,P14,P14,P14,P14,P14,P14,P14,P14,P14,P14,P14,P14,P14,P14,P14,P14
grating,90,2.20,P0|P6|P7|P8|P11|P12|P13|P14|P15,0.780110,0,P0,P0,P0,P0,P0,P0,P0,P0,P0,P0,P0,P0,P0,P0,P0,P0,P0,P0,P0,P0
grating,90,2.20,P0|P6|P7|P8|P11|P12|P13|P14|P15,0.780110,1,P13,P13,P13,P13,P13,P13,P13,P13,P13,P13,P13,P13,P13,P13,P13,P13,P13,P13,P13,P13
grating,90,2.20,P0|P6|P7|P8|P11|P12|P13|P14|P15,0.780110,2,P6,P6,P6,P6,P6,P6,P6,P6,P6,P6,P6,P6,P6,P6,P6,P6,P6,P6,P6,P6
grating,90,2.20,P0|P6|P7|P8|P11|P12|P13|P14|P15,0.780110,3,P14,P14,P14,P14,P14,P14,P14,P14,P14,P14,P14,P14,P14,P14,P14,P14,P14,P14,P14,P14
grating,90,2.20,P0|P6|P7|P8|P11|P12|P13|P14|P15,0.780110,4,P7,P7,P7,P7,P7,P7,P7,P7,P7,P7,P7,P7,P7,P7,P7,P7,P7,P7,P7,P7
grating,90,2.20,P0|P6|P7|P8|P11|P12|P13|P14|P15,0.780110,5,P15,P15,P15,P15,P15,P15,P15,P15,P15,P15,P15,P15,P15,P15,P15,P15,P15,P15,P15,P15
grating,90,2.20,P0|P6|P7|P8|P11|P12|P13|P14|P15,0.780110,6,P8,P8,P8,P8,P8,P8,P8,P8,P8,P8,P8,P8,P8,P8,P8,P8,P8,P8,P8,P8
grating,90,2.20,P0|P6|P7|P8|P11|P12|P13|P14|P15,0.780110,7,P15,P15,P15,P15,P15,P15,P15,P15,P15,P15,P15,P15,P15,P15,P15,P15,P15,P15,P15,P15
grating,90,2.20,P0|P6|P7|P8|P11|P12|P13|P14|P15,0.780110,8,P11,P11,P11,P11,P11,P11,P11,P11,P11,P11,P11,P11,P11,P11,P11,P11,P11,P11,P11,P11
grating,90,2.20,P0|P6|P7|P8|P11|P12|P13|P14|P15,0.780110,9,P15,P15,P15,P15,P15,P15,P15,P15,P15,P15,P15,P15,P15,P15,P15,P15,P15,P15,P15,P15
grating,90,2.20,P0|P6|P7|P8|P11|P12|P13|P14|P15,0.780110,10,P12,P12,P12,P12,P12,P12,P12,P12,P12,P12,P12,P12,P12,P12,P12,P12,P12,P12,P12,P12
grating,90,2.20,P0|P6|P7|P8|P11|P12|P13|P14|P15,0.780110,11,P0,P0,P0,P0,P0,P0,P0,P0,P0,P0,P0,P0,P0,P0,P0,P0,P0,P0,P0,P0
grating,90,2.20,P0|P6|P7|P8|P11|P12|P13|P14|P15,0.780110,12,P13,P13,P13,P13,P13,P13,P13,P13,P13,P13,P13,P13,P13,P13,P13,P13,P13,P13,P13,P13
grating,90,2.20,P0|P6|P7|P8|P11|P12|P13|P14|P15,0.780110,13,P6,P6,P6,P6,P6,P6,P6,P6,P6,P6,P6,P6,P6,P6,P6,P6,P6,P6,P6,P6
grating,90,2.20,P0|P6|P7|P8|P11|P12|P13|P14|P15,0.780110,14,P14,P14,P14,P14,P14,P14,P14,P14,P14,P14,P14,P14,P14,P14,P14,P14,P14,P14,P14,P14
grating,90,2.20,P0|P6|P7|P8|P11|P12|P13|P14|P15,0.780110,15,P7,P7,P7,P7,P7,P7,P7,P7,P7,P7,P7,P7,P7,P7,P7,P7,P7,P7,P7,P7
grating,90,2.20,P0|P6|P7|P8|P11|P12|P13|P14|P15,0.780110,16,P15,P15,P15,P15,P15,P15,P15,P15,P15,P15,P15,P15,P15,P15,P15,P15,P15,P15,P15,P15
grating,90,2.20,P0|P6|P7|P8|P11|P12|P13|P14|P15,0.780110,17,P8,P8,P8,P8,P8,P8,P8,P8,P8,P8,P8,P8,P8,P8,P8,P8,P8,P8,P8,P8
grating,90,2.20,P0|P6|P7|P8|P11|P12|P13|P14|P15,0.780110,18,P15,P15,P15,P15,P15,P15,P15,P15,P15,P15,P15,P15,P15,P15,P15,P15,P15,P15,P15,P15
grating,90,2.20,P0|P6|P7|P8|P11|P12|P13|P14|P15,0.780110,19,P11,P11,P11,P11,P11,P11,P11,P11,P11,P11,P11,P11,P11,P11,P11,P11,P11,P11,P11,P11
grating,270,2.20,P0|P6|P7|P8|P11|P12|P13|P14|P15,0.780110,0,P15,P15,P15,P15,P15,P15,P15,P15,P15,P15,P15,P15,P15,P15,P15,P15,P15,P15,P15,P15
grating,270,2.20,P0|P6|P7|P8|P11|P12|P13|P14|P15,0.780110,1,P8,P8,P8,P8,P8,P8,P8,P8,P8,P8,P8,P8,P8,P8,P8,P8,P8,P8,P8,P8
grating,270,2.20,P0|P6|P7|P8|P11|P12|P13|P14|P15,0.780110,2,P15,P15,P15,P15,P15,P15,P15,P15,P15,P15,P15,P15,P15,P15,P15,P15,P15,P15,P15,P15
grating,270,2.20,P0|P6|P7|P8|P11|P12|P13|P14|P15,0.780110,3,P7,P7,P7,P7,P7,P7,P7,P7,P7,P7,P7,P7,P7,P7,P7,P7,P7,P7,P7,P7
grating,270,2.20,P0|P6|P7|P8|P11|P12|P13|P14|P15,0.780110,4,P14,P14,P14,P14,P14,P14,P14,P14,P14,P14,P14,P14,P14,P14,P14,P14,P14,P14,P14,P14
grating,270,2.20,P0|P6|P7|P8|P11|P12|P13|P14|P15,0.780110,5,P6,P6,P6,P6,P6,P6,P6,P6,P6,P6,P6,P6,P6,P6,P6,P6,P6,P6,P6,P6
grating,270,2.20,P0|P6|P7|P8|P11|P12|P13|P14|P15,0.780110,6,P13,P13,P13,P13,P13,P13,P13,P13,P13,P13,P13,P13,P13,P13,P13,P13,P13,P13,P13,P13
grating,270,2.20,P0|P6|P7|P8|P11|P12|P13|P14|P15,0.780110,7,P0,P0,P0,P0,P0,P0,P0,P0,P0,P0,P0,P0,P0,P0,P0,P0,P0,P0,P0,P0
grating,270,2.20,P0|P6|P7|P8|P11|P12|P13|P14|P15,0.780110,8,P12,P12,P12,P12,P12,P12,P12,P12,P12,P12,P12,P12,P12,P12,P12,P12,P12,P12,P12,P12
grating,270,2.20,P0|P6|P7|P8|P11|P12|P13|P14|P15,0.780110,9,P15,P15,P15,P15,P15,P15,P15,P15,P15,P15,P15,P15,P15,P15,P15,P15,P15,P15,P15,P15
grating,270,2.20,P0|P6|P7|P8|P11|P12|P13|P14|P15,0.780110,10,P11,P11,P11,P11,P11,P11,P11,P11,P11,P11,P11,P11,P11,P11,P11,P11,P11,P11,P11,P11
grating,270,2.20,P0|P6|P7|P8|P11|P12|P13|P14|P15,0.780110,11,P15,P15,P15,P15,P15,P15,P15,P15,P15,P15,P15,P15,P15,P15,P15,P15,P15,P15,P15,P15
grating,270,2.20,P0|P6|P7|P8|P11|P12|P13|P14|P15,0.780110,12,P8,P8,P8,P8,P8,P8,P8,P8,P8,P8,P8,P8,P8,P8,P8,P8,P8,P8,P8,P8
grating,270,2.20,P0|P6|P7|P8|P11|P12|P13|P14|P15,0.780110,13,P15,P15,P15,P15,P15,P15,P15,P15,P15,P15,P15,P15,P15,P15,P15,P15,P15,P15,P15,P15
grating,270,2.20,P0|P6|P7|P8|P11|P12|P13|P14|P15,0.780110,14,P7,P7,P7,P7,P7,P7,P7,P7,P7,P7,P7,P7,P7,P7,P7,P7,P7,P7,P7,P7
grating,270,2.20,P0|P6|P7|P8|P11|P12|P13|P14|P15,0.780110,15,P14,P14,P14,P14,P14,P14,P14,P14,P14,P14,P14,P14,P14,P14,P14,P14,P14,P14,P14,P14
grating,270,2.20,P0|P6|P7|P8|P11|P12|P13|P14|P15,0.780110,16,P6,P6,P6,P6,P6,P6,P6,P6,P6,P6,P6,P6,P6,P6,P6,P6,P6,P6,P6,P6
grating,270,2.20,P0|P6|P7|P8|P11|P12|P13|P14|P15,0.780110,17,P13,P13,P13,P13,P13,P13,P13,P13,P13,P13,P13,P13,P13,P13,P13,P13,P13,P13,P13,P13
grating,270,2.20,P0|P6|P7|P8|P11|P12|P13|P14|P15,0.780110,18,P0,P0,P0,P0,P0,P0,P0,P0,P0,P0,P0,P0,P0,P0,P0,P0,P0,P0,P0,P0
grating,270,2.20,P0|P6|P7|P8|P11|P12|P13|P14|P15,0.780110,19,P12,P12,P12,P12,P12,P12,P12,P12,P12,P12,P12,P12,P12,P12,P12,P12,P12,P12,P12,P12
grating,90,2.30,P0|P3|P6|P7|P8|P9|P10|P11|P12|P13|P14|P15,0.733850,0,P0,P0,P0,P0,P0,P0,P0,P0,P0,P0,P0,P0,P0,P0,P0,P0,P0,P0,P0,P0
grating,90,2.30,P0|P3|P6|P7|P8|P9|P10|P11|P12|P13|P14|P15,0.733850,1,P14,P14,P14,P14,P14,P14,P14,P14,P14,P14,P14,P14,P14,P14,P14,P14,P14,P14,P14,P14
grating,90,2.30,P0|P3|P6|P7|P8|P9|P10|P11|P12|P13|P14|P15,0.733850,2,P7,P7,P7,P7,P7,P7,P7,P7,P7,P7,P7,P7,P7,P7,P7,P7,P7,P7,P7,P7
grating,90,2.30,P0|P3|P6|P7|P8|P9|P10|P11|P12|P13|P14|P15,0.733850,3,P15,P15,P15,P15,P15,P15,P15,P15,P15,P15,P15,P15,P15,P15,P15,P15,P15,P15,P15,P15
grating,90,2.30,P0|P3|P6|P7|P8|P9|P10|P11|P12|P13|P14|P15,0.733850,4,P8,P8,P8,P8,P8,P8,P8,P8,P8,P8,P8,P8,P8,P8,P8,P8,P8,P8,P8,P8
grating,90,2.30,P0|P3|P6|P7|P8|P9|P10|P11|P12|P13|P14|P15,0.733850,5,P15,P15,P15,P15,P15,P15,P15,P15,P15,P15,P15,P15,P15,P15,P15,P15,P15,P15,P15,P15
grating,90,2.30,P0|P3|P6|P7|P8|P9|P10|P11|P12|P13|P14|P15,0.733850,6,P11,P11,P11,P11,P11,P11,P11,P11,P11,P11,P11,P11,P11,P11,P11,P11,P11,P11,P11,P11
grating,90,2.30,P0|P3|P6|P7|P8|P9|P10|P11|P12|P13|P14|P15,0.733850,7,P15,P15,P15,P15,P15,P15,P15,P15,P15,P15,P15,P15,P15,P15,P15,P15,P15,P15,P15,P15
grating,90,2.30,P0|P3|P6|P7|P8|P9|P10|P11|P12|P13|P14|P15,0.733850,8,P13,P13,P13,P13,P13,P13,P13,P13,P13,P13,P13,P13,P13,P13,P13,P13,P13,P13,P13,P13
grating,90,2.30,P0|P3|P6|P7|P8|P9|P10|P11|P12|P13|P14|P15,0.733850,9,P6,P6,P6,P6,P6,P6,P6,P6,P6,P6,P6,P6,P6,P6,P6,P6,P6,P6,P6,P6
grating,90,2.30,P0|P3|P6|P7|P8|P9|P10|P11|P12|P13|P14|P15,0.733850,10,P14,P14,P14,P14,P14,P14,P14,P14,P14,P14,P14,P14,P14,P14,P14,P14,P14,P14,P14,P14
grating,90,2.30,P0|P3|P6|P7|P8|P9|P10|P11|P12|P13|P14|P15,0.733850,11,P8,P8,P8,P8,P8,P8,P8,P8,P8,P8,P8,P8,P8,P8,P8,P8,P8,P8,P8,P8
grating,90,2.30,P0|P3|P6|P7|P8|P9|P10|P11|P12|P13|P14|P15,0.733850,12,P15,P15,P15,P15,P15,P15,P15,P15,P15,P15,P15,P15,P15,P15,P15,P15,P15,P15,P15,P15
grating,90,2.30,P0|P3|P6|P7|P8|P9|P10|P11|P12|P13|P14|P15,0.733850,13,P10,P10,P10,P10,P10,P10,P10,P10,P10,P10,P10,P10,P10,P10,P10,P10,P10,P10,P10,P10
grating,90,2.30,P0|P3|P6|P7|P8|P9|P10|P11|P12|P13|P14|P15,0.733850,14,P15,P15,P15,P15,P15,P15,P15,P15,P15,P15,P15,P15,P15,P15,P15,P15,P15,P15,P15,P15
grating,90,2.30,P0|P3|P6|P7|P8|P9|P10|P11|P12|P13|P14|P15,0.733850,15,P12,P12,P12,P12,P12,P12,P12,P12,P12,P12,P12,P12,P12,P12,P12,P12,P12,P12,P12,P12
grating,90,2.30,P0|P3|P6|P7|P8|P9|P10|P11|P12|P13|P14|P15,0.733850,16,P3,P3,P3,P3,P3,P3,P3,P3,P3,P3,P3,P3,P3,P3,P3,P3,P3,P3,P3,P3
grating,90,2.30,P0|P3|P6|P7|P8|P9|P10|P11|P12|P13|P14|P15,0.733850,17,P14,P14,P14,P14,P14,P14,P14,P14,P14,P14,P14,P14,P14,P14,P14,P14,P14,P14,P14,P14
grating,90,2.30,P0|P3|P6|P7|P8|P9|P10|P11|P12|P13|P14|P15,0.733850,18,P7,P7,P7,P7,P7,P7,P7,P7,P7,P7,P7,P7,P7,P7,P7,P7,P7,P7,P7,P7
grating,90,2.30,P0|P3|P6|P7|P8|P9|P10|P11|P12|P13|P14|P15,0.733850,19,P15,P15,P15,P15,P15,P15,P15,P15,P15,P15,P15,P15,P15,P15,P15,P15,P15,P15,P15,P15
grating,270,2.30,P0|P3|P6|P7|P8|P9|P10|P11|P12|P13|P14|P15,0.733850,0,P14,P14,P14,P14,P14,P14,P14,P14,P14,P14,P14,P14,P14,P14,P14,P14,P14,P14,P14,P14
grating,270,2.30,P0|P3|P6|P7|P8|P9|P10|P11|P12|P13|P14|P15,0.733850,1,P3,P3,P3,P3,P3,P3,P3,P3,P3,P3,P3,P3,P3,P3,P3,P3,P3,P3,P3,P3
grating,270,2.30,P0|P3|P6|P7|P8|P9|P10|P11|P12|P13|P14|P15,0.733850,2,P12,P12,P12,P12,P12,P12,P12,P12,P12,P12,P12,P12,P12,P12,P12,P12,P12,P12,P12,P12
grating,270,2.30,P0|P3|P6|P7|P8|P9|P10|P11|P12|P13|P14|P15,0.733850,3,P15,P15,P15,P15,P15,P15,P15,P15,P15,P15,P15,P15,P15,P15,P15,P15,P15,P15,P15,P15
grating,270,2.30,P0|P3|P6|P7|P8|P9|P10|P11|P12|P13|P14|P15,0.733850,4,P10,P10,P10,P10,P10,P10,P10,P10,P10,P10,P10,P10,P10,P10,P10,P10,P10,P10,P10,P10
grating,270,2.30,P0|P3|P6|P7|P8|P9|P10|P11|P12|P13|P14|P15,0.733850,5,P15,P15,P15,P15,P15,P15,P15,P15,P15,P15,P15,P15,P15,P15,P15,P15,P15,P15,P15,P15
grating,270,2.30,P0|P3|P6|P7|P8|P9|P10|P11|P12|P13|P14|P15,0.733850,6,P8,P8,P8,P8,P8,P8,P8,P8,P8,P8,P8,P8,P8,P8,P8,P8,P8,P8,P8,P8
grating,270,2.30,P0|P3|P6|P7|P8|P9|P10|P11|P12|P13|P14|P15,0.733850,7,P14,P14,P14,P14,P14,P14,P14,P14,P14,P14,P14,P14,P14,P14,P14,P14,P14,P14,P14,P14
grating,270,2.30,P0|P3|P6|P7|P8|P9|P10|P11|P12|P13|P14|P15,0.733850,8,P6,P6,P6,P6,P6,P6,P6,P6,P6,P6,P6,P6,P6,P6,P6,P6,P6,P6,P6,P6
grating,270,2.30,P0|P3|P6|P7|P8|P9|P10|P11|P12|P13|P14|P15,0.733850,9,P13,P13,P13,P13,P13,P13,P13,P13,P13,P13,P13,P13,P13,P13,P13,P13,P13,P13,P13,P13
grating,270,2.30,P0|P3|P6|P7|P8|P9|P10|P11|P12|P13|P14|P15,0.733850,10,P15,P15,P15,P15,P15,P15,P15,P15,P15,P15,P15,P15,P15,P15,P15,P15,P15,P15,P15,P15
grating,270,2.30,P0|P3|P6|P7|P8|P9|P10|P11|P12|P13|P14|P15,0.733850,11,P11,P11,P11,P11,P11,P11,P11,P11,P11,P11,P11,P11,P11,P11,P11,P11,P11,P11,P11,P11
grating,270,2.30,P0|P3|P6|P7|P8|P9|P10|P11|P12|P13|P14|P15,0.733850,12,P15,P15,P15,P15,P15,P15,P15,P15,P15,P15,P15,P15,P15,P15,P15,P15,P15,P15,P15,P15
grating,270,2.30,P0|P3|P6|P7|P8|P9|P10|P11|P12|P13|P14|P15,0.733850,13,P8,P8,P8,P8,P8,P8,P8,P8,P8,P8,P8,P8,P8,P8,P8,P8,P8,P8,P8,P8
grating,270,2.30,P0|P3|P6|P7|P8|P9|P10|P11|P12|P13|P14|P15,0.733850,14,P15,P15,P15,P15,P15,P15,P15,P15,P15,P15,P15,P15,P15,P15,P15,P15,P15,P15,P15,P15
grating,270,2.30,P0|P3|P6|P7|P8|P9|P10|P11|P12|P13|P14|P15,0.733850,15,P7,P7,P7,P7,P7,P7,P7,P7,P7,P7,P7,P7,P7,P7,P7,P7,P7,P7,P7,P7
grating,270,2.30,P0|P3|P6|P7|P8|P9|P10|P11|P12|P13|P14|P15,0.733850,16,P14,P14,P14,P14,P14,P14,P14,P14,P14,P14,P14,P14,P14,P14,P14,P14,P14,P14,P14,P14
grating,270,2.30,P0|P3|P6|P7|P8|P9|P10|P11|P12|P13|P14|P15,0.733850,17,P0,P0,P0,P0,P0,P0,P0,P0,P0,P0,P0,P0,P0,P0,P0,P0,P0,P0,P0,P0
grating,270,2.30,P0|P3|P6|P7|P8|P9|P10|P11|P12|P13|P14|P15,0.733850,18,P12,P12,P12,P12,P12,P12,P12,P12,P12,P12,P12,P12,P12,P12,P12,P12,P12,P12,P12,P12
grating,270,2.30,P0|P3|P6|P7|P8|P9|P10|P11|P12|P13|P14|P15,0.733850,19,P15,P15,P15,P15,P15,P15,P15,P15,P15,P15,P15,P15,P15,P15,P15,P15,P15,P15,P15,P15
grating,90,2.40,P0|P6|P7|P8|P10|P11|P13|P14|P15,0.786492,0,P0,P0,P0,P0,P0,P0,P0,P0,P0,P0,P0,P0,P0,P0,P0,P0,P0,P0,P0,P0
grating,90,2.40,P0|P6|P7|P8|P10|P11|P13|P14|P15,0.786492,1,P14,P14,P14,P14,P14,P14,P14,P14,P14,P14,P14,P14,P14,P14,P14,P14,P14,P14,P14,P14
grating,90,2.40,P0|P6|P7|P8|P10|P11|P13|P14|P15,0.786492,2,P7,P7,P7,P7,P7,P7,P7,P7,P7,P7,P7,P7,P7,P7,P7,P7,P7,P7,P7,P7
grating,90,2.40,P0|P6|P7|P8|P10|P11|P13|P14|P15,0.786492,3,P15,P15,P15,P15,P15,P15,P15,P15,P15,P15,P15,P15,P15,P15,P15,P15,P15,P15,P15,P15
grating,90,2.40,P0|P6|P7|P8|P10|P11|P13|P14|P15,0.786492,4,P10,P10,P10,P10,P10,P10,P10,P10,P10,P10,P10,P10,P10,P10,P10,P10,P10,P10,P10,P10
grating,90,2.40,P0|P6|P7|P8|P10|P11|P13|P14|P15,0.786492,5,P15,P15,P15,P15,P15,P15,P15,P15,P15,P15,P15,P15,P15,P15,P15,P15,P15,P15,P15,P15
grating,90,2.40,P0|P6|P7|P8|P10|P11|P13|P14|P15,0.786492,6,P13,P13,P13,P13,P13,P13,P13,P13,P13,P13,P13,P13,P13,P13,P13,P13,P13,P13,P13,P13
grating,90,2.40,P0|P6|P7|P8|P10|P11|P13|P14|P15,0.786492,7,P6,P6,P6,P6,P6,P6,P6,P6,P6,P6,P6,P6,P6,P6,P6,P6,P6,P6,P6,P6
grating,90,2.40,P0|P6|P7|P8|P10|P11|P13|P14|P15,0.786492,8,P15,P15,P15,P15,P15,P15,P15,P15,P15,P15,P15,P15,P15,P15,P15,P15,P15,P15,P15,P15
grating,90,2.40,P0|P6|P7|P8|P10|P11|P13|P14|P15,0.786492,9,P8,P8,P8,P8,P8,P8,P8,P8,P8,P8,P8,P8,P8,P8,P8,P8,P8,P8,P8,P8
grating,90,2.40,P0|P6|P7|P8|P10|P11|P13|P14|P15,0.786492,10,P15,P15,P15,P15,P15,P15,P15,P15,P15,P15,P15,P15,P15,P15,P15,P15,P15,P15,P15,P15
grating,90,2.40,P0|P6|P7|P8|P10|P11|P13|P14|P15,0.786492,11,P11,P11,P11,P11,P11,P11,P11,P11,P11,P11,P11,P11,P11,P11,P11,P11,P11,P11,P11,P11
grating,90,2.40,P0|P6|P7|P8|P10|P11|P13|P14|P15,0.786492,12,P0,P0,P0,P0,P0,P0,P0,P0,P0,P0,P0,P0,P0,P0,P0,P0,P0,P0,P0,P0
grating,90,2.40,P0|P6|P7|P8|P10|P11|P13|P14|P15,0.786492,13,P14,P14,P14,P14,P14,P14,P14,P14,P14,P14,P14,P14,P14,P14,P14,P14,P14,P14,P14,P14
grating,90,2.40,P0|P6|P7|P8|P10|P11|P13|P14|P15,0.786492,14,P7,P7,P7,P7,P7,P7,P7,P7,P7,P7,P7,P7,P7,P7,P7,P7,P7,P7,P7,P7
grating,90,2.40,P0|P6|P7|P8|P10|P11|P13|P14|P15,0.786492,15,P15,P15,P15,P15,P15,P15,P15,P15,P15,P15,P15,P15,P15,P15,P15,P15,P15,P15,P15,P15
grating,90,2.40,P0|P6|P7|P8|P10|P11|P13|P14|P15,0.786492,16,P10,P10,P10,P10,P10,P10,P10,P10,P10,P10,P10,P10,P10,P10,P10,P10,P10,P10,P10,P10
grating,90,2.40,P0|P6|P7|P8|P10|P11|P13|P14|P15,0.786492,17,P15,P15,P15,P15,P15,P15,P15,P15,P15,P15,P15,P15,P15,P15,P15,P15,P15,P15,P15,P15
grating,90,2.40,P0|P6|P7|P8|P10|P11|P13|P14|P15,0.786492,18,P13,P13,P13,P13,P13,P13,P13,P13,P13,P13,P13,P13,P13,P13,P13,P13,P13,P13,P13,P13
grating,90,2.40,P0|P6|P7|P8|P10|P11|P13|P14|P15,0.786492,19,P6,P6,P6,P6,P6,P6,P6,P6,P6,P6,P6,P6,P6,P6,P6,P6,P6,P6,P6,P6
grating,270,2.40,P0|P6|P7|P8|P10|P11|P13|P14|P15,0.786492,0,P6,P6,P6,P6,P6,P6,P6,P6,P6,P6,P6,P6,P6,P6,P6,P6,P6,P6,P6,P6
grating,270,2.40,P0|P6|P7|P8|P10|P11|P13|P14|P15,0.786492,1,P13,P13,P13,P13,P13,P13,P13,P13,P13,P13,P13,P13,P13,P13,P13,P13,P13,P13,P13,P13
grating,270,2.40,P0|P6|P7|P8|P10|P11|P13|P14|P15,0.786492,2,P15,P15,P15,P15,P15,P15,P15,P15,P15,P15,P15,P15,P15,P15,P15,P15,P15,P15,P15,P15
grating,270,2.40,P0|P6|P7|P8|P10|P11|P13|P14|P15,0.786492,3,P10,P10,P10,P10,P10,P10,P10,P10,P10,P10,P10,P10,P10,P10,P10,P10,P10,P10,P10,P10
grating,270,2.40,P0|P6|P7|P8|P10|P11|P13|P14|P15,0.786492,4,P15,P15,P15,P15,P15,P15,P15,P15,P15,P15,P15,P15,P15,P15,P15,P15,P15,P15,P15,P15
grating,270,2.40,P0|P6|P7|P8|P10|P11|P13|P14|P15,0.786492,5,P7,P7,P7,P7,P7,P7,P7,P7,P7,P7,P7,P7,P7,P7,P7,P7,P7,P7,P7,P7
grating,270,2.40,P0|P6|P7|P8|P10|P11|P13|P14|P15,0.786492,6,P14,P14,P14,P14,P14,P14,P14,P14,P14,P14,P14,P14,P14,P14,P14,P14,P14,P14,P14,P14
grating,270,2.40,P0|P6|P7|P8|P10|P11|P13|P14|P15,0.786492,7,P0,P0,P0,P0,P0,P0,P0,P0,P0,P0,P0,P0,P0,P0,P0,P0,P0,P0,P0,P0
grating,270,2.40,P0|P6|P7|P8|P10|P11|P13|P14|P15,0.786492,8,P11,P11,P11,P11,P11,P11,P11,P11,P11,P11,P11,P11,P11,P11,P11,P11,P11,P11,P11,P11
grating,270,2.40,P0|P6|P7|P8|P10|P11|P13|P14|P15,0.786492,9,P15,P15,P15,P15,P15,P15,P15,P15,P15,P15,P15,P15,P15,P15,P15,P15,P15,P15,P15,P15
grating,270,2.40,P0|P6|P7|P8|P10|P11|P13|P14|P15,0.786492,10,P8,P8,P8,P8,P8,P8,P8,P8,P8,P8,P8,P8,P8,P8,P8,P8,P8,P8,P8,P8
grating,270,2.40,P0|P6|P7|P8|P10|P11|P13|P14|P15,0.786492,11,P15,P15,P15,P15,P15,P15,P15,P15,P15,P15,P15,P15,P15,P15,P15,P15,P15,P15,P15,P15
grating,270,2.40,P0|P6|P7|P8|P10|P11|P13|P14|P15,0.786492,12,P6,P6,P6,P6,P6,P6,P6,P6,P6,P6,P6,P6,P6,P6,P6,P6,P6,P6,P6,P6
grating,270,2.40,P0|P6|P7|P8|P10|P11|P13|P14|P15,0.786492,13,P13,P13,P13,P13,P13,P13,P13,P13,P13,P13,P13,P13,P13,P13,P13,P13,P13,P13,P13,P13
grating,270,2.40,P0|P6|P7|P8|P10|P11|P13|P14|P15,0.786492,14,P15,P15,P15,P15,P15,P15,P15,P15,P15,P15,P15,P15,P15,P15,P15,P15,P15,P15,P15,P15
grating,270,2.40,P0|P6|P7|P8|P10|P11|P13|P14|P15,0.786492,15,P10,P10,P10,P10,P10,P10,P10,P10,P10,P10,P10,P10,P10,P10,P10,P10,P10,P10,P10,P10
grating,270,2.40,P0|P6|P7|P8|P10|P11|P13|P14|P15,0.786492,16,P15,P15,P15,P15,P15,P15,P15,P15,P15,P15,P15,P15,P15,P15,P15,P15,P15,P15,P15,P15
grating,270,2.40,P0|P6|P7|P8|P10|P11|P13|P14|P15,0.786492,17,P7,P7,P7,P7,P7,P7,P7,P7,P7,P7,P7,P7,P7,P7,P7,P7,P7,P7,P7,P7
grating,270,2.40,P0|P6|P7|P8|P10|P11|P13|P14|P15,0.786492,18,P14,P14,P14,P14,P14,P14,P14,P14,P14,P14,P14,P14,P14,P14,P14,P14,P14,P14,P14,P14
grating,270,2.40,P0|P6|P7|P8|P10|P11|P13|P14|P15,0.786492,19,P0,P0,P0,P0,P0,P0,P0,P0,P0,P0,P0,P0,P0,P0,P0,P0,P0,P0,P0,P0
grating,90,2.50,P0|P7|P11|P14|P15,0.848046,0,P0,P0,P0,P0,P0,P0,P0,P0,P0,P0,P0,P0,P0,P0,P0,P0,P0,P0,P0,P0
grating,90,2.50,P0|P7|P11|P14|P15,0.848046,1,P14,P14,P14,P14,P14,P14,P14,P14,P14,P14,P14,P14,P14,P14,P14,P14,P14,P14,P14,P14
grating,90,2.50,P0|P7|P11|P14|P15,0.848046,2,P7,P7,P7,P7,P7,P7,P7,P7,P7,P7,P7,P7,P7,P7,P7,P7,P7,P7,P7,P7
grating,90,2.50,P0|P7|P11|P14|P15,0.848046,3,P15,P15,P15,P15,P15,P15,P15,P15,P15,P15,P15,P15,P15,P15,P15,P15,P15,P15,P15,P15
grating,90,2.50,P0|P7|P11|P14|P15,0.848046,4,P11,P11,P11,P11,P11,P11,P11,P11,P11,P11,P11,P11,P11,P11,P11,P11,P11,P11,P11,P11
grating,90,2.50,P0|P7|P11|P14|P15,0.848046,5,P0,P0,P0,P0,P0,P0,P0,P0,P0,P0,P0,P0,P0,P0,P0,P0,P0,P0,P0,P0
grating,90,2.50,P0|P7|P11|P14|P15,0.848046,6,P14,P14,P14,P14,P14,P14,P14,P14,P14,P14,P14,P14,P14,P14,P14,P14,P14,P14,P14,P14
grating,90,2.50,P0|P7|P11|P14|P15,0.848046,7,P7,P7,P7,P7,P7,P7,P7,P7,P7,P7,P7,P7,P7,P7,P7,P7,P7,P7,P7,P7
grating,90,2.50,P0|P7|P11|P14|P15,0.848046,8,P15,P15,P15,P15,P15,P15,P15,P15,P15,P15,P15,P15,P15,P15,P15,P15,P15,P15,P15,P15
grating,90,2.50,P0|P7|P11|P14|P15,0.848046,9,P11,P11,P11,P11,P11,P11,P11,P11,P11,P11,P11,P11,P11,P11,P11,P11,P11,P11,P11,P11
grating,90,2.50,P0|P7|P11|P14|P15,0.848046,10,P0,P0,P0,P0,P0,P0,P0,P0,P0,P0,P0,P0,P0,P0,P0,P0,P0,P0,P0,P0
grating,90,2.50,P0|P7|P11|P14|P15,0.848046,11,P14,P14,P14,P14,P14,P14,P14,P14,P14,P14,P14,P14,P14,P14,P14,P14,P14,P14,P14,P14
grating,90,2.50,P0|P7|P11|P14|P15,0.848046,12,P7,P7,P7,P7,P7,P7,P7,P7,P7,P7,P7,P7,P7,P7,P7,P7,P7,P7,P7,P7
grating,90,2.50,P0|P7|P11|P14|P15,0.848046,13,P15,P15,P15,P15,P15,P15,P15,P15,P15,P15,P15,P15,P15,P15,P15,P15,P15,P15,P15,P15
grating,90,2.50,P0|P7|P11|P14|P15,0.848046,14,P11,P11,P11,P11,P11,P11,P11,P11,P11,P11,P11,P11,P11,P11,P11,P11,P11,P11,P11,P11
grating,90,2.50,P0|P7|P11|P14|P15,0.848046,15,P0,P0,P0,P0,P0,P0,P0,P0,P0,P0,P0,P0,P0,P0,P0,P0,P0,P0,P0,P0
grating,90,2.50,P0|P7|P11|P14|P15,0.848046,16,P14,P14,P14,P14,P14,P14,P14,P14,P14,P14,P14,P14,P14,P14,P14,P14,P14,P14,P14,P14
grating,90,2.50,P0|P7|P11|P14|P15,0.848046,17,P7,P7,P7,P7,P7,P7,P7,P7,P7,P7,P7,P7,P7,P7,P7,P7,P7,P7,P7,P7
grating,90,2.50,P0|P7|P11|P14|P15,0.848046,18,P15,P15,P15,P15,P15,P15,P15,P15,P15,P15,P15,P15,P15,P15,P15,P15,P15,P15,P15,P15
grating,90,2.50,P0|P7|P11|P14|P15,0.848046,19,P11,P11,P11,P11,P11,P11,P11,P11,P11,P11,P11,P11,P11,P11,P11,P11,P11,P11,P11,P11
grating,270,2.50,P0|P7|P11|P14|P15,0.848046,0,P11,P11,P11,P11,P11,P11,P11,P11,P11,P11,P11,P11,P11,P11,P11,P11,P11,P11,P11,P11
grating,270,2.50,P0|P7|P11|P14|P15,0.848046,1,P15,P15,P15,P15,P15,P15,P15,P15,P15,P15,P15,P15,P15,P15,P15,P15,P15,P15,P15,P15
grating,270,2.50,P0|P7|P11|P14|P15,0.848046,2,P7,P7,P7,P7,P7,P7,P7,P7,P7,P7,P7,P7,P7,P7,P7,P7,P7,P7,P7,P7
grating,270,2.50,P0|P7|P11|P14|P15,0.848046,3,P14,P14,P14,P14,P14,P14,P14,P14,P14,P14,P14,P14,P14,P14,P14,P14,P14,P14,P14,P14
grating,270,2.50,P0|P7|P11|P14|P15,0.848046,4,P0,P0,P0,P0,P0,P0,P0,P0,P0,P0,P0,P0,P0,P0,P0,P0,P0,P0,P0,P0
grating,270,2.50,P0|P7|P11|P14|P15,0.848046,5,P11,P11,P11,P11,P11,P11,P11,P11,P11,P11,P11,P11,P11,P11,P11,P11,P11,P11,P11,P11
grating,270,2.50,P0|P7|P11|P14|P15,0.848046,6,P15,P15,P15,P15,P15,P15,P15,P15,P15,P15,P15,P15,P15,P15,P15,P15,P15,P15,P15,P15
grating,270,2.50,P0|P7|P11|P14|P15,0.848046,7,P7,P7,P7,P7,P7,P7,P7,P7,P7,P7,P7,P7,P7,P7,P7,P7,P7,P7,P7,P7
grating,270,2.50,P0|P7|P11|P14|P15,0.848046,8,P14,P14,P14,P14,P14,P14,P14,P14,P14,P14,P14,P14,P14,P14,P14,P14,P14,P14,P14,P14
grating,270,2.50,P0|P7|P11|P14|P15,0.848046,9,P0,P0,P0,P0,P0,P0,P0,P0,P0,P0,P0,P0,P0,P0,P0,P0,P0,P0,P0,P0
grating,270,2.50,P0|P7|P11|P14|P15,0.848046,10,P11,P11,P11,P11,P11,P11,P11,P11,P11,P11,P11,P11,P11,P11,P11,P11,P11,P11,P11,P11
grating,270,2.50,P0|P7|P11|P14|P15,0.848046,11,P15,P15,P15,P15,P15,P15,P15,P15,P15,P15,P15,P15,P15,P15,P15,P15,P15,P15,P15,P15
grating,270,2.50,P0|P7|P11|P14|P15,0.848046,12,P7,P7,P7,P7,P7,P7,P7,P7,P7,P7,P7,P7,P7,P7,P7,P7,P7,P7,P7,P7
grating,270,2.50,P0|P7|P11|P14|P15,0.848046,13,P14,P14,P14,P14,P14,P14,P14,P14,P14,P14,P14,P14,P14,P14,P14,P14,P14,P14,P14,P14
grating,270,2.50,P0|P7|P11|P14|P15,0.848046,14,P0,P0,P0,P0,P0,P0,P0,P0,P0,P0,P0,P0,P0,P0,P0,P0,P0,P0,P0,P0
grating,270,2.50,P0|P7|P11|P14|P15,0.848046,15,P11,P11,P11,P11,P11,P11,P11,P11,P11,P11,P11,P11,P11,P11,P11,P11,P11,P11,P11,P11
grating,270,2.50,P0|P7|P11|P14|P15,0.848046,16,P15,P15,P15,P15,P15,P15,P15,P15,P15,P15,P15,P15,P15,P15,P15,P15,P15,P15,P15,P15
grating,270,2.50,P0|P7|P11|P14|P15,0.848046,17,P7,P7,P7,P7,P7,P7,P7,P7,P7,P7,P7,P7,P7,P7,P7,P7,P7,P7,P7,P7
grating,270,2.50,P0|P7|P11|P14|P15,0.848046,18,P14,P14,P14,P14,P14,P14,P14,P14,P14,P14,P14,P14,P14,P14,P14,P14,P14,P14,P14,P14
grating,270,2.50,P0|P7|P11|P14|P15,0.848046,19,P0,P0,P0,P0,P0,P0,P0,P0,P0,P0,P0,P0,P0,P0,P0,P0,P0,P0,P0,P0
grating,90,2.60,P0|P5|P7|P8|P10|P11|P12|P13|P14|P15,0.776391,0,P0,P0,P0,P0,P0,P0,P0,P0,P0,P0,P0,P0,P0,P0,P0,P0,P0,P0,P0,P0
grating,90,2.60,P0|P5|P7|P8|P10|P11|P12|P13|P14|P15,0.776391,1,P14,P14,P14,P14,P14,P14,P14,P14,P14,P14,P14,P14,P14,P14,P14,P14,P14,P14,P14,P14
grating,90,2.60,P0|P5|P7|P8|P10|P11|P12|P13|P14|P15,0.776391,2,P8,P8,P8,P8,P8,P8,P8,P8,P8,P8,P8,P8,P8,P8,P8,P8,P8,P8,P8,P8
grating,90,2.60,P0|P5|P7|P8|P10|P11|P12|P13|P14|P15,0.776391,3,P15,P15,P15,P15,P15,P15,P15,P15,P15,P15,P15,P15,P15,P15,P15,P15,P15,P15,P15,P15
grating,90,2.60,P0|P5|P7|P8|P10|P11|P12|P13|P14|P15,0.776391,4,P12,P12,P12,P12,P12,P12,P12,P12,P12,P12,P12,P12,P12,P12,P12,P12,P12,P12,P12,P12
grating,90,2.60,P0|P5|P7|P8|P10|P11|P12|P13|P14|P15,0.776391,5,P5,P5,P5,P5,P5,P5,P5,P5,P5,P5,P5,P5,P5,P5,P5,P5,P5,P5,P5,P5
grating,90,2.60,P0|P5|P7|P8|P10|P11|P12|P13|P14|P15,0.776391,6,P15,P15,P15,P15,P15,P15,P15,P15,P15,P15,P15,P15,P15,P15,P15,P15,P15,P15,P15,P15
grating,90,2.60,P0|P5|P7|P8|P10|P11|P12|P13|P14|P15,0.776391,7,P10,P10,P10,P10,P10,P10,P10,P10,P10,P10,P10,P10,P10,P10,P10,P10,P10,P10,P10,P10
grating,90,2.60,P0|P5|P7|P8|P10|P11|P12|P13|P14|P15,0.776391,8,P15,P15,P15,P15,P15,P15,P15,P15,P15,P15,P15,P15,P15,P15,P15,P15,P15,P15,P15,P15
grating,90,2.60,P0|P5|P7|P8|P10|P11|P12|P13|P14|P15,0.776391,9,P13,P13,P13,P13,P13,P13,P13,P13,P13,P13,P13,P13,P13,P13,P13,P13,P13,P13,P13,P13
grating,90,2.60,P0|P5|P7|P8|P10|P11|P12|P13|P14|P15,0.776391,10,P7,P7,P7,P7,P7,P7,P7,P7,P7,P7,P7,P7,P7,P7,P7,P7,P7,P7,P7,P7
grating,90,2.60,P0|P5|P7|P8|P10|P11|P12|P13|P14|P15,0.776391,11,P15,P15,P15,P15,P15,P15,P15,P15,P15,P15,P15,P15,P15,P15,P15,P15,P15,P15,P15,P15
grating,90,2.60,P0|P5|P7|P8|P10|P11|P12|P13|P14|P15,0.776391,12,P11,P11,P11,P11,P11,P11,P11,P11,P11,P11,P11,P11,P11,P11,P11,P11,P11,P11,P11,P11
grating,90,2.60,P0|P5|P7|P8|P10|P11|P12|P13|P14|P15,0.776391,13,P0,P0,P0,P0,P0,P0,P0,P0,P0,P0,P0,P0,P0,P0,P0,P0,P0,P0,P0,P0
grating,90,2.60,P0|P5|P7|P8|P10|P11|P12|P13|P14|P15,0.776391,14,P14,P14,P14,P14,P14,P14,P14,P14,P14,P14,P14,P14,P14,P14,P14,P14,P14,P14,P14,P14
grating,90,2.60,P0|P5|P7|P8|P10|P11|P12|P13|P14|P15,0.776391,15,P8,P8,P8,P8,P8,P8,P8,P8,P8,P8,P8,P8,P8,P8,P8,P8,P8,P8,P8,P8
grating,90,2.60,P0|P5|P7|P8|P10|P11|P12|P13|P14|P15,0.776391,16,P15,P15,P15,P15,P15,P15,P15,P15,P15,P15,P15,P15,P15,P15,P15,P15,P15,P15,P15,P15
grating,90,2.60,P0|P5|P7|P8|P10|P11|P12|P13|P14|P15,0.776391,17,P12,P12,P12,P12,P12,P12,P12,P12,P12,P12,P12,P12,P12,P12,P12,P12,P12,P12,P12,P12
grating,90,2.60,P0|P5|P7|P8|P10|P11|P12|P13|P14|P15,0.776391,18,P5,P5,P5,P5,P5,P5,P5,P5,P5,P5,P5,P5,P5,P5,P5,P5,P5,P5,P5,P5
grating,90,2.60,P0|P5|P7|P8|P10|P11|P12|P13|P14|P15,0.776391,19,P15,P15,P15,P15,P15,P15,P15,P15,P15,P15,P15,P15,P15,P15,P15,P15,P15,P15,P15,P15
grating,270,2.60,P0|P5|P7|P8|P10|P11|P12|P13|P14|P15,0.776391,0,P15,P15,P15,P15,P15,P15,P15,P15,P15,P15,P15,P15,P15,P15,P15,P15,P15,P15,P15,P15
grating,270,2.60,P0|P5|P7|P8|P10|P11|P12|P13|P14|P15,0.776391,1,P5,P5,P5,P5,P5,P5,P5,P5,P5,P5,P5,P5,P5,P5,P5,P5,P5,P5,P5,P5
grating,270,2.60,P0|P5|P7|P8|P10|P11|P12|P13|P14|P15,0.776391,2,P12,P12,P12,P12,P12,P12,P12,P12,P12,P12,P12,P12,P12,P12,P12,P12,P12,P12,P12,P12
grating,270,2.60,P0|P5|P7|P8|P10|P11|P12|P13|P14|P15,0.776391,3,P15,P15,P15,P15,P15,P15,P15,P15,P15,P15,P15,P15,P15,P15,P15,P15,P15,P15,P15,P15
grating,270,2.60,P0|P5|P7|P8|P10|P11|P12|P13|P14|P15,0.776391,4,P8,P8,P8,P8,P8,P8,P8,P8,P8,P8,P8,P8,P8,P8,P8,P8,P8,P8,P8,P8
grating,270,2.60,P0|P5|P7|P8|P10|P11|P12|P13|P14|P15,0.776391,5,P14,P14,P14,P14,P14,P14,P14,P14,P14,P14,P14,P14,P14,P14,P14,P14,P14,P14,P14,P14
grating,270,2.60,P0|P5|P7|P8|P10|P11|P12|P13|P14|P15,0.776391,6,P0,P0,P0,P0,P0,P0,P0,P0,P0,P0,P0,P0,P0,P0,P0,P0,P0,P0,P0,P0
grating,270,2.60,P0|P5|P7|P8|P10|P11|P12|P13|P14|P15,0.776391,7,P11,P11,P11,P11,P11,P11,P11,P11,P11,P11,P11,P11,P11,P11,P11,P11,P11,P11,P11,P11
grating,270,2.60,P0|P5|P7|P8|P10|P11|P12|P13|P14|P15,0.776391,8,P15,P15,P15,P15,P15,P15,P15,P15,P15,P15,P15,P15,P15,P15,P15,P15,P15,P15,P15,P15
grating,270,2.60,P0|P5|P7|P8|P10|P11|P12|P13|P14|P15,0.776391,9,P7,P7,P7,P7,P7,P7,P7,P7,P7,P7,P7,P7,P7,P7,P7,P7,P7,P7,P7,P7
grating,270,2.60,P0|P5|P7|P8|P10|P11|P12|P13|P14|P15,0.776391,10,P13,P13,P13,P13,P13,P13,P13,P13,P13,P13,P13,P13,P13,P13,P13,P13,P13,P13,P13,P13
grating,270,2.60,P0|P5|P7|P8|P10|P11|P12|P13|P14|P15,0.776391,11,P15,P15,P15,P15,P15,P15,P15,P15,P15,P15,P15,P15,P15,P15,P15,P15,P15,P15,P15,P15
grating,270,2.60,P0|P5|P7|P8|P10|P11|P12|P13|P14|P15,0.776391,12,P10,P10,P10,P10,P10,P10,P10,P10,P10,P10,P10,P10,P10,P10,P10,P10,P10,P10,P10,P10
grating,270,2.60,P0|P5|P7|P8|P10|P11|P12|P13|P14|P15,0.776391,13,P15,P15,P15,P15,P15,P15,P15,P15,P15,P15,P15,P15,P15,P15,P15,P15,P15,P15,P15,P15
grating,270,2.60,P0|P5|P7|P8|P10|P11|P12|P13|P14|P15,0.776391,14,P5,P5,P5,P5,P5,P5,P5,P5,P5,P5,P5,P5,P5,P5,P5,P5,P5,P5,P5,P5
grating,270,2.60,P0|P5|P7|P8|P10|P11|P12|P13|P14|P15,0.776391,15,P12,P12,P12,P12,P12,P12,P12,P12,P12,P12,P12,P12,P12,P12,P12,P12,P12,P12,P12,P12
grating,270,2.60,P0|P5|P7|P8|P10|P11|P12|P13|P14|P15,0.776391,16,P15,P15,P15,P15,P15,P15,P15,P15,P15,P15,P15,P15,P15,P15,P15,P15,P15,P15,P15,P15
grating,270,2.60,P0|P5|P7|P8|P10|P11|P12|P13|P14|P15,0.776391,17,P8,P8,P8,P8,P8,P8,P8,P8,P8,P8,P8,P8,P8,P8,P8,P8,P8,P8,P8,P8
grating,270,2.60,P0|P5|P7|P8|P10|P11|P12|P13|P14|P15,0.776391,18,P14,P14,P14,P14,P14,P14,P14,P14,P14,P14,P14,P14,P14,P14,P14,P14,P14,P14,P14,P14
grating,270,2.60,P0|P5|P7|P8|P10|P11|P12|P13|P14|P15,0.776391,19,P0,P0,P0,P0,P0,P0,P0,P0,P0,P0,P0,P0,P0,P0,P0,P0,P0,P0,P0,P0
grating,90,2.70,P0|P3|P5|P6|P7|P8|P9|P10|P11|P12|P13|P14|P15,0.761450,0,P0,P0,P0,P0,P0,P0,P0,P0,P0,P0,P0,P0,P0,P0,P0,P0,P0,P0,P0,P0
grating,90,2.70,P0|P3|P5|P6|P7|P8|P9|P10|P11|P12|P13|P14|P15,0.761450,1,P14,P14,P14,P14,P14,P14,P14,P14,P14,P14,P14,P14,P14,P14,P14,P14,P14,P14,P14,P14
grating,90,2.70,P0|P3|P5|P6|P7|P8|P9|P10|P11|P12|P13|P14|P15,0.761450,2,P8,P8,P8,P8,P8,P8,P8,P8,P8,P8,P8,P8,P8,P8,P8,P8,P8,P8,P8,P8
grating,90,2.70,P0|P3|P5|P6|P7|P8|P9|P10|P11|P12|P13|P14|P15,0.761450,3,P15,P15,P15,P15,P15,P15,P15,P15,P15,P15,P15,P15,P15,P15,P15,P15,P15,P15,P15,P15
grating,90,2.70,P0|P3|P5|P6|P7|P8|P9|P10|P11|P12|P13|P14|P15,0.761450,4,P13,P13,P13,P13,P13,P13,P13,P13,P13,P13,P13,P13,P13,P13,P13,P13,P13,P13,P13,P13
grating,90,2.70,P0|P3|P5|P6|P7|P8|P9|P10|P11|P12|P13|P14|P15,0.761450,5,P7,P7,P7,P7,P7,P7,P7,P7,P7,P7,P7,P7,P7,P7,P7,P7,P7,P7,P7,P7
grating,90,2.70,P0|P3|P5|P6|P7|P8|P9|P10|P11|P12|P13|P14|P15,0.761450,6,P15,P15,P15,P15,P15,P15,P15,P15,P15,P15,P15,P15,P15,P15,P15,P15,P15,P15,P15,P15
grating,90,2.70,P0|P3|P5|P6|P7|P8|P9|P10|P11|P12|P13|P14|P15,0.761450,7,P11,P11,P11,P11,P11,P11,P11,P11,P11,P11,P11,P11,P11,P11,P11,P11,P11,P11,P11,P11
grating,90,2.70,P0|P3|P5|P6|P7|P8|P9|P10|P11|P12|P13|P14|P15,0.761450,8,P3,P3,P3,P3,P3,P3,P3,P3,P3,P3,P3,P3,P3,P3,P3,P3,P3,P3,P3,P3
grating,90,2.70,P0|P3|P5|P6|P7|P8|P9|P10|P11|P12|P13|P14|P15,0.761450,9,P15,P15,P15,P15,P15,P15,P15,P15,P15,P15,P15,P15,P15,P15,P15,P15,P15,P15,P15,P15
grating,90,2.70,P0|P3|P5|P6|P7|P8|P9|P10|P11|P12|P13|P14|P15,0.761450,10,P9,P9,P9,P9,P9,P9,P9,P9,P9,P9,P9,P9,P9,P9,P9,P9,P9,P9,P9,P9
grating,90,2.70,P0|P3|P5|P6|P7|P8|P9|P10|P11|P12|P13|P14|P15,0.761450,11,P15,P15,P15,P15,P15,P15,P15,P15,P15,P15,P15,P15,P15,P15,P15,P15,P15,P15,P15,P15
grating,90,2.70,P0|P3|P5|P6|P7|P8|P9|P10|P11|P12|P13|P14|P15,0.761450,12,P13,P13,P13,P13,P13,P13,P13,P13,P13,P13,P13,P13,P13,P13,P13,P13,P13,P13,P13,P13
grating,90,2.70,P0|P3|P5|P6|P7|P8|P9|P10|P11|P12|P13|P14|P15,0.761450,13,P7,P7,P7,P7,P7,P7,P7,P7,P7,P7,P7,P7,P7,P7,P7,P7,P7,P7,P7,P7
grating,90,2.70,P0|P3|P5|P6|P7|P8|P9|P10|P11|P12|P13|P14|P15,0.761450,14,P15,P15,P15,P15,P15,P15,P15,P15,P15,P15,P15,P15,P15,P15,P15,P15,P15,P15,P15,P15
grating,90,2.70,P0|P3|P5|P6|P7|P8|P9|P10|P11|P12|P13|P14|P15,0.761450,15,P12,P12,P12,P12,P12,P12,P12,P12,P12,P12,P12,P12,P12,P12,P12,P12,P12,P12,P12,P12
grating,90,2.70,P0|P3|P5|P6|P7|P8|P9|P10|P11|P12|P13|P14|P15,0.761450,16,P5,P5,P5,P5,P5,P5,P5,P5,P5,P5,P5,P5,P5,P5,P5,P5,P5,P5,P5,P5
grating,90,2.70,P0|P3|P5|P6|P7|P8|P9|P10|P11|P12|P13|P14|P15,0.761450,17,P15,P15,P15,P15,P15,P15,P15,P15,P15,P15,P15,P15,P15,P15,P15,P15,P15,P15,P15,P15
grating,90,2.70,P0|P3|P5|P6|P7|P8|P9|P10|P11|P12|P13|P14|P15,0.761450,18,P10,P10,P10,P10,P10,P10,P10,P10,P10,P10,P10,P10,P10,P10,P10,P10,P10,P10,P10,P10
grating,90,2.70,P0|P3|P5|P6|P7|P8|P9|P10|P11|P12|P13|P14|P15,0.761450,19,P15,P15,P15,P15,P15,P15,P15,P15,P15,P15,P15,P15,P15,P15,P15,P15,P15,P15,P15,P15
grating,270,2.70,P0|P3|P5|P6|P7|P8|P9|P10|P11|P12|P13|P14|P15,0.761450,0,P5,P5,P5,P5,P5,P5,P5,P5,P5,P5,P5,P5,P5,P5,P5,P5,P5,P5,P5,P5
grating,270,2.70,P0|P3|P5|P6|P7|P8|P9|P10|P11|P12|P13|P14|P15,0.761450,1,P12,P12,P12,P12,P12,P12,P12,P12,P12,P12,P12,P12,P12,P12,P12,P12,P12,P12,P12,P12
grating,270,2.70,P0|P3|P5|P6|P7|P8|P9|P10|P11|P12|P13|P14|P15,0.761450,2,P15,P15,P15,P15,P15,P15,P15,P15,P15,P15,P15,P15,P15,P15,P15,P15,P15,P15,P15,P15
grating,270,2.70,P0|P3|P5|P6|P7|P8|P9|P10|P11|P12|P13|P14|P15,0.761450,3,P7,P7,P7,P7,P7,P7,P7,P7,P7,P7,P7,P7,P7,P7,P7,P7,P7,P7,P7,P7
grating,270,2.70,P0|P3|P5|P6|P7|P8|P9|P10|P11|P12|P13|P14|P15,0.761450,4,P13,P13,P13,P13,P13,P13,P13,P13,P13,P13,P13,P13,P13,P13,P13,P13,P13,P13,P13,P13
grating,270,2.70,P0|P3|P5|P6|P7|P8|P9|P10|P11|P12|P13|P14|P15,0.761450,5,P15,P15,P15,P15,P15,P15,P15,P15,P15,P15,P15,P15,P15,P15,P15,P15,P15,P15,P15,P15
grating,270,2.70,P0|P3|P5|P6|P7|P8|P9|P10|P11|P12|P13|P14|P15,0.761450,6,P9,P9,P9,P9,P9,P9,P9,P9,P9,P9,P9,P9,P9,P9,P9,P9,P9,P9,P9,P9
grating,270,2.70,P0|P3|P5|P6|P7|P8|P9|P10|P11|P12|P13|P14|P15,0.761450,7,P15,P15,P15,P15,P15,P15,P15,P15,P15,P15,P15,P15,P15,P15,P15,P15,P15,P15,P15,P15
grating,270,2.70,P0|P3|P5|P6|P7|P8|P9|P10|P11|P12|P13|P14|P15,0.761450,8,P3,P3,P3,P3,P3,P3,P3,P3,P3,P3,P3,P3,P3,P3,P3,P3,P3,P3,P3,P3
grating,270,2.70,P0|P3|P5|P6|P7|P8|P9|P10|P11|P12|P13|P14|P15,0.761450,9,P11,P11,P11,P11,P11,P11,P11,P11,P11,P11,P11,P11,P11,P11,P11,P11,P11,P11,P11,P11
grating,270,2.70,P0|P3|P5|P6|P7|P8|P9|P10|P11|P12|P13|P14|P15,0.761450,10,P15,P15,P15,P15,P15,P15,P15,P15,P15,P15,P15,P15,P15,P15,P15,P15,P15,P15,P15,P15
grating,270,2.70,P0|P3|P5|P6|P7|P8|P9|P10|P11|P12|P13|P14|P15,0.761450,11,P7,P7,P7,P7,P7,P7,P7,P7,P7,P7,P7,P7,P7,P7,P7,P7,P7,P7,P7,P7
grating,270,2.70,P0|P3|P5|P6|P7|P8|P9|P10|P11|P12|P13|P14|P15,0.761450,12,P13,P13,P13,P13,P13,P13,P13,P13,P13,P13,P13,P13,P13,P13,P13,P13,P13,P13,P13,P13
grating,270,2.70,P0|P3|P5|P6|P7|P8|P9|P10|P11|P12|P13|P14|P15,0.761450,13,P15,P15,P15,P15,P15,P15,P15,P15,P15,P15,P15,P15,P15,P15,P15,P15,P15,P15,P15,P15
grating,270,2.70,P0|P3|P5|P6|P7|P8|P9|P10|P11|P12|P13|P14|P15,0.761450,14,P8,P8,P8,P8,P8,P8,P8,P8,P8,P8,P8,P8,P8,P8,P8,P8,P8,P8,P8,P8
grating,270,2.70,P0|P3|P5|P6|P7|P8|P9|P10|P11|P12|P13|P14|P15,0.761450,15,P14,P14,P14,P14,P14,P14,P14,P14,P14,P14,P14,P14,P14,P14,P14,P14,P14,P14,P14,P14
grating,270,2.70,P0|P3|P5|P6|P7|P8|P9|P10|P11|P12|P13|P14|P15,0.761450,16,P0,P0,P0,P0,P0,P0,P0,P0,P0,P0,P0,P0,P0,P0,P0,P0,P0,P0,P0,P0
grating,270,2.70,P0|P3|P5|P6|P7|P8|P9|P10|P11|P12|P13|P14|P15,0.761450,17,P11,P11,P11,P11,P11,P11,P11,P11,P11,P11,P11,P11,P11,P11,P11,P11,P11,P11,P11,P11
grating,270,2.70,P0|P3|P5|P6|P7|P8|P9|P10|P11|P12|P13|P14|P15,0.761450,18,P15,P15,P15,P15,P15,P15,P15,P15,P15,P15,P15,P15,P15,P15,P15,P15,P15,P15,P15,P15
grating,270,2.70,P0|P3|P5|P6|P7|P8|P9|P10|P11|P12|P13|P14|P15,0.761450,19,P6,P6,P6,P6,P6,P6,P6,P6,P6,P6,P6,P6,P6,P6,P6,P6,P6,P6,P6,P6
grating,90,2.80,P0|P5|P7|P8|P9|P11|P12|P13|P14|P15,0.758247,0,P0,P0,P0,P0,P0,P0,P0,P0,P0,P0,P0,P0,P0,P0,P0,P0,P0,P0,P0,P0
grating,90,2.80,P0|P5|P7|P8|P9|P11|P12|P13|P14|P15,0.758247,1,P14,P14,P14,P14,P14,P14,P14,P14,P14,P14,P14,P14,P14,P14,P14,P14,P14,P14,P14,P14
grating,90,2.80,P0|P5|P7|P8|P9|P11|P12|P13|P14|P15,0.758247,2,P9,P9,P9,P9,P9,P9,P9,P9,P9,P9,P9,P9,P9,P9,P9,P9,P9,P9,P9,P9
grating,90,2.80,P0|P5|P7|P8|P9|P11|P12|P13|P14|P15,0.758247,3,P15,P15,P15,P15,P15,P15,P15,P15,P15,P15,P15,P15,P15,P15,P15,P15,P15,P15,P15,P15
grating,90,2.80,P0|P5|P7|P8|P9|P11|P12|P13|P14|P15,0.758247,4,P14,P14,P14,P14,P14,P14,P14,P14,P14,P14,P14,P14,P14,P14,P14,P14,P14,P14,P14,P14
grating,90,2.80,P0|P5|P7|P8|P9|P11|P12|P13|P14|P15,0.758247,5,P8,P8,P8,P8,P8,P8,P8,P8,P8,P8,P8,P8,P8,P8,P8,P8,P8,P8,P8,P8
grating,90,2.80,P0|P5|P7|P8|P9|P11|P12|P13|P14|P15,0.758247,6,P15,P15,P15,P15,P15,P15,P15,P15,P15,P15,P15,P15,P15,P15,P15,P15,P15,P15,P15,P15
grating,90,2.80,P0|P5|P7|P8|P9|P11|P12|P13|P14|P15,0.758247,7,P13,P13,P13,P13,P13,P13,P13,P13,P13,P13,P13,P13,P13,P13,P13,P13,P13,P13,P13,P13
grating,90,2.80,P0|P5|P7|P8|P9|P11|P12|P13|P14|P15,0.758247,8,P7,P7,P7,P7,P7,P7,P7,P7,P7,P7,P7,P7,P7,P7,P7,P7,P7,P7,P7,P7
grating,90,2.80,P0|P5|P7|P8|P9|P11|P12|P13|P14|P15,0.758247,9,P15,P15,P15,P15,P15,P15,P15,P15,P15,P15,P15,P15,P15,P15,P15,P15,P15,P15,P15,P15
grating,90,2.80,P0|P5|P7|P8|P9|P11|P12|P13|P14|P15,0.758247,10,P12,P12,P12,P12,P12,P12,P12,P12,P12,P12,P12,P12,P12,P12,P12,P12,P12,P12,P12,P12
grating,90,2.80,P0|P5|P7|P8|P9|P11|P12|P13|P14|P15,0.758247,11,P5,P5,P5,P5,P5,P5,P5,P5,P5,P5,P5,P5,P5,P5,P5,P5,P5,P5,P5,P5
grating,90,2.80,P0|P5|P7|P8|P9|P11|P12|P13|P14|P15,0.758247,12,P15,P15,P15,P15,P15,P15,P15,P15,P15,P15,P15,P15,P15,P15,P15,P15,P15,P15,P15,P15
grating,90,2.80,P0|P5|P7|P8|P9|P11|P12|P13|P14|P15,0.758247,13,P11,P11,P11,P11,P11,P11,P11,P11,P11,P11,P11,P11,P11,P11,P11,P11,P11,P11,P11,P11
grating,90,2.80,P0|P5|P7|P8|P9|P11|P12|P13|P14|P15,0.758247,14,P15,P15,P15,P15,P15,P15,P15,P15,P15,P15,P15,P15,P15,P15,P15,P15,P15,P15,P15,P15
grating,90,2.80,P0|P5|P7|P8|P9|P11|P12|P13|P14|P15,0.758247,15,P14,P14,P14,P14,P14,P14,P14,P14,P14,P14,P14,P14,P14,P14,P14,P14,P14,P14,P14,P14
grating,90,2.80,P0|P5|P7|P8|P9|P11|P12|P13|P14|P15,0.758247,16,P9,P9,P9,P9,P9,P9,P9,P9,P9,P9,P9,P9,P9,P9,P9,P9,P9,P9,P9,P9
grating,90,2.80,P0|P5|P7|P8|P9|P11|P12|P13|P14|P15,0.758247,17,P15,P15,P15,P15,P15,P15,P15,P15,P15,P15,P15,P15,P15,P15,P15,P15,P15,P15,P15,P15
grating,90,2.80,P0|P5|P7|P8|P9|P11|P12|P13|P14|P15,0.758247,18,P14,P14,P14,P14,P14,P14,P14,P14,P14,P14,P14,P14,P14,P14,P14,P14,P14,P14,P14,P14
grating,90,2.80,P0|P5|P7|P8|P9|P11|P12|P13|P14|P15,0.758247,19,P8,P8,P8,P8,P8,P8,P8,P8,P8,P8,P8,P8,P8,P8,P8,P8,P8,P8,P8,P8
grating,270,2.80,P0|P5|P7|P8|P9|P11|P12|P13|P14|P15,0.758247,0,P14,P14,P14,P14,P14,P14,P14,P14,P14,P14,P14,P14,P14,P14,P14,P14,P14,P14,P14,P14
grating,270,2.80,P0|P5|P7|P8|P9|P11|P12|P13|P14|P15,0.758247,1,P0,P0,P0,P0,P0,P0,P0,P0,P0,P0,P0,P0,P0,P0,P0,P0,P0,P0,P0,P0
grating,270,2.80,P0|P5|P7|P8|P9|P11|P12|P13|P14|P15,0.758247,2,P11,P11,P11,P11,P11,P11,P11,P11,P11,P11,P11,P11,P11,P11,P11,P11,P11,P11,P11,P11
grating,270,2.80,P0|P5|P7|P8|P9|P11|P12|P13|P14|P15,0.758247,3,P15,P15,P15,P15,P15,P15,P15,P15,P15,P15,P15,P15,P15,P15,P15,P15,P15,P15,P15,P15
grating,270,2.80,P0|P5|P7|P8|P9|P11|P12|P13|P14|P15,0.758247,4,P5,P5,P5,P5,P5,P5,P5,P5,P5,P5,P5,P5,P5,P5,P5,P5,P5,P5,P5,P5
grating,270,2.80,P0|P5|P7|P8|P9|P11|P12|P13|P14|P15,0.758247,5,P12,P12,P12,P12,P12,P12,P12,P12,P12,P12,P12,P12,P12,P12,P12,P12,P12,P12,P12,P12
grating,270,2.80,P0|P5|P7|P8|P9|P11|P12|P13|P14|P15,0.758247,6,P15,P15,P15,P15,P15,P15,P15,P15,P15,P15,P15,P15,P15,P15,P15,P15,P15,P15,P15,P15
grating,270,2.80,P0|P5|P7|P8|P9|P11|P12|P13|P14|P15,0.758247,7,P7,P7,P7,P7,P7,P7,P7,P7,P7,P7,P7,P7,P7,P7,P7,P7,P7,P7,P7,P7
grating,270,2.80,P0|P5|P7|P8|P9|P11|P12|P13|P14|P15,0.758247,8,P13,P13,P13,P13,P13,P13,P13,P13,P13,P13,P13,P13,P13,P13,P13,P13,P13,P13,P13,P13
grating,270,2.80,P0|P5|P7|P8|P9|P11|P12|P13|P14|P15,0.758247,9,P15,P15,P15,P15,P15,P15,P15,P15,P15,P15,P15,P15,P15,P15,P15,P15,P15,P15,P15,P15
grating,270,2.80,P0|P5|P7|P8|P9|P11|P12|P13|P14|P15,0.758247,10,P8,P8,P8,P8,P8,P8,P8,P8,P8,P8,P8,P8,P8,P8,P8,P8,P8,P8,P8,P8
grating,270,2.80,P0|P5|P7|P8|P9|P11|P12|P13|P14|P15,0.758247,11,P14,P14,P14,P14,P14,P14,P14,P14,P14,P14,P14,P14,P14,P14,P14,P14,P14,P14,P14,P14
grating,270,2.80,P0|P5|P7|P8|P9|P11|P12|P13|P14|P15,0.758247,12,P15,P15,P15,P15,P15,P15,P15,P15,P15,P15,P15,P15,P15,P15,P15,P15,P15,P15,P15,P15
grating,270,2.80,P0|P5|P7|P8|P9|P11|P12|P13|P14|P15,0.758247,13,P9,P9,P9,P9,P9,P9,P9,P9,P9,P9,P9,P9,P9,P9,P9,P9,P9,P9,P9,P9
grating,270,2.80,P0|P5|P7|P8|P9|P11|P12|P13|P14|P15,0.758247,14,P14,P14,P14,P14,P14,P14,P14,P14,P14,P14,P14,P14,P14,P14,P14,P14,P14,P14,P14,P14
grating,270,2.80,P0|P5|P7|P8|P9|P11|P12|P13|P14|P15,0.758247,15,P0,P0,P0,P0,P0,P0,P0,P0,P0,P0,P0,P0,P0,P0,P0,P0,P0,P0,P0,P0
grating,270,2.80,P0|P5|P7|P8|P9|P11|P12|P13|P14|P15,0.758247,16,P11,P11,P11,P11,P11,P11,P11,P11,P11,P11,P11,P11,P11,P11,P11,P11,P11,P11,P11,P11
grating,270,2.80,P0|P5|P7|P8|P9|P11|P12|P13|P14|P15,0.758247,17,P15,P15,P15,P15,P15,P15,P15,P15,P15,P15,P15,P15,P15,P15,P15,P15,P15,P15,P15,P15
grating,270,2.80,P0|P5|P7|P8|P9|P11|P12|P13|P14|P15,0.758247,18,P5,P5,P5,P5,P5,P5,P5,P5,P5,P5,P5,P5,P5,P5,P5,P5,P5,P5,P5,P5
grating,270,2.80,P0|P5|P7|P8|P9|P11|P12|P13|P14|P15,0.758247,19,P12,P12,P12,P12,P12,P12,P12,P12,P12,P12,P12,P12,P12,P12,P12,P12,P12,P12,P12,P12
grating,90,2.90,P0|P3|P5|P6|P7|P8|P10|P11|P12|P13|P14|P15,0.753767,0,P0,P0,P0,P0,P0,P0,P0,P0,P0,P0,P0,P0,P0,P0,P0,P0,P0,P0,P0,P0
grating,90,2.90,P0|P3|P5|P6|P7|P8|P10|P11|P12|P13|P14|P15,0.753767,1,P14,P14,P14,P14,P14,P14,P14,P14,P14,P14,P14,P14,P14,P14,P14,P14,P14,P14,P14,P14
grating,90,2.90,P0|P3|P5|P6|P7|P8|P10|P11|P12|P13|P14|P15,0.753767,2,P10,P10,P10,P10,P10,P10,P10,P10,P10,P10,P10,P10,P10,P10,P10,P10,P10,P10,P10,P10
grating,90,2.90,P0|P3|P5|P6|P7|P8|P10|P11|P12|P13|P14|P15,0.753767,3,P15,P15,P15,P15,P15,P15,P15,P15,P15,P15,P15,P15,P15,P15,P15,P15,P15,P15,P15,P15
grating,90,2.90,P0|P3|P5|P6|P7|P8|P10|P11|P12|P13|P14|P15,0.753767,4,P14,P14,P14,P14,P14,P14,P14,P14,P14,P14,P14,P14,P14,P14,P14,P14,P14,P14,P14,P14
grating,90,2.90,P0|P3|P5|P6|P7|P8|P10|P11|P12|P13|P14|P15,0.753767,5,P8,P8,P8,P8,P8,P8,P8,P8,P8,P8,P8,P8,P8,P8,P8,P8,P8,P8,P8,P8
grating,90,2.90,P0|P3|P5|P6|P7|P8|P10|P11|P12|P13|P14|P15,0.753767,6,P15,P15,P15,P15,P15,P15,P15,P15,P15,P15,P15,P15,P15,P15,P15,P15,P15,P15,P15,P15
grating,90,2.90,P0|P3|P5|P6|P7|P8|P10|P11|P12|P13|P14|P15,0.753767,7,P14,P14,P14,P14,P14,P14,P14,P14,P14,P14,P14,P14,P14,P14,P14,P14,P14,P14,P14,P14
grating,90,2.90,P0|P3|P5|P6|P7|P8|P10|P11|P12|P13|P14|P15,0.753767,8,P8,P8,P8,P8,P8,P8,P8,P8,P8,P8,P8,P8,P8,P8,P8,P8,P8,P8,P8,P8
grating,90,2.90,P0|P3|P5|P6|P7|P8|P10|P11|P12|P13|P14|P15,0.753767,9,P15,P15,P15,P15,P15,P15,P15,P15,P15,P15,P15,P15,P15,P15,P15,P15,P15,P15,P15,P15
grating,90,2.90,P0|P3|P5|P6|P7|P8|P10|P11|P12|P13|P14|P15,0.753767,10,P13,P13,P13,P13,P13,P13,P13,P13,P13,P13,P13,P13,P13,P13,P13,P13,P13,P13,P13,P13
grating,90,2.90,P0|P3|P5|P6|P7|P8|P10|P11|P12|P13|P14|P15,0.753767,11,P8,P8,P8,P8,P8,P8,P8,P8,P8,P8,P8,P8,P8,P8,P8,P8,P8,P8,P8,P8
grating,90,2.90,P0|P3|P5|P6|P7|P8|P10|P11|P12|P13|P14|P15,0.753767,12,P15,P15,P15,P15,P15,P15,P15,P15,P15,P15,P15,P15,P15,P15,P15,P15,P15,P15,P15,P15
grating,90,2.90,P0|P3|P5|P6|P7|P8|P10|P11|P12|P13|P14|P15,0.753767,13,P13,P13,P13,P13,P13,P13,P13,P13,P13,P13,P13,P13,P13,P13,P13,P13,P13,P13,P13,P13
grating,90,2.90,P0|P3|P5|P6|P7|P8|P10|P11|P12|P13|P14|P15,0.753767,14,P7,P7,P7,P7,P7,P7,P7,P7,P7,P7,P7,P7,P7,P7,P7,P7,P7,P7,P7,P7
grating,90,2.90,P0|P3|P5|P6|P7|P8|P10|P11|P12|P13|P14|P15,0.753767,15,P15,P15,P15,P15,P15,P15,P15,P15,P15,P15,P15,P15,P15,P15,P15,P15,P15,P15,P15,P15
grating,90,2.90,P0|P3|P5|P6|P7|P8|P10|P11|P12|P13|P14|P15,0.753767,16,P13,P13,P13,P13,P13,P13,P13,P13,P13,P13,P13,P13,P13,P13,P13,P13,P13,P13,P13,P13
grating,90,2.90,P0|P3|P5|P6|P7|P8|P10|P11|P12|P13|P14|P15,0.753767,17,P7,P7,P7,P7,P7,P7,P7,P7,P7,P7,P7,P7,P7,P7,P7,P7,P7,P7,P7,P7
grating,90,2.90,P0|P3|P5|P6|P7|P8|P10|P11|P12|P13|P14|P15,0.753767,18,P15,P15,P15,P15,P15,P15,P15,P15,P15,P15,P15,P15,P15,P15,P15,P15,P15,P15,P15,P15
grating,90,2.90,P0|P3|P5|P6|P7|P8|P10|P11|P12|P13|P14|P15,0.753767,19,P12,P12,P12,P12,P12,P12,P12,P12,P12,P12,P12,P12,P12,P12,P12,P12,P12,P12,P12,P12
grating,270,2.90,P0|P3|P5|P6|P7|P8|P10|P11|P12|P13|P14|P15,0.753767,0,P13,P13,P13,P13,P13,P13,P13,P13,P13,P13,P13,P13,P13,P13,P13,P13,P13,P13,P13,P13
grating,270,2.90,P0|P3|P5|P6|P7|P8|P10|P11|P12|P13|P14|P15,0.753767,1,P15,P15,P15,P15,P15,P15,P15,P15,P15,P15,P15,P15,P15,P15,P15,P15,P15,P15,P15,P15
grating,270,2.90,P0|P3|P5|P6|P7|P8|P10|P11|P12|P13|P14|P15,0.753767,2,P7,P7,P7,P7,P7,P7,P7,P7,P7,P7,P7,P7,P7,P7,P7,P7,P7,P7,P7,P7
grating,270,2.90,P0|P3|P5|P6|P7|P8|P10|P11|P12|P13|P14|P15,0.753767,3,P13,P13,P13,P13,P13,P13,P13,P13,P13,P13,P13,P13,P13,P13,P13,P13,P13,P13,P13,P13
grating,270,2.90,P0|P3|P5|P6|P7|P8|P10|P11|P12|P13|P14|P15,0.753767,4,P15,P15,P15,P15,P15,P15,P15,P15,P15,P15,P15,P15,P15,P15,P15,P15,P15,P15,P15,P15
grating,270,2.90,P0|P3|P5|P6|P7|P8|P10|P11|P12|P13|P14|P15,0.753767,5,P8,P8,P8,P8,P8,P8,P8,P8,P8,P8,P8,P8,P8,P8,P8,P8,P8,P8,P8,P8
grating,270,2.90,P0|P3|P5|P6|P7|P8|P10|P11|P12|P13|P14|P15,0.753767,6,P13,P13,P13,P13,P13,P13,P13,P13,P13,P13,P13,P13,P13,P13,P13,P13,P13,P13,P13,P13
grating,270,2.90,P0|P3|P5|P6|P7|P8|P10|P11|P12|P13|P14|P15,0.753767,7,P15,P15,P15,P15,P15,P15,P15,P15,P15,P15,P15,P15,P15,P15,P15,P15,P15,P15,P15,P15
grating,270,2.90,P0|P3|P5|P6|P7|P8|P10|P11|P12|P13|P14|P15,0.753767,8,P8,P8,P8,P8,P8,P8,P8,P8,P8,P8,P8,P8,P8,P8,P8,P8,P8,P8,P8,P8
grating,270,2.90,P0|P3|P5|P6|P7|P8|P10|P11|P12|P13|P14|P15,0.753767,9,P14,P14,P14,P14,P14,P14,P14,P14,P14,P14,P14,P14,P14,P14,P14,P14,P14,P14,P14,P14
grating,270,2.90,P0|P3|P5|P6|P7|P8|P10|P11|P12|P13|P14|P15,0.753767,10,P15,P15,P15,P15,P15,P15,P15,P15,P15,P15,P15,P15,P15,P15,P15,P15,P15,P15,P15,P15
grating,270,2.90,P0|P3|P5|P6|P7|P8|P10|P11|P12|P13|P14|P15,0.753767,11,P8,P8,P8,P8,P8,P8,P8,P8,P8,P8,P8,P8,P8,P8,P8,P8,P8,P8,P8,P8
grating,270,2.90,P0|P3|P5|P6|P7|P8|P10|P11|P12|P13|P14|P15,0.753767,12,P14,P14,P14,P14,P14,P14,P14,P14,P14,P14,P14,P14,P14,P14,P14,P14,P14,P14,P14,P14
grating,270,2.90,P0|P3|P5|P6|P7|P8|P10|P11|P12|P13|P14|P15,0.753767,13,P15,P15,P15,P15,P15,P15,P15,P15,P15,P15,P15,P15,P15,P15,P15,P15,P15,P15,P15,P15
grating,270,2.90,P0|P3|P5|P6|P7|P8|P10|P11|P12|P13|P14|P15,0.753767,14,P10,P10,P10,P10,P10,P10,P10,P10,P10,P10,P10,P10,P10,P10,P10,P10,P10,P10,P10,P10
grating,270,2.90,P0|P3|P5|P6|P7|P8|P10|P11|P12|P13|P14|P15,0.753767,15,P14,P14,P14,P14,P14,P14,P14,P14,P14,P14,P14,P14,P14,P14,P14,P14,P14,P14,P14,P14
grating,270,2.90,P0|P3|P5|P6|P7|P8|P10|P11|P12|P13|P14|P15,0.753767,16,P0,P0,P0,P0,P0,P0,P0,P0,P0,P0,P0,P0,P0,P0,P0,P0,P0,P0,P0,P0
grating,270,2.90,P0|P3|P5|P6|P7|P8|P10|P11|P12|P13|P14|P15,0.753767,17,P10,P10,P10,P10,P10,P10,P10,P10,P10,P10,P10,P10,P10,P10,P10,P10,P10,P10,P10,P10
grating,270,2.90,P0|P3|P5|P6|P7|P8|P10|P11|P12|P13|P14|P15,0.753767,18,P15,P15,P15,P15,P15,P15,P15,P15,P15,P15,P15,P15,P15,P15,P15,P15,P15,P15,P15,P15
grating,270,2.90,P0|P3|P5|P6|P7|P8|P10|P11|P12|P13|P14|P15,0.753767,19,P3,P3,P3,P3,P3,P3,P3,P3,P3,P3,P3,P3,P3,P3,P3,P3,P3,P3,P3,P3
grating,90,3.00,P0|P10|P15,0.909267,0,P0,P0,P0,P0,P0,P0,P0,P0,P0,P0,P0,P0,P0,P0,P0,P0,P0,P0,P0,P0
grating,90,3.00,P0|P10|P15,0.909267,1,P15,P15,P15,P15,P15,P15,P15,P15,P15,P15,P15,P15,P15,P15,P15,P15,P15,P15,P15,P15
grating,90,3.00,P0|P10|P15,0.909267,2,P10,P10,P10,P10,P10,P10,P10,P10,P10,P10,P10,P10,P10,P10,P10,P10,P10,P10,P10,P10
grating,90,3.00,P0|P10|P15,0.909267,3,P0,P0,P0,P0,P0,P0,P0,P0,P0,P0,P0,P0,P0,P0,P0,P0,P0,P0,P0,P0
grating,90,3.00,P0|P10|P15,0.909267,4,P15,P15,P15,P15,P15,P15,P15,P15,P15,P15,P15,P15,P15,P15,P15,P15,P15,P15,P15,P15
grating,90,3.00,P0|P10|P15,0.909267,5,P10,P10,P10,P10,P10,P10,P10,P10,P10,P10,P10,P10,P10,P10,P10,P10,P10,P10,P10,P10
grating,90,3.00,P0|P10|P15,0.909267,6,P0,P0,P0,P0,P0,P0,P0,P0,P0,P0,P0,P0,P0,P0,P0,P0,P0,P0,P0,P0
grating,90,3.00,P0|P10|P15,0.909267,7,P15,P15,P15,P15,P15,P15,P15,P15,P15,P15,P15,P15,P15,P15,P15,P15,P15,P15,P15,P15
grating,90,3.00,P0|P10|P15,0.909267,8,P10,P10,P10,P10,P10,P10,P10,P10,P10,P10,P10,P10,P10,P10,P10,P10,P10,P10,P10,P10
grating,90,3.00,P0|P10|P15,0.909267,9,P0,P0,P0,P0,P0,P0,P0,P0,P0,P0,P0,P0,P0,P0,P0,P0,P0,P0,P0,P0
grating,90,3.00,P0|P10|P15,0.909267,10,P15,P15,P15,P15,P15,P15,P15,P15,P15,P15,P15,P15,P15,P15,P15,P15,P15,P15,P15,P15
grating,90,3.00,P0|P10|P15,0.909267,11,P10,P10,P10,P10,P10,P10,P10,P10,P10,P10,P10,P10,P10,P10,P10,P10,P10,P10,P10,P10
grating,90,3.00,P0|P10|P15,0.909267,12,P0,P0,P0,P0,P0,P0,P0,P0,P0,P0,P0,P0,P0,P0,P0,P0,P0,P0,P0,P0
grating,90,3.00,P0|P10|P15,0.909267,13,P15,P15,P15,P15,P15,P15,P15,P15,P15,P15,P15,P15,P15,P15,P15,P15,P15,P15,P15,P15
grating,90,3.00,P0|P10|P15,0.909267,14,P10,P10,P10,P10,P10,P10,P10,P10,P10,P10,P10,P10,P10,P10,P10,P10,P10,P10,P10,P10
grating,90,3.00,P0|P10|P15,0.909267,15,P0,P0,P0,P0,P0,P0,P0,P0,P0,P0,P0,P0,P0,P0,P0,P0,P0,P0,P0,P0
grating,90,3.00,P0|P10|P15,0.909267,16,P15,P15,P15,P15,P15,P15,P15,P15,P15,P15,P15,P15,P15,P15,P15,P15,P15,P15,P15,P15
grating,90,3.00,P0|P10|P15,0.909267,17,P10,P10,P10,P10,P10,P10,P10,P10,P10,P10,P10,P10,P10,P10,P10,P10,P10,P10,P10,P10
grating,90,3.00,P0|P10|P15,0.909267,18,P0,P0,P0,P0,P0,P0,P0,P0,P0,P0,P0,P0,P0,P0,P0,P0,P0,P0,P0,P0
grating,90,3.00,P0|P10|P15,0.909267,19,P15,P15,P15,P15,P15,P15,P15,P15,P15,P15,P15,P15,P15,P15,P15,P15,P15,P15,P15,P15
grating,270,3.00,P0|P10|P15,0.909267,0,P15,P15,P15,P15,P15,P15,P15,P15,P15,P15,P15,P15,P15,P15,P15,P15,P15,P15,P15,P15
grating,270,3.00,P0|P10|P15,0.909267,1,P0,P0,P0,P0,P0,P0,P0,P0,P0,P0,P0,P0,P0,P0,P0,P0,P0,P0,P0,P0
grating,270,3.00,P0|P10|P15,0.909267,2,P10,P10,P10,P10,P10,P10,P10,P10,P10,P10,P10,P10,P10,P10,P10,P10,P10,P10,P10,P10
grating,270,3.00,P0|P10|P15,0.909267,3,P15,P15,P15,P15,P15,P15,P15,P15,P15,P15,P15,P15,P15,P15,P15,P15,P15,P15,P15,P15
grating,270,3.00,P0|P10|P15,0.909267,4,P0,P0,P0,P0,P0,P0,P0,P0,P0,P0,P0,P0,P0,P0,P0,P0,P0,P0,P0,P0
grating,270,3.00,P0|P10|P15,0.909267,5,P10,P10,P10,P10,P10,P10,P10,P10,P10,P10,P10,P10,P10,P10,P10,P10,P10,P10,P10,P10
grating,270,3.00,P0|P10|P15,0.909267,6,P15,P15,P15,P15,P15,P15,P15,P15,P15,P15,P15,P15,P15,P15,P15,P15,P15,P15,P15,P15
grating,270,3.00,P0|P10|P15,0.909267,7,P0,P0,P0,P0,P0,P0,P0,P0,P0,P0,P0,P0,P0,P0,P0,P0,P0,P0,P0,P0
grating,270,3.00,P0|P10|P15,0.909267,8,P10,P10,P10,P10,P10,P10,P10,P10,P10,P10,P10,P10,P10,P10,P10,P10,P10,P10,P10,P10
grating,270,3.00,P0|P10|P15,0.909267,9,P15,P15,P15,P15,P15,P15,P15,P15,P15,P15,P15,P15,P15,P15,P15,P15,P15,P15,P15,P15
grating,270,3.00,P0|P10|P15,0.909267,10,P0,P0,P0,P0,P0,P0,P0,P0,P0,P0,P0,P0,P0,P0,P0,P0,P0,P0,P0,P0
grating,270,3.00,P0|P10|P15,0.909267,11,P10,P10,P10,P10,P10,P10,P10,P10,P10,P10,P10,P10,P10,P10,P10,P10,P10,P10,P10,P10
grating,270,3.00,P0|P10|P15,0.909267,12,P15,P15,P15,P15,P15,P15,P15,P15,P15,P15,P15,P15,P15,P15,P15,P15,P15,P15,P15,P15
grating,270,3.00,P0|P10|P15,0.909267,13,P0,P0,P0,P0,P0,P0,P0,P0,P0,P0,P0,P0,P0,P0,P0,P0,P0,P0,P0,P0
grating,270,3.00,P0|P10|P15,0.909267,14,P10,P10,P10,P10,P10,P10,P10,P10,P10,P10,P10,P10,P10,P10,P10,P10,P10,P10,P10,P10
grating,270,3.00,P0|P10|P15,0.909267,15,P15,P15,P15,P15,P15,P15,P15,P15,P15,P15,P15,P15,P15,P15,P15,P15,P15,P15,P15,P15
grating,270,3.00,P0|P10|P15,0.909267,16,P0,P0,P0,P0,P0,P0,P0,P0,P0,P0,P0,P0,P0,P0,P0,P0,P0,P0,P0,P0
grating,270,3.00,P0|P10|P15,0.909267,17,P10,P10,P10,P10,P10,P10,P10,P10,P10,P10,P10,P10,P10,P10,P10,P10,P10,P10,P10,P10
grating,270,3.00,P0|P10|P15,0.909267,18,P15,P15,P15,P15,P15,P15,P15,P15,P15,P15,P15,P15,P15,P15,P15,P15,P15,P15,P15,P15
grating,270,3.00,P0|P10|P15,0.909267,19,P0,P0,P0,P0,P0,P0,P0,P0,P0,P0,P0,P0,P0,P0,P0,P0,P0,P0,P0,P0
grating,135,1.00,P0|P1|P2|P3|P4|P5|P6|P7|P8|P9|P10|P11|P12|P13|P14|P15,0.743628,0,P0,P9,P14,P15,P7,P12,P15,P4,P10,P14,P15,P8,P13,P15,P6,P11,P15,P15,P8,P14
grating,135,1.00,P0|P1|P2|P3|P4|P5|P6|P7|P8|P9|P10|P11|P12|P13|P14|P15,0.743628,1,P9,P14,P15,P7,P12,P15,P4,P10,P14,P15,P8,P13,P15,P6,P11,P15,P15,P8,P14,P15
grating,135,1.00,P0|P1|P2|P3|P4|P5|P6|P7|P8|P9|P10|P11|P12|P13|P14|P15,0.743628,2,P14,P15,P7,P12,P15,P4,P10,P14,P15,P8,P13,P15,P6,P11,P15,P15,P8,P14,P15,P7
grating,135,1.00,P0|P1|P2|P3|P4|P5|P6|P7|P8|P9|P10|P11|P12|P13|P14|P15,0.743628,3,P15,P7,P12,P15,P4,P10,P14,P15,P8,P13,P15,P6,P11,P15,P15,P8,P14,P15,P7,P12
grating,135,1.00,P0|P1|P2|P3|P4|P5|P6|P7|P8|P9|P10|P11|P12|P13|P14|P15,0.743628,4,P7,P12,P15,P4,P10,P14,P15,P8,P13,P15,P6,P11,P15,P15,P8,P14,P15,P7,P12,P15
grating,135,1.00,P0|P1|P2|P3|P4|P5|P6|P7|P8|P9|P10|P11|P12|P13|P14|P15,0.743628,5,P12,P15,P4,P10,P14,P15,P8,P13,P15,P6,P11,P15,P15,P8,P14,P15,P7,P12,P15,P2
grating,135,1.00,P0|P1|P2|P3|P4|P5|P6|P7|P8|P9|P10|P11|P12|P13|P14|P15,0.743628,6,P15,P4,P10,P14,P15,P8,P13,P15,P6,P11,P15,P15,P8,P14,P15,P7,P12,P15,P2,P10
grating,135,1.00,P0|P1|P2|P3|P4|P5|P6|P7|P8|P9|P10|P11|P12|P13|P14|P15,0.743628,7,P4,P10,P14,P15,P8,P13,P15,P6,P11,P15,P15,P8,P14,P15,P7,P12,P15,P2,P10,P14
grating,135,1.00,P0|P1|P2|P3|P4|P5|P6|P7|P8|P9|P10|P11|P12|P13|P14|P15,0.743628,8,P10,P14,P15,P8,P13,P15,P6,P11,P15,P15,P8,P14,P15,P7,P12,P15,P2,P10,P14,P15
grating,135,1.00,P0|P1|P2|P3|P4|P5|P6|P7|P8|P9|P10|P11|P12|P13|P14|P15,0.743628,9,P14,P15,P8,P13,P15,P6,P11,P15,P15,P8,P14,P15,P7,P12,P15,P2,P10,P14,P15,P7
grating,135,1.00,P0|P1|P2|P3|P4|P5|P6|P7|P8|P9|P10|P11|P12|P13|P14|P15,0.743628,10,P15,P8,P13,P15,P6,P11,P15,P15,P8,P14,P15,P7,P12,P15,P2,P10,P14,P15,P7,P13
grating,135,1.00,P0|P1|P2|P3|P4|P5|P6|P7|P8|P9|P10|P11|P12|P13|P14|P15,0.743628,11,P8,P13,P15,P6,P11,P15,P15,P8,P14,P15,P7,P12,P15,P2,P10,P14,P15,P7,P13,P15
grating,135,1.00,P0|P1|P2|P3|P4|P5|P6|P7|P8|P9|P10|P11|P12|P13|P14|P15,0.743628,12,P13,P15,P6,P11,P15,P15,P8,P14,P15,P7,P12,P15,P2,P10,P14,P15,P7,P13,P15,P6
grating,135,1.00,P0|P1|P2|P3|P4|P5|P6|P7|P8|P9|P10|P11|P12|P13|P14|P15,0.743628,13,P15,P6,P11,P15,P15,P8,P14,P15,P7,P12,P15,P2,P10,P14,P15,P7,P13,P15,P6,P11
grating,135,1.00,P0|P1|P2|P3|P4|P5|P6|P7|P8|P9|P10|P11|P12|P13|P14|P15,0.743628,14,P6,P11,P15,P15,P8,P14,P15,P7,P12,P15,P2,P10,P14,P15,P7,P13,P15,P6,P11,P15
grating,135,1.00,P0|P1|P2|P3|P4|P5|P6|P7|P8|P9|P10|P11|P12|P13|P14|P15,0.743628,15,P11,P15,P15,P8,P14,P15,P7,P12,P15,P2,P10,P14,P15,P7,P13,P15,P6,P11,P15,P15
grating,135,1.00,P0|P1|P2|P3|P4|P5|P6|P7|P8|P9|P10|P11|P12|P13|P14|P15,0.743628,16,P15,P15,P8,P14,P15,P7,P12,P15,P2,P10,P14,P15,P7,P13,P15,P6,P11,P15,P15,P8
grating,135,1.00,P0|P1|P2|P3|P4|P5|P6|P7|P8|P9|P10|P11|P12|P13|P14|P15,0.743628,17,P15,P8,P14,P15,P7,P12,P15,P2,P10,P14,P15,P7,P13,P15,P6,P11,P15,P15,P8,P13
grating,135,1.00,P0|P1|P2|P3|P4|P5|P6|P7|P8|P9|P10|P11|P12|P13|P14|P15,0.743628,18,P8,P14,P15,P7,P12,P15,P2,P10,P14,P15,P7,P13,P15,P6,P11,P15,P15,P8,P13,P15
grating,135,1.00,P0|P1|P2|P3|P4|P5|P6|P7|P8|P9|P10|P11|P12|P13|P14|P15,0.743628,19,P14,P15,P7,P12,P15,P2,P10,P14,P15,P7,P13,P15,P6,P11,P15,P15,P8,P13,P15,P7
grating,315,1.00,P0|P1|P2|P3|P4|P5|P6|P7|P8|P9|P10|P11|P12|P13|P14|P15,0.743628,0,P12,P7,P15,P14,P10,P0,P15,P12,P7,P15,P13,P8,P15,P15,P11,P6,P15,P13,P8,P15
grating,315,1.00,P0|P1|P2|P3|P4|P5|P6|P7|P8|P9|P10|P11|P12|P13|P14|P15,0.743628,1,P7,P15,P14,P10,P0,P15,P12,P7,P15,P13,P8,P15,P15,P11,P6,P15,P13,P8,P15,P14
grating,315,1.00,P0|P1|P2|P3|P4|P5|P6|P7|P8|P9|P10|P11|P12|P13|P14|P15,0.743628,2,P15,P14,P10,P0,P15,P12,P7,P15,P13,P8,P15,P15,P11,P6,P15,P13,P8,P15,P14,P10
grating,315,1.00,P0|P1|P2|P3|P4|P5|P6|P7|P8|P9|P10|P11|P12|P13|P14|P15,0.743628,3,P14,P10,P0,P15,P12,P7,P15,P13,P8,P15,P15,P11,P6,P15,P13,P8,P15,P14,P10,P3
grating,315,1.00,P0|P1|P2|P3|P4|P5|P6|P7|P8|P9|P10|P11|P12|P13|P14|P15,0.743628,4,P10,P0,P15,P12,P7,P15,P13,P8,P15,P15,P11,P6,P15,P13,P8,P15,P14,P10,P3,P15
grating,315,1.00,P0|P1|P2|P3|P4|P5|P6|P7|P8|P9|P10|P11|P12|P13|P14|P15,0.743628,5,P0,P15,P12,P7,P15,P13,P8,P15,P15,P11,P6,P15,P13,P8,P15,P14,P10,P3,P15,P12
grating,315,1.00,P0|P1|P2|P3|P4|P5|P6|P7|P8|P9|P10|P11|P12|P13|P14|P15,0.743628,6,P15,P12,P7,P15,P13,P8,P15,P15,P11,P6,P15,P13,P8,P15,P14,P10,P3,P15,P12,P7
grating,315,1.00,P0|P1|P2|P3|P4|P5|P6|P7|P8|P9|P10|P11|P12|P13|P14|P15,0.743628,7,P12,P7,P15,P13,P8,P15,P15,P11,P6,P15,P13,P8,P15,P14,P10,P3,P15,P12,P7,P15
grating,315,1.00,P0|P1|P2|P3|P4|P5|P6|P7|P8|P9|P10|P11|P12|P13|P14|P15,0.743628,8,P7,P15,P13,P8,P15,P15,P11,P6,P15,P13,P8,P15,P14,P10,P3,P15,P12,P7,P15,P14
grating,315,1.00,P0|P1|P2|P3|P4|P5|P6|P7|P8|P9|P10|P11|P12|P13|P14|P15,0.743628,9,P15,P13,P8,P15,P15,P11,P6,P15,P13,P8,P15,P14,P10,P3,P15,P12,P7,P15,P14,P9
grating,315,1.00,P0|P1|P2|P3|P4|P5|P6|P7|P8|P9|P10|P11|P12|P13|P14|P15,0.743628,10,P13,P8,P15,P15,P11,P6,P15,P13,P8,P15,P14,P10,P3,P15,P12,P7,P15,P14,P9,P15
grating,315,1.00,P0|P1|P2|P3|P4|P5|P6|P7|P8|P9|P10|P11|P12|P13|P14|P15,0.743628,11,P8,P15,P15,P11,P6,P15,P13,P8,P15,P14,P10,P3,P15,P12,P7,P15,P14,P9,P15,P15
grating,315,1.00,P0|P1|P2|P3|P4|P5|P6|P7|P8|P9|P10|P11|P12|P13|P14|P15,0.743628,12,P15,P15,P11,P6,P15,P13,P8,P15,P14,P10,P3,P15,P12,P7,P15,P14,P9,P15,P15,P11
grating,315,1.00,P0|P1|P2|P3|P4|P5|P6|P7|P8|P9|P10|P11|P12|P13|P14|P15,0.743628,13,P15,P11,P6,P15,P13,P8,P15,P14,P10,P3,P15,P12,P7,P15,P14,P9,P15,P15,P11,P6
grating,315,1.00,P0|P1|P2|P3|P4|P5|P6|P7|P8|P9|P10|P11|P12|P13|P14|P15,0.743628,14,P11,P6,P15,P13,P8,P15,P14,P10,P3,P15,P12,P7,P15,P14,P9,P15,P15,P11,P6,P15
grating,315,1.00,P0|P1|P2|P3|P4|P5|P6|P7|P8|P9|P10|P11|P12|P13|P14|P15,0.743628,15,P6,P15,P13,P8,P15,P14,P10,P3,P15,P12,P7,P15,P14,P9,P15,P15,P11,P6,P15,P13
grating,315,1.00,P0|P1|P2|P3|P4|P5|P6|P7|P8|P9|P10|P11|P12|P13|P14|P15,0.743628,16,P15,P13,P8,P15,P14,P10,P3,P15,P12,P7,P15,P14,P9,P15,P15,P11,P6,P15,P13,P8
grating,315,1.00,P0|P1|P2|P3|P4|P5|P6|P7|P8|P9|P10|P11|P12|P13|P14|P15,0.743628,17,P13,P8,P15,P14,P10,P3,P15,P12,P7,P15,P14,P9,P15,P15,P11,P6,P15,P13,P8,P15
grating,315,1.00,P0|P1|P2|P3|P4|P5|P6|P7|P8|P9|P10|P11|P12|P13|P14|P15,0.743628,18,P8,P15,P14,P10,P3,P15,P12,P7,P15,P14,P9,P15,P15,P11,P6,P15,P13,P8,P15,P14
grating,315,1.00,P0|P1|P2|P3|P4|P5|P6|P7|P8|P9|P10|P11|P12|P13|P14|P15,0.743628,19,P15,P14,P10,P3,P15,P12,P7,P15,P14,P9,P15,P15,P11,P6,P15,P13,P8,P15,P14,P10
grating,135,1.10,P0|P1|P2|P3|P4|P5|P6|P7|P8|P9|P10|P11|P12|P13|P14|P15,0.747185,0,P0,P11,P15,P5,P12,P15,P7,P13,P15,P8,P14,P15,P9,P14,P0,P11,P15,P5,P12,P15
grating,135,1.10,P0|P1|P2|P3|P4|P5|P6|P7|P8|P9|P10|P11|P12|P13|P14|P15,0.747185,1,P11,P15,P5,P12,P15,P7,P13,P15,P8,P14,P15,P9,P14,P0,P11,P15,P5,P12,P15,P7
grating,135,1.10,P0|P1|P2|P3|P4|P5|P6|P7|P8|P9|P10|P11|P12|P13|P14|P15,0.747185,2,P15,P5,P12,P15,P7,P13,P15,P8,P14,P15,P9,P14,P0,P11,P15,P5,P12,P15,P7,P13
grating,135,1.10,P0|P1|P2|P3|P4|P5|P6|P7|P8|P9|P10|P11|P12|P13|P14|P15,0.747185,3,P5,P12,P15,P7,P13,P15,P8,P14,P15,P9,P14,P0,P11,P15,P5,P12,P15,P7,P13,P15
grating,135,1.10,P0|P1|P2|P3|P4|P5|P6|P7|P8|P9|P10|P11|P12|P13|P14|P15,0.747185,4,P12,P15,P7,P13,P15,P8,P14,P15,P9,P14,P0,P11,P15,P5,P12,P15,P7,P13,P15,P8
grating,135,1.10,P0|P1|P2|P3|P4|P5|P6|P7|P8|P9|P10|P11|P12|P13|P14|P15,0.747185,5,P15,P7,P13,P15,P8,P14,P15,P9,P14,P0,P11,P15,P5,P12,P15,P7,P13,P15,P8,P14
grating,135,1.10,P0|P1|P2|P3|P4|P5|P6|P7|P8|P9|P10|P11|P12|P13|P14|P15,0.747185,6,P7,P13,P15,P8,P14,P15,P9,P14,P0,P11,P15,P5,P12,P15,P7,P13,P15,P8,P14,P15
grating,135,1.10,P0|P1|P2|P3|P4|P5|P6|P7|P8|P9|P10|P11|P12|P13|P14|P15,0.747185,7,P13,P15,P8,P14,P15,P9,P14,P0,P11,P15,P5,P12,P15,P7,P13,P15,P8,P14,P15,P9
grating,135,1.10,P0|P1|P2|P3|P4|P5|P6|P7|P8|P9|P10|P11|P12|P13|P14|P15,0.747185,8,P15,P8,P14,P15,P9,P14,P0,P11,P15,P5,P12,P15,P7,P13,P15,P8,P14,P15,P9,P14
grating,135,1.10,P0|P1|P2|P3|P4|P5|P6|P7|P8|P9|P10|P11|P12|P13|P14|P15,0.747185,9,P8,P14,P15,P9,P14,P0,P11,P15,P5,P12,P15,P7,P13,P15,P8,P14,P15,P9,P14,P0
grating,135,1.10,P0|P1|P2|P3|P4|P5|P6|P7|P8|P9|P10|P11|P12|P13|P14|P15,0.747185,10,P14,P15,P9,P14,P0,P11,P15,P5,P12,P15,P7,P13,P15,P8,P14,P15,P9,P14,P0,P11
grating,135,1.10,P0|P1|P2|P3|P4|P5|P6|P7|P8|P9|P10|P11|P12|P13|P14|P15,0.747185,11,P15,P9,P14,P0,P11,P15,P5,P12,P15,P7,P13,P15,P8,P14,P15,P9,P14,P0,P11,P15
grating,135,1.10,P0|P1|P2|P3|P4|P5|P6|P7|P8|P9|P10|P11|P12|P13|P14|P15,0.747185,12,P9,P14,P0,P11,P15,P5,P12,P15,P7,P13,P15,P8,P14,P15,P9,P14,P0,P11,P15,P5
grating,135,1.10,P0|P1|P2|P3|P4|P5|P6|P7|P8|P9|P10|P11|P12|P13|P14|P15,0.747185,13,P14,P0,P11,P15,P5,P12,P15,P7,P13,P15,P8,P14,P15,P9,P14,P0,P11,P15,P5,P12
grating,135,1.10,P0|P1|P2|P3|P4|P5|P6|P7|P8|P9|P10|P11|P12|P13|P14|P15,0.747185,14,P0,P11,P15,P5,P12,P15,P7,P13,P15,P8,P14,P15,P9,P14,P0,P11,P15,P5,P12,P15
grating,135,1.10,P0|P1|P2|P3|P4|P5|P6|P7|P8|P9|P10|P11|P12|P13|P14|P15,0.747185,15,P11,P15,P5,P12,P15,P7,P13,P15,P8,P14,P15,P9,P14,P0,P11,P15,P5,P12,P15,P7
grating,135,1.10,P0|P1|P2|P3|P4|P5|P6|P7|P8|P9|P10|P11|P12|P13|P14|P15,0.747185,16,P15,P5,P12,P15,P7,P13,P15,P8,P14,P15,P9,P14,P0,P11,P15,P5,P12,P15,P7,P13
grating,135,1.10,P0|P1|P2|P3|P4|P5|P6|P7|P8|P9|P10|P11|P12|P13|P14|P15,0.747185,17,P5,P12,P15,P7,P13,P15,P8,P14,P15,P9,P14,P0,P11,P15,P5,P12,P15,P7,P13,P15
grating,135,1.10,P0|P1|P2|P3|P4|P5|P6|P7|P8|P9|P10|P11|P12|P13|P14|P15,0.747185,18,P12,P15,P7,P13,P15,P8,P14,P15,P9,P14,P0,P11,P15,P5,P12,P15,P7,P13,P15,P8
grating,135,1.10,P0|P1|P2|P3|P4|P5|P6|P7|P8|P9|P10|P11|P12|P13|P14|P15,0.747185,19,P15,P7,P13,P15,P8,P14,P15,P9,P14,P0,P11,P15,P5,P12,P15,P7,P13,P15,P8,P14
grating,315,1.10,P0|P1|P2|P3|P4|P5|P6|P7|P8|P9|P10|P11|P12|P13|P14|P15,0.747185,0,P5,P15,P11,P15,P14,P9,P15,P14,P8,P15,P13,P7,P15,P12,P5,P15,P11,P15,P14,P9
grating,315,1.10,P0|P1|P2|P3|P4|P5|P6|P7|P8|P9|P10|P11|P12|P13|P14|P15,0.747185,1,P15,P11,P15,P14,P9,P15,P14,P8,P15,P13,P7,P15,P12,P5,P15,P11,P15,P14,P9,P15
grating,315,1.10,P0|P1|P2|P3|P4|P5|P6|P7|P8|P9|P10|P11|P12|P13|P14|P15,0.747185,2,P11,P15,P14,P9,P15,P14,P8,P15,P13,P7,P15,P12,P5,P15,P11,P15,P14,P9,P15,P14
grating,315,1.10,P0|P1|P2|P3|P4|P5|P6|P7|P8|P9|P10|P11|P12|P13|P14|P15,0.747185,3,P15,P14,P9,P15,P14,P8,P15,P13,P7,P15,P12,P5,P15,P11,P15,P14,P9,P15,P14,P8
grating,315,1.10,P0|P1|P2|P3|P4|P5|P6|P7|P8|P9|P10|P11|P12|P13|P14|P15,0.747185,4,P14,P9,P15,P14,P8,P15,P13,P7,P15,P12,P5,P15,P11,P15,P14,P9,P15,P14,P8,P15
grating,315,1.10,P0|P1|P2|P3|P4|P5|P6|P7|P8|P9|P10|P11|P12|P13|P14|P15,0.747185,5,P9,P15,P14,P8,P15,P13,P7,P15,P12,P5,P15,P11,P15,P14,P9,P15,P14,P8,P15,P13
grating,315,1.10,P0|P1|P2|P3|P4|P5|P6|P7|P8|P9|P10|P11|P12|P13|P14|P15,0.747185,6,P15,P14,P8,P15,P13,P7,P15,P12,P5,P15,P11,P15,P14,P9,P15,P14,P8,P15,P13,P7
grating,315,1.10,P0|P1|P2|P3|P4|P5|P6|P7|P8|P9|P10|P11|P12|P13|P14|P15,0.747185,7,P14,P8,P15,P13,P7,P15,P12,P5,P15,P11,P15,P14,P9,P15,P14,P8,P15,P13,P7,P15
grating,315,1.10,P0|P1|P2|P3|P4|P5|P6|P7|P8|P9|P10|P11|P12|P13|P14|P15,0.747185,8,P8,P15,P13,P7,P15,P12,P5,P15,P11,P15,P14,P9,P15,P14,P8,P15,P13,P7,P15,P12
grating,315,1.10,P0|P1|P2|P3|P4|P5|P6|P7|P8|P9|P10|P11|P12|P13|P14|P15,0.747185,9,P15,P13,P7,P15,P12,P5,P15,P11,P15,P14,P9,P15,P14,P8,P15,P13,P7,P15,P12,P5
grating,315,1.10,P0|P1|P2|P3|P4|P5|P6|P7|P8|P9|P10|P11|P12|P13|P14|P15,0.747185,10,P13,P7,P15,P12,P5,P15,P11,P15,P14,P9,P15,P14,P8,P15,P13,P7,P15,P12,P5,P15
grating,315,1.10,P0|P1|P2|P3|P4|P5|P6|P7|P8|P9|P10|P11|P12|P13|P14|P15,0.747185,11,P7,P15,P12,P5,P15,P11,P15,P14,P9,P15,P14,P8,P15,P13,P7,P15,P12,P5,P15,P11
grating,315,1.10,P0|P1|P2|P3|P4|P5|P6|P7|P8|P9|P10|P11|P12|P13|P14|P15,0.747185,12,P15,P12,P5,P15,P11,P15,P14,P9,P15,P14,P8,P15,P13,P7,P15,P12,P5,P15,P11,P15
grating,315,1.10,P0|P1|P2|P3|P4|P5|P6|P7|P8|P9|P10|P11|P12|P13|P14|P15,0.747185,13,P12,P5,P15,P11,P15,P14,P9,P15,P14,P8,P15,P13,P7,P15,P12,P5,P15,P11,P15,P14
grating,315,1.10,P0|P1|P2|P3|P4|P5|P6|P7|P8|P9|P10|P11|P12|P13|P14|P15,0.747185,14,P5,P15,P11,P15,P14,P9,P15,P14,P8,P15,P13,P7,P15,P12,P5,P15,P11,P15,P14,P9
grating,315,1.10,P0|P1|P2|P3|P4|P5|P6|P7|P8|P9|P10|P11|P12|P13|P14|P15,0.747185,15,P15,P11,P15,P14,P9,P15,P14,P8,P15,P13,P7,P15,P12,P5,P15,P11,P15,P14,P9,P15
grating,315,1.10,P0|P1|P2|P3|P4|P5|P6|P7|P8|P9|P10|P11|P12|P13|P14|P15,0.747185,16,P11,P15,P14,P9,P15,P14,P8,P15,P13,P7,P15,P12,P5,P15,P11,P15,P14,P9,P15,P14
grating,315,1.10,P0|P1|P2|P3|P4|P5|P6|P7|P8|P9|P10|P11|P12|P13|P14|P15,0.747185,17,P15,P14,P9,P15,P14,P8,P15,P13,P7,P15,P12,P5,P15,P11,P15,P14,P9,P15,P14,P8
grating,315,1.10,P0|P1|P2|P3|P4|P5|P6|P7|P8|P9|P10|P11|P12|P13|P14|P15,0.747185,18,P14,P9,P15,P14,P8,P15,P13,P7,P15,P12,P5,P15,P11,P15,P14,P9,P15,P14,P8,P15
grating,315,1.10,P0|P1|P2|P3|P4|P5|P6|P7|P8|P9|P10|P11|P12|P13|P14|P15,0.747185,19,P9,P15,P14,P8,P15,P13,P7,P15,P12,P5,P15,P11,P15,P14,P9,P15,P14,P8,P15,P13
grating,135,1.20,P0|P1|P2|P3|P4|P5|P6|P7|P8|P9|P10|P11|P12|P13|P14|P15,0.743774,0,P0,P11,P15,P8,P14,P4,P12,P15,P9,P15,P6,P13,P15,P10,P15,P7,P14,P15,P11,P15
grating,135,1.20,P0|P1|P2|P3|P4|P5|P6|P7|P8|P9|P10|P11|P12|P13|P14|P15,0.743774,1,P11,P15,P8,P14,P4,P12,P15,P9,P15,P6,P13,P15,P10,P15,P7,P14,P15,P11,P15,P8
grating,135,1.20,P0|P1|P2|P3|P4|P5|P6|P7|P8|P9|P10|P11|P12|P13|P14|P15,0.743774,2,P15,P8,P14,P4,P12,P15,P9,P15,P6,P13,P15,P10,P15,P7,P14,P15,P11,P15,P8,P14
grating,135,1.20,P0|P1|P2|P3|P4|P5|P6|P7|P8|P9|P10|P11|P12|P13|P14|P15,0.743774,3,P8,P14,P4,P12,P15,P9,P15,P6,P13,P15,P10,P15,P7,P14,P15,P11,P15,P8,P14,P3
grating,135,1.20,P0|P1|P2|P3|P4|P5|P6|P7|P8|P9|P10|P11|P12|P13|P14|P15,0.743774,4,P14,P4,P12,P15,P9,P15,P6,P13,P15,P10,P15,P7,P14,P15,P11,P15,P8,P14,P3,P12
grating,135,1.20,P0|P1|P2|P3|P4|P5|P6|P7|P8|P9|P10|P11|P12|P13|P14|P15,0.743774,5,P4,P12,P15,P9,P15,P6,P13,P15,P10,P15,P7,P14,P15,P11,P15,P8,P14,P3,P12,P15
grating,135,1.20,P0|P1|P2|P3|P4|P5|P6|P7|P8|P9|P10|P11|P12|P13|P14|P15,0.743774,6,P12,P15,P9,P15,P6,P13,P15,P10,P15,P7,P14,P15,P11,P15,P8,P14,P3,P12,P15,P8
grating,135,1.20,P0|P1|P2|P3|P4|P5|P6|P7|P8|P9|P10|P11|P12|P13|P14|P15,0.743774,7,P15,P9,P15,P6,P13,P15,P10,P15,P7,P14,P15,P11,P15,P8,P14,P3,P12,P15,P8,P15
grating,135,1.20,P0|P1|P2|P3|P4|P5|P6|P7|P8|P9|P10|P11|P12|P13|P14|P15,0.743774,8,P9,P15,P6,P13,P15,P10,P15,P7,P14,P15,P11,P15,P8,P14,P3,P12,P15,P8,P15,P6
grating,135,1.20,P0|P1|P2|P3|P4|P5|P6|P7|P8|P9|P10|P11|P12|P13|P14|P15,0.743774,9,P15,P6,P13,P15,P10,P15,P7,P14,P15,P11,P15,P8,P14,P3,P12,P15,P8,P15,P6,P13
grating,135,1.20,P0|P1|P2|P3|P4|P5|P6|P7|P8|P9|P10|P11|P12|P13|P14|P15,0.743774,10,P6,P13,P15,P10,P15,P7,P14,P15,P11,P15,P8,P14,P3,P12,P15,P8,P15,P6,P13,P15
grating,135,1.20,P0|P1|P2|P3|P4|P5|P6|P7|P8|P9|P10|P11|P12|P13|P14|P15,0.743774,11,P13,P15,P10,P15,P7,P14,P15,P11,P15,P8,P14,P3,P12,P15,P8,P15,P6,P13,P15,P10
grating,135,1.20,P0|P1|P2|P3|P4|P5|P6|P7|P8|P9|P10|P11|P12|P13|P14|P15,0.743774,12,P15,P10,P15,P7,P14,P15,P11,P15,P8,P14,P3,P12,P15,P8,P15,P6,P13,P15,P10,P15
grating,135,1.20,P0|P1|P2|P3|P4|P5|P6|P7|P8|P9|P10|P11|P12|P13|P14|P15,0.743774,13,P10,P15,P7,P14,P15,P11,P15,P8,P14,P3,P12,P15,P8,P15,P6,P13,P15,P10,P15,P7
grating,135,1.20,P0|P1|P2|P3|P4|P5|P6|P7|P8|P9|P10|P11|P12|P13|P14|P15,0.743774,14,P15,P7,P14,P15,P11,P15,P8,P14,P3,P12,P15,P8,P15,P6,P13,P15,P10,P15,P7,P13
grating,135,1.20,P0|P1|P2|P3|P4|P5|P6|P7|P8|P9|P10|P11|P12|P13|P14|P15,0.743774,15,P7,P14,P15,P11,P15,P8,P14,P3,P12,P15,P8,P15,P6,P13,P15,P10,P15,P7,P13,P15
grating,135,1.20,P0|P1|P2|P3|P4|P5|P6|P7|P8|P9|P10|P11|P12|P13|P14|P15,0.743774,16,P14,P15,P11,P15,P8,P14,P3,P12,P15,P8,P15,P6,P13,P15,P10,P15,P7,P13,P15,P11
grating,135,1.20,P0|P1|P2|P3|P4|P5|P6|P7|P8|P9|P10|P11|P12|P13|P14|P15,0.743774,17,P15,P11,P15,P8,P14,P3,P12,P15,P8,P15,P6,P13,P15,P10,P15,P7,P13,P15,P11,P15
grating,135,1.20,P0|P1|P2|P3|P4|P5|P6|P7|P8|P9|P10|P11|P12|P13|P14|P15,0.743774,18,P11,P15,P8,P14,P3,P12,P15,P8,P15,P6,P13,P15,P10,P15,P7,P13,P15,P11,P15,P7
grating,135,1.20,P0|P1|P2|P3|P4|P5|P6|P7|P8|P9|P10|P11|P12|P13|P14|P15,0.743774,19,P15,P8,P14,P3,P12,P15,P8,P15,P6,P13,P15,P10,P15,P7,P13,P15,P11,P15,P7,P14
grating,315,1.20,P0|P1|P2|P3|P4|P5|P6|P7|P8|P9|P10|P11|P12|P13|P14|P15,0.743774,0,P14,P7,P15,P10,P15,P13,P6,P15,P9,P15,P12,P3,P14,P8,P15,P11,P15,P14,P7,P15
grating,315,1.20,P0|P1|P2|P3|P4|P5|P6|P7|P8|P9|P10|P11|P12|P13|P14|P15,0.743774,1,P7,P15,P10,P15,P13,P6,P15,P9,P15,P12,P3,P14,P8,P15,P11,P15,P14,P7,P15,P10
grating,315,1.20,P0|P1|P2|P3|P4|P5|P6|P7|P8|P9|P10|P11|P12|P13|P14|P15,0.743774,2,P15,P10,P15,P13,P6,P15,P9,P15,P12,P3,P14,P8,P15,P11,P15,P14,P7,P15,P10,P15
grating,315,1.20,P0|P1|P2|P3|P4|P5|P6|P7|P8|P9|P10|P11|P12|P13|P14|P15,0.743774,3,P10,P15,P13,P6,P15,P9,P15,P12,P3,P14,P8,P15,P11,P15,P14,P7,P15,P10,P15,P13
grating,315,1.20,P0|P1|P2|P3|P4|P5|P6|P7|P8|P9|P10|P11|P12|P13|P14|P15,0.743774,4,P15,P13,P6,P15,P9,P15,P12,P3,P14,P8,P15,P11,P15,P14,P7,P15,P10,P15,P13,P7
grating,315,1.20,P0|P1|P2|P3|P4|P5|P6|P7|P8|P9|P10|P11|P12|P13|P14|P15,0.743774,5,P13,P6,P15,P9,P15,P12,P3,P14,P8,P15,P11,P15,P14,P7,P15,P10,P15,P13,P7,P15
grating,315,1.20,P0|P1|P2|P3|P4|P5|P6|P7|P8|P9|P10|P11|P12|P13|P14|P15,0.743774,6,P6,P15,P9,P15,P12,P3,P14,P8,P15,P11,P15,P14,P7,P15,P10,P15,P13,P7,P15,P9
grating,315,1.20,P0|P1|P2|P3|P4|P5|P6|P7|P8|P9|P10|P11|P12|P13|P14|P15,0.743774,7,P15,P9,P15,P12,P3,P14,P8,P15,P11,P15,P14,P7,P15,P10,P15,P13,P7,P15,P9,P15
grating,315,1.20,P0|P1|P2|P3|P4|P5|P6|P7|P8|P9|P10|P11|P12|P13|P14|P15,0.743774,8,P9,P15,P12,P3,P14,P8,P15,P11,P15,P14,P7,P15,P10,P15,P13,P7,P15,P9,P15,P12
grating,315,1.20,P0|P1|P2|P3|P4|P5|P6|P7|P8|P9|P10|P11|P12|P13|P14|P15,0.743774,9,P15,P12,P3,P14,P8,P15,P11,P15,P14,P7,P15,P10,P15,P13,P7,P15,P9,P15,P12,P5
grating,315,1.20,P0|P1|P2|P3|P4|P5|P6|P7|P8|P9|P10|P11|P12|P13|P14|P15,0.743774,10,P12,P3,P14,P8,P15,P11,P15,P14,P7,P15,P10,P15,P13,P7,P15,P9,P15,P12,P5,P14
grating,315,1.20,P0|P1|P2|P3|P4|P5|P6|P7|P8|P9|P10|P11|P12|P13|P14|P15,0.743774,11,P3,P14,P8,P15,P11,P15,P14,P7,P15,P10,P15,P13,P7,P15,P9,P15,P12,P5,P14,P8
grating,315,1.20,P0|P1|P2|P3|P4|P5|P6|P7|P8|P9|P10|P11|P12|P13|P14|P15,0.743774,12,P14,P8,P15,P11,P15,P14,P7,P15,P10,P15,P13,P7,P15,P9,P15,P12,P5,P14,P8,P15
grating,315,1.20,P0|P1|P2|P3|P4|P5|P6|P7|P8|P9|P10|P11|P12|P13|P14|P15,0.743774,13,P8,P15,P11,P15,P14,P7,P15,P10,P15,P13,P7,P15,P9,P15,P12,P5,P14,P8,P15,P12
grating,315,1.20,P0|P1|P2|P3|P4|P5|P6|P7|P8|P9|P10|P11|P12|P13|P14|P15,0.743774,14,P15,P11,P15,P14,P7,P15,P10,P15,P13,P7,P15,P9,P15,P12,P5,P14,P8,P15,P12,P0
grating,315,1.20,P0|P1|P2|P3|P4|P5|P6|P7|P8|P9|P10|P11|P12|P13|P14|P15,0.743774,15,P11,P15,P14,P7,P15,P10,P15,P13,P7,P15,P9,P15,P12,P5,P14,P8,P15,P12,P0,P14
grating,315,1.20,P0|P1|P2|P3|P4|P5|P6|P7|P8|P9|P10|P11|P12|P13|P14|P15,0.743774,16,P15,P14,P7,P15,P10,P15,P13,P7,P15,P9,P15,P12,P5,P14,P8,P15,P12,P0,P14,P7
grating,315,1.20,P0|P1|P2|P3|P4|P5|P6|P7|P8|P9|P10|P11|P12|P13|P14|P15,0.743774,17,P14,P7,P15,P10,P15,P13,P7,P15,P9,P15,P12,P5,P14,P8,P15,P12,P0,P14,P7,P15
grating,315,1.20,P0|P1|P2|P3|P4|P5|P6|P7|P8|P9|P10|P11|P12|P13|P14|P15,0.743774,18,P7,P15,P10,P15,P13,P7,P15,P9,P15,P12,P5,P14,P8,P15,P12,P0,P14,P7,P15,P11
grating,315,1.20,P0|P1|P2|P3|P4|P5|P6|P7|P8|P9|P10|P11|P12|P13|P14|P15,0.743774,19,P15,P10,P15,P13,P7,P15,P9,P15,P12,P5,P14,P8,P15,P12,P0,P14,P7,P15,P11,P15
grating,135,1.30,P0|P1|P2|P3|P4|P5|P6|P7|P8|P9|P10|P11|P12|P13|P14|P15,0.743542,0,P0,P12,P15,P11,P15,P9,P15,P7,P14,P6,P14,P1,P12,P15,P11,P15,P9,P15,P8,P15
grating,135,1.30,P0|P1|P2|P3|P4|P5|P6|P7|P8|P9|P10|P11|P12|P13|P14|P15,0.743542,1,P12,P15,P11,P15,P9,P15,P7,P14,P6,P14,P1,P12,P15,P11,P15,P9,P15,P8,P15,P7
grating,135,1.30,P0|P1|P2|P3|P4|P5|P6|P7|P8|P9|P10|P11|P12|P13|P14|P15,0.743542,2,P15,P11,P15,P9,P15,P7,P14,P6,P14,P1,P12,P15,P11,P15,P9,P15,P8,P15,P7,P14
grating,135,1.30,P0|P1|P2|P3|P4|P5|P6|P7|P8|P9|P10|P11|P12|P13|P14|P15,0.743542,3,P11,P15,P9,P15,P7,P14,P6,P14,P1,P12,P15,P11,P15,P9,P15,P8,P15,P7,P14,P3
grating,135,1.30,P0|P1|P2|P3|P4|P5|P6|P7|P8|P9|P10|P11|P12|P13|P14|P15,0.743542,4,P15,P9,P15,P7,P14,P6,P14,P1,P12,P15,P11,P15,P9,P15,P8,P15,P7,P14,P3,P13
grating,135,1.30,P0|P1|P2|P3|P4|P5|P6|P7|P8|P9|P10|P11|P12|P13|P14|P15,0.743542,5,P9,P15,P7,P14,P6,P14,P1,P12,P15,P11,P15,P9,P15,P8,P15,P7,P14,P3,P13,P15
grating,135,1.30,P0|P1|P2|P3|P4|P5|P6|P7|P8|P9|P10|P11|P12|P13|P14|P15,0.743542,6,P15,P7,P14,P6,P14,P1,P12,P15,P11,P15,P9,P15,P8,P15,P7,P14,P3,P13,P15,P11
grating,135,1.30,P0|P1|P2|P3|P4|P5|P6|P7|P8|P9|P10|P11|P12|P13|P14|P15,0.743542,7,P7,P14,P6,P14,P1,P12,P15,P11,P15,P9,P15,P8,P15,P7,P14,P3,P13,P15,P11,P15
grating,135,1.30,P0|P1|P2|P3|P4|P5|P6|P7|P8|P9|P10|P11|P12|P13|P14|P15,0.743542,8,P14,P6,P14,P1,P12,P15,P11,P15,P9,P15,P8,P15,P7,P14,P3,P13,P15,P11,P15,P10
grating,135,1.30,P0|P1|P2|P3|P4|P5|P6|P7|P8|P9|P10|P11|P12|P13|P14|P15,0.743542,9,P6,P14,P1,P12,P15,P11,P15,P9,P15,P8,P15,P7,P14,P3,P13,P15,P11,P15,P10,P15
grating,135,1.30,P0|P1|P2|P3|P4|P5|P6|P7|P8|P9|P10|P11|P12|P13|P14|P15,0.743542,10,P14,P1,P12,P15,P11,P15,P9,P15,P8,P15,P7,P14,P3,P13,P15,P11,P15,P10,P15,P8
grating,135,1.30,P0|P1|P2|P3|P4|P5|P6|P7|P8|P9|P10|P11|P12|P13|P14|P15,0.743542,11,P1,P12,P15,P11,P15,P9,P15,P8,P15,P7,P14,P3,P13,P15,P11,P15,P10,P15,P8,P15
grating,135,1.30,P0|P1|P2|P3|P4|P5|P6|P7|P8|P9|P10|P11|P12|P13|P14|P15,0.743542,12,P12,P15,P11,P15,P9,P15,P8,P15,P7,P14,P3,P13,P15,P11,P15,P10,P15,P8,P15,P7
grating,135,1.30,P0|P1|P2|P3|P4|P5|P6|P7|P8|P9|P10|P11|P12|P13|P14|P15,0.743542,13,P15,P11,P15,P9,P15,P8,P15,P7,P14,P3,P13,P15,P11,P15,P10,P15,P8,P15,P7,P14
grating,135,1.30,P0|P1|P2|P3|P4|P5|P6|P7|P8|P9|P10|P11|P12|P13|P14|P15,0.743542,14,P11,P15,P9,P15,P8,P15,P7,P14,P3,P13,P15,P11,P15,P10,P15,P8,P15,P7,P14,P4
grating,135,1.30,P0|P1|P2|P3|P4|P5|P6|P7|P8|P9|P10|P11|P12|P13|P14|P15,0.743542,15,P15,P9,P15,P8,P15,P7,P14,P3,P13,P15,P11,P15,P10,P15,P8,P15,P7,P14,P4,P13
grating,135,1.30,P0|P1|P2|P3|P4|P5|P6|P7|P8|P9|P10|P11|P12|P13|P14|P15,0.743542,16,P9,P15,P8,P15,P7,P14,P3,P13,P15,P11,P15,P10,P15,P8,P15,P7,P14,P4,P13,P15
grating,135,1.30,P0|P1|P2|P3|P4|P5|P6|P7|P8|P9|P10|P11|P12|P13|P14|P15,0.743542,17,P15,P8,P15,P7,P14,P3,P13,P15,P11,P15,P10,P15,P8,P15,P7,P14,P4,P13,P15,P12
grating,135,1.30,P0|P1|P2|P3|P4|P5|P6|P7|P8|P9|P10|P11|P12|P13|P14|P15,0.743542,18,P8,P15,P7,P14,P3,P13,P15,P11,P15,P10,P15,P8,P15,P7,P14,P4,P13,P15,P12,P15
grating,135,1.30,P0|P1|P2|P3|P4|P5|P6|P7|P8|P9|P10|P11|P12|P13|P14|P15,0.743542,19,P15,P7,P14,P3,P13,P15,P11,P15,P10,P15,P8,P15,P7,P14,P4,P13,P15,P12,P15,P10
grating,315,1.30,P0|P1|P2|P3|P4|P5|P6|P7|P8|P9|P10|P11|P12|P13|P14|P15,0.743542,0,P9,P15,P11,P15,P12,P0,P13,P6,P14,P7,P15,P8,P15,P11,P15,P12,P15,P13,P6,P14
grating,315,1.30,P0|P1|P2|P3|P4|P5|P6|P7|P8|P9|P10|P11|P12|P13|P14|P15,0.743542,1,P15,P11,P15,P12,P0,P13,P6,P14,P7,P15,P8,P15,P11,P15,P12,P15,P13,P6,P14,P7
grating,315,1.30,P0|P1|P2|P3|P4|P5|P6|P7|P8|P9|P10|P11|P12|P13|P14|P15,0.743542,2,P11,P15,P12,P0,P13,P6,P14,P7,P15,P8,P15,P11,P15,P12,P15,P13,P6,P14,P7,P15
grating,315,1.30,P0|P1|P2|P3|P4|P5|P6|P7|P8|P9|P10|P11|P12|P13|P14|P15,0.743542,3,P15,P12,P0,P13,P6,P14,P7,P15,P8,P15,P11,P15,P12,P15,P13,P6,P14,P7,P15,P8
grating,315,1.30,P0|P1|P2|P3|P4|P5|P6|P7|P8|P9|P10|P11|P12|P13|P14|P15,0.743542,4,P12,P0,P13,P6,P14,P7,P15,P8,P15,P11,P15,P12,P15,P13,P6,P14,P7,P15,P8,P15
grating,315,1.30,P0|P1|P2|P3|P4|P5|P6|P7|P8|P9|P10|P11|P12|P13|P14|P15,0.743542,5,P0,P13,P6,P14,P7,P15,P8,P15,P11,P15,P12,P15,P13,P6,P14,P7,P15,P8,P15,P10
grating,315,1.30,P0|P1|P2|P3|P4|P5|P6|P7|P8|P9|P10|P11|P12|P13|P14|P15,0.743542,6,P13,P6,P14,P7,P15,P8,P15,P11,P15,P12,P15,P13,P6,P14,P7,P15,P8,P15,P10,P15
grating,315,1.30,P0|P1|P2|P3|P4|P5|P6|P7|P8|P9|P10|P11|P12|P13|P14|P15,0.743542,7,P6,P14,P7,P15,P8,P15,P11,P15,P12,P15,P13,P6,P14,P7,P15,P8,P15,P10,P15,P12
grating,315,1.30,P0|P1|P2|P3|P4|P5|P6|P7|P8|P9|P10|P11|P12|P13|P14|P15,0.743542,8,P14,P7,P15,P8,P15,P11,P15,P12,P15,P13,P6,P14,P7,P15,P8,P15,P10,P15,P12,P15
grating,315,1.30,P0|P1|P2|P3|P4|P5|P6|P7|P8|P9|P10|P11|P12|P13|P14|P15,0.743542,9,P7,P15,P8,P15,P11,P15,P12,P15,P13,P6,P14,P7,P15,P8,P15,P10,P15,P12,P15,P13
grating,315,1.30,P0|P1|P2|P3|P4|P5|P6|P7|P8|P9|P10|P11|P12|P13|P14|P15,0.743542,10,P15,P8,P15,P11,P15,P12,P15,P13,P6,P14,P7,P15,P8,P15,P10,P15,P12,P15,P13,P5
grating,315,1.30,P0|P1|P2|P3|P4|P5|P6|P7|P8|P9|P10|P11|P12|P13|P14|P15,0.743542,11,P8,P15,P11,P15,P12,P15,P13,P6,P14,P7,P15,P8,P15,P10,P15,P12,P15,P13,P5,P14
grating,315,1.30,P0|P1|P2|P3|P4|P5|P6|P7|P8|P9|P10|P11|P12|P13|P14|P15,0.743542,12,P15,P11,P15,P12,P15,P13,P6,P14,P7,P15,P8,P15,P10,P15,P12,P15,P13,P5,P14,P7
grating,315,1.30,P0|P1|P2|P3|P4|P5|P6|P7|P8|P9|P10|P11|P12|P13|P14|P15,0.743542,13,P11,P15,P12,P15,P13,P6,P14,P7,P15,P8,P15,P10,P15,P12,P15,P13,P5,P14,P7,P15
grating,315,1.30,P0|P1|P2|P3|P4|P5|P6|P7|P8|P9|P10|P11|P12|P13|P14|P15,0.743542,14,P15,P12,P15,P13,P6,P14,P7,P15,P8,P15,P10,P15,P12,P15,P13,P5,P14,P7,P15,P8
grating,315,1.30,P0|P1|P2|P3|P4|P5|P6|P7|P8|P9|P10|P11|P12|P13|P14|P15,0.743542,15,P12,P15,P13,P6,P14,P7,P15,P8,P15,P10,P15,P12,P15,P13,P5,P14,P7,P15,P8,P15
grating,315,1.30,P0|P1|P2|P3|P4|P5|P6|P7|P8|P9|P10|P11|P12|P13|P14|P15,0.743542,16,P15,P13,P6,P14,P7,P15,P8,P15,P10,P15,P12,P15,P13,P5,P14,P7,P15,P8,P15,P10
grating,315,1.30,P0|P1|P2|P3|P4|P5|P6|P7|P8|P9|P10|P11|P12|P13|P14|P15,0.743542,17,P13,P6,P14,P7,P15,P8,P15,P10,P15,P12,P15,P13,P5,P14,P7,P15,P8,P15,P10,P15
grating,315,1.30,P0|P1|P2|P3|P4|P5|P6|P7|P8|P9|P10|P11|P12|P13|P14|P15,0.743542,18,P6,P14,P7,P15,P8,P15,P10,P15,P12,P15,P13,P5,P14,P7,P15,P8,P15,P10,P15,P11
grating,315,1.30,P0|P1|P2|P3|P4|P5|P6|P7|P8|P9|P10|P11|P12|P13|P14|P15,0.743542,19,P14,P7,P15,P8,P15,P10,P15,P12,P15,P13,P5,P14,P7,P15,P8,P15,P10,P15,P11,P15
grating,135,1.40,P0|P1|P2|P3|P4|P5|P6|P7|P8|P9|P10|P11|P12|P13|P14|P15,0.742274,0,P0,P13,P15,P13,P15,P12,P15,P12,P15,P12,P15,P12,P15,P12,P15,P12,P15,P11,P15,P11
grating,135,1.40,P0|P1|P2|P3|P4|P5|P6|P7|P8|P9|P10|P11|P12|P13|P14|P15,0.742274,1,P13,P15,P13,P15,P12,P15,P12,P15,P12,P15,P12,P15,P12,P15,P12,P15,P11,P15,P11,P15
grating,135,1.40,P0|P1|P2|P3|P4|P5|P6|P7|P8|P9|P10|P11|P12|P13|P14|P15,0.742274,2,P15,P13,P15,P12,P15,P12,P15,P12,P15,P12,P15,P12,P15,P12,P15,P11,P15,P11,P15,P11
grating,135,1.40,P0|P1|P2|P3|P4|P5|P6|P7|P8|P9|P10|P11|P12|P13|P14|P15,0.742274,3,P13,P15,P12,P15,P12,P15,P12,P15,P12,P15,P12,P15,P12,P15,P11,P15,P11,P15,P11,P15
grating,135,1.40,P0|P1|P2|P3|P4|P5|P6|P7|P8|P9|P10|P11|P12|P13|P14|P15,0.742274,4,P15,P12,P15,P12,P15,P12,P15,P12,P15,P12,P15,P12,P15,P11,P15,P11,P15,P11,P15,P11
grating,135,1.40,P0|P1|P2|P3|P4|P5|P6|P7|P8|P9|P10|P11|P12|P13|P14|P15,0.742274,5,P12,P15,P12,P15,P12,P15,P12,P15,P12,P15,P12,P15,P11,P15,P11,P15,P11,P15,P11,P15
grating,135,1.40,P0|P1|P2|P3|P4|P5|P6|P7|P8|P9|P10|P11|P12|P13|P14|P15,0.742274,6,P15,P12,P15,P12,P15,P12,P15,P12,P15,P12,P15,P11,P15,P11,P15,P11,P15,P11,P15,P11
grating,135,1.40,P0|P1|P2|P3|P4|P5|P6|P7|P8|P9|P10|P11|P12|P13|P14|P15,0.742274,7,P12,P15,P12,P15,P12,P15,P12,P15,P12,P15,P11,P15,P11,P15,P11,P15,P11,P15,P11,P15
grating,135,1.40,P0|P1|P2|P3|P4|P5|P6|P7|P8|P9|P10|P11|P12|P13|P14|P15,0.742274,8,P15,P12,P15,P12,P15,P12,P15,P12,P15,P11,P15,P11,P15,P11,P15,P11,P15,P11,P15,P11
grating,135,1.40,P0|P1|P2|P3|P4|P5|P6|P7|P8|P9|P10|P11|P12|P13|P14|P15,0.742274,9,P12,P15,P12,P15,P12,P15,P12,P15,P11,P15,P11,P15,P11,P15,P11,P15,P11,P15,P11,P15
grating,135,1.40,P0|P1|P2|P3|P4|P5|P6|P7|P8|P9|P10|P11|P12|P13|P14|P15,0.742274,10,P15,P12,P15,P12,P15,P12,P15,P11,P15,P11,P15,P11,P15,P11,P15,P11,P15,P11,P15,P11
grating,135,1.40,P0|P1|P2|P3|P4|P5|P6|P7|P8|P9|P10|P11|P12|P13|P14|P15,0.742274,11,P12,P15,P12,P15,P12,P15,P11,P15,P11,P15,P11,P15,P11,P15,P11,P15,P11,P15,P11,P15
grating,135,1.40,P0|P1|P2|P3|P4|P5|P6|P7|P8|P9|P10|P11|P12|P13|P14|P15,0.742274,12,P15,P12,P15,P12,P15,P11,P15,P11,P15,P11,P15,P11,P15,P11,P15,P11,P15,P11,P15,P10
grating,135,1.40,P0|P1|P2|P3|P4|P5|P6|P7|P8|P9|P10|P11|P12|P13|P14|P15,0.742274,13,P12,P15,P12,P15,P11,P15,P11,P15,P11,P15,P11,P15,P11,P15,P11,P15,P11,P15,P10,P15
grating,135,1.40,P0|P1|P2|P3|P4|P5|P6|P7|P8|P9|P10|P11|P12|P13|P14|P15,0.742274,14,P15,P12,P15,P11,P15,P11,P15,P11,P15,P11,P15,P11,P15,P11,P15,P11,P15,P10,P15,P10
grating,135,1.40,P0|P1|P2|P3|P4|P5|P6|P7|P8|P9|P10|P11|P12|P13|P14|P15,0.742274,15,P12,P15,P11,P15,P11,P15,P11,P15,P11,P15,P11,P15,P11,P15,P11,P15,P10,P15,P10,P15
grating,135,1.40,P0|P1|P2|P3|P4|P5|P6|P7|P8|P9|P10|P11|P12|P13|P14|P15,0.742274,16,P15,P11,P15,P11,P15,P11,P15,P11,P15,P11,P15,P11,P15,P11,P15,P10,P15,P10,P15,P10
grating,135,1.40,P0|P1|P2|P3|P4|P5|P6|P7|P8|P9|P10|P11|P12|P13|P14|P15,0.742274,17,P11,P15,P11,P15,P11,P15,P11,P15,P11,P15,P11,P15,P11,P15,P10,P15,P10,P15,P10,P15
grating,135,1.40,P0|P1|P2|P3|P4|P5|P6|P7|P8|P9|P10|P11|P12|P13|P14|P15,0.742274,18,P15,P11,P15,P11,P15,P11,P15,P11,P15,P11,P15,P11,P15,P10,P15,P10,P15,P10,P15,P10
grating,135,1.40,P0|P1|P2|P3|P4|P5|P6|P7|P8|P9|P10|P11|P12|P13|P14|P15,0.742274,19,P11,P15,P11,P15,P11,P15,P11,P15,P11,P15,P11,P15,P10,P15,P10,P15,P10,P15,P10,P15
grating,315,1.40,P0|P1|P2|P3|P4|P5|P6|P7|P8|P9|P10|P11|P12|P13|P14|P15,0.742274,0,P4,P14,P5,P14,P5,P14,P6,P14,P6,P14,P6,P14,P6,P14,P7,P14,P7,P14,P7,P14
grating,315,1.40,P0|P1|P2|P3|P4|P5|P6|P7|P8|P9|P10|P11|P12|P13|P14|P15,0.742274,1,P14,P5,P14,P5,P14,P6,P14,P6,P14,P6,P14,P6,P14,P7,P14,P7,P14,P7,P14,P7
grating,315,1.40,P0|P1|P2|P3|P4|P5|P6|P7|P8|P9|P10|P11|P12|P13|P14|P15,0.742274,2,P5,P14,P5,P14,P6,P14,P6,P14,P6,P14,P6,P14,P7,P14,P7,P14,P7,P14,P7,P15
grating,315,1.40,P0|P1|P2|P3|P4|P5|P6|P7|P8|P9|P10|P11|P12|P13|P14|P15,0.742274,3,P14,P5,P14,P6,P14,P6,P14,P6,P14,P6,P14,P7,P14,P7,P14,P7,P14,P7,P15,P7
grating,315,1.40,P0|P1|P2|P3|P4|P5|P6|P7|P8|P9|P10|P11|P12|P13|P14|P15,0.742274,4,P5,P14,P6,P14,P6,P14,P6,P14,P6,P14,P7,P14,P7,P14,P7,P14,P7,P15,P7,P15
grating,315,1.40,P0|P1|P2|P3|P4|P5|P6|P7|P8|P9|P10|P11|P12|P13|P14|P15,0.742274,5,P14,P6,P14,P6,P14,P6,P14,P6,P14,P7,P14,P7,P14,P7,P14,P7,P15,P7,P15,P7
grating,315,1.40,P0|P1|P2|P3|P4|P5|P6|P7|P8|P9|P10|P11|P12|P13|P14|P15,0.742274,6,P6,P14,P6,P14,P6,P14,P6,P14,P7,P14,P7,P14,P7,P14,P7,P15,P7,P15,P7,P15
grating,315,1.40,P0|P1|P2|P3|P4|P5|P6|P7|P8|P9|P10|P11|P12|P13|P14|P15,0.742274,7,P14,P6,P14,P6,P14,P6,P14,P7,P14,P7,P14,P7,P14,P7,P15,P7,P15,P7,P15,P7
grating,315,1.40,P0|P1|P2|P3|P4|P5|P6|P7|P8|P9|P10|P11|P12|P13|P14|P15,0.742274,8,P6,P14,P6,P14,P6,P14,P7,P14,P7,P14,P7,P14,P7,P15,P7,P15,P7,P15,P7,P15
grating,315,1.40,P0|P1|P2|P3|P4|P5|P6|P7|P8|P9|P10|P11|P12|P13|P14|P15,0.742274,9,P14,P6,P14,P6,P14,P7,P14,P7,P14,P7,P14,P7,P15,P7,P15,P7,P15,P7,P15,P7
grating,315,1.40,P0|P1|P2|P3|P4|P5|P6|P7|P8|P9|P10|P11|P12|P13|P14|P15,0.742274,10,P6,P14,P6,P14,P7,P14,P7,P14,P7,P14,P7,P15,P7,P15,P7,P15,P7,P15,P7,P15
grating,315,1.40,P0|P1|P2|P3|P4|P5|P6|P7|P8|P9|P10|P11|P12|P13|P14|P15,0.742274,11,P14,P6,P14,P7,P14,P7,P14,P7,P14,P7,P15,P7,P15,P7,P15,P7,P15,P7,P15,P8
grating,315,1.40,P0|P1|P2|P3|P4|P5|P6|P7|P8|P9|P10|P11|P12|P13|P14|P15,0.742274,12,P6,P14,P7,P14,P7,P14,P7,P14,P7,P15,P7,P15,P7,P15,P7,P15,P7,P15,P8,P15
grating,315,1.40,P0|P1|P2|P3|P4|P5|P6|P7|P8|P9|P10|P11|P12|P13|P14|P15,0.742274,13,P14,P7,P14,P7,P14,P7,P14,P7,P15,P7,P15,P7,P15,P7,P15,P7,P15,P8,P15,P8
grating,315,1.40,P0|P1|P2|P3|P4|P5|P6|P7|P8|P9|P10|P11|P12|P13|P14|P15,0.742274,14,P7,P14,P7,P14,P7,P14,P7,P15,P7,P15,P7,P15,P7,P15,P7,P15,P8,P15,P8,P15
grating,315,1.40,P0|P1|P2|P3|P4|P5|P6|P7|P8|P9|P10|P11|P12|P13|P14|P15,0.742274,15,P14,P7,P14,P7,P14,P7,P15,P7,P15,P7,P15,P7,P15,P7,P15,P8,P15,P8,P15,P8
grating,315,1.40,P0|P1|P2|P3|P4|P5|P6|P7|P8|P9|P10|P11|P12|P13|P14|P15,0.742274,16,P7,P14,P7,P14,P7,P15,P7,P15,P7,P15,P7,P15,P7,P15,P8,P15,P8,P15,P8,P15
grating,315,1.40,P0|P1|P2|P3|P4|P5|P6|P7|P8|P9|P10|P11|P12|P13|P14|P15,0.742274,17,P14,P7,P14,P7,P15,P7,P15,P7,P15,P7,P15,P7,P15,P8,P15,P8,P15,P8,P15,P8
grating,315,1.40,P0|P1|P2|P3|P4|P5|P6|P7|P8|P9|P10|P11|P12|P13|P14|P15,0.742274,18,P7,P14,P7,P15,P7,P15,P7,P15,P7,P15,P7,P15,P8,P15,P8,P15,P8,P15,P8,P15
grating,315,1.40,P0|P1|P2|P3|P4|P5|P6|P7|P8|P9|P10|P11|P12|P13|P14|P15,0.742274,19,P14,P7,P15,P7,P15,P7,P15,P7,P15,P7,P15,P8,P15,P8,P15,P8,P15,P8,P15,P8
grating,135,1.50,P0|P1|P2|P3|P4|P5|P6|P7|P8|P9|P10|P11|P12|P13|P14|P15,0.743237,0,P0,P13,P4,P14,P6,P14,P7,P15,P8,P15,P9,P15,P10,P15,P11,P15,P12,P15,P13,P3
grating,135,1.50,P0|P1|P2|P3|P4|P5|P6|P7|P8|P9|P10|P11|P12|P13|P14|P15,0.743237,1,P13,P4,P14,P6,P14,P7,P15,P8,P15,P9,P15,P10,P15,P11,P15,P12,P15,P13,P3,P14
grating,135,1.50,P0|P1|P2|P3|P4|P5|P6|P7|P8|P9|P10|P11|P12|P13|P14|P15,0.743237,2,P4,P14,P6,P14,P7,P15,P8,P15,P9,P15,P10,P15,P11,P15,P12,P15,P13,P3,P14,P6
grating,135,1.50,P0|P1|P2|P3|P4|P5|P6|P7|P8|P9|P10|P11|P12|P13|P14|P15,0.743237,3,P14,P6,P14,P7,P15,P8,P15,P9,P15,P10,P15,P11,P15,P12,P15,P13,P3,P14,P6,P14
grating,135,1.50,P0|P1|P2|P3|P4|P5|P6|P7|P8|P9|P10|P11|P12|P13|P14|P15,0.743237,4,P6,P14,P7,P15,P8,P15,P9,P15,P10,P15,P11,P15,P12,P15,P13,P3,P14,P6,P14,P7
grating,135,1.50,P0|P1|P2|P3|P4|P5|P6|P7|P8|P9|P10|P11|P12|P13|P14|P15,0.743237,5,P14,P7,P15,P8,P15,P9,P15,P10,P15,P11,P15,P12,P15,P13,P3,P14,P6,P14,P7,P15
grating,135,1.50,P0|P1|P2|P3|P4|P5|P6|P7|P8|P9|P10|P11|P12|P13|P14|P15,0.743237,6,P7,P15,P8,P15,P9,P15,P10,P15,P11,P15,P12,P15,P13,P3,P14,P6,P14,P7,P15,P8
grating,135,1.50,P0|P1|P2|P3|P4|P5|P6|P7|P8|P9|P10|P11|P12|P13|P14|P15,0.743237,7,P15,P8,P15,P9,P15,P10,P15,P11,P15,P12,P15,P13,P3,P14,P6,P14,P7,P15,P8,P15
grating,135,1.50,P0|P1|P2|P3|P4|P5|P6|P7|P8|P9|P10|P11|P12|P13|P14|P15,0.743237,8,P8,P15,P9,P15,P10,P15,P11,P15,P12,P15,P13,P3,P14,P6,P14,P7,P15,P8,P15,P8
grating,135,1.50,P0|P1|P2|P3|P4|P5|P6|P7|P8|P9|P10|P11|P12|P13|P14|P15,0.743237,9,P15,P9,P15,P10,P15,P11,P15,P12,P15,P13,P3,P14,P6,P14,P7,P15,P8,P15,P8,P15
grating,135,1.50,P0|P1|P2|P3|P4|P5|P6|P7|P8|P9|P10|P11|P12|P13|P14|P15,0.743237,10,P9,P15,P10,P15,P11,P15,P12,P15,P13,P3,P14,P6,P14,P7,P15,P8,P15,P8,P15,P10
grating,135,1.50,P0|P1|P2|P3|P4|P5|P6|P7|P8|P9|P10|P11|P12|P13|P14|P15,0.743237,11,P15,P10,P15,P11,P15,P12,P15,P13,P3,P14,P6,P14,P7,P15,P8,P15,P8,P15,P10,P15
grating,135,1.50,P0|P1|P2|P3|P4|P5|P6|P7|P8|P9|P10|P11|P12|P13|P14|P15,0.743237,12,P10,P15,P11,P15,P12,P15,P13,P3,P14,P6,P14,P7,P15,P8,P15,P8,P15,P10,P15,P11
grating,135,1.50,P0|P1|P2|P3|P4|P5|P6|P7|P8|P9|P10|P11|P12|P13|P14|P15,0.743237,13,P15,P11,P15,P12,P15,P13,P3,P14,P6,P14,P7,P15,P8,P15,P8,P15,P10,P15,P11,P15
grating,135,1.50,P0|P1|P2|P3|P4|P5|P6|P7|P8|P9|P10|P11|P12|P13|P14|P15,0.743237,14,P11,P15,P12,P15,P13,P3,P14,P6,P14,P7,P15,P8,P15,P8,P15,P10,P15,P11,P15,P12
grating,135,1.50,P0|P1|P2|P3|P4|P5|P6|P7|P8|P9|P10|P11|P12|P13|P14|P15,0.743237,15,P15,P12,P15,P13,P3,P14,P6,P14,P7,P15,P8,P15,P8,P15,P10,P15,P11,P15,P12,P15
grating,135,1.50,P0|P1|P2|P3|P4|P5|P6|P7|P8|P9|P10|P11|P12|P13|P14|P15,0.743237,16,P12,P15,P13,P3,P14,P6,P14,P7,P15,P8,P15,P8,P15,P10,P15,P11,P15,P12,P15,P13
grating,135,1.50,P0|P1|P2|P3|P4|P5|P6|P7|P8|P9|P10|P11|P12|P13|P14|P15,0.743237,17,P15,P13,P3,P14,P6,P14,P7,P15,P8,P15,P8,P15,P10,P15,P11,P15,P12,P15,P13,P2
grating,135,1.50,P0|P1|P2|P3|P4|P5|P6|P7|P8|P9|P10|P11|P12|P13|P14|P15,0.743237,18,P13,P3,P14,P6,P14,P7,P15,P8,P15,P8,P15,P10,P15,P11,P15,P12,P15,P13,P2,P14
grating,135,1.50,P0|P1|P2|P3|P4|P5|P6|P7|P8|P9|P10|P11|P12|P13|P14|P15,0.743237,19,P3,P14,P6,P14,P7,P15,P8,P15,P8,P15,P10,P15,P11,P15,P12,P15,P13,P2,P14,P6
grating,315,1.50,P0|P1|P2|P3|P4|P5|P6|P7|P8|P9|P10|P11|P12|P13|P14|P15,0.743237,0,P14,P7,P14,P5,P13,P0,P12,P15,P12,P15,P11,P15,P10,P15,P8,P15,P7,P15,P7,P14
grating,315,1.50,P0|P1|P2|P3|P4|P5|P6|P7|P8|P9|P10|P11|P12|P13|P14|P15,0.743237,1,P7,P14,P5,P13,P0,P12,P15,P12,P15,P11,P15,P10,P15,P8,P15,P7,P15,P7,P14,P6
grating,315,1.50,P0|P1|P2|P3|P4|P5|P6|P7|P8|P9|P10|P11|P12|P13|P14|P15,0.743237,2,P14,P5,P13,P0,P12,P15,P12,P15,P11,P15,P10,P15,P8,P15,P7,P15,P7,P14,P6,P13
grating,315,1.50,P0|P1|P2|P3|P4|P5|P6|P7|P8|P9|P10|P11|P12|P13|P14|P15,0.743237,3,P5,P13,P0,P12,P15,P12,P15,P11,P15,P10,P15,P8,P15,P7,P15,P7,P14,P6,P13,P2
grating,315,1.50,P0|P1|P2|P3|P4|P5|P6|P7|P8|P9|P10|P11|P12|P13|P14|P15,0.743237,4,P13,P0,P12,P15,P12,P15,P11,P15,P10,P15,P8,P15,P7,P15,P7,P14,P6,P13,P2,P13
grating,315,1.50,P0|P1|P2|P3|P4|P5|P6|P7|P8|P9|P10|P11|P12|P13|P14|P15,0.743237,5,P0,P12,P15,P12,P15,P11,P15,P10,P15,P8,P15,P7,P15,P7,P14,P6,P13,P2,P13,P15
grating,315,1.50,P0|P1|P2|P3|P4|P5|P6|P7|P8|P9|P10|P11|P12|P13|P14|P15,0.743237,6,P12,P15,P12,P15,P11,P15,P10,P15,P8,P15,P7,P15,P7,P14,P6,P13,P2,P13,P15,P12
grating,315,1.50,P0|P1|P2|P3|P4|P5|P6|P7|P8|P9|P10|P11|P12|P13|P14|P15,0.743237,7,P15,P12,P15,P11,P15,P10,P15,P8,P15,P7,P15,P7,P14,P6,P13,P2,P13,P15,P12,P15
grating,315,1.50,P0|P1|P2|P3|P4|P5|P6|P7|P8|P9|P10|P11|P12|P13|P14|P15,0.743237,8,P12,P15,P11,P15,P10,P15,P8,P15,P7,P15,P7,P14,P6,P13,P2,P13,P15,P12,P15,P11
grating,315,1.50,P0|P1|P2|P3|P4|P5|P6|P7|P8|P9|P10|P11|P12|P13|P14|P15,0.743237,9,P15,P11,P15,P10,P15,P8,P15,P7,P15,P7,P14,P6,P13,P2,P13,P15,P12,P15,P11,P15
grating,315,1.50,P0|P1|P2|P3|P4|P5|P6|P7|P8|P9|P10|P11|P12|P13|P14|P15,0.743237,10,P11,P15,P10,P15,P8,P15,P7,P15,P7,P14,P6,P13,P2,P13,P15,P12,P15,P11,P15,P10
grating,315,1.50,P0|P1|P2|P3|P4|P5|P6|P7|P8|P9|P10|P11|P12|P13|P14|P15,0.743237,11,P15,P10,P15,P8,P15,P7,P15,P7,P14,P6,P13,P2,P13,P15,P12,P15,P11,P15,P10,P15
grating,315,1.50,P0|P1|P2|P3|P4|P5|P6|P7|P8|P9|P10|P11|P12|P13|P14|P15,0.743237,12,P10,P15,P8,P15,P7,P15,P7,P14,P6,P13,P2,P13,P15,P12,P15,P11,P15,P10,P15,P8
grating,315,1.50,P0|P1|P2|P3|P4|P5|P6|P7|P8|P9|P10|P11|P12|P13|P14|P15,0.743237,13,P15,P8,P15,P7,P15,P7,P14,P6,P13,P2,P13,P15,P12,P15,P11,P15,P10,P15,P8,P15
grating,315,1.50,P0|P1|P2|P3|P4|P5|P6|P7|P8|P9|P10|P11|P12|P13|P14|P15,0.743237,14,P8,P15,P7,P15,P7,P14,P6,P13,P2,P13,P15,P12,P15,P11,P15,P10,P15,P8,P15,P8
grating,315,1.50,P0|P1|P2|P3|P4|P5|P6|P7|P8|P9|P10|P11|P12|P13|P14|P15,0.743237,15,P15,P7,P15,P7,P14,P6,P13,P2,P13,P15,P12,P15,P11,P15,P10,P15,P8,P15,P8,P15
grating,315,1.50,P0|P1|P2|P3|P4|P5|P6|P7|P8|P9|P10|P11|P12|P13|P14|P15,0.743237,16,P7,P15,P7,P14,P6,P13,P2,P13,P15,P12,P15,P11,P15,P10,P15,P8,P15,P8,P15,P7
grating,315,1.50,P0|P1|P2|P3|P4|P5|P6|P7|P8|P9|P10|P11|P12|P13|P14|P15,0.743237,17,P15,P7,P14,P6,P13,P2,P13,P15,P12,P15,P11,P15,P10,P15,P8,P15,P8,P15,P7,P14
grating,315,1.50,P0|P1|P2|P3|P4|P5|P6|P7|P8|P9|P10|P11|P12|P13|P14|P15,0.743237,18,P7,P14,P6,P13,P2,P13,P15,P12,P15,P11,P15,P10,P15,P8,P15,P8,P15,P7,P14,P6
grating,315,1.50,P0|P1|P2|P3|P4|P5|P6|P7|P8|P9|P10|P11|P12|P13|P14|P15,0.743237,19,P14,P6,P13,P2,P13,P15,P12,P15,P11,P15,P10,P15,P8,P15,P8,P15,P7,P14,P6,P14
grating,135,1.60,P0|P1|P2|P3|P4|P5|P6|P7|P8|P9|P10|P11|P12|P13|P14|P15,0.743314,0,P0,P14,P6,P15,P8,P15,P10,P15,P12,P2,P14,P7,P15,P8,P15,P11,P15,P13,P3,P14
grating,135,1.60,P0|P1|P2|P3|P4|P5|P6|P7|P8|P9|P10|P11|P12|P13|P14|P15,0.743314,1,P14,P6,P15,P8,P15,P10,P15,P12,P2,P14,P7,P15,P8,P15,P11,P15,P13,P3,P14,P7
grating,135,1.60,P0|P1|P2|P3|P4|P5|P6|P7|P8|P9|P10|P11|P12|P13|P14|P15,0.743314,2,P6,P15,P8,P15,P10,P15,P12,P2,P14,P7,P15,P8,P15,P11,P15,P13,P3,P14,P7,P15
grating,135,1.60,P0|P1|P2|P3|P4|P5|P6|P7|P8|P9|P10|P11|P12|P13|P14|P15,0.743314,3,P15,P8,P15,P10,P15,P12,P2,P14,P7,P15,P8,P15,P11,P15,P13,P3,P14,P7,P15,P9
grating,135,1.60,P0|P1|P2|P3|P4|P5|P6|P7|P8|P9|P10|P11|P12|P13|P14|P15,0.743314,4,P8,P15,P10,P15,P12,P2,P14,P7,P15,P8,P15,P11,P15,P13,P3,P14,P7,P15,P9,P15
grating,135,1.60,P0|P1|P2|P3|P4|P5|P6|P7|P8|P9|P10|P11|P12|P13|P14|P15,0.743314,5,P15,P10,P15,P12,P2,P14,P7,P15,P8,P15,P11,P15,P13,P3,P14,P7,P15,P9,P15,P11
grating,135,1.60,P0|P1|P2|P3|P4|P5|P6|P7|P8|P9|P10|P11|P12|P13|P14|P15,0.743314,6,P10,P15,P12,P2,P14,P7,P15,P8,P15,P11,P15,P13,P3,P14,P7,P15,P9,P15,P11,P15
grating,135,1.60,P0|P1|P2|P3|P4|P5|P6|P7|P8|P9|P10|P11|P12|P13|P14|P15,0.743314,7,P15,P12,P2,P14,P7,P15,P8,P15,P11,P15,P13,P3,P14,P7,P15,P9,P15,P11,P15,P13
grating,135,1.60,P0|P1|P2|P3|P4|P5|P6|P7|P8|P9|P10|P11|P12|P13|P14|P15,0.743314,8,P12,P2,P14,P7,P15,P8,P15,P11,P15,P13,P3,P14,P7,P15,P9,P15,P11,P15,P13,P5
grating,135,1.60,P0|P1|P2|P3|P4|P5|P6|P7|P8|P9|P10|P11|P12|P13|P14|P15,0.743314,9,P2,P14,P7,P15,P8,P15,P11,P15,P13,P3,P14,P7,P15,P9,P15,P11,P15,P13,P5,P14
grating,135,1.60,P0|P1|P2|P3|P4|P5|P6|P7|P8|P9|P10|P11|P12|P13|P14|P15,0.743314,10,P14,P7,P15,P8,P15,P11,P15,P13,P3,P14,P7,P15,P9,P15,P11,P15,P13,P5,P14,P7
grating,135,1.60,P0|P1|P2|P3|P4|P5|P6|P7|P8|P9|P10|P11|P12|P13|P14|P15,0.743314,11,P7,P15,P8,P15,P11,P15,P13,P3,P14,P7,P15,P9,P15,P11,P15,P13,P5,P14,P7,P15
grating,135,1.60,P0|P1|P2|P3|P4|P5|P6|P7|P8|P9|P10|P11|P12|P13|P14|P15,0.743314,12,P15,P8,P15,P11,P15,P13,P3,P14,P7,P15,P9,P15,P11,P15,P13,P5,P14,P7,P15,P9
grating,135,1.60,P0|P1|P2|P3|P4|P5|P6|P7|P8|P9|P10|P11|P12|P13|P14|P15,0.743314,13,P8,P15,P11,P15,P13,P3,P14,P7,P15,P9,P15,P11,P15,P13,P5,P14,P7,P15,P9,P15
grating,135,1.60,P0|P1|P2|P3|P4|P5|P6|P7|P8|P9|P10|P11|P12|P13|P14|P15,0.743314,14,P15,P11,P15,P13,P3,P14,P7,P15,P9,P15,P11,P15,P13,P5,P14,P7,P15,P9,P15,P11
grating,135,1.60,P0|P1|P2|P3|P4|P5|P6|P7|P8|P9|P10|P11|P12|P13|P14|P15,0.743314,15,P11,P15,P13,P3,P14,P7,P15,P9,P15,P11,P15,P13,P5,P14,P7,P15,P9,P15,P11,P15
grating,135,1.60,P0|P1|P2|P3|P4|P5|P6|P7|P8|P9|P10|P11|P12|P13|P14|P15,0.743314,16,P15,P13,P3,P14,P7,P15,P9,P15,P11,P15,P13,P5,P14,P7,P15,P9,P15,P11,P15,P13
grating,135,1.60,P0|P1|P2|P3|P4|P5|P6|P7|P8|P9|P10|P11|P12|P13|P14|P15,0.743314,17,P13,P3,P14,P7,P15,P9,P15,P11,P15,P13,P5,P14,P7,P15,P9,P15,P11,P15,P13,P6
grating,135,1.60,P0|P1|P2|P3|P4|P5|P6|P7|P8|P9|P10|P11|P12|P13|P14|P15,0.743314,18,P3,P14,P7,P15,P9,P15,P11,P15,P13,P5,P14,P7,P15,P9,P15,P11,P15,P13,P6,P14
grating,135,1.60,P0|P1|P2|P3|P4|P5|P6|P7|P8|P9|P10|P11|P12|P13|P14|P15,0.743314,19,P14,P7,P15,P9,P15,P11,P15,P13,P5,P14,P7,P15,P9,P15,P11,P15,P13,P6,P14,P8
grating,315,1.60,P0|P1|P2|P3|P4|P5|P6|P7|P8|P9|P10|P11|P12|P13|P14|P15,0.743314,0,P7,P14,P4,P13,P15,P11,P15,P8,P15,P7,P14,P3,P12,P15,P11,P15,P8,P15,P7,P14
grating,315,1.60,P0|P1|P2|P3|P4|P5|P6|P7|P8|P9|P10|P11|P12|P13|P14|P15,0.743314,1,P14,P4,P13,P15,P11,P15,P8,P15,P7,P14,P3,P12,P15,P11,P15,P8,P15,P7,P14,P0
grating,315,1.60,P0|P1|P2|P3|P4|P5|P6|P7|P8|P9|P10|P11|P12|P13|P14|P15,0.743314,2,P4,P13,P15,P11,P15,P8,P15,P7,P14,P3,P12,P15,P11,P15,P8,P15,P7,P14,P0,P12
grating,315,1.60,P0|P1|P2|P3|P4|P5|P6|P7|P8|P9|P10|P11|P12|P13|P14|P15,0.743314,3,P13,P15,P11,P15,P8,P15,P7,P14,P3,P12,P15,P11,P15,P8,P15,P7,P14,P0,P12,P15
grating,315,1.60,P0|P1|P2|P3|P4|P5|P6|P7|P8|P9|P10|P11|P12|P13|P14|P15,0.743314,4,P15,P11,P15,P8,P15,P7,P14,P3,P12,P15,P11,P15,P8,P15,P7,P14,P0,P12,P15,P10
grating,315,1.60,P0|P1|P2|P3|P4|P5|P6|P7|P8|P9|P10|P11|P12|P13|P14|P15,0.743314,5,P11,P15,P8,P15,P7,P14,P3,P12,P15,P11,P15,P8,P15,P7,P14,P0,P12,P15,P10,P15
grating,315,1.60,P0|P1|P2|P3|P4|P5|P6|P7|P8|P9|P10|P11|P12|P13|P14|P15,0.743314,6,P15,P8,P15,P7,P14,P3,P12,P15,P11,P15,P8,P15,P7,P14,P0,P12,P15,P10,P15,P8
grating,315,1.60,P0|P1|P2|P3|P4|P5|P6|P7|P8|P9|P10|P11|P12|P13|P14|P15,0.743314,7,P8,P15,P7,P14,P3,P12,P15,P11,P15,P8,P15,P7,P14,P0,P12,P15,P10,P15,P8,P15
grating,315,1.60,P0|P1|P2|P3|P4|P5|P6|P7|P8|P9|P10|P11|P12|P13|P14|P15,0.743314,8,P15,P7,P14,P3,P12,P15,P11,P15,P8,P15,P7,P14,P0,P12,P15,P10,P15,P8,P15,P6
grating,315,1.60,P0|P1|P2|P3|P4|P5|P6|P7|P8|P9|P10|P11|P12|P13|P14|P15,0.743314,9,P7,P14,P3,P12,P15,P11,P15,P8,P15,P7,P14,P0,P12,P15,P10,P15,P8,P15,P6,P13
grating,315,1.60,P0|P1|P2|P3|P4|P5|P6|P7|P8|P9|P10|P11|P12|P13|P14|P15,0.743314,10,P14,P3,P12,P15,P11,P15,P8,P15,P7,P14,P0,P12,P15,P10,P15,P8,P15,P6,P13,P15
grating,315,1.60,P0|P1|P2|P3|P4|P5|P6|P7|P8|P9|P10|P11|P12|P13|P14|P15,0.743314,11,P3,P12,P15,P11,P15,P8,P15,P7,P14,P0,P12,P15,P10,P15,P8,P15,P6,P13,P15,P12
grating,315,1.60,P0|P1|P2|P3|P4|P5|P6|P7|P8|P9|P10|P11|P12|P13|P14|P15,0.743314,12,P12,P15,P11,P15,P8,P15,P7,P14,P0,P12,P15,P10,P15,P8,P15,P6,P13,P15,P12,P15
grating,315,1.60,P0|P1|P2|P3|P4|P5|P6|P7|P8|P9|P10|P11|P12|P13|P14|P15,0.743314,13,P15,P11,P15,P8,P15,P7,P14,P0,P12,P15,P10,P15,P8,P15,P6,P13,P15,P12,P15,P10
grating,315,1.60,P0|P1|P2|P3|P4|P5|P6|P7|P8|P9|P10|P11|P12|P13|P14|P15,0.743314,14,P11,P15,P8,P15,P7,P14,P0,P12,P15,P10,P15,P8,P15,P6,P13,P15,P12,P15,P10,P15
grating,315,1.60,P0|P1|P2|P3|P4|P5|P6|P7|P8|P9|P10|P11|P12|P13|P14|P15,0.743314,15,P15,P8,P15,P7,P14,P0,P12,P15,P10,P15,P8,P15,P6,P13,P15,P12,P15,P10,P15,P7
grating,315,1.60,P0|P1|P2|P3|P4|P5|P6|P7|P8|P9|P10|P11|P12|P13|P14|P15,0.743314,16,P8,P15,P7,P14,P0,P12,P15,P10,P15,P8,P15,P6,P13,P15,P12,P15,P10,P15,P7,P14
grating,315,1.60,P0|P1|P2|P3|P4|P5|P6|P7|P8|P9|P10|P11|P12|P13|P14|P15,0.743314,17,P15,P7,P14,P0,P12,P15,P10,P15,P8,P15,P6,P13,P15,P12,P15,P10,P15,P7,P14,P6
grating,315,1.60,P0|P1|P2|P3|P4|P5|P6|P7|P8|P9|P10|P11|P12|P13|P14|P15,0.743314,18,P7,P14,P0,P12,P15,P10,P15,P8,P15,P6,P13,P15,P12,P15,P10,P15,P7,P14,P6,P13
grating,315,1.60,P0|P1|P2|P3|P4|P5|P6|P7|P8|P9|P10|P11|P12|P13|P14|P15,0.743314,19,P14,P0,P12,P15,P10,P15,P8,P15,P6,P13,P15,P12,P15,P10,P15,P7,P14,P6,P13,P15
grating,135,1.70,P0|P1|P2|P3|P4|P5|P6|P7|P8|P9|P10|P11|P12|P13|P14|P15,0.743073,0,P0,P14,P7,P15,P10,P15,P13,P6,P15,P8,P15,P12,P0,P14,P7,P15,P10,P15,P13,P6
grating,135,1.70,P0|P1|P2|P3|P4|P5|P6|P7|P8|P9|P10|P11|P12|P13|P14|P15,0.743073,1,P14,P7,P15,P10,P15,P13,P6,P15,P8,P15,P12,P0,P14,P7,P15,P10,P15,P13,P6,P15
grating,135,1.70,P0|P1|P2|P3|P4|P5|P6|P7|P8|P9|P10|P11|P12|P13|P14|P15,0.743073,2,P7,P15,P10,P15,P13,P6,P15,P8,P15,P12,P0,P14,P7,P15,P10,P15,P13,P6,P15,P8
grating,135,1.70,P0|P1|P2|P3|P4|P5|P6|P7|P8|P9|P10|P11|P12|P13|P14|P15,0.743073,3,P15,P10,P15,P13,P6,P15,P8,P15,P12,P0,P14,P7,P15,P10,P15,P13,P6,P15,P8,P15
grating,135,1.70,P0|P1|P2|P3|P4|P5|P6|P7|P8|P9|P10|P11|P12|P13|P14|P15,0.743073,4,P10,P15,P13,P6,P15,P8,P15,P12,P0,P14,P7,P15,P10,P15,P13,P6,P15,P8,P15,P12
grating,135,1.70,P0|P1|P2|P3|P4|P5|P6|P7|P8|P9|P10|P11|P12|P13|P14|P15,0.743073,5,P15,P13,P6,P15,P8,P15,P12,P0,P14,P7,P15,P10,P15,P13,P6,P15,P8,P15,P12,P1
grating,135,1.70,P0|P1|P2|P3|P4|P5|P6|P7|P8|P9|P10|P11|P12|P13|P14|P15,0.743073,6,P13,P6,P15,P8,P15,P12,P0,P14,P7,P15,P10,P15,P13,P6,P15,P8,P15,P12,P1,P14
grating,135,1.70,P0|P1|P2|P3|P4|P5|P6|P7|P8|P9|P10|P11|P12|P13|P14|P15,0.743073,7,P6,P15,P8,P15,P12,P0,P14,P7,P15,P10,P15,P13,P6,P15,P8,P15,P12,P1,P14,P7
grating,135,1.70,P0|P1|P2|P3|P4|P5|P6|P7|P8|P9|P10|P11|P12|P13|P14|P15,0.743073,8,P15,P8,P15,P12,P0,P14,P7,P15,P10,P15,P13,P6,P15,P8,P15,P12,P1,P14,P7,P15
grating,135,1.70,P0|P1|P2|P3|P4|P5|P6|P7|P8|P9|P10|P11|P12|P13|P14|P15,0.743073,9,P8,P15,P12,P0,P14,P7,P15,P10,P15,P13,P6,P15,P8,P15,P12,P1,P14,P7,P15,P11
grating,135,1.70,P0|P1|P2|P3|P4|P5|P6|P7|P8|P9|P10|P11|P12|P13|P14|P15,0.743073,10,P15,P12,P0,P14,P7,P15,P10,P15,P13,P6,P15,P8,P15,P12,P1,P14,P7,P15,P11,P15
grating,135,1.70,P0|P1|P2|P3|P4|P5|P6|P7|P8|P9|P10|P11|P12|P13|P14|P15,0.743073,11,P12,P0,P14,P7,P15,P10,P15,P13,P6,P15,P8,P15,P12,P1,P14,P7,P15,P11,P15,P13
grating,135,1.70,P0|P1|P2|P3|P4|P5|P6|P7|P8|P9|P10|P11|P12|P13|P14|P15,0.743073,12,P0,P14,P7,P15,P10,P15,P13,P6,P15,P8,P15,P12,P1,P14,P7,P15,P11,P15,P13,P6
grating,135,1.70,P0|P1|P2|P3|P4|P5|P6|P7|P8|P9|P10|P11|P12|P13|P14|P15,0.743073,13,P14,P7,P15,P10,P15,P13,P6,P15,P8,P15,P12,P1,P14,P7,P15,P11,P15,P13,P6,P15
grating,135,1.70,P0|P1|P2|P3|P4|P5|P6|P7|P8|P9|P10|P11|P12|P13|P14|P15,0.743073,14,P7,P15,P10,P15,P13,P6,P15,P8,P15,P12,P1,P14,P7,P15,P11,P15,P13,P6,P15,P8
grating,135,1.70,P0|P1|P2|P3|P4|P5|P6|P7|P8|P9|P10|P11|P12|P13|P14|P15,0.743073,15,P15,P10,P15,P13,P6,P15,P8,P15,P12,P1,P14,P7,P15,P11,P15,P13,P6,P15,P8,P15
grating,135,1.70,P0|P1|P2|P3|P4|P5|P6|P7|P8|P9|P10|P11|P12|P13|P14|P15,0.743073,16,P10,P15,P13,P6,P15,P8,P15,P12,P1,P14,P7,P15,P11,P15,P13,P6,P15,P8,P15,P12
grating,135,1.70,P0|P1|P2|P3|P4|P5|P6|P7|P8|P9|P10|P11|P12|P13|P14|P15,0.743073,17,P15,P13,P6,P15,P8,P15,P12,P1,P14,P7,P15,P11,P15,P13,P6,P15,P8,P15,P12,P2
grating,135,1.70,P0|P1|P2|P3|P4|P5|P6|P7|P8|P9|P10|P11|P12|P13|P14|P15,0.743073,18,P13,P6,P15,P8,P15,P12,P1,P14,P7,P15,P11,P15,P13,P6,P15,P8,P15,P12,P2,P14
grating,135,1.70,P0|P1|P2|P3|P4|P5|P6|P7|P8|P9|P10|P11|P12|P13|P14|P15,0.743073,19,P6,P15,P8,P15,P12,P1,P14,P7,P15,P11,P15,P13,P6,P15,P8,P15,P12,P2,P14,P7
grating,315,1.70,P0|P1|P2|P3|P4|P5|P6|P7|P8|P9|P10|P11|P12|P13|P14|P15,0.743073,0,P8,P14,P4,P12,P15,P9,P15,P7,P13,P15,P11,P15,P8,P14,P3,P12,P15,P9,P15,P7
grating,315,1.70,P0|P1|P2|P3|P4|P5|P6|P7|P8|P9|P10|P11|P12|P13|P14|P15,0.743073,1,P14,P4,P12,P15,P9,P15,P7,P13,P15,P11,P15,P8,P14,P3,P12,P15,P9,P15,P7,P13
grating,315,1.70,P0|P1|P2|P3|P4|P5|P6|P7|P8|P9|P10|P11|P12|P13|P14|P15,0.743073,2,P4,P12,P15,P9,P15,P7,P13,P15,P11,P15,P8,P14,P3,P12,P15,P9,P15,P7,P13,P15
grating,315,1.70,P0|P1|P2|P3|P4|P5|P6|P7|P8|P9|P10|P11|P12|P13|P14|P15,0.743073,3,P12,P15,P9,P15,P7,P13,P15,P11,P15,P8,P14,P3,P12,P15,P9,P15,P7,P13,P15,P11
grating,315,1.70,P0|P1|P2|P3|P4|P5|P6|P7|P8|P9|P10|P11|P12|P13|P14|P15,0.743073,4,P15,P9,P15,P7,P13,P15,P11,P15,P8,P14,P3,P12,P15,P9,P15,P7,P13,P15,P11,P15
grating,315,1.70,P0|P1|P2|P3|P4|P5|P6|P7|P8|P9|P10|P11|P12|P13|P14|P15,0.743073,5,P9,P15,P7,P13,P15,P11,P15,P8,P14,P3,P12,P15,P9,P15,P7,P13,P15,P11,P15,P8
grating,315,1.70,P0|P1|P2|P3|P4|P5|P6|P7|P8|P9|P10|P11|P12|P13|P14|P15,0.743073,6,P15,P7,P13,P15,P11,P15,P8,P14,P3,P12,P15,P9,P15,P7,P13,P15,P11,P15,P8,P14
grating,315,1.70,P0|P1|P2|P3|P4|P5|P6|P7|P8|P9|P10|P11|P12|P13|P14|P15,0.743073,7,P7,P13,P15,P11,P15,P8,P14,P3,P12,P15,P9,P15,P7,P13,P15,P11,P15,P8,P14,P3
grating,315,1.70,P0|P1|P2|P3|P4|P5|P6|P7|P8|P9|P10|P11|P12|P13|P14|P15,0.743073,8,P13,P15,P11,P15,P8,P14,P3,P12,P15,P9,P15,P7,P13,P15,P11,P15,P8,P14,P3,P12
grating,315,1.70,P0|P1|P2|P3|P4|P5|P6|P7|P8|P9|P10|P11|P12|P13|P14|P15,0.743073,9,P15,P11,P15,P8,P14,P3,P12,P15,P9,P15,P7,P13,P15,P11,P15,P8,P14,P3,P12,P15
grating,315,1.70,P0|P1|P2|P3|P4|P5|P6|P7|P8|P9|P10|P11|P12|P13|P14|P15,0.743073,10,P11,P15,P8,P14,P3,P12,P15,P9,P15,P7,P13,P15,P11,P15,P8,P14,P3,P12,P15,P9
grating,315,1.70,P0|P1|P2|P3|P4|P5|P6|P7|P8|P9|P10|P11|P12|P13|P14|P15,0.743073,11,P15,P8,P14,P3,P12,P15,P9,P15,P7,P13,P15,P11,P15,P8,P14,P3,P12,P15,P9,P15
grating,315,1.70,P0|P1|P2|P3|P4|P5|P6|P7|P8|P9|P10|P11|P12|P13|P14|P15,0.743073,12,P8,P14,P3,P12,P15,P9,P15,P7,P13,P15,P11,P15,P8,P14,P3,P12,P15,P9,P15,P6
grating,315,1.70,P0|P1|P2|P3|P4|P5|P6|P7|P8|P9|P10|P11|P12|P13|P14|P15,0.743073,13,P14,P3,P12,P15,P9,P15,P7,P13,P15,P11,P15,P8,P14,P3,P12,P15,P9,P15,P6,P13
grating,315,1.70,P0|P1|P2|P3|P4|P5|P6|P7|P8|P9|P10|P11|P12|P13|P14|P15,0.743073,14,P3,P12,P15,P9,P15,P7,P13,P15,P11,P15,P8,P14,P3,P12,P15,P9,P15,P6,P13,P15
grating,315,1.70,P0|P1|P2|P3|P4|P5|P6|P7|P8|P9|P10|P11|P12|P13|P14|P15,0.743073,15,P12,P15,P9,P15,P7,P13,P15,P11,P15,P8,P14,P3,P12,P15,P9,P15,P6,P13,P15,P11
grating,315,1.70,P0|P1|P2|P3|P4|P5|P6|P7|P8|P9|P10|P11|P12|P13|P14|P15,0.743073,16,P15,P9,P15,P7,P13,P15,P11,P15,P8,P14,P3,P12,P15,P9,P15,P6,P13,P15,P11,P15
grating,315,1.70,P0|P1|P2|P3|P4|P5|P6|P7|P8|P9|P10|P11|P12|P13|P14|P15,0.743073,17,P9,P15,P7,P13,P15,P11,P15,P8,P14,P3,P12,P15,P9,P15,P6,P13,P15,P11,P15,P7
grating,315,1.70,P0|P1|P2|P3|P4|P5|P6|P7|P8|P9|P10|P11|P12|P13|P14|P15,0.743073,18,P15,P7,P13,P15,P11,P15,P8,P14,P3,P12,P15,P9,P15,P6,P13,P15,P11,P15,P7,P14
grating,315,1.70,P0|P1|P2|P3|P4|P5|P6|P7|P8|P9|P10|P11|P12|P13|P14|P15,0.743073,19,P7,P13,P15,P11,P15,P8,P14,P3,P12,P15,P9,P15,P6,P13,P15,P11,P15,P7,P14,P2
grating,135,1.80,P0|P1|P2|P3|P4|P5|P6|P7|P8|P9|P10|P11|P12|P13|P14|P15,0.741348,0,P0,P14,P8,P15,P12,P3,P14,P8,P15,P12,P5,P15,P9,P15,P13,P6,P15,P10,P15,P13
grating,135,1.80,P0|P1|P2|P3|P4|P5|P6|P7|P8|P9|P10|P11|P12|P13|P14|P15,0.741348,1,P14,P8,P15,P12,P3,P14,P8,P15,P12,P5,P15,P9,P15,P13,P6,P15,P10,P15,P13,P7
grating,135,1.80,P0|P1|P2|P3|P4|P5|P6|P7|P8|P9|P10|P11|P12|P13|P14|P15,0.741348,2,P8,P15,P12,P3,P14,P8,P15,P12,P5,P15,P9,P15,P13,P6,P15,P10,P15,P13,P7,P15
grating,135,1.80,P0|P1|P2|P3|P4|P5|P6|P7|P8|P9|P10|P11|P12|P13|P14|P15,0.741348,3,P15,P12,P3,P14,P8,P15,P12,P5,P15,P9,P15,P13,P6,P15,P10,P15,P13,P7,P15,P11
grating,135,1.80,P0|P1|P2|P3|P4|P5|P6|P7|P8|P9|P10|P11|P12|P13|P14|P15,0.741348,4,P12,P3,P14,P8,P15,P12,P5,P15,P9,P15,P13,P6,P15,P10,P15,P13,P7,P15,P11,P15
grating,135,1.80,P0|P1|P2|P3|P4|P5|P6|P7|P8|P9|P10|P11|P12|P13|P14|P15,0.741348,5,P3,P14,P8,P15,P12,P5,P15,P9,P15,P13,P6,P15,P10,P15,P13,P7,P15,P11,P15,P14
grating,135,1.80,P0|P1|P2|P3|P4|P5|P6|P7|P8|P9|P10|P11|P12|P13|P14|P15,0.741348,6,P14,P8,P15,P12,P5,P15,P9,P15,P13,P6,P15,P10,P15,P13,P7,P15,P11,P15,P14,P7
grating,135,1.80,P0|P1|P2|P3|P4|P5|P6|P7|P8|P9|P10|P11|P12|P13|P14|P15,0.741348,7,P8,P15,P12,P5,P15,P9,P15,P13,P6,P15,P10,P15,P13,P7,P15,P11,P15,P14,P7,P15
grating,135,1.80,P0|P1|P2|P3|P4|P5|P6|P7|P8|P9|P10|P11|P12|P13|P14|P15,0.741348,8,P15,P12,P5,P15,P9,P15,P13,P6,P15,P10,P15,P13,P7,P15,P11,P15,P14,P7,P15,P11
grating,135,1.80,P0|P1|P2|P3|P4|P5|P6|P7|P8|P9|P10|P11|P12|P13|P14|P15,0.741348,9,P12,P5,P15,P9,P15,P13,P6,P15,P10,P15,P13,P7,P15,P11,P15,P14,P7,P15,P11,P0
grating,135,1.80,P0|P1|P2|P3|P4|P5|P6|P7|P8|P9|P10|P11|P12|P13|P14|P15,0.741348,10,P5,P15,P9,P15,P13,P6,P15,P10,P15,P13,P7,P15,P11,P15,P14,P7,P15,P11,P0,P14
grating,135,1.80,P0|P1|P2|P3|P4|P5|P6|P7|P8|P9|P10|P11|P12|P13|P14|P15,0.741348,11,P15,P9,P15,P13,P6,P15,P10,P15,P13,P7,P15,P11,P15,P14,P7,P15,P11,P0,P14,P8
grating,135,1.80,P0|P1|P2|P3|P4|P5|P6|P7|P8|P9|P10|P11|P12|P13|P14|P15,0.741348,12,P9,P15,P13,P6,P15,P10,P15,P13,P7,P15,P11,P15,P14,P7,P15,P11,P0,P14,P8,P15
grating,135,1.80,P0|P1|P2|P3|P4|P5|P6|P7|P8|P9|P10|P11|P12|P13|P14|P15,0.741348,13,P15,P13,P6,P15,P10,P15,P13,P7,P15,P11,P15,P14,P7,P15,P11,P0,P14,P8,P15,P12
grating,135,1.80,P0|P1|P2|P3|P4|P5|P6|P7|P8|P9|P10|P11|P12|P13|P14|P15,0.741348,14,P13,P6,P15,P10,P15,P13,P7,P15,P11,P15,P14,P7,P15,P11,P0,P14,P8,P15,P12,P3
grating,135,1.80,P0|P1|P2|P3|P4|P5|P6|P7|P8|P9|P10|P11|P12|P13|P14|P15,0.741348,15,P6,P15,P10,P15,P13,P7,P15,P11,P15,P14,P7,P15,P11,P0,P14,P8,P15,P12,P3,P14
grating,135,1.80,P0|P1|P2|P3|P4|P5|P6|P7|P8|P9|P10|P11|P12|P13|P14|P15,0.741348,16,P15,P10,P15,P13,P7,P15,P11,P15,P14,P7,P15,P11,P0,P14,P8,P15,P12,P3,P14,P8
grating,135,1.80,P0|P1|P2|P3|P4|P5|P6|P7|P8|P9|P10|P11|P12|P13|P14|P15,0.741348,17,P10,P15,P13,P7,P15,P11,P15,P14,P7,P15,P11,P0,P14,P8,P15,P12,P3,P14,P8,P15
grating,135,1.80,P0|P1|P2|P3|P4|P5|P6|P7|P8|P9|P10|P11|P12|P13|P14|P15,0.741348,18,P15,P13,P7,P15,P11,P15,P14,P7,P15,P11,P0,P14,P8,P15,P12,P3,P14,P8,P15,P12
grating,135,1.80,P0|P1|P2|P3|P4|P5|P6|P7|P8|P9|P10|P11|P12|P13|P14|P15,0.741348,19,P13,P7,P15,P11,P15,P14,P7,P15,P11,P0,P14,P8,P15,P12,P3,P14,P8,P15,P12,P5
grating,315,1.80,P0|P1|P2|P3|P4|P5|P6|P7|P8|P9|P10|P11|P12|P13|P14|P15,0.741348,0,P3,P12,P15,P8,P14,P0,P11,P15,P7,P14,P15,P11,P15,P7,P13,P15,P10,P15,P6,P13
grating,315,1.80,P0|P1|P2|P3|P4|P5|P6|P7|P8|P9|P10|P11|P12|P13|P14|P15,0.741348,1,P12,P15,P8,P14,P0,P11,P15,P7,P14,P15,P11,P15,P7,P13,P15,P10,P15,P6,P13,P15
grating,315,1.80,P0|P1|P2|P3|P4|P5|P6|P7|P8|P9|P10|P11|P12|P13|P14|P15,0.741348,2,P15,P8,P14,P0,P11,P15,P7,P14,P15,P11,P15,P7,P13,P15,P10,P15,P6,P13,P15,P9
grating,315,1.80,P0|P1|P2|P3|P4|P5|P6|P7|P8|P9|P10|P11|P12|P13|P14|P15,0.741348,3,P8,P14,P0,P11,P15,P7,P14,P15,P11,P15,P7,P13,P15,P10,P15,P6,P13,P15,P9,P15
grating,315,1.80,P0|P1|P2|P3|P4|P5|P6|P7|P8|P9|P10|P11|P12|P13|P14|P15,0.741348,4,P14,P0,P11,P15,P7,P14,P15,P11,P15,P7,P13,P15,P10,P15,P6,P13,P15,P9,P15,P5
grating,315,1.80,P0|P1|P2|P3|P4|P5|P6|P7|P8|P9|P10|P11|P12|P13|P14|P15,0.741348,5,P0,P11,P15,P7,P14,P15,P11,P15,P7,P13,P15,P10,P15,P6,P13,P15,P9,P15,P5,P12
grating,315,1.80,P0|P1|P2|P3|P4|P5|P6|P7|P8|P9|P10|P11|P12|P13|P14|P15,0.741348,6,P11,P15,P7,P14,P15,P11,P15,P7,P13,P15,P10,P15,P6,P13,P15,P9,P15,P5,P12,P15
grating,315,1.80,P0|P1|P2|P3|P4|P5|P6|P7|P8|P9|P10|P11|P12|P13|P14|P15,0.741348,7,P15,P7,P14,P15,P11,P15,P7,P13,P15,P10,P15,P6,P13,P15,P9,P15,P5,P12,P15,P8
grating,315,1.80,P0|P1|P2|P3|P4|P5|P6|P7|P8|P9|P10|P11|P12|P13|P14|P15,0.741348,8,P7,P14,P15,P11,P15,P7,P13,P15,P10,P15,P6,P13,P15,P9,P15,P5,P12,P15,P8,P14
grating,315,1.80,P0|P1|P2|P3|P4|P5|P6|P7|P8|P9|P10|P11|P12|P13|P14|P15,0.741348,9,P14,P15,P11,P15,P7,P13,P15,P10,P15,P6,P13,P15,P9,P15,P5,P12,P15,P8,P14,P3
grating,315,1.80,P0|P1|P2|P3|P4|P5|P6|P7|P8|P9|P10|P11|P12|P13|P14|P15,0.741348,10,P15,P11,P15,P7,P13,P15,P10,P15,P6,P13,P15,P9,P15,P5,P12,P15,P8,P14,P3,P12
grating,315,1.80,P0|P1|P2|P3|P4|P5|P6|P7|P8|P9|P10|P11|P12|P13|P14|P15,0.741348,11,P11,P15,P7,P13,P15,P10,P15,P6,P13,P15,P9,P15,P5,P12,P15,P8,P14,P3,P12,P15
grating,315,1.80,P0|P1|P2|P3|P4|P5|P6|P7|P8|P9|P10|P11|P12|P13|P14|P15,0.741348,12,P15,P7,P13,P15,P10,P15,P6,P13,P15,P9,P15,P5,P12,P15,P8,P14,P3,P12,P15,P8
grating,315,1.80,P0|P1|P2|P3|P4|P5|P6|P7|P8|P9|P10|P11|P12|P13|P14|P15,0.741348,13,P7,P13,P15,P10,P15,P6,P13,P15,P9,P15,P5,P12,P15,P8,P14,P3,P12,P15,P8,P14
grating,315,1.80,P0|P1|P2|P3|P4|P5|P6|P7|P8|P9|P10|P11|P12|P13|P14|P15,0.741348,14,P13,P15,P10,P15,P6,P13,P15,P9,P15,P5,P12,P15,P8,P14,P3,P12,P15,P8,P14,P0
grating,315,1.80,P0|P1|P2|P3|P4|P5|P6|P7|P8|P9|P10|P11|P12|P13|P14|P15,0.741348,15,P15,P10,P15,P6,P13,P15,P9,P15,P5,P12,P15,P8,P14,P3,P12,P15,P8,P14,P0,P11
grating,315,1.80,P0|P1|P2|P3|P4|P5|P6|P7|P8|P9|P10|P11|P12|P13|P14|P15,0.741348,16,P10,P15,P6,P13,P15,P9,P15,P5,P12,P15,P8,P14,P3,P12,P15,P8,P14,P0,P11,P15
grating,315,1.80,P0|P1|P2|P3|P4|P5|P6|P7|P8|P9|P10|P11|P12|P13|P14|P15,0.741348,17,P15,P6,P13,P15,P9,P15,P5,P12,P15,P8,P14,P3,P12,P15,P8,P14,P0,P11,P15,P7
grating,315,1.80,P0|P1|P2|P3|P4|P5|P6|P7|P8|P9|P10|P11|P12|P13|P14|P15,0.741348,18,P6,P13,P15,P9,P15,P5,P12,P15,P8,P14,P3,P12,P15,P8,P14,P0,P11,P15,P7,P14
grating,315,1.80,P0|P1|P2|P3|P4|P5|P6|P7|P8|P9|P10|P11|P12|P13|P14|P15,0.741348,19,P13,P15,P9,P15,P5,P12,P15,P8,P14,P3,P12,P15,P8,P14,P0,P11,P15,P7,P14,P15
grating,135,1.90,P0|P1|P2|P3|P4|P5|P6|P7|P8|P9|P10|P11|P12|P13|P14|P15,0.743179,0,P0,P14,P8,P15,P13,P7,P15,P11,P2,P14,P9,P15,P13,P7,P15,P12,P3,P15,P9,P15
grating,135,1.90,P0|P1|P2|P3|P4|P5|P6|P7|P8|P9|P10|P11|P12|P13|P14|P15,0.743179,1,P14,P8,P15,P13,P7,P15,P11,P2,P14,P9,P15,P13,P7,P15,P12,P3,P15,P9,P15,P14
grating,135,1.90,P0|P1|P2|P3|P4|P5|P6|P7|P8|P9|P10|P11|P12|P13|P14|P15,0.743179,2,P8,P15,P13,P7,P15,P11,P2,P14,P9,P15,P13,P7,P15,P12,P3,P15,P9,P15,P14,P7
grating,135,1.90,P0|P1|P2|P3|P4|P5|P6|P7|P8|P9|P10|P11|P12|P13|P14|P15,0.743179,3,P15,P13,P7,P15,P11,P2,P14,P9,P15,P13,P7,P15,P12,P3,P15,P9,P15,P14,P7,P15
grating,135,1.90,P0|P1|P2|P3|P4|P5|P6|P7|P8|P9|P10|P11|P12|P13|P14|P15,0.743179,4,P13,P7,P15,P11,P2,P14,P9,P15,P13,P7,P15,P12,P3,P15,P9,P15,P14,P7,P15,P12
grating,135,1.90,P0|P1|P2|P3|P4|P5|P6|P7|P8|P9|P10|P11|P12|P13|P14|P15,0.743179,5,P7,P15,P11,P2,P14,P9,P15,P13,P7,P15,P12,P3,P15,P9,P15,P14,P7,P15,P12,P5
grating,135,1.90,P0|P1|P2|P3|P4|P5|P6|P7|P8|P9|P10|P11|P12|P13|P14|P15,0.743179,6,P15,P11,P2,P14,P9,P15,P13,P7,P15,P12,P3,P15,P9,P15,P14,P7,P15,P12,P5,P15
grating,135,1.90,P0|P1|P2|P3|P4|P5|P6|P7|P8|P9|P10|P11|P12|P13|P14|P15,0.743179,7,P11,P2,P14,P9,P15,P13,P7,P15,P12,P3,P15,P9,P15,P14,P7,P15,P12,P5,P15,P10
grating,135,1.90,P0|P1|P2|P3|P4|P5|P6|P7|P8|P9|P10|P11|P12|P13|P14|P15,0.743179,8,P2,P14,P9,P15,P13,P7,P15,P12,P3,P15,P9,P15,P14,P7,P15,P12,P5,P15,P10,P15
grating,135,1.90,P0|P1|P2|P3|P4|P5|P6|P7|P8|P9|P10|P11|P12|P13|P14|P15,0.743179,9,P14,P9,P15,P13,P7,P15,P12,P3,P15,P9,P15,P14,P7,P15,P12,P5,P15,P10,P15,P14
grating,135,1.90,P0|P1|P2|P3|P4|P5|P6|P7|P8|P9|P10|P11|P12|P13|P14|P15,0.743179,10,P9,P15,P13,P7,P15,P12,P3,P15,P9,P15,P14,P7,P15,P12,P5,P15,P10,P15,P14,P8
grating,135,1.90,P0|P1|P2|P3|P4|P5|P6|P7|P8|P9|P10|P11|P12|P13|P14|P15,0.743179,11,P15,P13,P7,P15,P12,P3,P15,P9,P15,P14,P7,P15,P12,P5,P15,P10,P15,P14,P8,P15
grating,135,1.90,P0|P1|P2|P3|P4|P5|P6|P7|P8|P9|P10|P11|P12|P13|P14|P15,0.743179,12,P13,P7,P15,P12,P3,P15,P9,P15,P14,P7,P15,P12,P5,P15,P10,P15,P14,P8,P15,P12
grating,135,1.90,P0|P1|P2|P3|P4|P5|P6|P7|P8|P9|P10|P11|P12|P13|P14|P15,0.743179,13,P7,P15,P12,P3,P15,P9,P15,P14,P7,P15,P12,P5,P15,P10,P15,P14,P8,P15,P12,P6
grating,135,1.90,P0|P1|P2|P3|P4|P5|P6|P7|P8|P9|P10|P11|P12|P13|P14|P15,0.743179,14,P15,P12,P3,P15,P9,P15,P14,P7,P15,P12,P5,P15,P10,P15,P14,P8,P15,P12,P6,P15
grating,135,1.90,P0|P1|P2|P3|P4|P5|P6|P7|P8|P9|P10|P11|P12|P13|P14|P15,0.743179,15,P12,P3,P15,P9,P15,P14,P7,P15,P12,P5,P15,P10,P15,P14,P8,P15,P12,P6,P15,P10
grating,135,1.90,P0|P1|P2|P3|P4|P5|P6|P7|P8|P9|P10|P11|P12|P13|P14|P15,0.743179,16,P3,P15,P9,P15,P14,P7,P15,P12,P5,P15,P10,P15,P14,P8,P15,P12,P6,P15,P10,P15
grating,135,1.90,P0|P1|P2|P3|P4|P5|P6|P7|P8|P9|P10|P11|P12|P13|P14|P15,0.743179,17,P15,P9,P15,P14,P7,P15,P12,P5,P15,P10,P15,P14,P8,P15,P12,P6,P15,P10,P15,P14
grating,135,1.90,P0|P1|P2|P3|P4|P5|P6|P7|P8|P9|P10|P11|P12|P13|P14|P15,0.743179,18,P9,P15,P14,P7,P15,P12,P5,P15,P10,P15,P14,P8,P15,P12,P6,P15,P10,P15,P14,P8
grating,135,1.90,P0|P1|P2|P3|P4|P5|P6|P7|P8|P9|P10|P11|P12|P13|P14|P15,0.743179,19,P15,P14,P7,P15,P12,P5,P15,P10,P15,P14,P8,P15,P12,P6,P15,P10,P15,P14,P8,P15
grating,315,1.90,P0|P1|P2|P3|P4|P5|P6|P7|P8|P9|P10|P11|P12|P13|P14|P15,0.743179,0,P14,P15,P11,P15,P6,P12,P15,P8,P14,P15,P10,P15,P6,P12,P15,P7,P14,P15,P10,P15
grating,315,1.90,P0|P1|P2|P3|P4|P5|P6|P7|P8|P9|P10|P11|P12|P13|P14|P15,0.743179,1,P15,P11,P15,P6,P12,P15,P8,P14,P15,P10,P15,P6,P12,P15,P7,P14,P15,P10,P15,P5
grating,315,1.90,P0|P1|P2|P3|P4|P5|P6|P7|P8|P9|P10|P11|P12|P13|P14|P15,0.743179,2,P11,P15,P6,P12,P15,P8,P14,P15,P10,P15,P6,P12,P15,P7,P14,P15,P10,P15,P5,P12
grating,315,1.90,P0|P1|P2|P3|P4|P5|P6|P7|P8|P9|P10|P11|P12|P13|P14|P15,0.743179,3,P15,P6,P12,P15,P8,P14,P15,P10,P15,P6,P12,P15,P7,P14,P15,P10,P15,P5,P12,P15
grating,315,1.90,P0|P1|P2|P3|P4|P5|P6|P7|P8|P9|P10|P11|P12|P13|P14|P15,0.743179,4,P6,P12,P15,P8,P14,P15,P10,P15,P6,P12,P15,P7,P14,P15,P10,P15,P5,P12,P15,P7
grating,315,1.90,P0|P1|P2|P3|P4|P5|P6|P7|P8|P9|P10|P11|P12|P13|P14|P15,0.743179,5,P12,P15,P8,P14,P15,P10,P15,P6,P12,P15,P7,P14,P15,P10,P15,P5,P12,P15,P7,P13
grating,315,1.90,P0|P1|P2|P3|P4|P5|P6|P7|P8|P9|P10|P11|P12|P13|P14|P15,0.743179,6,P15,P8,P14,P15,P10,P15,P6,P12,P15,P7,P14,P15,P10,P15,P5,P12,P15,P7,P13,P15
grating,315,1.90,P0|P1|P2|P3|P4|P5|P6|P7|P8|P9|P10|P11|P12|P13|P14|P15,0.743179,7,P8,P14,P15,P10,P15,P6,P12,P15,P7,P14,P15,P10,P15,P5,P12,P15,P7,P13,P15,P9
grating,315,1.90,P0|P1|P2|P3|P4|P5|P6|P7|P8|P9|P10|P11|P12|P13|P14|P15,0.743179,8,P14,P15,P10,P15,P6,P12,P15,P7,P14,P15,P10,P15,P5,P12,P15,P7,P13,P15,P9,P15
grating,315,1.90,P0|P1|P2|P3|P4|P5|P6|P7|P8|P9|P10|P11|P12|P13|P14|P15,0.743179,9,P15,P10,P15,P6,P12,P15,P7,P14,P15,P10,P15,P5,P12,P15,P7,P13,P15,P9,P15,P3
grating,315,1.90,P0|P1|P2|P3|P4|P5|P6|P7|P8|P9|P10|P11|P12|P13|P14|P15,0.743179,10,P10,P15,P6,P12,P15,P7,P14,P15,P10,P15,P5,P12,P15,P7,P13,P15,P9,P15,P3,P11
grating,315,1.90,P0|P1|P2|P3|P4|P5|P6|P7|P8|P9|P10|P11|P12|P13|P14|P15,0.743179,11,P15,P6,P12,P15,P7,P14,P15,P10,P15,P5,P12,P15,P7,P13,P15,P9,P15,P3,P11,P15
grating,315,1.90,P0|P1|P2|P3|P4|P5|P6|P7|P8|P9|P10|P11|P12|P13|P14|P15,0.743179,12,P6,P12,P15,P7,P14,P15,P10,P15,P5,P12,P15,P7,P13,P15,P9,P15,P3,P11,P15,P7
grating,315,1.90,P0|P1|P2|P3|P4|P5|P6|P7|P8|P9|P10|P11|P12|P13|P14|P15,0.743179,13,P12,P15,P7,P14,P15,P10,P15,P5,P12,P15,P7,P13,P15,P9,P15,P3,P11,P15,P7,P13
grating,315,1.90,P0|P1|P2|P3|P4|P5|P6|P7|P8|P9|P10|P11|P12|P13|P14|P15,0.743179,14,P15,P7,P14,P15,P10,P15,P5,P12,P15,P7,P13,P15,P9,P15,P3,P11,P15,P7,P13,P15
grating,315,1.90,P0|P1|P2|P3|P4|P5|P6|P7|P8|P9|P10|P11|P12|P13|P14|P15,0.743179,15,P7,P14,P15,P10,P15,P5,P12,P15,P7,P13,P15,P9,P15,P3,P11,P15,P7,P13,P15,P8
grating,315,1.90,P0|P1|P2|P3|P4|P5|P6|P7|P8|P9|P10|P11|P12|P13|P14|P15,0.743179,16,P14,P15,P10,P15,P5,P12,P15,P7,P13,P15,P9,P15,P3,P11,P15,P7,P13,P15,P8,P14
grating,315,1.90,P0|P1|P2|P3|P4|P5|P6|P7|P8|P9|P10|P11|P12|P13|P14|P15,0.743179,17,P15,P10,P15,P5,P12,P15,P7,P13,P15,P9,P15,P3,P11,P15,P7,P13,P15,P8,P14,P1
grating,315,1.90,P0|P1|P2|P3|P4|P5|P6|P7|P8|P9|P10|P11|P12|P13|P14|P15,0.743179,18,P10,P15,P5,P12,P15,P7,P13,P15,P9,P15,P3,P11,P15,P7,P13,P15,P8,P14,P1,P11
grating,315,1.90,P0|P1|P2|P3|P4|P5|P6|P7|P8|P9|P10|P11|P12|P13|P14|P15,0.743179,19,P15,P5,P12,P15,P7,P13,P15,P9,P15,P3,P11,P15,P7,P13,P15,P8,P14,P1,P11,P15
grating,135,2.00,P0|P1|P2|P3|P4|P5|P6|P7|P8|P9|P10|P11|P12|P13|P14|P15,0.743081,0,P0,P14,P9,P15,P14,P8,P15,P13,P7,P15,P12,P6,P15,P11,P4,P15,P10,P15,P14,P9
grating,135,2.00,P0|P1|P2|P3|P4|P5|P6|P7|P8|P9|P10|P11|P12|P13|P14|P15,0.743081,1,P14,P9,P15,P14,P8,P15,P13,P7,P15,P12,P6,P15,P11,P4,P15,P10,P15,P14,P9,P15
grating,135,2.00,P0|P1|P2|P3|P4|P5|P6|P7|P8|P9|P10|P11|P12|P13|P14|P15,0.743081,2,P9,P15,P14,P8,P15,P13,P7,P15,P12,P6,P15,P11,P4,P15,P10,P15,P14,P9,P15,P14
grating,135,2.00,P0|P1|P2|P3|P4|P5|P6|P7|P8|P9|P10|P11|P12|P13|P14|P15,0.743081,3,P15,P14,P8,P15,P13,P7,P15,P12,P6,P15,P11,P4,P15,P10,P15,P14,P9,P15,P14,P8
grating,135,2.00,P0|P1|P2|P3|P4|P5|P6|P7|P8|P9|P10|P11|P12|P13|P14|P15,0.743081,4,P14,P8,P15,P13,P7,P15,P12,P6,P15,P11,P4,P15,P10,P15,P14,P9,P15,P14,P8,P15
grating,135,2.00,P0|P1|P2|P3|P4|P5|P6|P7|P8|P9|P10|P11|P12|P13|P14|P15,0.743081,5,P8,P15,P13,P7,P15,P12,P6,P15,P11,P4,P15,P10,P15,P14,P9,P15,P14,P8,P15,P13
grating,135,2.00,P0|P1|P2|P3|P4|P5|P6|P7|P8|P9|P10|P11|P12|P13|P14|P15,0.743081,6,P15,P13,P7,P15,P12,P6,P15,P11,P4,P15,P10,P15,P14,P9,P15,P14,P8,P15,P13,P7
grating,135,2.00,P0|P1|P2|P3|P4|P5|P6|P7|P8|P9|P10|P11|P12|P13|P14|P15,0.743081,7,P13,P7,P15,P12,P6,P15,P11,P4,P15,P10,P15,P14,P9,P15,P14,P8,P15,P13,P7,P15
grating,135,2.00,P0|P1|P2|P3|P4|P5|P6|P7|P8|P9|P10|P11|P12|P13|P14|P15,0.743081,8,P7,P15,P12,P6,P15,P11,P4,P15,P10,P15,P14,P9,P15,P14,P8,P15,P13,P7,P15,P12
grating,135,2.00,P0|P1|P2|P3|P4|P5|P6|P7|P8|P9|P10|P11|P12|P13|P14|P15,0.743081,9,P15,P12,P6,P15,P11,P4,P15,P10,P15,P14,P9,P15,P14,P8,P15,P13,P7,P15,P12,P6
grating,135,2.00,P0|P1|P2|P3|P4|P5|P6|P7|P8|P9|P10|P11|P12|P13|P14|P15,0.743081,10,P12,P6,P15,P11,P4,P15,P10,P15,P14,P9,P15,P14,P8,P15,P13,P7,P15,P12,P6,P15
grating,135,2.00,P0|P1|P2|P3|P4|P5|P6|P7|P8|P9|P10|P11|P12|P13|P14|P15,0.743081,11,P6,P15,P11,P4,P15,P10,P15,P14,P9,P15,P14,P8,P15,P13,P7,P15,P12,P6,P15,P11
grating,135,2.00,P0|P1|P2|P3|P4|P5|P6|P7|P8|P9|P10|P11|P12|P13|P14|P15,0.743081,12,P15,P11,P4,P15,P10,P15,P14,P9,P15,P14,P8,P15,P13,P7,P15,P12,P6,P15,P11,P3
grating,135,2.00,P0|P1|P2|P3|P4|P5|P6|P7|P8|P9|P10|P11|P12|P13|P14|P15,0.743081,13,P11,P4,P15,P10,P15,P14,P9,P15,P14,P8,P15,P13,P7,P15,P12,P6,P15,P11,P3,P15
grating,135,2.00,P0|P1|P2|P3|P4|P5|P6|P7|P8|P9|P10|P11|P12|P13|P14|P15,0.743081,14,P4,P15,P10,P15,P14,P9,P15,P14,P8,P15,P13,P7,P15,P12,P6,P15,P11,P3,P15,P10
grating,135,2.00,P0|P1|P2|P3|P4|P5|P6|P7|P8|P9|P10|P11|P12|P13|P14|P15,0.743081,15,P15,P10,P15,P14,P9,P15,P14,P8,P15,P13,P7,P15,P12,P6,P15,P11,P3,P15,P10,P15
grating,135,2.00,P0|P1|P2|P3|P4|P5|P6|P7|P8|P9|P10|P11|P12|P13|P14|P15,0.743081,16,P10,P15,P14,P9,P15,P14,P8,P15,P13,P7,P15,P12,P6,P15,P11,P3,P15,P10,P15,P14
grating,135,2.00,P0|P1|P2|P3|P4|P5|P6|P7|P8|P9|P10|P11|P12|P13|P14|P15,0.743081,17,P15,P14,P9,P15,P14,P8,P15,P13,P7,P15,P12,P6,P15,P11,P3,P15,P10,P15,P14,P8
grating,135,2.00,P0|P1|P2|P3|P4|P5|P6|P7|P8|P9|P10|P11|P12|P13|P14|P15,0.743081,18,P14,P9,P15,P14,P8,P15,P13,P7,P15,P12,P6,P15,P11,P3,P15,P10,P15,P14,P8,P15
grating,135,2.00,P0|P1|P2|P3|P4|P5|P6|P7|P8|P9|P10|P11|P12|P13|P14|P15,0.743081,19,P9,P15,P14,P8,P15,P13,P7,P15,P12,P6,P15,P11,P3,P15,P10,P15,P14,P8,P15,P14
grating,315,2.00,P0|P1|P2|P3|P4|P5|P6|P7|P8|P9|P10|P11|P12|P13|P14|P15,0.743081,0,P15,P6,P12,P15,P7,P13,P15,P8,P14,P15,P8,P14,P15,P10,P15,P3,P11,P15,P6,P12
grating,315,2.00,P0|P1|P2|P3|P4|P5|P6|P7|P8|P9|P10|P11|P12|P13|P14|P15,0.743081,1,P6,P12,P15,P7,P13,P15,P8,P14,P15,P8,P14,P15,P10,P15,P3,P11,P15,P6,P12,P15
grating,315,2.00,P0|P1|P2|P3|P4|P5|P6|P7|P8|P9|P10|P11|P12|P13|P14|P15,0.743081,2,P12,P15,P7,P13,P15,P8,P14,P15,P8,P14,P15,P10,P15,P3,P11,P15,P6,P12,P15,P7
grating,315,2.00,P0|P1|P2|P3|P4|P5|P6|P7|P8|P9|P10|P11|P12|P13|P14|P15,0.743081,3,P15,P7,P13,P15,P8,P14,P15,P8,P14,P15,P10,P15,P3,P11,P15,P6,P12,P15,P7,P13
grating,315,2.00,P0|P1|P2|P3|P4|P5|P6|P7|P8|P9|P10|P11|P12|P13|P14|P15,0.743081,4,P7,P13,P15,P8,P14,P15,P8,P14,P15,P10,P15,P3,P11,P15,P6,P12,P15,P7,P13,P15
grating,315,2.00,P0|P1|P2|P3|P4|P5|P6|P7|P8|P9|P10|P11|P12|P13|P14|P15,0.743081,5,P13,P15,P8,P14,P15,P8,P14,P15,P10,P15,P3,P11,P15,P6,P12,P15,P7,P13,P15,P8
grating,315,2.00,P0|P1|P2|P3|P4|P5|P6|P7|P8|P9|P10|P11|P12|P13|P14|P15,0.743081,6,P15,P8,P14,P15,P8,P14,P15,P10,P15,P3,P11,P15,P6,P12,P15,P7,P13,P15,P8,P14
grating,315,2.00,P0|P1|P2|P3|P4|P5|P6|P7|P8|P9|P10|P11|P12|P13|P14|P15,0.743081,7,P8,P14,P15,P8,P14,P15,P10,P15,P3,P11,P15,P6,P12,P15,P7,P13,P15,P8,P14,P15
grating,315,2.00,P0|P1|P2|P3|P4|P5|P6|P7|P8|P9|P10|P11|P12|P13|P14|P15,0.743081,8,P14,P15,P8,P14,P15,P10,P15,P3,P11,P15,P6,P12,P15,P7,P13,P15,P8,P14,P15,P9
grating,315,2.00,P0|P1|P2|P3|P4|P5|P6|P7|P8|P9|P10|P11|P12|P13|P14|P15,0.743081,9,P15,P8,P14,P15,P10,P15,P3,P11,P15,P6,P12,P15,P7,P13,P15,P8,P14,P15,P9,P14
grating,315,2.00,P0|P1|P2|P3|P4|P5|P6|P7|P8|P9|P10|P11|P12|P13|P14|P15,0.743081,10,P8,P14,P15,P10,P15,P3,P11,P15,P6,P12,P15,P7,P13,P15,P8,P14,P15,P9,P14,P15
grating,315,2.00,P0|P1|P2|P3|P4|P5|P6|P7|P8|P9|P10|P11|P12|P13|P14|P15,0.743081,11,P14,P15,P10,P15,P3,P11,P15,P6,P12,P15,P7,P13,P15,P8,P14,P15,P9,P14,P15,P10
grating,315,2.00,P0|P1|P2|P3|P4|P5|P6|P7|P8|P9|P10|P11|P12|P13|P14|P15,0.743081,12,P15,P10,P15,P3,P11,P15,P6,P12,P15,P7,P13,P15,P8,P14,P15,P9,P14,P15,P10,P15
grating,315,2.00,P0|P1|P2|P3|P4|P5|P6|P7|P8|P9|P10|P11|P12|P13|P14|P15,0.743081,13,P10,P15,P3,P11,P15,P6,P12,P15,P7,P13,P15,P8,P14,P15,P9,P14,P15,P10,P15,P4
grating,315,2.00,P0|P1|P2|P3|P4|P5|P6|P7|P8|P9|P10|P11|P12|P13|P14|P15,0.743081,14,P15,P3,P11,P15,P6,P12,P15,P7,P13,P15,P8,P14,P15,P9,P14,P15,P10,P15,P4,P11
grating,315,2.00,P0|P1|P2|P3|P4|P5|P6|P7|P8|P9|P10|P11|P12|P13|P14|P15,0.743081,15,P3,P11,P15,P6,P12,P15,P7,P13,P15,P8,P14,P15,P9,P14,P15,P10,P15,P4,P11,P15
grating,315,2.00,P0|P1|P2|P3|P4|P5|P6|P7|P8|P9|P10|P11|P12|P13|P14|P15,0.743081,16,P11,P15,P6,P12,P15,P7,P13,P15,P8,P14,P15,P9,P14,P15,P10,P15,P4,P11,P15,P6
grating,315,2.00,P0|P1|P2|P3|P4|P5|P6|P7|P8|P9|P10|P11|P12|P13|P14|P15,0.743081,17,P15,P6,P12,P15,P7,P13,P15,P8,P14,P15,P9,P14,P15,P10,P15,P4,P11,P15,P6,P12
grating,315,2.00,P0|P1|P2|P3|P4|P5|P6|P7|P8|P9|P10|P11|P12|P13|P14|P15,0.743081,18,P6,P12,P15,P7,P13,P15,P8,P14,P15,P9,P14,P15,P10,P15,P4,P11,P15,P6,P12,P15
grating,315,2.00,P0|P1|P2|P3|P4|P5|P6|P7|P8|P9|P10|P11|P12|P13|P14|P15,0.743081,19,P12,P15,P7,P13,P15,P8,P14,P15,P9,P14,P15,P10,P15,P4,P11,P15,P6,P12,P15,P7
grating,135,2.10,P0|P1|P2|P3|P4|P5|P6|P7|P8|P9|P10|P11|P12|P13|P14|P15,0.742873,0,P0,P15,P10,P15,P14,P10,P15,P14,P10,P15,P14,P9,P15,P14,P9,P15,P14,P8,P15,P14
grating,135,2.10,P0|P1|P2|P3|P4|P5|P6|P7|P8|P9|P10|P11|P12|P13|P14|P15,0.742873,1,P15,P10,P15,P14,P10,P15,P14,P10,P15,P14,P9,P15,P14,P9,P15,P14,P8,P15,P14,P8
grating,135,2.10,P0|P1|P2|P3|P4|P5|P6|P7|P8|P9|P10|P11|P12|P13|P14|P15,0.742873,2,P10,P15,P14,P10,P15,P14,P10,P15,P14,P9,P15,P14,P9,P15,P14,P8,P15,P14,P8,P15
grating,135,2.10,P0|P1|P2|P3|P4|P5|P6|P7|P8|P9|P10|P11|P12|P13|P14|P15,0.742873,3,P15,P14,P10,P15,P14,P10,P15,P14,P9,P15,P14,P9,P15,P14,P8,P15,P14,P8,P15,P14
grating,135,2.10,P0|P1|P2|P3|P4|P5|P6|P7|P8|P9|P10|P11|P12|P13|P14|P15,0.742873,4,P14,P10,P15,P14,P10,P15,P14,P9,P15,P14,P9,P15,P14,P8,P15,P14,P8,P15,P14,P8
grating,135,2.10,P0|P1|P2|P3|P4|P5|P6|P7|P8|P9|P10|P11|P12|P13|P14|P15,0.742873,5,P10,P15,P14,P10,P15,P14,P9,P15,P14,P9,P15,P14,P8,P15,P14,P8,P15,P14,P8,P15
grating,135,2.10,P0|P1|P2|P3|P4|P5|P6|P7|P8|P9|P10|P11|P12|P13|P14|P15,0.742873,6,P15,P14,P10,P15,P14,P9,P15,P14,P9,P15,P14,P8,P15,P14,P8,P15,P14,P8,P15,P14
grating,135,2.10,P0|P1|P2|P3|P4|P5|P6|P7|P8|P9|P10|P11|P12|P13|P14|P15,0.742873,7,P14,P10,P15,P14,P9,P15,P14,P9,P15,P14,P8,P15,P14,P8,P15,P14,P8,P15,P14,P8
grating,135,2.10,P0|P1|P2|P3|P4|P5|P6|P7|P8|P9|P10|P11|P12|P13|P14|P15,0.742873,8,P10,P15,P14,P9,P15,P14,P9,P15,P14,P8,P15,P14,P8,P15,P14,P8,P15,P14,P8,P15
grating,135,2.10,P0|P1|P2|P3|P4|P5|P6|P7|P8|P9|P10|P11|P12|P13|P14|P15,0.742873,9,P15,P14,P9,P15,P14,P9,P15,P14,P8,P15,P14,P8,P15,P14,P8,P15,P14,P8,P15,P14
grating,135,2.10,P0|P1|P2|P3|P4|P5|P6|P7|P8|P9|P10|P11|P12|P13|P14|P15,0.742873,10,P14,P9,P15,P14,P9,P15,P14,P8,P15,P14,P8,P15,P14,P8,P15,P14,P8,P15,P14,P8
grating,135,2.10,P0|P1|P2|P3|P4|P5|P6|P7|P8|P9|P10|P11|P12|P13|P14|P15,0.742873,11,P9,P15,P14,P9,P15,P14,P8,P15,P14,P8,P15,P14,P8,P15,P14,P8,P15,P14,P8,P15
grating,135,2.10,P0|P1|P2|P3|P4|P5|P6|P7|P8|P9|P10|P11|P12|P13|P14|P15,0.742873,12,P15,P14,P9,P15,P14,P8,P15,P14,P8,P15,P14,P8,P15,P14,P8,P15,P14,P8,P15,P14
grating,135,2.10,P0|P1|P2|P3|P4|P5|P6|P7|P8|P9|P10|P11|P12|P13|P14|P15,0.742873,13,P14,P9,P15,P14,P8,P15,P14,P8,P15,P14,P8,P15,P14,P8,P15,P14,P8,P15,P14,P8
grating,135,2.10,P0|P1|P2|P3|P4|P5|P6|P7|P8|P9|P10|P11|P12|P13|P14|P15,0.742873,14,P9,P15,P14,P8,P15,P14,P8,P15,P14,P8,P15,P14,P8,P15,P14,P8,P15,P14,P8,P15
grating,135,2.10,P0|P1|P2|P3|P4|P5|P6|P7|P8|P9|P10|P11|P12|P13|P14|P15,0.742873,15,P15,P14,P8,P15,P14,P8,P15,P14,P8,P15,P14,P8,P15,P14,P8,P15,P14,P8,P15,P13
grating,135,2.10,P0|P1|P2|P3|P4|P5|P6|P7|P8|P9|P10|P11|P12|P13|P14|P15,0.742873,16,P14,P8,P15,P14,P8,P15,P14,P8,P15,P14,P8,P15,P14,P8,P15,P14,P8,P15,P13,P8
grating,135,2.10,P0|P1|P2|P3|P4|P5|P6|P7|P8|P9|P10|P11|P12|P13|P14|P15,0.742873,17,P8,P15,P14,P8,P15,P14,P8,P15,P14,P8,P15,P14,P8,P15,P14,P8,P15,P13,P8,P15
grating,135,2.10,P0|P1|P2|P3|P4|P5|P6|P7|P8|P9|P10|P11|P12|P13|P14|P15,0.742873,18,P15,P14,P8,P15,P14,P8,P15,P14,P8,P15,P14,P8,P15,P14,P8,P15,P13,P8,P15,P13
grating,135,2.10,P0|P1|P2|P3|P4|P5|P6|P7|P8|P9|P10|P11|P12|P13|P14|P15,0.742873,19,P14,P8,P15,P14,P8,P15,P14,P8,P15,P14,P8,P15,P14,P8,P15,P13,P8,P15,P13,P8
grating,315,2.10,P0|P1|P2|P3|P4|P5|P6|P7|P8|P9|P10|P11|P12|P13|P14|P15,0.742873,0,P3,P11,P15,P4,P11,P15,P4,P11,P15,P5,P11,P15,P5,P11,P15,P6,P12,P15,P6,P12
grating,315,2.10,P0|P1|P2|P3|P4|P5|P6|P7|P8|P9|P10|P11|P12|P13|P14|P15,0.742873,1,P11,P15,P4,P11,P15,P4,P11,P15,P5,P11,P15,P5,P11,P15,P6,P12,P15,P6,P12,P15
grating,315,2.10,P0|P1|P2|P3|P4|P5|P6|P7|P8|P9|P10|P11|P12|P13|P14|P15,0.742873,2,P15,P4,P11,P15,P4,P11,P15,P5,P11,P15,P5,P11,P15,P6,P12,P15,P6,P12,P15,P6
grating,315,2.10,P0|P1|P2|P3|P4|P5|P6|P7|P8|P9|P10|P11|P12|P13|P14|P15,0.742873,3,P4,P11,P15,P4,P11,P15,P5,P11,P15,P5,P11,P15,P6,P12,P15,P6,P12,P15,P6,P12
grating,315,2.10,P0|P1|P2|P3|P4|P5|P6|P7|P8|P9|P10|P11|P12|P13|P14|P15,0.742873,4,P11,P15,P4,P11,P15,P5,P11,P15,P5,P11,P15,P6,P12,P15,P6,P12,P15,P6,P12,P15
grating,315,2.10,P0|P1|P2|P3|P4|P5|P6|P7|P8|P9|P10|P11|P12|P13|P14|P15,0.742873,5,P15,P4,P11,P15,P5,P11,P15,P5,P11,P15,P6,P12,P15,P6,P12,P15,P6,P12,P15,P7
grating,315,2.10,P0|P1|P2|P3|P4|P5|P6|P7|P8|P9|P10|P11|P12|P13|P14|P15,0.742873,6,P4,P11,P15,P5,P11,P15,P5,P11,P15,P6,P12,P15,P6,P12,P15,P6,P12,P15,P7,P12
grating,315,2.10,P0|P1|P2|P3|P4|P5|P6|P7|P8|P9|P10|P11|P12|P13|P14|P15,0.742873,7,P11,P15,P5,P11,P15,P5,P11,P15,P6,P12,P15,P6,P12,P15,P6,P12,P15,P7,P12,P15
grating,315,2.10,P0|P1|P2|P3|P4|P5|P6|P7|P8|P9|P10|P11|P12|P13|P14|P15,0.742873,8,P15,P5,P11,P15,P5,P11,P15,P6,P12,P15,P6,P12,P15,P6,P12,P15,P7,P12,P15,P7
grating,315,2.10,P0|P1|P2|P3|P4|P5|P6|P7|P8|P9|P10|P11|P12|P13|P14|P15,0.742873,9,P5,P11,P15,P5,P11,P15,P6,P12,P15,P6,P12,P15,P6,P12,P15,P7,P12,P15,P7,P12
grating,315,2.10,P0|P1|P2|P3|P4|P5|P6|P7|P8|P9|P10|P11|P12|P13|P14|P15,0.742873,10,P11,P15,P5,P11,P15,P6,P12,P15,P6,P12,P15,P6,P12,P15,P7,P12,P15,P7,P12,P15
grating,315,2.10,P0|P1|P2|P3|P4|P5|P6|P7|P8|P9|P10|P11|P12|P13|P14|P15,0.742873,11,P15,P5,P11,P15,P6,P12,P15,P6,P12,P15,P6,P12,P15,P7,P12,P15,P7,P12,P15,P7
grating,315,2.10,P0|P1|P2|P3|P4|P5|P6|P7|P8|P9|P10|P11|P12|P13|P14|P15,0.742873,12,P5,P11,P15,P6,P12,P15,P6,P12,P15,P6,P12,P15,P7,P12,P15,P7,P12,P15,P7,P12
grating,315,2.10,P0|P1|P2|P3|P4|P5|P6|P7|P8|P9|P10|P11|P12|P13|P14|P15,0.742873,13,P11,P15,P6,P12,P15,P6,P12,P15,P6,P12,P15,P7,P12,P15,P7,P12,P15,P7,P12,P15
grating,315,2.10,P0|P1|P2|P3|P4|P5|P6|P7|P8|P9|P10|P11|P12|P13|P14|P15,0.742873,14,P15,P6,P12,P15,P6,P12,P15,P6,P12,P15,P7,P12,P15,P7,P12,P15,P7,P12,P15,P7
grating,315,2.10,P0|P1|P2|P3|P4|P5|P6|P7|P8|P9|P10|P11|P12|P13|P14|P15,0.742873,15,P6,P12,P15,P6,P12,P15,P6,P12,P15,P7,P12,P15,P7,P12,P15,P7,P12,P15,P7,P13
grating,315,2.10,P0|P1|P2|P3|P4|P5|P6|P7|P8|P9|P10|P11|P12|P13|P14|P15,0.742873,16,P12,P15,P6,P12,P15,P6,P12,P15,P7,P12,P15,P7,P12,P15,P7,P12,P15,P7,P13,P15
grating,315,2.10,P0|P1|P2|P3|P4|P5|P6|P7|P8|P9|P10|P11|P12|P13|P14|P15,0.742873,17,P15,P6,P12,P15,P6,P12,P15,P7,P12,P15,P7,P12,P15,P7,P12,P15,P7,P13,P15,P7
grating,315,2.10,P0|P1|P2|P3|P4|P5|P6|P7|P8|P9|P10|P11|P12|P13|P14|P15,0.742873,18,P6,P12,P15,P6,P12,P15,P7,P12,P15,P7,P12,P15,P7,P12,P15,P7,P13,P15,P7,P13
grating,315,2.10,P0|P1|P2|P3|P4|P5|P6|P7|P8|P9|P10|P11|P12|P13|P14|P15,0.742873,19,P12,P15,P6,P12,P15,P7,P12,P15,P7,P12,P15,P7,P12,P15,P7,P13,P15,P7,P13,P15
grating,135,2.20,P0|P1|P2|P3|P4|P5|P6|P7|P8|P9|P10|P11|P12|P13|P14|P15,0.742167,0,P0,P15,P11,P3,P15,P11,P5,P15,P12,P6,P15,P12,P7,P15,P13,P7,P15,P13,P8,P15
grating,135,2.20,P0|P1|P2|P3|P4|P5|P6|P7|P8|P9|P10|P11|P12|P13|P14|P15,0.742167,1,P15,P11,P3,P15,P11,P5,P15,P12,P6,P15,P12,P7,P15,P13,P7,P15,P13,P8,P15,P14
grating,135,2.20,P0|P1|P2|P3|P4|P5|P6|P7|P8|P9|P10|P11|P12|P13|P14|P15,0.742167,2,P11,P3,P15,P11,P5,P15,P12,P6,P15,P12,P7,P15,P13,P7,P15,P13,P8,P15,P14,P8
grating,135,2.20,P0|P1|P2|P3|P4|P5|P6|P7|P8|P9|P10|P11|P12|P13|P14|P15,0.742167,3,P3,P15,P11,P5,P15,P12,P6,P15,P12,P7,P15,P13,P7,P15,P13,P8,P15,P14,P8,P15
grating,135,2.20,P0|P1|P2|P3|P4|P5|P6|P7|P8|P9|P10|P11|P12|P13|P14|P15,0.742167,4,P15,P11,P5,P15,P12,P6,P15,P12,P7,P15,P13,P7,P15,P13,P8,P15,P14,P8,P15,P14
grating,135,2.20,P0|P1|P2|P3|P4|P5|P6|P7|P8|P9|P10|P11|P12|P13|P14|P15,0.742167,5,P11,P5,P15,P12,P6,P15,P12,P7,P15,P13,P7,P15,P13,P8,P15,P14,P8,P15,P14,P9
grating,135,2.20,P0|P1|P2|P3|P4|P5|P6|P7|P8|P9|P10|P11|P12|P13|P14|P15,0.742167,6,P5,P15,P12,P6,P15,P12,P7,P15,P13,P7,P15,P13,P8,P15,P14,P8,P15,P14,P9,P15
grating,135,2.20,P0|P1|P2|P3|P4|P5|P6|P7|P8|P9|P10|P11|P12|P13|P14|P15,0.742167,7,P15,P12,P6,P15,P12,P7,P15,P13,P7,P15,P13,P8,P15,P14,P8,P15,P14,P9,P15,P14
grating,135,2.20,P0|P1|P2|P3|P4|P5|P6|P7|P8|P9|P10|P11|P12|P13|P14|P15,0.742167,8,P12,P6,P15,P12,P7,P15,P13,P7,P15,P13,P8,P15,P14,P8,P15,P14,P9,P15,P14,P10
grating,135,2.20,P0|P1|P2|P3|P4|P5|P6|P7|P8|P9|P10|P11|P12|P13|P14|P15,0.742167,9,P6,P15,P12,P7,P15,P13,P7,P15,P13,P8,P15,P14,P8,P15,P14,P9,P15,P14,P10,P0
grating,135,2.20,P0|P1|P2|P3|P4|P5|P6|P7|P8|P9|P10|P11|P12|P13|P14|P15,0.742167,10,P15,P12,P7,P15,P13,P7,P15,P13,P8,P15,P14,P8,P15,P14,P9,P15,P14,P10,P0,P15
grating,135,2.20,P0|P1|P2|P3|P4|P5|P6|P7|P8|P9|P10|P11|P12|P13|P14|P15,0.742167,11,P12,P7,P15,P13,P7,P15,P13,P8,P15,P14,P8,P15,P14,P9,P15,P14,P10,P0,P15,P11
grating,135,2.20,P0|P1|P2|P3|P4|P5|P6|P7|P8|P9|P10|P11|P12|P13|P14|P15,0.742167,12,P7,P15,P13,P7,P15,P13,P8,P15,P14,P8,P15,P14,P9,P15,P14,P10,P0,P15,P11,P3
grating,135,2.20,P0|P1|P2|P3|P4|P5|P6|P7|P8|P9|P10|P11|P12|P13|P14|P15,0.742167,13,P15,P13,P7,P15,P13,P8,P15,P14,P8,P15,P14,P9,P15,P14,P10,P0,P15,P11,P3,P15
grating,135,2.20,P0|P1|P2|P3|P4|P5|P6|P7|P8|P9|P10|P11|P12|P13|P14|P15,0.742167,14,P13,P7,P15,P13,P8,P15,P14,P8,P15,P14,P9,P15,P14,P10,P0,P15,P11,P3,P15,P11
grating,135,2.20,P0|P1|P2|P3|P4|P5|P6|P7|P8|P9|P10|P11|P12|P13|P14|P15,0.742167,15,P7,P15,P13,P8,P15,P14,P8,P15,P14,P9,P15,P14,P10,P0,P15,P11,P3,P15,P11,P5
grating,135,2.20,P0|P1|P2|P3|P4|P5|P6|P7|P8|P9|P10|P11|P12|P13|P14|P15,0.742167,16,P15,P13,P8,P15,P14,P8,P15,P14,P9,P15,P14,P10,P0,P15,P11,P3,P15,P11,P5,P15
grating,135,2.20,P0|P1|P2|P3|P4|P5|P6|P7|P8|P9|P10|P11|P12|P13|P14|P15,0.742167,17,P13,P8,P15,P14,P8,P15,P14,P9,P15,P14,P10,P0,P15,P11,P3,P15,P11,P5,P15,P12
grating,135,2.20,P0|P1|P2|P3|P4|P5|P6|P7|P8|P9|P10|P11|P12|P13|P14|P15,0.742167,18,P8,P15,P14,P8,P15,P14,P9,P15,P14,P10,P0,P15,P11,P3,P15,P11,P5,P15,P12,P6
grating,135,2.20,P0|P1|P2|P3|P4|P5|P6|P7|P8|P9|P10|P11|P12|P13|P14|P15,0.742167,19,P15,P14,P8,P15,P14,P9,P15,P14,P10,P0,P15,P11,P3,P15,P11,P5,P15,P12,P6,P15
grating,315,2.20,P0|P1|P2|P3|P4|P5|P6|P7|P8|P9|P10|P11|P12|P13|P14|P15,0.742167,0,P3,P11,P15,P15,P10,P14,P15,P9,P14,P15,P8,P14,P15,P8,P13,P15,P7,P13,P15,P7
grating,315,2.20,P0|P1|P2|P3|P4|P5|P6|P7|P8|P9|P10|P11|P12|P13|P14|P15,0.742167,1,P11,P15,P15,P10,P14,P15,P9,P14,P15,P8,P14,P15,P8,P13,P15,P7,P13,P15,P7,P12
grating,315,2.20,P0|P1|P2|P3|P4|P5|P6|P7|P8|P9|P10|P11|P12|P13|P14|P15,0.742167,2,P15,P15,P10,P14,P15,P9,P14,P15,P8,P14,P15,P8,P13,P15,P7,P13,P15,P7,P12,P15
grating,315,2.20,P0|P1|P2|P3|P4|P5|P6|P7|P8|P9|P10|P11|P12|P13|P14|P15,0.742167,3,P15,P10,P14,P15,P9,P14,P15,P8,P14,P15,P8,P13,P15,P7,P13,P15,P7,P12,P15,P6
grating,315,2.20,P0|P1|P2|P3|P4|P5|P6|P7|P8|P9|P10|P11|P12|P13|P14|P15,0.742167,4,P10,P14,P15,P9,P14,P15,P8,P14,P15,P8,P13,P15,P7,P13,P15,P7,P12,P15,P6,P12
grating,315,2.20,P0|P1|P2|P3|P4|P5|P6|P7|P8|P9|P10|P11|P12|P13|P14|P15,0.742167,5,P14,P15,P9,P14,P15,P8,P14,P15,P8,P13,P15,P7,P13,P15,P7,P12,P15,P6,P12,P15
grating,315,2.20,P0|P1|P2|P3|P4|P5|P6|P7|P8|P9|P10|P11|P12|P13|P14|P15,0.742167,6,P15,P9,P14,P15,P8,P14,P15,P8,P13,P15,P7,P13,P15,P7,P12,P15,P6,P12,P15,P5
grating,315,2.20,P0|P1|P2|P3|P4|P5|P6|P7|P8|P9|P10|P11|P12|P13|P14|P15,0.742167,7,P9,P14,P15,P8,P14,P15,P8,P13,P15,P7,P13,P15,P7,P12,P15,P6,P12,P15,P5,P11
grating,315,2.20,P0|P1|P2|P3|P4|P5|P6|P7|P8|P9|P10|P11|P12|P13|P14|P15,0.742167,8,P14,P15,P8,P14,P15,P8,P13,P15,P7,P13,P15,P7,P12,P15,P6,P12,P15,P5,P11,P15
grating,315,2.20,P0|P1|P2|P3|P4|P5|P6|P7|P8|P9|P10|P11|P12|P13|P14|P15,0.742167,9,P15,P8,P14,P15,P8,P13,P15,P7,P13,P15,P7,P12,P15,P6,P12,P15,P5,P11,P15,P3
grating,315,2.20,P0|P1|P2|P3|P4|P5|P6|P7|P8|P9|P10|P11|P12|P13|P14|P15,0.742167,10,P8,P14,P15,P8,P13,P15,P7,P13,P15,P7,P12,P15,P6,P12,P15,P5,P11,P15,P3,P11
grating,315,2.20,P0|P1|P2|P3|P4|P5|P6|P7|P8|P9|P10|P11|P12|P13|P14|P15,0.742167,11,P14,P15,P8,P13,P15,P7,P13,P15,P7,P12,P15,P6,P12,P15,P5,P11,P15,P3,P11,P15
grating,315,2.20,P0|P1|P2|P3|P4|P5|P6|P7|P8|P9|P10|P11|P12|P13|P14|P15,0.742167,12,P15,P8,P13,P15,P7,P13,P15,P7,P12,P15,P6,P12,P15,P5,P11,P15,P3,P11,P15,P15
grating,315,2.20,P0|P1|P2|P3|P4|P5|P6|P7|P8|P9|P10|P11|P12|P13|P14|P15,0.742167,13,P8,P13,P15,P7,P13,P15,P7,P12,P15,P6,P12,P15,P5,P11,P15,P3,P11,P15,P15,P10
grating,315,2.20,P0|P1|P2|P3|P4|P5|P6|P7|P8|P9|P10|P11|P12|P13|P14|P15,0.742167,14,P13,P15,P7,P13,P15,P7,P12,P15,P6,P12,P15,P5,P11,P15,P3,P11,P15,P15,P10,P14
grating,315,2.20,P0|P1|P2|P3|P4|P5|P6|P7|P8|P9|P10|P11|P12|P13|P14|P15,0.742167,15,P15,P7,P13,P15,P7,P12,P15,P6,P12,P15,P5,P11,P15,P3,P11,P15,P15,P10,P14,P15
grating,315,2.20,P0|P1|P2|P3|P4|P5|P6|P7|P8|P9|P10|P11|P12|P13|P14|P15,0.742167,16,P7,P13,P15,P7,P12,P15,P6,P12,P15,P5,P11,P15,P3,P11,P15,P15,P10,P14,P15,P9
grating,315,2.20,P0|P1|P2|P3|P4|P5|P6|P7|P8|P9|P10|P11|P12|P13|P14|P15,0.742167,17,P13,P15,P7,P12,P15,P6,P12,P15,P5,P11,P15,P3,P11,P15,P15,P10,P14,P15,P9,P14
grating,315,2.20,P0|P1|P2|P3|P4|P5|P6|P7|P8|P9|P10|P11|P12|P13|P14|P15,0.742167,18,P15,P7,P12,P15,P6,P12,P15,P5,P11,P15,P3,P11,P15,P15,P10,P14,P15,P9,P14,P15
grating,315,2.20,P0|P1|P2|P3|P4|P5|P6|P7|P8|P9|P10|P11|P12|P13|P14|P15,0.742167,19,P7,P12,P15,P6,P12,P15,P5,P11,P15,P3,P11,P15,P15,P10,P14,P15,P9,P14,P15,P8
grating,135,2.30,P0|P1|P2|P3|P4|P5|P6|P7|P8|P9|P10|P11|P12|P13|P14|P15,0.743787,0,P0,P15,P11,P5,P15,P12,P7,P15,P13,P8,P15,P14,P10,P0,P15,P11,P6,P15,P12,P7
grating,135,2.30,P0|P1|P2|P3|P4|P5|P6|P7|P8|P9|P10|P11|P12|P13|P14|P15,0.743787,1,P15,P11,P5,P15,P12,P7,P15,P13,P8,P15,P14,P10,P0,P15,P11,P6,P15,P12,P7,P15
grating,135,2.30,P0|P1|P2|P3|P4|P5|P6|P7|P8|P9|P10|P11|P12|P13|P14|P15,0.743787,2,P11,P5,P15,P12,P7,P15,P13,P8,P15,P14,P10,P0,P15,P11,P6,P15,P12,P7,P15,P13
grating,135,2.30,P0|P1|P2|P3|P4|P5|P6|P7|P8|P9|P10|P11|P12|P13|P14|P15,0.743787,3,P5,P15,P12,P7,P15,P13,P8,P15,P14,P10,P0,P15,P11,P6,P15,P12,P7,P15,P13,P8
grating,135,2.30,P0|P1|P2|P3|P4|P5|P6|P7|P8|P9|P10|P11|P12|P13|P14|P15,0.743787,4,P15,P12,P7,P15,P13,P8,P15,P14,P10,P0,P15,P11,P6,P15,P12,P7,P15,P13,P8,P15
grating,135,2.30,P0|P1|P2|P3|P4|P5|P6|P7|P8|P9|P10|P11|P12|P13|P14|P15,0.743787,5,P12,P7,P15,P13,P8,P15,P14,P10,P0,P15,P11,P6,P15,P12,P7,P15,P13,P8,P15,P14
grating,135,2.30,P0|P1|P2|P3|P4|P5|P6|P7|P8|P9|P10|P11|P12|P13|P14|P15,0.743787,6,P7,P15,P13,P8,P15,P14,P10,P0,P15,P11,P6,P15,P12,P7,P15,P13,P8,P15,P14,P10
grating,135,2.30,P0|P1|P2|P3|P4|P5|P6|P7|P8|P9|P10|P11|P12|P13|P14|P15,0.743787,7,P15,P13,P8,P15,P14,P10,P0,P15,P11,P6,P15,P12,P7,P15,P13,P8,P15,P14,P10,P0
grating,135,2.30,P0|P1|P2|P3|P4|P5|P6|P7|P8|P9|P10|P11|P12|P13|P14|P15,0.743787,8,P13,P8,P15,P14,P10,P0,P15,P11,P6,P15,P12,P7,P15,P13,P8,P15,P14,P10,P0,P15
grating,135,2.30,P0|P1|P2|P3|P4|P5|P6|P7|P8|P9|P10|P11|P12|P13|P14|P15,0.743787,9,P8,P15,P14,P10,P0,P15,P11,P6,P15,P12,P7,P15,P13,P8,P15,P14,P10,P0,P15,P11
grating,135,2.30,P0|P1|P2|P3|P4|P5|P6|P7|P8|P9|P10|P11|P12|P13|P14|P15,0.743787,10,P15,P14,P10,P0,P15,P11,P6,P15,P12,P7,P15,P13,P8,P15,P14,P10,P0,P15,P11,P6
grating,135,2.30,P0|P1|P2|P3|P4|P5|P6|P7|P8|P9|P10|P11|P12|P13|P14|P15,0.743787,11,P14,P10,P0,P15,P11,P6,P15,P12,P7,P15,P13,P8,P15,P14,P10,P0,P15,P11,P6,P15
grating,135,2.30,P0|P1|P2|P3|P4|P5|P6|P7|P8|P9|P10|P11|P12|P13|P14|P15,0.743787,12,P10,P0,P15,P11,P6,P15,P12,P7,P15,P13,P8,P15,P14,P10,P0,P15,P11,P6,P15,P12
grating,135,2.30,P0|P1|P2|P3|P4|P5|P6|P7|P8|P9|P10|P11|P12|P13|P14|P15,0.743787,13,P0,P15,P11,P6,P15,P12,P7,P15,P13,P8,P15,P14,P10,P0,P15,P11,P6,P15,P12,P7
grating,135,2.30,P0|P1|P2|P3|P4|P5|P6|P7|P8|P9|P10|P11|P12|P13|P14|P15,0.743787,14,P15,P11,P6,P15,P12,P7,P15,P13,P8,P15,P14,P10,P0,P15,P11,P6,P15,P12,P7,P15
grating,135,2.30,P0|P1|P2|P3|P4|P5|P6|P7|P8|P9|P10|P11|P12|P13|P14|P15,0.743787,15,P11,P6,P15,P12,P7,P15,P13,P8,P15,P14,P10,P0,P15,P11,P6,P15,P12,P7,P15,P13
grating,135,2.30,P0|P1|P2|P3|P4|P5|P6|P7|P8|P9|P10|P11|P12|P13|P14|P15,0.743787,16,P6,P15,P12,P7,P15,P13,P8,P15,P14,P10,P0,P15,P11,P6,P15,P12,P7,P15,P13,P8
grating,135,2.30,P0|P1|P2|P3|P4|P5|P6|P7|P8|P9|P10|P11|P12|P13|P14|P15,0.743787,17,P15,P12,P7,P15,P13,P8,P15,P14,P10,P0,P15,P11,P6,P15,P12,P7,P15,P13,P8,P15
grating,135,2.30,P0|P1|P2|P3|P4|P5|P6|P7|P8|P9|P10|P11|P12|P13|P14|P15,0.743787,18,P12,P7,P15,P13,P8,P15,P14,P10,P0,P15,P11,P6,P15,P12,P7,P15,P13,P8,P15,P14
grating,135,2.30,P0|P1|P2|P3|P4|P5|P6|P7|P8|P9|P10|P11|P12|P13|P14|P15,0.743787,19,P7,P15,P13,P8,P15,P14,P10,P0,P15,P11,P6,P15,P12,P7,P15,P13,P8,P15,P14,P10
grating,315,2.30,P0|P1|P2|P3|P4|P5|P6|P7|P8|P9|P10|P11|P12|P13|P14|P15,0.743787,0,P7,P12,P15,P6,P11,P15,P0,P10,P14,P15,P8,P13,P15,P7,P12,P15,P6,P11,P15,P0
grating,315,2.30,P0|P1|P2|P3|P4|P5|P6|P7|P8|P9|P10|P11|P12|P13|P14|P15,0.743787,1,P12,P15,P6,P11,P15,P0,P10,P14,P15,P8,P13,P15,P7,P12,P15,P6,P11,P15,P0,P10
grating,315,2.30,P0|P1|P2|P3|P4|P5|P6|P7|P8|P9|P10|P11|P12|P13|P14|P15,0.743787,2,P15,P6,P11,P15,P0,P10,P14,P15,P8,P13,P15,P7,P12,P15,P6,P11,P15,P0,P10,P14
grating,315,2.30,P0|P1|P2|P3|P4|P5|P6|P7|P8|P9|P10|P11|P12|P13|P14|P15,0.743787,3,P6,P11,P15,P0,P10,P14,P15,P8,P13,P15,P7,P12,P15,P6,P11,P15,P0,P10,P14,P15
grating,315,2.30,P0|P1|P2|P3|P4|P5|P6|P7|P8|P9|P10|P11|P12|P13|P14|P15,0.743787,4,P11,P15,P0,P10,P14,P15,P8,P13,P15,P7,P12,P15,P6,P11,P15,P0,P10,P14,P15,P8
grating,315,2.30,P0|P1|P2|P3|P4|P5|P6|P7|P8|P9|P10|P11|P12|P13|P14|P15,0.743787,5,P15,P0,P10,P14,P15,P8,P13,P15,P7,P12,P15,P6,P11,P15,P0,P10,P14,P15,P8,P13
grating,315,2.30,P0|P1|P2|P3|P4|P5|P6|P7|P8|P9|P10|P11|P12|P13|P14|P15,0.743787,6,P0,P10,P14,P15,P8,P13,P15,P7,P12,P15,P6,P11,P15,P0,P10,P14,P15,P8,P13,P15
grating,315,2.30,P0|P1|P2|P3|P4|P5|P6|P7|P8|P9|P10|P11|P12|P13|P14|P15,0.743787,7,P10,P14,P15,P8,P13,P15,P7,P12,P15,P6,P11,P15,P0,P10,P14,P15,P8,P13,P15,P7
grating,315,2.30,P0|P1|P2|P3|P4|P5|P6|P7|P8|P9|P10|P11|P12|P13|P14|P15,0.743787,8,P14,P15,P8,P13,P15,P7,P12,P15,P6,P11,P15,P0,P10,P14,P15,P8,P13,P15,P7,P12
grating,315,2.30,P0|P1|P2|P3|P4|P5|P6|P7|P8|P9|P10|P11|P12|P13|P14|P15,0.743787,9,P15,P8,P13,P15,P7,P12,P15,P6,P11,P15,P0,P10,P14,P15,P8,P13,P15,P7,P12,P15
grating,315,2.30,P0|P1|P2|P3|P4|P5|P6|P7|P8|P9|P10|P11|P12|P13|P14|P15,0.743787,10,P8,P13,P15,P7,P12,P15,P6,P11,P15,P0,P10,P14,P15,P8,P13,P15,P7,P12,P15,P6
grating,315,2.30,P0|P1|P2|P3|P4|P5|P6|P7|P8|P9|P10|P11|P12|P13|P14|P15,0.743787,11,P13,P15,P7,P12,P15,P6,P11,P15,P0,P10,P14,P15,P8,P13,P15,P7,P12,P15,P6,P11
grating,315,2.30,P0|P1|P2|P3|P4|P5|P6|P7|P8|P9|P10|P11|P12|P13|P14|P15,0.743787,12,P15,P7,P12,P15,P6,P11,P15,P0,P10,P14,P15,P8,P13,P15,P7,P12,P15,P6,P11,P15
grating,315,2.30,P0|P1|P2|P3|P4|P5|P6|P7|P8|P9|P10|P11|P12|P13|P14|P15,0.743787,13,P7,P12,P15,P6,P11,P15,P0,P10,P14,P15,P8,P13,P15,P7,P12,P15,P6,P11,P15,P0
grating,315,2.30,P0|P1|P2|P3|P4|P5|P6|P7|P8|P9|P10|P11|P12|P13|P14|P15,0.743787,14,P12,P15,P6,P11,P15,P0,P10,P14,P15,P8,P13,P15,P7,P12,P15,P6,P11,P15,P0,P10
grating,315,2.30,P0|P1|P2|P3|P4|P5|P6|P7|P8|P9|P10|P11|P12|P13|P14|P15,0.743787,15,P15,P6,P11,P15,P0,P10,P14,P15,P8,P13,P15,P7,P12,P15,P6,P11,P15,P0,P10,P14
grating,315,2.30,P0|P1|P2|P3|P4|P5|P6|P7|P8|P9|P10|P11|P12|P13|P14|P15,0.743787,16,P6,P11,P15,P0,P10,P14,P15,P8,P13,P15,P7,P12,P15,P6,P11,P15,P0,P10,P14,P15
grating,315,2.30,P0|P1|P2|P3|P4|P5|P6|P7|P8|P9|P10|P11|P12|P13|P14|P15,0.743787,17,P11,P15,P0,P10,P14,P15,P8,P13,P15,P7,P12,P15,P6,P11,P15,P0,P10,P14,P15,P8
grating,315,2.30,P0|P1|P2|P3|P4|P5|P6|P7|P8|P9|P10|P11|P12|P13|P14|P15,0.743787,18,P15,P0,P10,P14,P15,P8,P13,P15,P7,P12,P15,P6,P11,P15,P0,P10,P14,P15,P8,P13
grating,315,2.30,P0|P1|P2|P3|P4|P5|P6|P7|P8|P9|P10|P11|P12|P13|P14|P15,0.743787,19,P0,P10,P14,P15,P8,P13,P15,P7,P12,P15,P6,P11,P15,P0,P10,P14,P15,P8,P13,P15
grating,135,2.40,P0|P1|P2|P3|P4|P5|P6|P7|P8|P9|P10|P11|P12|P13|P14|P15,0.743001,0,P0,P15,P11,P6,P15,P13,P8,P15,P14,P10,P4,P15,P12,P7,P15,P14,P9,P15,P15,P11
grating,135,2.40,P0|P1|P2|P3|P4|P5|P6|P7|P8|P9|P10|P11|P12|P13|P14|P15,0.743001,1,P15,P11,P6,P15,P13,P8,P15,P14,P10,P4,P15,P12,P7,P15,P14,P9,P15,P15,P11,P6
grating,135,2.40,P0|P1|P2|P3|P4|P5|P6|P7|P8|P9|P10|P11|P12|P13|P14|P15,0.743001,2,P11,P6,P15,P13,P8,P15,P14,P10,P4,P15,P12,P7,P15,P14,P9,P15,P15,P11,P6,P15
grating,135,2.40,P0|P1|P2|P3|P4|P5|P6|P7|P8|P9|P10|P11|P12|P13|P14|P15,0.743001,3,P6,P15,P13,P8,P15,P14,P10,P4,P15,P12,P7,P15,P14,P9,P15,P15,P11,P6,P15,P13
grating,135,2.40,P0|P1|P2|P3|P4|P5|P6|P7|P8|P9|P10|P11|P12|P13|P14|P15,0.743001,4,P15,P13,P8,P15,P14,P10,P4,P15,P12,P7,P15,P14,P9,P15,P15,P11,P6,P15,P13,P8
grating,135,2.40,P0|P1|P2|P3|P4|P5|P6|P7|P8|P9|P10|P11|P12|P13|P14|P15,0.743001,5,P13,P8,P15,P14,P10,P4,P15,P12,P7,P15,P14,P9,P15,P15,P11,P6,P15,P13,P8,P15
grating,135,2.40,P0|P1|P2|P3|P4|P5|P6|P7|P8|P9|P10|P11|P12|P13|P14|P15,0.743001,6,P8,P15,P14,P10,P4,P15,P12,P7,P15,P14,P9,P15,P15,P11,P6,P15,P13,P8,P15,P14
grating,135,2.40,P0|P1|P2|P3|P4|P5|P6|P7|P8|P9|P10|P11|P12|P13|P14|P15,0.743001,7,P15,P14,P10,P4,P15,P12,P7,P15,P14,P9,P15,P15,P11,P6,P15,P13,P8,P15,P14,P10
grating,135,2.40,P0|P1|P2|P3|P4|P5|P6|P7|P8|P9|P10|P11|P12|P13|P14|P15,0.743001,8,P14,P10,P4,P15,P12,P7,P15,P14,P9,P15,P15,P11,P6,P15,P13,P8,P15,P14,P10,P3
grating,135,2.40,P0|P1|P2|P3|P4|P5|P6|P7|P8|P9|P10|P11|P12|P13|P14|P15,0.743001,9,P10,P4,P15,P12,P7,P15,P14,P9,P15,P15,P11,P6,P15,P13,P8,P15,P14,P10,P3,P15
grating,135,2.40,P0|P1|P2|P3|P4|P5|P6|P7|P8|P9|P10|P11|P12|P13|P14|P15,0.743001,10,P4,P15,P12,P7,P15,P14,P9,P15,P15,P11,P6,P15,P13,P8,P15,P14,P10,P3,P15,P12
grating,135,2.40,P0|P1|P2|P3|P4|P5|P6|P7|P8|P9|P10|P11|P12|P13|P14|P15,0.743001,11,P15,P12,P7,P15,P14,P9,P15,P15,P11,P6,P15,P13,P8,P15,P14,P10,P3,P15,P12,P7
grating,135,2.40,P0|P1|P2|P3|P4|P5|P6|P7|P8|P9|P10|P11|P12|P13|P14|P15,0.743001,12,P12,P7,P15,P14,P9,P15,P15,P11,P6,P15,P13,P8,P15,P14,P10,P3,P15,P12,P7,P15
grating,135,2.40,P0|P1|P2|P3|P4|P5|P6|P7|P8|P9|P10|P11|P12|P13|P14|P15,0.743001,13,P7,P15,P14,P9,P15,P15,P11,P6,P15,P13,P8,P15,P14,P10,P3,P15,P12,P7,P15,P14
grating,135,2.40,P0|P1|P2|P3|P4|P5|P6|P7|P8|P9|P10|P11|P12|P13|P14|P15,0.743001,14,P15,P14,P9,P15,P15,P11,P6,P15,P13,P8,P15,P14,P10,P3,P15,P12,P7,P15,P14,P9
grating,135,2.40,P0|P1|P2|P3|P4|P5|P6|P7|P8|P9|P10|P11|P12|P13|P14|P15,0.743001,15,P14,P9,P15,P15,P11,P6,P15,P13,P8,P15,P14,P10,P3,P15,P12,P7,P15,P14,P9,P15
grating,135,2.40,P0|P1|P2|P3|P4|P5|P6|P7|P8|P9|P10|P11|P12|P13|P14|P15,0.743001,16,P9,P15,P15,P11,P6,P15,P13,P8,P15,P14,P10,P3,P15,P12,P7,P15,P14,P9,P15,P15
grating,135,2.40,P0|P1|P2|P3|P4|P5|P6|P7|P8|P9|P10|P11|P12|P13|P14|P15,0.743001,17,P15,P15,P11,P6,P15,P13,P8,P15,P14,P10,P3,P15,P12,P7,P15,P14,P9,P15,P15,P11
grating,135,2.40,P0|P1|P2|P3|P4|P5|P6|P7|P8|P9|P10|P11|P12|P13|P14|P15,0.743001,18,P15,P11,P6,P15,P13,P8,P15,P14,P10,P3,P15,P12,P7,P15,P14,P9,P15,P15,P11,P6
grating,135,2.40,P0|P1|P2|P3|P4|P5|P6|P7|P8|P9|P10|P11|P12|P13|P14|P15,0.743001,19,P11,P6,P15,P13,P8,P15,P14,P10,P3,P15,P12,P7,P15,P14,P9,P15,P15,P11,P6,P15
grating,315,2.40,P0|P1|P2|P3|P4|P5|P6|P7|P8|P9|P10|P11|P12|P13|P14|P15,0.743001,0,P15,P5,P11,P15,P15,P8,P13,P15,P7,P12,P15,P2,P10,P14,P15,P7,P13,P15,P6,P11
grating,315,2.40,P0|P1|P2|P3|P4|P5|P6|P7|P8|P9|P10|P11|P12|P13|P14|P15,0.743001,1,P5,P11,P15,P15,P8,P13,P15,P7,P12,P15,P2,P10,P14,P15,P7,P13,P15,P6,P11,P15
grating,315,2.40,P0|P1|P2|P3|P4|P5|P6|P7|P8|P9|P10|P11|P12|P13|P14|P15,0.743001,2,P11,P15,P15,P8,P13,P15,P7,P12,P15,P2,P10,P14,P15,P7,P13,P15,P6,P11,P15,P15
grating,315,2.40,P0|P1|P2|P3|P4|P5|P6|P7|P8|P9|P10|P11|P12|P13|P14|P15,0.743001,3,P15,P15,P8,P13,P15,P7,P12,P15,P2,P10,P14,P15,P7,P13,P15,P6,P11,P15,P15,P8
grating,315,2.40,P0|P1|P2|P3|P4|P5|P6|P7|P8|P9|P10|P11|P12|P13|P14|P15,0.743001,4,P15,P8,P13,P15,P7,P12,P15,P2,P10,P14,P15,P7,P13,P15,P6,P11,P15,P15,P8,P14
grating,315,2.40,P0|P1|P2|P3|P4|P5|P6|P7|P8|P9|P10|P11|P12|P13|P14|P15,0.743001,5,P8,P13,P15,P7,P12,P15,P2,P10,P14,P15,P7,P13,P15,P6,P11,P15,P15,P8,P14,P15
grating,315,2.40,P0|P1|P2|P3|P4|P5|P6|P7|P8|P9|P10|P11|P12|P13|P14|P15,0.743001,6,P13,P15,P7,P12,P15,P2,P10,P14,P15,P7,P13,P15,P6,P11,P15,P15,P8,P14,P15,P7
grating,315,2.40,P0|P1|P2|P3|P4|P5|P6|P7|P8|P9|P10|P11|P12|P13|P14|P15,0.743001,7,P15,P7,P12,P15,P2,P10,P14,P15,P7,P13,P15,P6,P11,P15,P15,P8,P14,P15,P7,P12
grating,315,2.40,P0|P1|P2|P3|P4|P5|P6|P7|P8|P9|P10|P11|P12|P13|P14|P15,0.743001,8,P7,P12,P15,P2,P10,P14,P15,P7,P13,P15,P6,P11,P15,P15,P8,P14,P15,P7,P12,P15
grating,315,2.40,P0|P1|P2|P3|P4|P5|P6|P7|P8|P9|P10|P11|P12|P13|P14|P15,0.743001,9,P12,P15,P2,P10,P14,P15,P7,P13,P15,P6,P11,P15,P15,P8,P14,P15,P7,P12,P15,P2
grating,315,2.40,P0|P1|P2|P3|P4|P5|P6|P7|P8|P9|P10|P11|P12|P13|P14|P15,0.743001,10,P15,P2,P10,P14,P15,P7,P13,P15,P6,P11,P15,P15,P8,P14,P15,P7,P12,P15,P2,P10
grating,315,2.40,P0|P1|P2|P3|P4|P5|P6|P7|P8|P9|P10|P11|P12|P13|P14|P15,0.743001,11,P2,P10,P14,P15,P7,P13,P15,P6,P11,P15,P15,P8,P14,P15,P7,P12,P15,P2,P10,P14
grating,315,2.40,P0|P1|P2|P3|P4|P5|P6|P7|P8|P9|P10|P11|P12|P13|P14|P15,0.743001,12,P10,P14,P15,P7,P13,P15,P6,P11,P15,P15,P8,P14,P15,P7,P12,P15,P2,P10,P14,P15
grating,315,2.40,P0|P1|P2|P3|P4|P5|P6|P7|P8|P9|P10|P11|P12|P13|P14|P15,0.743001,13,P14,P15,P7,P13,P15,P6,P11,P15,P15,P8,P14,P15,P7,P12,P15,P2,P10,P14,P15,P8
grating,315,2.40,P0|P1|P2|P3|P4|P5|P6|P7|P8|P9|P10|P11|P12|P13|P14|P15,0.743001,14,P15,P7,P13,P15,P6,P11,P15,P15,P8,P14,P15,P7,P12,P15,P2,P10,P14,P15,P8,P13
grating,315,2.40,P0|P1|P2|P3|P4|P5|P6|P7|P8|P9|P10|P11|P12|P13|P14|P15,0.743001,15,P7,P13,P15,P6,P11,P15,P15,P8,P14,P15,P7,P12,P15,P2,P10,P14,P15,P8,P13,P15
grating,315,2.40,P0|P1|P2|P3|P4|P5|P6|P7|P8|P9|P10|P11|P12|P13|P14|P15,0.743001,16,P13,P15,P6,P11,P15,P15,P8,P14,P15,P7,P12,P15,P2,P10,P14,P15,P8,P13,P15,P6
grating,315,2.40,P0|P1|P2|P3|P4|P5|P6|P7|P8|P9|P10|P11|P12|P13|P14|P15,0.743001,17,P15,P6,P11,P15,P15,P8,P14,P15,P7,P12,P15,P2,P10,P14,P15,P8,P13,P15,P6,P11
grating,315,2.40,P0|P1|P2|P3|P4|P5|P6|P7|P8|P9|P10|P11|P12|P13|P14|P15,0.743001,18,P6,P11,P15,P15,P8,P14,P15,P7,P12,P15,P2,P10,P14,P15,P8,P13,P15,P6,P11,P15
grating,315,2.40,P0|P1|P2|P3|P4|P5|P6|P7|P8|P9|P10|P11|P12|P13|P14|P15,0.743001,19,P11,P15,P15,P8,P14,P15,P7,P12,P15,P2,P10,P14,P15,P8,P13,P15,P6,P11,P15,P15
grating,135,2.50,P0|P1|P2|P3|P4|P5|P6|P7|P8|P9|P10|P11|P12|P13|P14|P15,0.743629,0,P0,P15,P12,P7,P15,P14,P9,P1,P15,P12,P7,P15,P14,P10,P3,P15,P12,P7,P15,P14
grating,135,2.50,P0|P1|P2|P3|P4|P5|P6|P7|P8|P9|P10|P11|P12|P13|P14|P15,0.743629,1,P15,P12,P7,P15,P14,P9,P1,P15,P12,P7,P15,P14,P10,P3,P15,P12,P7,P15,P14,P10
grating,135,2.50,P0|P1|P2|P3|P4|P5|P6|P7|P8|P9|P10|P11|P12|P13|P14|P15,0.743629,2,P12,P7,P15,P14,P9,P1,P15,P12,P7,P15,P14,P10,P3,P15,P12,P7,P15,P14,P10,P5
grating,135,2.50,P0|P1|P2|P3|P4|P5|P6|P7|P8|P9|P10|P11|P12|P13|P14|P15,0.743629,3,P7,P15,P14,P9,P1,P15,P12,P7,P15,P14,P10,P3,P15,P12,P7,P15,P14,P10,P5,P15
grating,135,2.50,P0|P1|P2|P3|P4|P5|P6|P7|P8|P9|P10|P11|P12|P13|P14|P15,0.743629,4,P15,P14,P9,P1,P15,P12,P7,P15,P14,P10,P3,P15,P12,P7,P15,P14,P10,P5,P15,P13
grating,135,2.50,P0|P1|P2|P3|P4|P5|P6|P7|P8|P9|P10|P11|P12|P13|P14|P15,0.743629,5,P14,P9,P1,P15,P12,P7,P15,P14,P10,P3,P15,P12,P7,P15,P14,P10,P5,P15,P13,P8
grating,135,2.50,P0|P1|P2|P3|P4|P5|P6|P7|P8|P9|P10|P11|P12|P13|P14|P15,0.743629,6,P9,P1,P15,P12,P7,P15,P14,P10,P3,P15,P12,P7,P15,P14,P10,P5,P15,P13,P8,P15
grating,135,2.50,P0|P1|P2|P3|P4|P5|P6|P7|P8|P9|P10|P11|P12|P13|P14|P15,0.743629,7,P1,P15,P12,P7,P15,P14,P10,P3,P15,P12,P7,P15,P14,P10,P5,P15,P13,P8,P15,P14
grating,135,2.50,P0|P1|P2|P3|P4|P5|P6|P7|P8|P9|P10|P11|P12|P13|P14|P15,0.743629,8,P15,P12,P7,P15,P14,P10,P3,P15,P12,P7,P15,P14,P10,P5,P15,P13,P8,P15,P14,P11
grating,135,2.50,P0|P1|P2|P3|P4|P5|P6|P7|P8|P9|P10|P11|P12|P13|P14|P15,0.743629,9,P12,P7,P15,P14,P10,P3,P15,P12,P7,P15,P14,P10,P5,P15,P13,P8,P15,P14,P11,P6
grating,135,2.50,P0|P1|P2|P3|P4|P5|P6|P7|P8|P9|P10|P11|P12|P13|P14|P15,0.743629,10,P7,P15,P14,P10,P3,P15,P12,P7,P15,P14,P10,P5,P15,P13,P8,P15,P14,P11,P6,P15
grating,135,2.50,P0|P1|P2|P3|P4|P5|P6|P7|P8|P9|P10|P11|P12|P13|P14|P15,0.743629,11,P15,P14,P10,P3,P15,P12,P7,P15,P14,P10,P5,P15,P13,P8,P15,P14,P11,P6,P15,P13
grating,135,2.50,P0|P1|P2|P3|P4|P5|P6|P7|P8|P9|P10|P11|P12|P13|P14|P15,0.743629,12,P14,P10,P3,P15,P12,P7,P15,P14,P10,P5,P15,P13,P8,P15,P14,P11,P6,P15,P13,P8
grating,135,2.50,P0|P1|P2|P3|P4|P5|P6|P7|P8|P9|P10|P11|P12|P13|P14|P15,0.743629,13,P10,P3,P15,P12,P7,P15,P14,P10,P5,P15,P13,P8,P15,P14,P11,P6,P15,P13,P8,P15
grating,135,2.50,P0|P1|P2|P3|P4|P5|P6|P7|P8|P9|P10|P11|P12|P13|P14|P15,0.743629,14,P3,P15,P12,P7,P15,P14,P10,P5,P15,P13,P8,P15,P14,P11,P6,P15,P13,P8,P15,P15
grating,135,2.50,P0|P1|P2|P3|P4|P5|P6|P7|P8|P9|P10|P11|P12|P13|P14|P15,0.743629,15,P15,P12,P7,P15,P14,P10,P5,P15,P13,P8,P15,P14,P11,P6,P15,P13,P8,P15,P15,P11
grating,135,2.50,P0|P1|P2|P3|P4|P5|P6|P7|P8|P9|P10|P11|P12|P13|P14|P15,0.743629,16,P12,P7,P15,P14,P10,P5,P15,P13,P8,P15,P14,P11,P6,P15,P13,P8,P15,P15,P11,P6
grating,135,2.50,P0|P1|P2|P3|P4|P5|P6|P7|P8|P9|P10|P11|P12|P13|P14|P15,0.743629,17,P7,P15,P14,P10,P5,P15,P13,P8,P15,P14,P11,P6,P15,P13,P8,P15,P15,P11,P6,P15
grating,135,2.50,P0|P1|P2|P3|P4|P5|P6|P7|P8|P9|P10|P11|P12|P13|P14|P15,0.743629,18,P15,P14,P10,P5,P15,P13,P8,P15,P14,P11,P6,P15,P13,P8,P15,P15,P11,P6,P15,P13
grating,135,2.50,P0|P1|P2|P3|P4|P5|P6|P7|P8|P9|P10|P11|P12|P13|P14|P15,0.743629,19,P14,P10,P5,P15,P13,P8,P15,P14,P11,P6,P15,P13,P8,P15,P15,P11,P6,P15,P13,P8
grating,315,2.50,P0|P1|P2|P3|P4|P5|P6|P7|P8|P9|P10|P11|P12|P13|P14|P15,0.743629,0,P7,P12,P15,P3,P10,P14,P15,P7,P12,P15,P1,P9,P14,P15,P7,P12,P15,P15,P9,P14
grating,315,2.50,P0|P1|P2|P3|P4|P5|P6|P7|P8|P9|P10|P11|P12|P13|P14|P15,0.743629,1,P12,P15,P3,P10,P14,P15,P7,P12,P15,P1,P9,P14,P15,P7,P12,P15,P15,P9,P14,P15
grating,315,2.50,P0|P1|P2|P3|P4|P5|P6|P7|P8|P9|P10|P11|P12|P13|P14|P15,0.743629,2,P15,P3,P10,P14,P15,P7,P12,P15,P1,P9,P14,P15,P7,P12,P15,P15,P9,P14,P15,P7
grating,315,2.50,P0|P1|P2|P3|P4|P5|P6|P7|P8|P9|P10|P11|P12|P13|P14|P15,0.743629,3,P3,P10,P14,P15,P7,P12,P15,P1,P9,P14,P15,P7,P12,P15,P15,P9,P14,P15,P7,P11
grating,315,2.50,P0|P1|P2|P3|P4|P5|P6|P7|P8|P9|P10|P11|P12|P13|P14|P15,0.743629,4,P10,P14,P15,P7,P12,P15,P1,P9,P14,P15,P7,P12,P15,P15,P9,P14,P15,P7,P11,P15
grating,315,2.50,P0|P1|P2|P3|P4|P5|P6|P7|P8|P9|P10|P11|P12|P13|P14|P15,0.743629,5,P14,P15,P7,P12,P15,P1,P9,P14,P15,P7,P12,P15,P15,P9,P14,P15,P7,P11,P15,P15
grating,315,2.50,P0|P1|P2|P3|P4|P5|P6|P7|P8|P9|P10|P11|P12|P13|P14|P15,0.743629,6,P15,P7,P12,P15,P1,P9,P14,P15,P7,P12,P15,P15,P9,P14,P15,P7,P11,P15,P15,P8
grating,315,2.50,P0|P1|P2|P3|P4|P5|P6|P7|P8|P9|P10|P11|P12|P13|P14|P15,0.743629,7,P7,P12,P15,P1,P9,P14,P15,P7,P12,P15,P15,P9,P14,P15,P7,P11,P15,P15,P8,P13
grating,315,2.50,P0|P1|P2|P3|P4|P5|P6|P7|P8|P9|P10|P11|P12|P13|P14|P15,0.743629,8,P12,P15,P1,P9,P14,P15,P7,P12,P15,P15,P9,P14,P15,P7,P11,P15,P15,P8,P13,P15
grating,315,2.50,P0|P1|P2|P3|P4|P5|P6|P7|P8|P9|P10|P11|P12|P13|P14|P15,0.743629,9,P15,P1,P9,P14,P15,P7,P12,P15,P15,P9,P14,P15,P7,P11,P15,P15,P8,P13,P15,P6
grating,315,2.50,P0|P1|P2|P3|P4|P5|P6|P7|P8|P9|P10|P11|P12|P13|P14|P15,0.743629,10,P1,P9,P14,P15,P7,P12,P15,P15,P9,P14,P15,P7,P11,P15,P15,P8,P13,P15,P6,P11
grating,315,2.50,P0|P1|P2|P3|P4|P5|P6|P7|P8|P9|P10|P11|P12|P13|P14|P15,0.743629,11,P9,P14,P15,P7,P12,P15,P15,P9,P14,P15,P7,P11,P15,P15,P8,P13,P15,P6,P11,P15
grating,315,2.50,P0|P1|P2|P3|P4|P5|P6|P7|P8|P9|P10|P11|P12|P13|P14|P15,0.743629,12,P14,P15,P7,P12,P15,P15,P9,P14,P15,P7,P11,P15,P15,P8,P13,P15,P6,P11,P15,P15
grating,315,2.50,P0|P1|P2|P3|P4|P5|P6|P7|P8|P9|P10|P11|P12|P13|P14|P15,0.743629,13,P15,P7,P12,P15,P15,P9,P14,P15,P7,P11,P15,P15,P8,P13,P15,P6,P11,P15,P15,P8
grating,315,2.50,P0|P1|P2|P3|P4|P5|P6|P7|P8|P9|P10|P11|P12|P13|P14|P15,0.743629,14,P7,P12,P15,P15,P9,P14,P15,P7,P11,P15,P15,P8,P13,P15,P6,P11,P15,P15,P8,P13
grating,315,2.50,P0|P1|P2|P3|P4|P5|P6|P7|P8|P9|P10|P11|P12|P13|P14|P15,0.743629,15,P12,P15,P15,P9,P14,P15,P7,P11,P15,P15,P8,P13,P15,P6,P11,P15,P15,P8,P13,P15
grating,315,2.50,P0|P1|P2|P3|P4|P5|P6|P7|P8|P9|P10|P11|P12|P13|P14|P15,0.743629,16,P15,P15,P9,P14,P15,P7,P11,P15,P15,P8,P13,P15,P6,P11,P15,P15,P8,P13,P15,P6
grating,315,2.50,P0|P1|P2|P3|P4|P5|P6|P7|P8|P9|P10|P11|P12|P13|P14|P15,0.743629,17,P15,P9,P14,P15,P7,P11,P15,P15,P8,P13,P15,P6,P11,P15,P15,P8,P13,P15,P6,P11
grating,315,2.50,P0|P1|P2|P3|P4|P5|P6|P7|P8|P9|P10|P11|P12|P13|P14|P15,0.743629,18,P9,P14,P15,P7,P11,P15,P15,P8,P13,P15,P6,P11,P15,P15,P8,P13,P15,P6,P11,P14
grating,315,2.50,P0|P1|P2|P3|P4|P5|P6|P7|P8|P9|P10|P11|P12|P13|P14|P15,0.743629,19,P14,P15,P7,P11,P15,P15,P8,P13,P15,P6,P11,P15,P15,P8,P13,P15,P6,P11,P14,P15
grating,135,2.60,P0|P1|P2|P3|P4|P5|P6|P7|P8|P9|P10|P11|P12|P13|P14|P15,0.743424,0,P0,P15,P12,P7,P15,P14,P11,P6,P15,P13,P9,P0,P15,P12,P7,P15,P14,P11,P6,P15
grating,135,2.60,P0|P1|P2|P3|P4|P5|P6|P7|P8|P9|P10|P11|P12|P13|P14|P15,0.743424,1,P15,P12,P7,P15,P14,P11,P6,P15,P13,P9,P0,P15,P12,P7,P15,P14,P11,P6,P15,P14
grating,135,2.60,P0|P1|P2|P3|P4|P5|P6|P7|P8|P9|P10|P11|P12|P13|P14|P15,0.743424,2,P12,P7,P15,P14,P11,P6,P15,P13,P9,P0,P15,P12,P7,P15,P14,P11,P6,P15,P14,P9
grating,135,2.60,P0|P1|P2|P3|P4|P5|P6|P7|P8|P9|P10|P11|P12|P13|P14|P15,0.743424,3,P7,P15,P14,P11,P6,P15,P13,P9,P0,P15,P12,P7,P15,P14,P11,P6,P15,P14,P9,P1
grating,135,2.60,P0|P1|P2|P3|P4|P5|P6|P7|P8|P9|P10|P11|P12|P13|P14|P15,0.743424,4,P15,P14,P11,P6,P15,P13,P9,P0,P15,P12,P7,P15,P14,P11,P6,P15,P14,P9,P1,P15
grating,135,2.60,P0|P1|P2|P3|P4|P5|P6|P7|P8|P9|P10|P11|P12|P13|P14|P15,0.743424,5,P14,P11,P6,P15,P13,P9,P0,P15,P12,P7,P15,P14,P11,P6,P15,P14,P9,P1,P15,P12
grating,135,2.60,P0|P1|P2|P3|P4|P5|P6|P7|P8|P9|P10|P11|P12|P13|P14|P15,0.743424,6,P11,P6,P15,P13,P9,P0,P15,P12,P7,P15,P14,P11,P6,P15,P14,P9,P1,P15,P12,P7
grating,135,2.60,P0|P1|P2|P3|P4|P5|P6|P7|P8|P9|P10|P11|P12|P13|P14|P15,0.743424,7,P6,P15,P13,P9,P0,P15,P12,P7,P15,P14,P11,P6,P15,P14,P9,P1,P15,P12,P7,P15
grating,135,2.60,P0|P1|P2|P3|P4|P5|P6|P7|P8|P9|P10|P11|P12|P13|P14|P15,0.743424,8,P15,P13,P9,P0,P15,P12,P7,P15,P14,P11,P6,P15,P14,P9,P1,P15,P12,P7,P15,P14
grating,135,2.60,P0|P1|P2|P3|P4|P5|P6|P7|P8|P9|P10|P11|P12|P13|P14|P15,0.743424,9,P13,P9,P0,P15,P12,P7,P15,P14,P11,P6,P15,P14,P9,P1,P15,P12,P7,P15,P14,P11
grating,135,2.60,P0|P1|P2|P3|P4|P5|P6|P7|P8|P9|P10|P11|P12|P13|P14|P15,0.743424,10,P9,P0,P15,P12,P7,P15,P14,P11,P6,P15,P14,P9,P1,P15,P12,P7,P15,P14,P11,P6
grating,135,2.60,P0|P1|P2|P3|P4|P5|P6|P7|P8|P9|P10|P11|P12|P13|P14|P15,0.743424,11,P0,P15,P12,P7,P15,P14,P11,P6,P15,P14,P9,P1,P15,P12,P7,P15,P14,P11,P6,P15
grating,135,2.60,P0|P1|P2|P3|P4|P5|P6|P7|P8|P9|P10|P11|P12|P13|P14|P15,0.743424,12,P15,P12,P7,P15,P14,P11,P6,P15,P14,P9,P1,P15,P12,P7,P15,P14,P11,P6,P15,P14
grating,135,2.60,P0|P1|P2|P3|P4|P5|P6|P7|P8|P9|P10|P11|P12|P13|P14|P15,0.743424,13,P12,P7,P15,P14,P11,P6,P15,P14,P9,P1,P15,P12,P7,P15,P14,P11,P6,P15,P14,P9
grating,135,2.60,P0|P1|P2|P3|P4|P5|P6|P7|P8|P9|P10|P11|P12|P13|P14|P15,0.743424,14,P7,P15,P14,P11,P6,P15,P14,P9,P1,P15,P12,P7,P15,P14,P11,P6,P15,P14,P9,P2
grating,135,2.60,P0|P1|P2|P3|P4|P5|P6|P7|P8|P9|P10|P11|P12|P13|P14|P15,0.743424,15,P15,P14,P11,P6,P15,P14,P9,P1,P15,P12,P7,P15,P14,P11,P6,P15,P14,P9,P2,P15
grating,135,2.60,P0|P1|P2|P3|P4|P5|P6|P7|P8|P9|P10|P11|P12|P13|P14|P15,0.743424,16,P14,P11,P6,P15,P14,P9,P1,P15,P12,P7,P15,P14,P11,P6,P15,P14,P9,P2,P15,P12
grating,135,2.60,P0|P1|P2|P3|P4|P5|P6|P7|P8|P9|P10|P11|P12|P13|P14|P15,0.743424,17,P11,P6,P15,P14,P9,P1,P15,P12,P7,P15,P14,P11,P6,P15,P14,P9,P2,P15,P12,P8
grating,135,2.60,P0|P1|P2|P3|P4|P5|P6|P7|P8|P9|P10|P11|P12|P13|P14|P15,0.743424,18,P6,P15,P14,P9,P1,P15,P12,P7,P15,P14,P11,P6,P15,P14,P9,P2,P15,P12,P8,P15
grating,135,2.60,P0|P1|P2|P3|P4|P5|P6|P7|P8|P9|P10|P11|P12|P13|P14|P15,0.743424,19,P15,P14,P9,P1,P15,P12,P7,P15,P14,P11,P6,P15,P14,P9,P2,P15,P12,P8,P15,P15
grating,315,2.60,P0|P1|P2|P3|P4|P5|P6|P7|P8|P9|P10|P11|P12|P13|P14|P15,0.743424,0,P14,P15,P7,P12,P15,P0,P9,P13,P15,P6,P11,P14,P15,P7,P12,P15,P15,P8,P13,P15
grating,315,2.60,P0|P1|P2|P3|P4|P5|P6|P7|P8|P9|P10|P11|P12|P13|P14|P15,0.743424,1,P15,P7,P12,P15,P0,P9,P13,P15,P6,P11,P14,P15,P7,P12,P15,P15,P8,P13,P15,P6
grating,315,2.60,P0|P1|P2|P3|P4|P5|P6|P7|P8|P9|P10|P11|P12|P13|P14|P15,0.743424,2,P7,P12,P15,P0,P9,P13,P15,P6,P11,P14,P15,P7,P12,P15,P15,P8,P13,P15,P6,P11
grating,315,2.60,P0|P1|P2|P3|P4|P5|P6|P7|P8|P9|P10|P11|P12|P13|P14|P15,0.743424,3,P12,P15,P0,P9,P13,P15,P6,P11,P14,P15,P7,P12,P15,P15,P8,P13,P15,P6,P11,P14
grating,315,2.60,P0|P1|P2|P3|P4|P5|P6|P7|P8|P9|P10|P11|P12|P13|P14|P15,0.743424,4,P15,P0,P9,P13,P15,P6,P11,P14,P15,P7,P12,P15,P15,P8,P13,P15,P6,P11,P14,P15
grating,315,2.60,P0|P1|P2|P3|P4|P5|P6|P7|P8|P9|P10|P11|P12|P13|P14|P15,0.743424,5,P0,P9,P13,P15,P6,P11,P14,P15,P7,P12,P15,P15,P8,P13,P15,P6,P11,P14,P15,P7
grating,315,2.60,P0|P1|P2|P3|P4|P5|P6|P7|P8|P9|P10|P11|P12|P13|P14|P15,0.743424,6,P9,P13,P15,P6,P11,P14,P15,P7,P12,P15,P15,P8,P13,P15,P6,P11,P14,P15,P7,P12
grating,315,2.60,P0|P1|P2|P3|P4|P5|P6|P7|P8|P9|P10|P11|P12|P13|P14|P15,0.743424,7,P13,P15,P6,P11,P14,P15,P7,P12,P15,P15,P8,P13,P15,P6,P11,P14,P15,P7,P12,P15
grating,315,2.60,P0|P1|P2|P3|P4|P5|P6|P7|P8|P9|P10|P11|P12|P13|P14|P15,0.743424,8,P15,P6,P11,P14,P15,P7,P12,P15,P15,P8,P13,P15,P6,P11,P14,P15,P7,P12,P15,P15
grating,315,2.60,P0|P1|P2|P3|P4|P5|P6|P7|P8|P9|P10|P11|P12|P13|P14|P15,0.743424,9,P6,P11,P14,P15,P7,P12,P15,P15,P8,P13,P15,P6,P11,P14,P15,P7,P12,P15,P15,P8
grating,315,2.60,P0|P1|P2|P3|P4|P5|P6|P7|P8|P9|P10|P11|P12|P13|P14|P15,0.743424,10,P11,P14,P15,P7,P12,P15,P15,P8,P13,P15,P6,P11,P14,P15,P7,P12,P15,P15,P8,P13
grating,315,2.60,P0|P1|P2|P3|P4|P5|P6|P7|P8|P9|P10|P11|P12|P13|P14|P15,0.743424,11,P14,P15,P7,P12,P15,P15,P8,P13,P15,P6,P11,P14,P15,P7,P12,P15,P15,P8,P13,P15
grating,315,2.60,P0|P1|P2|P3|P4|P5|P6|P7|P8|P9|P10|P11|P12|P13|P14|P15,0.743424,12,P15,P7,P12,P15,P15,P8,P13,P15,P6,P11,P14,P15,P7,P12,P15,P15,P8,P13,P15,P5
grating,315,2.60,P0|P1|P2|P3|P4|P5|P6|P7|P8|P9|P10|P11|P12|P13|P14|P15,0.743424,13,P7,P12,P15,P15,P8,P13,P15,P6,P11,P14,P15,P7,P12,P15,P15,P8,P13,P15,P5,P10
grating,315,2.60,P0|P1|P2|P3|P4|P5|P6|P7|P8|P9|P10|P11|P12|P13|P14|P15,0.743424,14,P12,P15,P15,P8,P13,P15,P6,P11,P14,P15,P7,P12,P15,P15,P8,P13,P15,P5,P10,P14
grating,315,2.60,P0|P1|P2|P3|P4|P5|P6|P7|P8|P9|P10|P11|P12|P13|P14|P15,0.743424,15,P15,P15,P8,P13,P15,P6,P11,P14,P15,P7,P12,P15,P15,P8,P13,P15,P5,P10,P14,P15
grating,315,2.60,P0|P1|P2|P3|P4|P5|P6|P7|P8|P9|P10|P11|P12|P13|P14|P15,0.743424,16,P15,P8,P13,P15,P6,P11,P14,P15,P7,P12,P15,P15,P8,P13,P15,P5,P10,P14,P15,P7
grating,315,2.60,P0|P1|P2|P3|P4|P5|P6|P7|P8|P9|P10|P11|P12|P13|P14|P15,0.743424,17,P8,P13,P15,P6,P11,P14,P15,P7,P12,P15,P15,P8,P13,P15,P5,P10,P14,P15,P7,P12
grating,315,2.60,P0|P1|P2|P3|P4|P5|P6|P7|P8|P9|P10|P11|P12|P13|P14|P15,0.743424,18,P13,P15,P6,P11,P14,P15,P7,P12,P15,P15,P8,P13,P15,P5,P10,P14,P15,P7,P12,P15
grating,315,2.60,P0|P1|P2|P3|P4|P5|P6|P7|P8|P9|P10|P11|P12|P13|P14|P15,0.743424,19,P15,P6,P11,P14,P15,P7,P12,P15,P15,P8,P13,P15,P5,P10,P14,P15,P7,P12,P15,P15
grating,135,2.70,P0|P1|P2|P3|P4|P5|P6|P7|P8|P9|P10|P11|P12|P13|P14|P15,0.743161,0,P0,P15,P12,P8,P15,P15,P12,P7,P15,P14,P11,P7,P15,P14,P10,P5,P15,P13,P9,P2
grating,135,2.70,P0|P1|P2|P3|P4|P5|P6|P7|P8|P9|P10|P11|P12|P13|P14|P15,0.743161,1,P15,P12,P8,P15,P15,P12,P7,P15,P14,P11,P7,P15,P14,P10,P5,P15,P13,P9,P2,P15
grating,135,2.70,P0|P1|P2|P3|P4|P5|P6|P7|P8|P9|P10|P11|P12|P13|P14|P15,0.743161,2,P12,P8,P15,P15,P12,P7,P15,P14,P11,P7,P15,P14,P10,P5,P15,P13,P9,P2,P15,P13
grating,135,2.70,P0|P1|P2|P3|P4|P5|P6|P7|P8|P9|P10|P11|P12|P13|P14|P15,0.743161,3,P8,P15,P15,P12,P7,P15,P14,P11,P7,P15,P14,P10,P5,P15,P13,P9,P2,P15,P13,P8
grating,135,2.70,P0|P1|P2|P3|P4|P5|P6|P7|P8|P9|P10|P11|P12|P13|P14|P15,0.743161,4,P15,P15,P12,P7,P15,P14,P11,P7,P15,P14,P10,P5,P15,P13,P9,P2,P15,P13,P8,P15
grating,135,2.70,P0|P1|P2|P3|P4|P5|P6|P7|P8|P9|P10|P11|P12|P13|P14|P15,0.743161,5,P15,P12,P7,P15,P14,P11,P7,P15,P14,P10,P5,P15,P13,P9,P2,P15,P13,P8,P15,P15
grating,135,2.70,P0|P1|P2|P3|P4|P5|P6|P7|P8|P9|P10|P11|P12|P13|P14|P15,0.743161,6,P12,P7,P15,P14,P11,P7,P15,P14,P10,P5,P15,P13,P9,P2,P15,P13,P8,P15,P15,P12
grating,135,2.70,P0|P1|P2|P3|P4|P5|P6|P7|P8|P9|P10|P11|P12|P13|P14|P15,0.743161,7,P7,P15,P14,P11,P7,P15,P14,P10,P5,P15,P13,P9,P2,P15,P13,P8,P15,P15,P12,P7
grating,135,2.70,P0|P1|P2|P3|P4|P5|P6|P7|P8|P9|P10|P11|P12|P13|P14|P15,0.743161,8,P15,P14,P11,P7,P15,P14,P10,P5,P15,P13,P9,P2,P15,P13,P8,P15,P15,P12,P7,P15
grating,135,2.70,P0|P1|P2|P3|P4|P5|P6|P7|P8|P9|P10|P11|P12|P13|P14|P15,0.743161,9,P14,P11,P7,P15,P14,P10,P5,P15,P13,P9,P2,P15,P13,P8,P15,P15,P12,P7,P15,P15
grating,135,2.70,P0|P1|P2|P3|P4|P5|P6|P7|P8|P9|P10|P11|P12|P13|P14|P15,0.743161,10,P11,P7,P15,P14,P10,P5,P15,P13,P9,P2,P15,P13,P8,P15,P15,P12,P7,P15,P15,P11
grating,135,2.70,P0|P1|P2|P3|P4|P5|P6|P7|P8|P9|P10|P11|P12|P13|P14|P15,0.743161,11,P7,P15,P14,P10,P5,P15,P13,P9,P2,P15,P13,P8,P15,P15,P12,P7,P15,P15,P11,P7
grating,135,2.70,P0|P1|P2|P3|P4|P5|P6|P7|P8|P9|P10|P11|P12|P13|P14|P15,0.743161,12,P15,P14,P10,P5,P15,P13,P9,P2,P15,P13,P8,P15,P15,P12,P7,P15,P15,P11,P7,P15
grating,135,2.70,P0|P1|P2|P3|P4|P5|P6|P7|P8|P9|P10|P11|P12|P13|P14|P15,0.743161,13,P14,P10,P5,P15,P13,P9,P2,P15,P13,P8,P15,P15,P12,P7,P15,P15,P11,P7,P15,P14
grating,135,2.70,P0|P1|P2|P3|P4|P5|P6|P7|P8|P9|P10|P11|P12|P13|P14|P15,0.743161,14,P10,P5,P15,P13,P9,P2,P15,P13,P8,P15,P15,P12,P7,P15,P15,P11,P7,P15,P14,P11
grating,135,2.70,P0|P1|P2|P3|P4|P5|P6|P7|P8|P9|P10|P11|P12|P13|P14|P15,0.743161,15,P5,P15,P13,P9,P2,P15,P13,P8,P15,P15,P12,P7,P15,P15,P11,P7,P15,P14,P11,P6
grating,135,2.70,P0|P1|P2|P3|P4|P5|P6|P7|P8|P9|P10|P11|P12|P13|P14|P15,0.743161,16,P15,P13,P9,P2,P15,P13,P8,P15,P15,P12,P7,P15,P15,P11,P7,P15,P14,P11,P6,P15
grating,135,2.70,P0|P1|P2|P3|P4|P5|P6|P7|P8|P9|P10|P11|P12|P13|P14|P15,0.743161,17,P13,P9,P2,P15,P13,P8,P15,P15,P12,P7,P15,P15,P11,P7,P15,P14,P11,P6,P15,P14
grating,135,2.70,P0|P1|P2|P3|P4|P5|P6|P7|P8|P9|P10|P11|P12|P13|P14|P15,0.743161,18,P9,P2,P15,P13,P8,P15,P15,P12,P7,P15,P15,P11,P7,P15,P14,P11,P6,P15,P14,P10
grating,135,2.70,P0|P1|P2|P3|P4|P5|P6|P7|P8|P9|P10|P11|P12|P13|P14|P15,0.743161,19,P2,P15,P13,P8,P15,P15,P12,P7,P15,P15,P11,P7,P15,P14,P11,P6,P15,P14,P10,P4
grating,315,2.70,P0|P1|P2|P3|P4|P5|P6|P7|P8|P9|P10|P11|P12|P13|P14|P15,0.743161,0,P11,P14,P15,P7,P11,P15,P15,P7,P12,P15,P15,P8,P13,P15,P2,P9,P13,P15,P5,P10
grating,315,2.70,P0|P1|P2|P3|P4|P5|P6|P7|P8|P9|P10|P11|P12|P13|P14|P15,0.743161,1,P14,P15,P7,P11,P15,P15,P7,P12,P15,P15,P8,P13,P15,P2,P9,P13,P15,P5,P10,P14
grating,315,2.70,P0|P1|P2|P3|P4|P5|P6|P7|P8|P9|P10|P11|P12|P13|P14|P15,0.743161,2,P15,P7,P11,P15,P15,P7,P12,P15,P15,P8,P13,P15,P2,P9,P13,P15,P5,P10,P14,P15
grating,315,2.70,P0|P1|P2|P3|P4|P5|P6|P7|P8|P9|P10|P11|P12|P13|P14|P15,0.743161,3,P7,P11,P15,P15,P7,P12,P15,P15,P8,P13,P15,P2,P9,P13,P15,P5,P10,P14,P15,P7
grating,315,2.70,P0|P1|P2|P3|P4|P5|P6|P7|P8|P9|P10|P11|P12|P13|P14|P15,0.743161,4,P11,P15,P15,P7,P12,P15,P15,P8,P13,P15,P2,P9,P13,P15,P5,P10,P14,P15,P7,P11
grating,315,2.70,P0|P1|P2|P3|P4|P5|P6|P7|P8|P9|P10|P11|P12|P13|P14|P15,0.743161,5,P15,P15,P7,P12,P15,P15,P8,P13,P15,P2,P9,P13,P15,P5,P10,P14,P15,P7,P11,P14
grating,315,2.70,P0|P1|P2|P3|P4|P5|P6|P7|P8|P9|P10|P11|P12|P13|P14|P15,0.743161,6,P15,P7,P12,P15,P15,P8,P13,P15,P2,P9,P13,P15,P5,P10,P14,P15,P7,P11,P14,P15
grating,315,2.70,P0|P1|P2|P3|P4|P5|P6|P7|P8|P9|P10|P11|P12|P13|P14|P15,0.743161,7,P7,P12,P15,P15,P8,P13,P15,P2,P9,P13,P15,P5,P10,P14,P15,P7,P11,P14,P15,P7
grating,315,2.70,P0|P1|P2|P3|P4|P5|P6|P7|P8|P9|P10|P11|P12|P13|P14|P15,0.743161,8,P12,P15,P15,P8,P13,P15,P2,P9,P13,P15,P5,P10,P14,P15,P7,P11,P14,P15,P7,P12
grating,315,2.70,P0|P1|P2|P3|P4|P5|P6|P7|P8|P9|P10|P11|P12|P13|P14|P15,0.743161,9,P15,P15,P8,P13,P15,P2,P9,P13,P15,P5,P10,P14,P15,P7,P11,P14,P15,P7,P12,P15
grating,315,2.70,P0|P1|P2|P3|P4|P5|P6|P7|P8|P9|P10|P11|P12|P13|P14|P15,0.743161,10,P15,P8,P13,P15,P2,P9,P13,P15,P5,P10,P14,P15,P7,P11,P14,P15,P7,P12,P15,P15
grating,315,2.70,P0|P1|P2|P3|P4|P5|P6|P7|P8|P9|P10|P11|P12|P13|P14|P15,0.743161,11,P8,P13,P15,P2,P9,P13,P15,P5,P10,P14,P15,P7,P11,P14,P15,P7,P12,P15,P15,P8
grating,315,2.70,P0|P1|P2|P3|P4|P5|P6|P7|P8|P9|P10|P11|P12|P13|P14|P15,0.743161,12,P13,P15,P2,P9,P13,P15,P5,P10,P14,P15,P7,P11,P14,P15,P7,P12,P15,P15,P8,P12
grating,315,2.70,P0|P1|P2|P3|P4|P5|P6|P7|P8|P9|P10|P11|P12|P13|P14|P15,0.743161,13,P15,P2,P9,P13,P15,P5,P10,P14,P15,P7,P11,P14,P15,P7,P12,P15,P15,P8,P12,P15
grating,315,2.70,P0|P1|P2|P3|P4|P5|P6|P7|P8|P9|P10|P11|P12|P13|P14|P15,0.743161,14,P2,P9,P13,P15,P5,P10,P14,P15,P7,P11,P14,P15,P7,P12,P15,P15,P8,P12,P15,P0
grating,315,2.70,P0|P1|P2|P3|P4|P5|P6|P7|P8|P9|P10|P11|P12|P13|P14|P15,0.743161,15,P9,P13,P15,P5,P10,P14,P15,P7,P11,P14,P15,P7,P12,P15,P15,P8,P12,P15,P0,P8
grating,315,2.70,P0|P1|P2|P3|P4|P5|P6|P7|P8|P9|P10|P11|P12|P13|P14|P15,0.743161,16,P13,P15,P5,P10,P14,P15,P7,P11,P14,P15,P7,P12,P15,P15,P8,P12,P15,P0,P8,P13
grating,315,2.70,P0|P1|P2|P3|P4|P5|P6|P7|P8|P9|P10|P11|P12|P13|P14|P15,0.743161,17,P15,P5,P10,P14,P15,P7,P11,P14,P15,P7,P12,P15,P15,P8,P12,P15,P0,P8,P13,P15
grating,315,2.70,P0|P1|P2|P3|P4|P5|P6|P7|P8|P9|P10|P11|P12|P13|P14|P15,0.743161,18,P5,P10,P14,P15,P7,P11,P14,P15,P7,P12,P15,P15,P8,P12,P15,P0,P8,P13,P15,P4
grating,315,2.70,P0|P1|P2|P3|P4|P5|P6|P7|P8|P9|P10|P11|P12|P13|P14|P15,0.743161,19,P10,P14,P15,P7,P11,P14,P15,P7,P12,P15,P15,P8,P12,P15,P0,P8,P13,P15,P4,P10
grating,135,2.80,P0|P1|P2|P3|P4|P5|P6|P7|P8|P9|P10|P11|P12|P13|P14|P15,0.742830,0,P0,P15,P13,P8,P15,P15,P13,P8,P15,P15,P12,P8,P15,P15,P12,P8,P15,P15,P12,P7
grating,135,2.80,P0|P1|P2|P3|P4|P5|P6|P7|P8|P9|P10|P11|P12|P13|P14|P15,0.742830,1,P15,P13,P8,P15,P15,P13,P8,P15,P15,P12,P8,P15,P15,P12,P8,P15,P15,P12,P7,P15
grating,135,2.80,P0|P1|P2|P3|P4|P5|P6|P7|P8|P9|P10|P11|P12|P13|P14|P15,0.742830,2,P13,P8,P15,P15,P13,P8,P15,P15,P12,P8,P15,P15,P12,P8,P15,P15,P12,P7,P15,P15
grating,135,2.80,P0|P1|P2|P3|P4|P5|P6|P7|P8|P9|P10|P11|P12|P13|P14|P15,0.742830,3,P8,P15,P15,P13,P8,P15,P15,P12,P8,P15,P15,P12,P8,P15,P15,P12,P7,P15,P15,P12
grating,135,2.80,P0|P1|P2|P3|P4|P5|P6|P7|P8|P9|P10|P11|P12|P13|P14|P15,0.742830,4,P15,P15,P13,P8,P15,P15,P12,P8,P15,P15,P12,P8,P15,P15,P12,P7,P15,P15,P12,P7
grating,135,2.80,P0|P1|P2|P3|P4|P5|P6|P7|P8|P9|P10|P11|P12|P13|P14|P15,0.742830,5,P15,P13,P8,P15,P15,P12,P8,P15,P15,P12,P8,P15,P15,P12,P7,P15,P15,P12,P7,P15
grating,135,2.80,P0|P1|P2|P3|P4|P5|P6|P7|P8|P9|P10|P11|P12|P13|P14|P15,0.742830,6,P13,P8,P15,P15,P12,P8,P15,P15,P12,P8,P15,P15,P12,P7,P15,P15,P12,P7,P15,P15
grating,135,2.80,P0|P1|P2|P3|P4|P5|P6|P7|P8|P9|P10|P11|P12|P13|P14|P15,0.742830,7,P8,P15,P15,P12,P8,P15,P15,P12,P8,P15,P15,P12,P7,P15,P15,P12,P7,P15,P15,P12
grating,135,2.80,P0|P1|P2|P3|P4|P5|P6|P7|P8|P9|P10|P11|P12|P13|P14|P15,0.742830,8,P15,P15,P12,P8,P15,P15,P12,P8,P15,P15,P12,P7,P15,P15,P12,P7,P15,P15,P12,P7
grating,135,2.80,P0|P1|P2|P3|P4|P5|P6|P7|P8|P9|P10|P11|P12|P13|P14|P15,0.742830,9,P15,P12,P8,P15,P15,P12,P8,P15,P15,P12,P7,P15,P15,P12,P7,P15,P15,P12,P7,P15
grating,135,2.80,P0|P1|P2|P3|P4|P5|P6|P7|P8|P9|P10|P11|P12|P13|P14|P15,0.742830,10,P12,P8,P15,P15,P12,P8,P15,P15,P12,P7,P15,P15,P12,P7,P15,P15,P12,P7,P15,P15
grating,135,2.80,P0|P1|P2|P3|P4|P5|P6|P7|P8|P9|P10|P11|P12|P13|P14|P15,0.742830,11,P8,P15,P15,P12,P8,P15,P15,P12,P7,P15,P15,P12,P7,P15,P15,P12,P7,P15,P15,P12
grating,135,2.80,P0|P1|P2|P3|P4|P5|P6|P7|P8|P9|P10|P11|P12|P13|P14|P15,0.742830,12,P15,P15,P12,P8,P15,P15,P12,P7,P15,P15,P12,P7,P15,P15,P12,P7,P15,P15,P12,P7
grating,135,2.80,P0|P1|P2|P3|P4|P5|P6|P7|P8|P9|P10|P11|P12|P13|P14|P15,0.742830,13,P15,P12,P8,P15,P15,P12,P7,P15,P15,P12,P7,P15,P15,P12,P7,P15,P15,P12,P7,P15
grating,135,2.80,P0|P1|P2|P3|P4|P5|P6|P7|P8|P9|P10|P11|P12|P13|P14|P15,0.742830,14,P12,P8,P15,P15,P12,P7,P15,P15,P12,P7,P15,P15,P12,P7,P15,P15,P12,P7,P15,P15
grating,135,2.80,P0|P1|P2|P3|P4|P5|P6|P7|P8|P9|P10|P11|P12|P13|P14|P15,0.742830,15,P8,P15,P15,P12,P7,P15,P15,P12,P7,P15,P15,P12,P7,P15,P15,P12,P7,P15,P15,P11
grating,135,2.80,P0|P1|P2|P3|P4|P5|P6|P7|P8|P9|P10|P11|P12|P13|P14|P15,0.742830,16,P15,P15,P12,P7,P15,P15,P12,P7,P15,P15,P12,P7,P15,P15,P12,P7,P15,P15,P11,P7
grating,135,2.80,P0|P1|P2|P3|P4|P5|P6|P7|P8|P9|P10|P11|P12|P13|P14|P15,0.742830,17,P15,P12,P7,P15,P15,P12,P7,P15,P15,P12,P7,P15,P15,P12,P7,P15,P15,P11,P7,P15
grating,135,2.80,P0|P1|P2|P3|P4|P5|P6|P7|P8|P9|P10|P11|P12|P13|P14|P15,0.742830,18,P12,P7,P15,P15,P12,P7,P15,P15,P12,P7,P15,P15,P12,P7,P15,P15,P11,P7,P15,P14
grating,135,2.80,P0|P1|P2|P3|P4|P5|P6|P7|P8|P9|P10|P11|P12|P13|P14|P15,0.742830,19,P7,P15,P15,P12,P7,P15,P15,P12,P7,P15,P15,P12,P7,P15,P15,P11,P7,P15,P14,P11
grating,315,2.80,P0|P1|P2|P3|P4|P5|P6|P7|P8|P9|P10|P11|P12|P13|P14|P15,0.742830,0,P13,P15,P2,P9,P13,P15,P3,P9,P13,P15,P4,P9,P14,P15,P5,P10,P14,P15,P5,P10
grating,315,2.80,P0|P1|P2|P3|P4|P5|P6|P7|P8|P9|P10|P11|P12|P13|P14|P15,0.742830,1,P15,P2,P9,P13,P15,P3,P9,P13,P15,P4,P9,P14,P15,P5,P10,P14,P15,P5,P10,P14
grating,315,2.80,P0|P1|P2|P3|P4|P5|P6|P7|P8|P9|P10|P11|P12|P13|P14|P15,0.742830,2,P2,P9,P13,P15,P3,P9,P13,P15,P4,P9,P14,P15,P5,P10,P14,P15,P5,P10,P14,P15
grating,315,2.80,P0|P1|P2|P3|P4|P5|P6|P7|P8|P9|P10|P11|P12|P13|P14|P15,0.742830,3,P9,P13,P15,P3,P9,P13,P15,P4,P9,P14,P15,P5,P10,P14,P15,P5,P10,P14,P15,P6
grating,315,2.80,P0|P1|P2|P3|P4|P5|P6|P7|P8|P9|P10|P11|P12|P13|P14|P15,0.742830,4,P13,P15,P3,P9,P13,P15,P4,P9,P14,P15,P5,P10,P14,P15,P5,P10,P14,P15,P6,P10
grating,315,2.80,P0|P1|P2|P3|P4|P5|P6|P7|P8|P9|P10|P11|P12|P13|P14|P15,0.742830,5,P15,P3,P9,P13,P15,P4,P9,P14,P15,P5,P10,P14,P15,P5,P10,P14,P15,P6,P10,P14
grating,315,2.80,P0|P1|P2|P3|P4|P5|P6|P7|P8|P9|P10|P11|P12|P13|P14|P15,0.742830,6,P3,P9,P13,P15,P4,P9,P14,P15,P5,P10,P14,P15,P5,P10,P14,P15,P6,P10,P14,P15
grating,315,2.80,P0|P1|P2|P3|P4|P5|P6|P7|P8|P9|P10|P11|P12|P13|P14|P15,0.742830,7,P9,P13,P15,P4,P9,P14,P15,P5,P10,P14,P15,P5,P10,P14,P15,P6,P10,P14,P15,P6
grating,315,2.80,P0|P1|P2|P3|P4|P5|P6|P7|P8|P9|P10|P11|P12|P13|P14|P15,0.742830,8,P13,P15,P4,P9,P14,P15,P5,P10,P14,P15,P5,P10,P14,P15,P6,P10,P14,P15,P6,P10
grating,315,2.80,P0|P1|P2|P3|P4|P5|P6|P7|P8|P9|P10|P11|P12|P13|P14|P15,0.742830,9,P15,P4,P9,P14,P15,P5,P10,P14,P15,P5,P10,P14,P15,P6,P10,P14,P15,P6,P10,P14
grating,315,2.80,P0|P1|P2|P3|P4|P5|P6|P7|P8|P9|P10|P11|P12|P13|P14|P15,0.742830,10,P4,P9,P14,P15,P5,P10,P14,P15,P5,P10,P14,P15,P6,P10,P14,P15,P6,P10,P14,P15
grating,315,2.80,P0|P1|P2|P3|P4|P5|P6|P7|P8|P9|P10|P11|P12|P13|P14|P15,0.742830,11,P9,P14,P15,P5,P10,P14,P15,P5,P10,P14,P15,P6,P10,P14,P15,P6,P10,P14,P15,P6
grating,315,2.80,P0|P1|P2|P3|P4|P5|P6|P7|P8|P9|P10|P11|P12|P13|P14|P15,0.742830,12,P14,P15,P5,P10,P14,P15,P5,P10,P14,P15,P6,P10,P14,P15,P6,P10,P14,P15,P6,P11
grating,315,2.80,P0|P1|P2|P3|P4|P5|P6|P7|P8|P9|P10|P11|P12|P13|P14|P15,0.742830,13,P15,P5,P10,P14,P15,P5,P10,P14,P15,P6,P10,P14,P15,P6,P10,P14,P15,P6,P11,P14
grating,315,2.80,P0|P1|P2|P3|P4|P5|P6|P7|P8|P9|P10|P11|P12|P13|P14|P15,0.742830,14,P5,P10,P14,P15,P5,P10,P14,P15,P6,P10,P14,P15,P6,P10,P14,P15,P6,P11,P14,P15
grating,315,2.80,P0|P1|P2|P3|P4|P5|P6|P7|P8|P9|P10|P11|P12|P13|P14|P15,0.742830,15,P10,P14,P15,P5,P10,P14,P15,P6,P10,P14,P15,P6,P10,P14,P15,P6,P11,P14,P15,P6
grating,315,2.80,P0|P1|P2|P3|P4|P5|P6|P7|P8|P9|P10|P11|P12|P13|P14|P15,0.742830,16,P14,P15,P5,P10,P14,P15,P6,P10,P14,P15,P6,P10,P14,P15,P6,P11,P14,P15,P6,P11
grating,315,2.80,P0|P1|P2|P3|P4|P5|P6|P7|P8|P9|P10|P11|P12|P13|P14|P15,0.742830,17,P15,P5,P10,P14,P15,P6,P10,P14,P15,P6,P10,P14,P15,P6,P11,P14,P15,P6,P11,P14
grating,315,2.80,P0|P1|P2|P3|P4|P5|P6|P7|P8|P9|P10|P11|P12|P13|P14|P15,0.742830,18,P5,P10,P14,P15,P6,P10,P14,P15,P6,P10,P14,P15,P6,P11,P14,P15,P6,P11,P14,P15
grating,315,2.80,P0|P1|P2|P3|P4|P5|P6|P7|P8|P9|P10|P11|P12|P13|P14|P15,0.742830,19,P10,P14,P15,P6,P10,P14,P15,P6,P10,P14,P15,P6,P11,P14,P15,P6,P11,P14,P15,P7
grating,135,2.90,P0|P1|P2|P3|P4|P5|P6|P7|P8|P9|P10|P11|P12|P13|P14|P15,0.743699,0,P0,P15,P13,P8,P2,P15,P13,P9,P4,P15,P14,P10,P5,P15,P14,P10,P6,P15,P14,P11
grating,135,2.90,P0|P1|P2|P3|P4|P5|P6|P7|P8|P9|P10|P11|P12|P13|P14|P15,0.743699,1,P15,P13,P8,P2,P15,P13,P9,P4,P15,P14,P10,P5,P15,P14,P10,P6,P15,P14,P11,P7
grating,135,2.90,P0|P1|P2|P3|P4|P5|P6|P7|P8|P9|P10|P11|P12|P13|P14|P15,0.743699,2,P13,P8,P2,P15,P13,P9,P4,P15,P14,P10,P5,P15,P14,P10,P6,P15,P14,P11,P7,P15
grating,135,2.90,P0|P1|P2|P3|P4|P5|P6|P7|P8|P9|P10|P11|P12|P13|P14|P15,0.743699,3,P8,P2,P15,P13,P9,P4,P15,P14,P10,P5,P15,P14,P10,P6,P15,P14,P11,P7,P15,P14
grating,135,2.90,P0|P1|P2|P3|P4|P5|P6|P7|P8|P9|P10|P11|P12|P13|P14|P15,0.743699,4,P2,P15,P13,P9,P4,P15,P14,P10,P5,P15,P14,P10,P6,P15,P14,P11,P7,P15,P14,P11
grating,135,2.90,P0|P1|P2|P3|P4|P5|P6|P7|P8|P9|P10|P11|P12|P13|P14|P15,0.743699,5,P15,P13,P9,P4,P15,P14,P10,P5,P15,P14,P10,P6,P15,P14,P11,P7,P15,P14,P11,P7
grating,135,2.90,P0|P1|P2|P3|P4|P5|P6|P7|P8|P9|P10|P11|P12|P13|P14|P15,0.743699,6,P13,P9,P4,P15,P14,P10,P5,P15,P14,P10,P6,P15,P14,P11,P7,P15,P14,P11,P7,P15
grating,135,2.90,P0|P1|P2|P3|P4|P5|P6|P7|P8|P9|P10|P11|P12|P13|P14|P15,0.743699,7,P9,P4,P15,P14,P10,P5,P15,P14,P10,P6,P15,P14,P11,P7,P15,P14,P11,P7,P15,P15
grating,135,2.90,P0|P1|P2|P3|P4|P5|P6|P7|P8|P9|P10|P11|P12|P13|P14|P15,0.743699,8,P4,P15,P14,P10,P5,P15,P14,P10,P6,P15,P14,P11,P7,P15,P14,P11,P7,P15,P15,P11
grating,135,2.90,P0|P1|P2|P3|P4|P5|P6|P7|P8|P9|P10|P11|P12|P13|P14|P15,0.743699,9,P15,P14,P10,P5,P15,P14,P10,P6,P15,P14,P11,P7,P15,P14,P11,P7,P15,P15,P11,P7
grating,135,2.90,P0|P1|P2|P3|P4|P5|P6|P7|P8|P9|P10|P11|P12|P13|P14|P15,0.743699,10,P14,P10,P5,P15,P14,P10,P6,P15,P14,P11,P7,P15,P14,P11,P7,P15,P15,P11,P7,P15
grating,135,2.90,P0|P1|P2|P3|P4|P5|P6|P7|P8|P9|P10|P11|P12|P13|P14|P15,0.743699,11,P10,P5,P15,P14,P10,P6,P15,P14,P11,P7,P15,P14,P11,P7,P15,P15,P11,P7,P15,P15
grating,135,2.90,P0|P1|P2|P3|P4|P5|P6|P7|P8|P9|P10|P11|P12|P13|P14|P15,0.743699,12,P5,P15,P14,P10,P6,P15,P14,P11,P7,P15,P14,P11,P7,P15,P15,P11,P7,P15,P15,P12
grating,135,2.90,P0|P1|P2|P3|P4|P5|P6|P7|P8|P9|P10|P11|P12|P13|P14|P15,0.743699,13,P15,P14,P10,P6,P15,P14,P11,P7,P15,P14,P11,P7,P15,P15,P11,P7,P15,P15,P12,P7
grating,135,2.90,P0|P1|P2|P3|P4|P5|P6|P7|P8|P9|P10|P11|P12|P13|P14|P15,0.743699,14,P14,P10,P6,P15,P14,P11,P7,P15,P14,P11,P7,P15,P15,P11,P7,P15,P15,P12,P7,P15
grating,135,2.90,P0|P1|P2|P3|P4|P5|P6|P7|P8|P9|P10|P11|P12|P13|P14|P15,0.743699,15,P10,P6,P15,P14,P11,P7,P15,P14,P11,P7,P15,P15,P11,P7,P15,P15,P12,P7,P15,P15
grating,135,2.90,P0|P1|P2|P3|P4|P5|P6|P7|P8|P9|P10|P11|P12|P13|P14|P15,0.743699,16,P6,P15,P14,P11,P7,P15,P14,P11,P7,P15,P15,P11,P7,P15,P15,P12,P7,P15,P15,P12
grating,135,2.90,P0|P1|P2|P3|P4|P5|P6|P7|P8|P9|P10|P11|P12|P13|P14|P15,0.743699,17,P15,P14,P11,P7,P15,P14,P11,P7,P15,P15,P11,P7,P15,P15,P12,P7,P15,P15,P12,P8
grating,135,2.90,P0|P1|P2|P3|P4|P5|P6|P7|P8|P9|P10|P11|P12|P13|P14|P15,0.743699,18,P14,P11,P7,P15,P14,P11,P7,P15,P15,P11,P7,P15,P15,P12,P7,P15,P15,P12,P8,P15
grating,135,2.90,P0|P1|P2|P3|P4|P5|P6|P7|P8|P9|P10|P11|P12|P13|P14|P15,0.743699,19,P11,P7,P15,P14,P11,P7,P15,P15,P11,P7,P15,P15,P12,P7,P15,P15,P12,P8,P15,P15
grating,315,2.90,P0|P1|P2|P3|P4|P5|P6|P7|P8|P9|P10|P11|P12|P13|P14|P15,0.743699,0,P9,P13,P15,P3,P9,P13,P15,P0,P8,P13,P15,P15,P8,P12,P15,P15,P8,P12,P15,P15
grating,315,2.90,P0|P1|P2|P3|P4|P5|P6|P7|P8|P9|P10|P11|P12|P13|P14|P15,0.743699,1,P13,P15,P3,P9,P13,P15,P0,P8,P13,P15,P15,P8,P12,P15,P15,P8,P12,P15,P15,P7
grating,315,2.90,P0|P1|P2|P3|P4|P5|P6|P7|P8|P9|P10|P11|P12|P13|P14|P15,0.743699,2,P15,P3,P9,P13,P15,P0,P8,P13,P15,P15,P8,P12,P15,P15,P8,P12,P15,P15,P7,P12
grating,315,2.90,P0|P1|P2|P3|P4|P5|P6|P7|P8|P9|P10|P11|P12|P13|P14|P15,0.743699,3,P3,P9,P13,P15,P0,P8,P13,P15,P15,P8,P12,P15,P15,P8,P12,P15,P15,P7,P12,P15
grating,315,2.90,P0|P1|P2|P3|P4|P5|P6|P7|P8|P9|P10|P11|P12|P13|P14|P15,0.743699,4,P9,P13,P15,P0,P8,P13,P15,P15,P8,P12,P15,P15,P8,P12,P15,P15,P7,P12,P15,P15
grating,315,2.90,P0|P1|P2|P3|P4|P5|P6|P7|P8|P9|P10|P11|P12|P13|P14|P15,0.743699,5,P13,P15,P0,P8,P13,P15,P15,P8,P12,P15,P15,P8,P12,P15,P15,P7,P12,P15,P15,P7
grating,315,2.90,P0|P1|P2|P3|P4|P5|P6|P7|P8|P9|P10|P11|P12|P13|P14|P15,0.743699,6,P15,P0,P8,P13,P15,P15,P8,P12,P15,P15,P8,P12,P15,P15,P7,P12,P15,P15,P7,P11
grating,315,2.90,P0|P1|P2|P3|P4|P5|P6|P7|P8|P9|P10|P11|P12|P13|P14|P15,0.743699,7,P0,P8,P13,P15,P15,P8,P12,P15,P15,P8,P12,P15,P15,P7,P12,P15,P15,P7,P11,P14
grating,315,2.90,P0|P1|P2|P3|P4|P5|P6|P7|P8|P9|P10|P11|P12|P13|P14|P15,0.743699,8,P8,P13,P15,P15,P8,P12,P15,P15,P8,P12,P15,P15,P7,P12,P15,P15,P7,P11,P14,P15
grating,315,2.90,P0|P1|P2|P3|P4|P5|P6|P7|P8|P9|P10|P11|P12|P13|P14|P15,0.743699,9,P13,P15,P15,P8,P12,P15,P15,P8,P12,P15,P15,P7,P12,P15,P15,P7,P11,P14,P15,P7
grating,315,2.90,P0|P1|P2|P3|P4|P5|P6|P7|P8|P9|P10|P11|P12|P13|P14|P15,0.743699,10,P15,P15,P8,P12,P15,P15,P8,P12,P15,P15,P7,P12,P15,P15,P7,P11,P14,P15,P7,P11
grating,315,2.90,P0|P1|P2|P3|P4|P5|P6|P7|P8|P9|P10|P11|P12|P13|P14|P15,0.743699,11,P15,P8,P12,P15,P15,P8,P12,P15,P15,P7,P12,P15,P15,P7,P11,P14,P15,P7,P11,P14
grating,315,2.90,P0|P1|P2|P3|P4|P5|P6|P7|P8|P9|P10|P11|P12|P13|P14|P15,0.743699,12,P8,P12,P15,P15,P8,P12,P15,P15,P7,P12,P15,P15,P7,P11,P14,P15,P7,P11,P14,P15
grating,315,2.90,P0|P1|P2|P3|P4|P5|P6|P7|P8|P9|P10|P11|P12|P13|P14|P15,0.743699,13,P12,P15,P15,P8,P12,P15,P15,P7,P12,P15,P15,P7,P11,P14,P15,P7,P11,P14,P15,P6
grating,315,2.90,P0|P1|P2|P3|P4|P5|P6|P7|P8|P9|P10|P11|P12|P13|P14|P15,0.743699,14,P15,P15,P8,P12,P15,P15,P7,P12,P15,P15,P7,P11,P14,P15,P7,P11,P14,P15,P6,P10
grating,315,2.90,P0|P1|P2|P3|P4|P5|P6|P7|P8|P9|P10|P11|P12|P13|P14|P15,0.743699,15,P15,P8,P12,P15,P15,P7,P12,P15,P15,P7,P11,P14,P15,P7,P11,P14,P15,P6,P10,P14
grating,315,2.90,P0|P1|P2|P3|P4|P5|P6|P7|P8|P9|P10|P11|P12|P13|P14|P15,0.743699,16,P8,P12,P15,P15,P7,P12,P15,P15,P7,P11,P14,P15,P7,P11,P14,P15,P6,P10,P14,P15
grating,315,2.90,P0|P1|P2|P3|P4|P5|P6|P7|P8|P9|P10|P11|P12|P13|P14|P15,0.743699,17,P12,P15,P15,P7,P12,P15,P15,P7,P11,P14,P15,P7,P11,P14,P15,P6,P10,P14,P15,P6
grating,315,2.90,P0|P1|P2|P3|P4|P5|P6|P7|P8|P9|P10|P11|P12|P13|P14|P15,0.743699,18,P15,P15,P7,P12,P15,P15,P7,P11,P14,P15,P7,P11,P14,P15,P6,P10,P14,P15,P6,P10
grating,315,2.90,P0|P1|P2|P3|P4|P5|P6|P7|P8|P9|P10|P11|P12|P13|P14|P15,0.743699,19,P15,P7,P12,P15,P15,P7,P11,P14,P15,P7,P11,P14,P15,P6,P10,P14,P15,P6,P10,P14
grating,135,3.00,P0|P1|P2|P3|P4|P5|P6|P7|P8|P9|P10|P11|P12|P13|P14|P15,0.742847,0,P0,P15,P13,P9,P4,P15,P14,P10,P6,P15,P14,P11,P7,P15,P15,P12,P8,P15,P15,P13
grating,135,3.00,P0|P1|P2|P3|P4|P5|P6|P7|P8|P9|P10|P11|P12|P13|P14|P15,0.742847,1,P15,P13,P9,P4,P15,P14,P10,P6,P15,P14,P11,P7,P15,P15,P12,P8,P15,P15,P13,P9
grating,135,3.00,P0|P1|P2|P3|P4|P5|P6|P7|P8|P9|P10|P11|P12|P13|P14|P15,0.742847,2,P13,P9,P4,P15,P14,P10,P6,P15,P14,P11,P7,P15,P15,P12,P8,P15,P15,P13,P9,P4
grating,135,3.00,P0|P1|P2|P3|P4|P5|P6|P7|P8|P9|P10|P11|P12|P13|P14|P15,0.742847,3,P9,P4,P15,P14,P10,P6,P15,P14,P11,P7,P15,P15,P12,P8,P15,P15,P13,P9,P4,P15
grating,135,3.00,P0|P1|P2|P3|P4|P5|P6|P7|P8|P9|P10|P11|P12|P13|P14|P15,0.742847,4,P4,P15,P14,P10,P6,P15,P14,P11,P7,P15,P15,P12,P8,P15,P15,P13,P9,P4,P15,P14
grating,135,3.00,P0|P1|P2|P3|P4|P5|P6|P7|P8|P9|P10|P11|P12|P13|P14|P15,0.742847,5,P15,P14,P10,P6,P15,P14,P11,P7,P15,P15,P12,P8,P15,P15,P13,P9,P4,P15,P14,P10
grating,135,3.00,P0|P1|P2|P3|P4|P5|P6|P7|P8|P9|P10|P11|P12|P13|P14|P15,0.742847,6,P14,P10,P6,P15,P14,P11,P7,P15,P15,P12,P8,P15,P15,P13,P9,P4,P15,P14,P10,P6
grating,135,3.00,P0|P1|P2|P3|P4|P5|P6|P7|P8|P9|P10|P11|P12|P13|P14|P15,0.742847,7,P10,P6,P15,P14,P11,P7,P15,P15,P12,P8,P15,P15,P13,P9,P4,P15,P14,P10,P6,P15
grating,135,3.00,P0|P1|P2|P3|P4|P5|P6|P7|P8|P9|P10|P11|P12|P13|P14|P15,0.742847,8,P6,P15,P14,P11,P7,P15,P15,P12,P8,P15,P15,P13,P9,P4,P15,P14,P10,P6,P15,P14
grating,135,3.00,P0|P1|P2|P3|P4|P5|P6|P7|P8|P9|P10|P11|P12|P13|P14|P15,0.742847,9,P15,P14,P11,P7,P15,P15,P12,P8,P15,P15,P13,P9,P4,P15,P14,P10,P6,P15,P14,P11
grating,135,3.00,P0|P1|P2|P3|P4|P5|P6|P7|P8|P9|P10|P11|P12|P13|P14|P15,0.742847,10,P14,P11,P7,P15,P15,P12,P8,P15,P15,P13,P9,P4,P15,P14,P10,P6,P15,P14,P11,P7
grating,135,3.00,P0|P1|P2|P3|P4|P5|P6|P7|P8|P9|P10|P11|P12|P13|P14|P15,0.742847,11,P11,P7,P15,P15,P12,P8,P15,P15,P13,P9,P4,P15,P14,P10,P6,P15,P14,P11,P7,P15
grating,135,3.00,P0|P1|P2|P3|P4|P5|P6|P7|P8|P9|P10|P11|P12|P13|P14|P15,0.742847,12,P7,P15,P15,P12,P8,P15,P15,P13,P9,P4,P15,P14,P10,P6,P15,P14,P11,P7,P15,P15
grating,135,3.00,P0|P1|P2|P3|P4|P5|P6|P7|P8|P9|P10|P11|P12|P13|P14|P15,0.742847,13,P15,P15,P12,P8,P15,P15,P13,P9,P4,P15,P14,P10,P6,P15,P14,P11,P7,P15,P15,P12
grating,135,3.00,P0|P1|P2|P3|P4|P5|P6|P7|P8|P9|P10|P11|P12|P13|P14|P15,0.742847,14,P15,P12,P8,P15,P15,P13,P9,P4,P15,P14,P10,P6,P15,P14,P11,P7,P15,P15,P12,P8
grating,135,3.00,P0|P1|P2|P3|P4|P5|P6|P7|P8|P9|P10|P11|P12|P13|P14|P15,0.742847,15,P12,P8,P15,P15,P13,P9,P4,P15,P14,P10,P6,P15,P14,P11,P7,P15,P15,P12,P8,P15
grating,135,3.00,P0|P1|P2|P3|P4|P5|P6|P7|P8|P9|P10|P11|P12|P13|P14|P15,0.742847,16,P8,P15,P15,P13,P9,P4,P15,P14,P10,P6,P15,P14,P11,P7,P15,P15,P12,P8,P15,P15
grating,135,3.00,P0|P1|P2|P3|P4|P5|P6|P7|P8|P9|P10|P11|P12|P13|P14|P15,0.742847,17,P15,P15,P13,P9,P4,P15,P14,P10,P6,P15,P14,P11,P7,P15,P15,P12,P8,P15,P15,P13
grating,135,3.00,P0|P1|P2|P3|P4|P5|P6|P7|P8|P9|P10|P11|P12|P13|P14|P15,0.742847,18,P15,P13,P9,P4,P15,P14,P10,P6,P15,P14,P11,P7,P15,P15,P12,P8,P15,P15,P13,P9
grating,135,3.00,P0|P1|P2|P3|P4|P5|P6|P7|P8|P9|P10|P11|P12|P13|P14|P15,0.742847,19,P13,P9,P4,P15,P14,P10,P6,P15,P14,P11,P7,P15,P15,P12,P8,P15,P15,P13,P9,P3
grating,315,3.00,P0|P1|P2|P3|P4|P5|P6|P7|P8|P9|P10|P11|P12|P13|P14|P15,0.742847,0,P15,P5,P9,P13,P15,P0,P8,P12,P15,P15,P7,P12,P14,P15,P7,P11,P14,P15,P5,P9
grating,315,3.00,P0|P1|P2|P3|P4|P5|P6|P7|P8|P9|P10|P11|P12|P13|P14|P15,0.742847,1,P5,P9,P13,P15,P0,P8,P12,P15,P15,P7,P12,P14,P15,P7,P11,P14,P15,P5,P9,P13
grating,315,3.00,P0|P1|P2|P3|P4|P5|P6|P7|P8|P9|P10|P11|P12|P13|P14|P15,0.742847,2,P9,P13,P15,P0,P8,P12,P15,P15,P7,P12,P14,P15,P7,P11,P14,P15,P5,P9,P13,P15
grating,315,3.00,P0|P1|P2|P3|P4|P5|P6|P7|P8|P9|P10|P11|P12|P13|P14|P15,0.742847,3,P13,P15,P0,P8,P12,P15,P15,P7,P12,P14,P15,P7,P11,P14,P15,P5,P9,P13,P15,P0
grating,315,3.00,P0|P1|P2|P3|P4|P5|P6|P7|P8|P9|P10|P11|P12|P13|P14|P15,0.742847,4,P15,P0,P8,P12,P15,P15,P7,P12,P14,P15,P7,P11,P14,P15,P5,P9,P13,P15,P0,P8
grating,315,3.00,P0|P1|P2|P3|P4|P5|P6|P7|P8|P9|P10|P11|P12|P13|P14|P15,0.742847,5,P0,P8,P12,P15,P15,P7,P12,P14,P15,P7,P11,P14,P15,P5,P9,P13,P15,P0,P8,P13
grating,315,3.00,P0|P1|P2|P3|P4|P5|P6|P7|P8|P9|P10|P11|P12|P13|P14|P15,0.742847,6,P8,P12,P15,P15,P7,P12,P14,P15,P7,P11,P14,P15,P5,P9,P13,P15,P0,P8,P13,P15
grating,315,3.00,P0|P1|P2|P3|P4|P5|P6|P7|P8|P9|P10|P11|P12|P13|P14|P15,0.742847,7,P12,P15,P15,P7,P12,P14,P15,P7,P11,P14,P15,P5,P9,P13,P15,P0,P8,P13,P15,P15
grating,315,3.00,P0|P1|P2|P3|P4|P5|P6|P7|P8|P9|P10|P11|P12|P13|P14|P15,0.742847,8,P15,P15,P7,P12,P14,P15,P7,P11,P14,P15,P5,P9,P13,P15,P0,P8,P13,P15,P15,P7
grating,315,3.00,P0|P1|P2|P3|P4|P5|P6|P7|P8|P9|P10|P11|P12|P13|P14|P15,0.742847,9,P15,P7,P12,P14,P15,P7,P11,P14,P15,P5,P9,P13,P15,P0,P8,P13,P15,P15,P7,P12
grating,315,3.00,P0|P1|P2|P3|P4|P5|P6|P7|P8|P9|P10|P11|P12|P13|P14|P15,0.742847,10,P7,P12,P14,P15,P7,P11,P14,P15,P5,P9,P13,P15,P0,P8,P13,P15,P15,P7,P12,P15
grating,315,3.00,P0|P1|P2|P3|P4|P5|P6|P7|P8|P9|P10|P11|P12|P13|P14|P15,0.742847,11,P12,P14,P15,P7,P11,P14,P15,P5,P9,P13,P15,P0,P8,P13,P15,P15,P7,P12,P15,P15
grating,315,3.00,P0|P1|P2|P3|P4|P5|P6|P7|P8|P9|P10|P11|P12|P13|P14|P15,0.742847,12,P14,P15,P7,P11,P14,P15,P5,P9,P13,P15,P0,P8,P13,P15,P15,P7,P12,P15,P15,P7
grating,315,3.00,P0|P1|P2|P3|P4|P5|P6|P7|P8|P9|P10|P11|P12|P13|P14|P15,0.742847,13,P15,P7,P11,P14,P15,P5,P9,P13,P15,P0,P8,P13,P15,P15,P7,P12,P15,P15,P7,P11
grating,315,3.00,P0|P1|P2|P3|P4|P5|P6|P7|P8|P9|P10|P11|P12|P13|P14|P15,0.742847,14,P7,P11,P14,P15,P5,P9,P13,P15,P0,P8,P13,P15,P15,P7,P12,P15,P15,P7,P11,P14
grating,315,3.00,P0|P1|P2|P3|P4|P5|P6|P7|P8|P9|P10|P11|P12|P13|P14|P15,0.742847,15,P11,P14,P15,P5,P9,P13,P15,P0,P8,P13,P15,P15,P7,P12,P15,P15,P7,P11,P14,P15
grating,315,3.00,P0|P1|P2|P3|P4|P5|P6|P7|P8|P9|P10|P11|P12|P13|P14|P15,0.742847,16,P14,P15,P5,P9,P13,P15,P0,P8,P13,P15,P15,P7,P12,P15,P15,P7,P11,P14,P15,P5
grating,315,3.00,P0|P1|P2|P3|P4|P5|P6|P7|P8|P9|P10|P11|P12|P13|P14|P15,0.742847,17,P15,P5,P9,P13,P15,P0,P8,P13,P15,P15,P7,P12,P15,P15,P7,P11,P14,P15,P5,P10
grating,315,3.00,P0|P1|P2|P3|P4|P5|P6|P7|P8|P9|P10|P11|P12|P13|P14|P15,0.742847,18,P5,P9,P13,P15,P0,P8,P13,P15,P15,P7,P12,P15,P15,P7,P11,P14,P15,P5,P10,P13
grating,315,3.00,P0|P1|P2|P3|P4|P5|P6|P7|P8|P9|P10|P11|P12|P13|P14|P15,0.742847,19,P9,P13,P15,P0,P8,P13,P15,P15,P7,P12,P15,P15,P7,P11,P14,P15,P5,P10,P13,P15
