type,theta_deg,period_px,codes_used,eta_grating,row,c0,c1,c2,c3,c4,c5,c6,c7,c8,c9,c10,c11,c12,c13,c14,c15,c16,c17,c18,c19
grating,0,1.00,P4,1.000000,0,P4,P4,P4,P4,P4,P4,P4,P4,P4,P4,P4,P4,P4,P4,P4,P4,P4,P4,P4,P4
grating,0,1.00,P4,1.000000,1,P4,P4,P4,P4,P4,P4,P4,P4,P4,P4,P4,P4,P4,P4,P4,P4,P4,P4,P4,P4
grating,0,1.00,P4,1.000000,2,P4,P4,P4,P4,P4,P4,P4,P4,P4,P4,P4,P4,P4,P4,P4,P4,P4,P4,P4,P4
grating,0,1.00,P4,1.000000,3,P4,P4,P4,P4,P4,P4,P4,P4,P4,P4,P4,P4,P4,P4,P4,P4,P4,P4,P4,P4
grating,0,1.00,P4,1.000000,4,P4,P4,P4,P4,P4,P4,P4,P4,P4,P4,P4,P4,P4,P4,P4,P4,P4,P4,P4,P4
grating,0,1.00,P4,1.000000,5,P4,P4,P4,P4,P4,P4,P4,P4,P4,P4,P4,P4,P4,P4,P4,P4,P4,P4,P4,P4
grating,0,1.00,P4,1.000000,6,P4,P4,P4,P4,P4,P4,P4,P4,P4,P4,P4,P4,P4,P4,P4,P4,P4,P4,P4,P4
grating,0,1.00,P4,1.000000,7,P4,P4,P4,P4,P4,P4,P4,P4,P4,P4,P4,P4,P4,P4,P4,P4,P4,P4,P4,P4
grating,0,1.00,P4,1.000000,8,P4,P4,P4,P4,P4,P4,P4,P4,P4,P4,P4,P4,P4,P4,P4,P4,P4,P4,P4,P4
grating,0,1.00,P4,1.000000,9,P4,P4,P4,P4,P4,P4,P4,P4,P4,P4,P4,P4,P4,P4,P4,P4,P4,P4,P4,P4
grating,0,1.00,P4,1.000000,10,P4,P4,P4,P4,P4,P4,P4,P4,P4,P4,P4,P4,P4,P4,P4,P4,P4,P4,P4,P4
grating,0,1.00,P4,1.000000,11,P4,P4,P4,P4,P4,P4,P4,P4,P4,P4,P4,P4,P4,P4,P4,P4,P4,P4,P4,P4
grating,0,1.00,P4,1.000000,12,P4,P4,P4,P4,P4,P4,P4,P4,P4,P4,P4,P4,P4,P4,P4,P4,P4,P4,P4,P4
grating,0,1.00,P4,1.000000,13,P4,P4,P4,P4,P4,P4,P4,P4,P4,P4,P4,P4,P4,P4,P4,P4,P4,P4,P4,P4
grating,0,1.00,P4,1.000000,14,P4,P4,P4,P4,P4,P4,P4,P4,P4,P4,P4,P4,P4,P4,P4,P4,P4,P4,P4,P4
grating,0,1.00,P4,1.000000,15,P4,P4,P4,P4,P4,P4,P4,P4,P4,P4,P4,P4,P4,P4,P4,P4,P4,P4,P4,P4
grating,0,1.00,P4,1.000000,16,P4,P4,P4,P4,P4,P4,P4,P4,P4,P4,P4,P4,P4,P4,P4,P4,P4,P4,P4,P4
grating,0,1.00,P4,1.000000,17,P4,P4,P4,P4,P4,P4,P4,P4,P4,P4,P4,P4,P4,P4,P4,P4,P4,P4,P4,P4
grating,0,1.00,P4,1.000000,18,P4,P4,P4,P4,P4,P4,P4,P4,P4,P4,P4,P4,P4,P4,P4,P4,P4,P4,P4,P4
grating,0,1.00,P4,1.000000,19,P4,P4,P4,P4,P4,P4,P4,P4,P4,P4,P4,P4,P4,P4,P4,P4,P4,P4,P4,P4
grating,180,1.00,P4,1.000000,0,P4,P4,P4,P4,P4,P4,P4,P4,P4,P4,P4,P4,P4,P4,P4,P4,P4,P4,P4,P4
grating,180,1.00,P4,1.000000,1,P4,P4,P4,P4,P4,P4,P4,P4,P4,P4,P4,P4,P4,P4,P4,P4,P4,P4,P4,P4
grating,180,1.00,P4,1.000000,2,P4,P4,P4,P4,P4,P4,P4,P4,P4,P4,P4,P4,P4,P4,P4,P4,P4,P4,P4,P4
grating,180,1.00,P4,1.000000,3,P4,P4,P4,P4,P4,P4,P4,P4,P4,P4,P4,P4,P4,P4,P4,P4,P4,P4,P4,P4
grating,180,1.00,P4,1.000000,4,P4,P4,P4,P4,P4,P4,P4,P4,P4,P4,P4,P4,P4,P4,P4,P4,P4,P4,P4,P4
grating,180,1.00,P4,1.000000,5,P4,P4,P4,P4,P4,P4,P4,P4,P4,P4,P4,P4,P4,P4,P4,P4,P4,P4,P4,P4
grating,180,1.00,P4,1.000000,6,P4,P4,P4,P4,P4,P4,P4,P4,P4,P4,P4,P4,P4,P4,P4,P4,P4,P4,P4,P4
grating,180,1.00,P4,1.000000,7,P4,P4,P4,P4,P4,P4,P4,P4,P4,P4,P4,P4,P4,P4,P4,P4,P4,P4,P4,P4
grating,180,1.00,P4,1.000000,8,P4,P4,P4,P4,P4,P4,P4,P4,P4,P4,P4,P4,P4,P4,P4,P4,P4,P4,P4,P4
grating,180,1.00,P4,1.000000,9,P4,P4,P4,P4,P4,P4,P4,P4,P4,P4,P4,P4,P4,P4,P4,P4,P4,P4,P4,P4
grating,180,1.00,P4,1.000000,10,P4,P4,P4,P4,P4,P4,P4,P4,P4,P4,P4,P4,P4,P4,P4,P4,P4,P4,P4,P4
grating,180,1.00,P4,1.000000,11,P4,P4,P4,P4,P4,P4,P4,P4,P4,P4,P4,P4,P4,P4,P4,P4,P4,P4,P4,P4
grating,180,1.00,P4,1.000000,12,P4,P4,P4,P4,P4,P4,P4,P4,P4,P4,P4,P4,P4,P4,P4,P4,P4,P4,P4,P4
grating,180,1.00,P4,1.000000,13,P4,P4,P4,P4,P4,P4,P4,P4,P4,P4,P4,P4,P4,P4,P4,P4,P4,P4,P4,P4
grating,180,1.00,P4,1.000000,14,P4,P4,P4,P4,P4,P4,P4,P4,P4,P4,P4,P4,P4,P4,P4,P4,P4,P4,P4,P4
grating,180,1.00,P4,1.000000,15,P4,P4,P4,P4,P4,P4,P4,P4,P4,P4,P4,P4,P4,P4,P4,P4,P4,P4,P4,P4
grating,180,1.00,P4,1.000000,16,P4,P4,P4,P4,P4,P4,P4,P4,P4,P4,P4,P4,P4,P4,P4,P4,P4,P4,P4,P4
grating,180,1.00,P4,1.000000,17,P4,P4,P4,P4,P4,P4,P4,P4,P4,P4,P4,P4,P4,P4,P4,P4,P4,P4,P4,P4
grating,180,1.00,P4,1.000000,18,P4,P4,P4,P4,P4,P4,P4,P4,P4,P4,P4,P4,P4,P4,P4,P4,P4,P4,P4,P4
grating,180,1.00,P4,1.000000,19,P4,P4,P4,P4,P4,P4,P4,P4,P4,P4,P4,P4,P4,P4,P4,P4,P4,P4,P4,P4
grating,0,1.10,P0|P5|P7|P10|P12|P14|P15,0.843574,0,P15,P14,P14,P12,P10,P7,P5,P0,P0,P15,P15,P15,P14,P14,P12,P10,P7,P5,P0,P0
grating,0,1.10,P0|P5|P7|P10|P12|P14|P15,0.843574,1,P15,P14,P14,P12,P10,P7,P5,P0,P0,P15,P15,P15,P14,P14,P12,P10,P7,P5,P0,P0
grating,0,1.10,P0|P5|P7|P10|P12|P14|P15,0.843574,2,P15,P14,P14,P12,P10,P7,P5,P0,P0,P15,P15,P15,P14,P14,P12,P10,P7,P5,P0,P0
grating,0,1.10,P0|P5|P7|P10|P12|P14|P15,0.843574,3,P15,P14,P14,P12,P10,P7,P5,P0,P0,P15,P15,P15,P14,P14,P12,P10,P7,P5,P0,P0
grating,0,1.10,P0|P5|P7|P10|P12|P14|P15,0.843574,4,P15,P14,P14,P12,P10,P7,P5,P0,P0,P15,P15,P15,P14,P14,P12,P10,P7,P5,P0,P0
grating,0,1.10,P0|P5|P7|P10|P12|P14|P15,0.843574,5,P15,P14,P14,P12,P10,P7,P5,P0,P0,P15,P15,P15,P14,P14,P12,P10,P7,P5,P0,P0
grating,0,1.10,P0|P5|P7|P10|P12|P14|P15,0.843574,6,P15,P14,P14,P12,P10,P7,P5,P0,P0,P15,P15,P15,P14,P14,P12,P10,P7,P5,P0,P0
grating,0,1.10,P0|P5|P7|P10|P12|P14|P15,0.843574,7,P15,P14,P14,P12,P10,P7,P5,P0,P0,P15,P15,P15,P14,P14,P12,P10,P7,P5,P0,P0
grating,0,1.10,P0|P5|P7|P10|P12|P14|P15,0.843574,8,P15,P14,P14,P12,P10,P7,P5,P0,P0,P15,P15,P15,P14,P14,P12,P10,P7,P5,P0,P0
grating,0,1.10,P0|P5|P7|P10|P12|P14|P15,0.843574,9,P15,P14,P14,P12,P10,P7,P5,P0,P0,P15,P15,P15,P14,P14,P12,P10,P7,P5,P0,P0
grating,0,1.10,P0|P5|P7|P10|P12|P14|P15,0.843574,10,P15,P14,P14,P12,P10,P7,P5,P0,P0,P15,P15,P15,P14,P14,P12,P10,P7,P5,P0,P0
grating,0,1.10,P0|P5|P7|P10|P12|P14|P15,0.843574,11,P15,P14,P14,P12,P10,P7,P5,P0,P0,P15,P15,P15,P14,P14,P12,P10,P7,P5,P0,P0
grating,0,1.10,P0|P5|P7|P10|P12|P14|P15,0.843574,12,P15,P14,P14,P12,P10,P7,P5,P0,P0,P15,P15,P15,P14,P14,P12,P10,P7,P5,P0,P0
grating,0,1.10,P0|P5|P7|P10|P12|P14|P15,0.843574,13,P15,P14,P14,P12,P10,P7,P5,P0,P0,P15,P15,P15,P14,P14,P12,P10,P7,P5,P0,P0
grating,0,1.10,P0|P5|P7|P10|P12|P14|P15,0.843574,14,P15,P14,P14,P12,P10,P7,P5,P0,P0,P15,P15,P15,P14,P14,P12,P10,P7,P5,P0,P0
grating,0,1.10,P0|P5|P7|P10|P12|P14|P15,0.843574,15,P15,P14,P14,P12,P10,P7,P5,P0,P0,P15,P15,P15,P14,P14,P12,P10,P7,P5,P0,P0
grating,0,1.10,P0|P5|P7|P10|P12|P14|P15,0.843574,16,P15,P14,P14,P12,P10,P7,P5,P0,P0,P15,P15,P15,P14,P14,P12,P10,P7,P5,P0,P0
grating,0,1.10,P0|P5|P7|P10|P12|P14|P15,0.843574,17,P15,P14,P14,P12,P10,P7,P5,P0,P0,P15,P15,P15,P14,P14,P12,P10,P7,P5,P0,P0
grating,0,1.10,P0|P5|P7|P10|P12|P14|P15,0.843574,18,P15,P14,P14,P12,P10,P7,P5,P0,P0,P15,P15,P15,P14,P14,P12,P10,P7,P5,P0,P0
grating,0,1.10,P0|P5|P7|P10|P12|P14|P15,0.843574,19,P15,P14,P14,P12,P10,P7,P5,P0,P0,P15,P15,P15,P14,P14,P12,P10,P7,P5,P0,P0
grating,180,1.10,P0|P5|P7|P10|P12|P14|P15,0.843574,0,P0,P0,P5,P7,P10,P12,P14,P14,P15,P15,P15,P0,P0,P5,P7,P10,P12,P14,P14,P15
grating,180,1.10,P0|P5|P7|P10|P12|P14|P15,0.843574,1,P0,P0,P5,P7,P10,P12,P14,P14,P15,P15,P15,P0,P0,P5,P7,P10,P12,P14,P14,P15
grating,180,1.10,P0|P5|P7|P10|P12|P14|P15,0.843574,2,P0,P0,P5,P7,P10,P12,P14,P14,P15,P15,P15,P0,P0,P5,P7,P10,P12,P14,P14,P15
grating,180,1.10,P0|P5|P7|P10|P12|P14|P15,0.843574,3,P0,P0,P5,P7,P10,P12,P14,P14,P15,P15,P15,P0,P0,P5,P7,P10,P12,P14,P14,P15
grating,180,1.10,P0|P5|P7|P10|P12|P14|P15,0.843574,4,P0,P0,P5,P7,P10,P12,P14,P14,P15,P15,P15,P0,P0,P5,P7,P10,P12,P14,P14,P15
grating,180,1.10,P0|P5|P7|P10|P12|P14|P15,0.843574,5,P0,P0,P5,P7,P10,P12,P14,P14,P15,P15,P15,P0,P0,P5,P7,P10,P12,P14,P14,P15
grating,180,1.10,P0|P5|P7|P10|P12|P14|P15,0.843574,6,P0,P0,P5,P7,P10,P12,P14,P14,P15,P15,P15,P0,P0,P5,P7,P10,P12,P14,P14,P15
grating,180,1.10,P0|P5|P7|P10|P12|P14|P15,0.843574,7,P0,P0,P5,P7,P10,P12,P14,P14,P15,P15,P15,P0,P0,P5,P7,P10,P12,P14,P14,P15
grating,180,1.10,P0|P5|P7|P10|P12|P14|P15,0.843574,8,P0,P0,P5,P7,P10,P12,P14,P14,P15,P15,P15,P0,P0,P5,P7,P10,P12,P14,P14,P15
grating,180,1.10,P0|P5|P7|P10|P12|P14|P15,0.843574,9,P0,P0,P5,P7,P10,P12,P14,P14,P15,P15,P15,P0,P0,P5,P7,P10,P12,P14,P14,P15
grating,180,1.10,P0|P5|P7|P10|P12|P14|P15,0.843574,10,P0,P0,P5,P7,P10,P12,P14,P14,P15,P15,P15,P0,P0,P5,P7,P10,P12,P14,P14,P15
grating,180,1.10,P0|P5|P7|P10|P12|P14|P15,0.843574,11,P0,P0,P5,P7,P10,P12,P14,P14,P15,P15,P15,P0,P0,P5,P7,P10,P12,P14,P14,P15
grating,180,1.10,P0|P5|P7|P10|P12|P14|P15,0.843574,12,P0,P0,P5,P7,P10,P12,P14,P14,P15,P15,P15,P0,P0,P5,P7,P10,P12,P14,P14,P15
grating,180,1.10,P0|P5|P7|P10|P12|P14|P15,0.843574,13,P0,P0,P5,P7,P10,P12,P14,P14,P15,P15,P15,P0,P0,P5,P7,P10,P12,P14,P14,P15
grating,180,1.10,P0|P5|P7|P10|P12|P14|P15,0.843574,14,P0,P0,P5,P7,P10,P12,P14,P14,P15,P15,P15,P0,P0,P5,P7,P10,P12,P14,P14,P15
grating,180,1.10,P0|P5|P7|P10|P12|P14|P15,0.843574,15,P0,P0,P5,P7,P10,P12,P14,P14,P15,P15,P15,P0,P0,P5,P7,P10,P12,P14,P14,P15
grating,180,1.10,P0|P5|P7|P10|P12|P14|P15,0.843574,16,P0,P0,P5,P7,P10,P12,P14,P14,P15,P15,P15,P0,P0,P5,P7,P10,P12,P14,P14,P15
grating,180,1.10,P0|P5|P7|P10|P12|P14|P15,0.843574,17,P0,P0,P5,P7,P10,P12,P14,P14,P15,P15,P15,P0,P0,P5,P7,P10,P12,P14,P14,P15
grating,180,1.10,P0|P5|P7|P10|P12|P14|P15,0.843574,18,P0,P0,P5,P7,P10,P12,P14,P14,P15,P15,P15,P0,P0,P5,P7,P10,P12,P14,P14,P15
grating,180,1.10,P0|P5|P7|P10|P12|P14|P15,0.843574,19,P0,P0,P5,P7,P10,P12,P14,P14,P15,P15,P15,P0,P0,P5,P7,P10,P12,P14,P14,P15
grating,0,1.20,P0|P7|P11|P14|P15,0.866217,0,P0,P15,P15,P14,P11,P7,P0,P15,P15,P14,P11,P7,P0,P15,P15,P14,P11,P7,P0,P15
grating,0,1.20,P0|P7|P11|P14|P15,0.866217,1,P0,P15,P15,P14,P11,P7,P0,P15,P15,P14,P11,P7,P0,P15,P15,P14,P11,P7,P0,P15
grating,0,1.20,P0|P7|P11|P14|P15,0.866217,2,P0,P15,P15,P14,P11,P7,P0,P15,P15,P14,P11,P7,P0,P15,P15,P14,P11,P7,P0,P15
grating,0,1.20,P0|P7|P11|P14|P15,0.866217,3,P0,P15,P15,P14,P11,P7,P0,P15,P15,P14,P11,P7,P0,P15,P15,P14,P11,P7,P0,P15
grating,0,1.20,P0|P7|P11|P14|P15,0.866217,4,P0,P15,P15,P14,P11,P7,P0,P15,P15,P14,P11,P7,P0,P15,P15,P14,P11,P7,P0,P15
grating,0,1.20,P0|P7|P11|P14|P15,0.866217,5,P0,P15,P15,P14,P11,P7,P0,P15,P15,P14,P11,P7,P0,P15,P15,P14,P11,P7,P0,P15
grating,0,1.20,P0|P7|P11|P14|P15,0.866217,6,P0,P15,P15,P14,P11,P7,P0,P15,P15,P14,P11,P7,P0,P15,P15,P14,P11,P7,P0,P15
grating,0,1.20,P0|P7|P11|P14|P15,0.866217,7,P0,P15,P15,P14,P11,P7,P0,P15,P15,P14,P11,P7,P0,P15,P15,P14,P11,P7,P0,P15
grating,0,1.20,P0|P7|P11|P14|P15,0.866217,8,P0,P15,P15,P14,P11,P7,P0,P15,P15,P14,P11,P7,P0,P15,P15,P14,P11,P7,P0,P15
grating,0,1.20,P0|P7|P11|P14|P15,0.866217,9,P0,P15,P15,P14,P11,P7,P0,P15,P15,P14,P11,P7,P0,P15,P15,P14,P11,P7,P0,P15
grating,0,1.20,P0|P7|P11|P14|P15,0.866217,10,P0,P15,P15,P14,P11,P7,P0,P15,P15,P14,P11,P7,P0,P15,P15,P14,P11,P7,P0,P15
grating,0,1.20,P0|P7|P11|P14|P15,0.866217,11,P0,P15,P15,P14,P11,P7,P0,P15,P15,P14,P11,P7,P0,P15,P15,P14,P11,P7,P0,P15
grating,0,1.20,P0|P7|P11|P14|P15,0.866217,12,P0,P15,P15,P14,P11,P7,P0,P15,P15,P14,P11,P7,P0,P15,P15,P14,P11,P7,P0,P15
grating,0,1.20,P0|P7|P11|P14|P15,0.866217,13,P0,P15,P15,P14,P11,P7,P0,P15,P15,P14,P11,P7,P0,P15,P15,P14,P11,P7,P0,P15
grating,0,1.20,P0|P7|P11|P14|P15,0.866217,14,P0,P15,P15,P14,P11,P7,P0,P15,P15,P14,P11,P7,P0,P15,P15,P14,P11,P7,P0,P15
grating,0,1.20,P0|P7|P11|P14|P15,0.866217,15,P0,P15,P15,P14,P11,P7,P0,P15,P15,P14,P11,P7,P0,P15,P15,P14,P11,P7,P0,P15
grating,0,1.20,P0|P7|P11|P14|P15,0.866217,16,P0,P15,P15,P14,P11,P7,P0,P15,P15,P14,P11,P7,P0,P15,P15,P14,P11,P7,P0,P15
grating,0,1.20,P0|P7|P11|P14|P15,0.866217,17,P0,P15,P15,P14,P11,P7,P0,P15,P15,P14,P11,P7,P0,P15,P15,P14,P11,P7,P0,P15
grating,0,1.20,P0|P7|P11|P14|P15,0.866217,18,P0,P15,P15,P14,P11,P7,P0,P15,P15,P14,P11,P7,P0,P15,P15,P14,P11,P7,P0,P15
grating,0,1.20,P0|P7|P11|P14|P15,0.866217,19,P0,P15,P15,P14,P11,P7,P0,P15,P15,P14,P11,P7,P0,P15,P15,P14,P11,P7,P0,P15
grating,180,1.20,P0|P7|P11|P14|P15,0.866217,0,P15,P0,P7,P11,P14,P15,P15,P0,P7,P11,P14,P15,P15,P0,P7,P11,P14,P15,P15,P0
grating,180,1.20,P0|P7|P11|P14|P15,0.866217,1,P15,P0,P7,P11,P14,P15,P15,P0,P7,P11,P14,P15,P15,P0,P7,P11,P14,P15,P15,P0
grating,180,1.20,P0|P7|P11|P14|P15,0.866217,2,P15,P0,P7,P11,P14,P15,P15,P0,P7,P11,P14,P15,P15,P0,P7,P11,P14,P15,P15,P0
grating,180,1.20,P0|P7|P11|P14|P15,0.866217,3,P15,P0,P7,P11,P14,P15,P15,P0,P7,P11,P14,P15,P15,P0,P7,P11,P14,P15,P15,P0
grating,180,1.20,P0|P7|P11|P14|P15,0.866217,4,P15,P0,P7,P11,P14,P15,P15,P0,P7,P11,P14,P15,P15,P0,P7,P11,P14,P15,P15,P0
grating,180,1.20,P0|P7|P11|P14|P15,0.866217,5,P15,P0,P7,P11,P14,P15,P15,P0,P7,P11,P14,P15,P15,P0,P7,P11,P14,P15,P15,P0
grating,180,1.20,P0|P7|P11|P14|P15,0.866217,6,P15,P0,P7,P11,P14,P15,P15,P0,P7,P11,P14,P15,P15,P0,P7,P11,P14,P15,P15,P0
grating,180,1.20,P0|P7|P11|P14|P15,0.866217,7,P15,P0,P7,P11,P14,P15,P15,P0,P7,P11,P14,P15,P15,P0,P7,P11,P14,P15,P15,P0
grating,180,1.20,P0|P7|P11|P14|P15,0.866217,8,P15,P0,P7,P11,P14,P15,P15,P0,P7,P11,P14,P15,P15,P0,P7,P11,P14,P15,P15,P0
grating,180,1.20,P0|P7|P11|P14|P15,0.866217,9,P15,P0,P7,P11,P14,P15,P15,P0,P7,P11,P14,P15,P15,P0,P7,P11,P14,P15,P15,P0
grating,180,1.20,P0|P7|P11|P14|P15,0.866217,10,P15,P0,P7,P11,P14,P15,P15,P0,P7,P11,P14,P15,P15,P0,P7,P11,P14,P15,P15,P0
grating,180,1.20,P0|P7|P11|P14|P15,0.866217,11,P15,P0,P7,P11,P14,P15,P15,P0,P7,P11,P14,P15,P15,P0,P7,P11,P14,P15,P15,P0
grating,180,1.20,P0|P7|P11|P14|P15,0.866217,12,P15,P0,P7,P11,P14,P15,P15,P0,P7,P11,P14,P15,P15,P0,P7,P11,P14,P15,P15,P0
grating,180,1.20,P0|P7|P11|P14|P15,0.866217,13,P15,P0,P7,P11,P14,P15,P15,P0,P7,P11,P14,P15,P15,P0,P7,P11,P14,P15,P15,P0
grating,180,1.20,P0|P7|P11|P14|P15,0.866217,14,P15,P0,P7,P11,P14,P15,P15,P0,P7,P11,P14,P15,P15,P0,P7,P11,P14,P15,P15,P0
grating,180,1.20,P0|P7|P11|P14|P15,0.866217,15,P15,P0,P7,P11,P14,P15,P15,P0,P7,P11,P14,P15,P15,P0,P7,P11,P14,P15,P15,P0
grating,180,1.20,P0|P7|P11|P14|P15,0.866217,16,P15,P0,P7,P11,P14,P15,P15,P0,P7,P11,P14,P15,P15,P0,P7,P11,P14,P15,P15,P0
grating,180,1.20,P0|P7|P11|P14|P15,0.866217,17,P15,P0,P7,P11,P14,P15,P15,P0,P7,P11,P14,P15,P15,P0,P7,P11,P14,P15,P15,P0
grating,180,1.20,P0|P7|P11|P14|P15,0.866217,18,P15,P0,P7,P11,P14,P15,P15,P0,P7,P11,P14,P15,P15,P0,P7,P11,P14,P15,P15,P0
grating,180,1.20,P0|P7|P11|P14|P15,0.866217,19,P15,P0,P7,P11,P14,P15,P15,P0,P7,P11,P14,P15,P15,P0,P7,P11,P14,P15,P15,P0
grating,0,1.30,P0|P4|P7|P9|P11|P13|P14|P15,0.838270,0,P15,P15,P13,P7,P0,P15,P14,P9,P0,P15,P14,P11,P4,P15,P15,P13,P7,P0,P15,P14
grating,0,1.30,P0|P4|P7|P9|P11|P13|P14|P15,0.838270,1,P15,P15,P13,P7,P0,P15,P14,P9,P0,P15,P14,P11,P4,P15,P15,P13,P7,P0,P15,P14
grating,0,1.30,P0|P4|P7|P9|P11|P13|P14|P15,0.838270,2,P15,P15,P13,P7,P0,P15,P14,P9,P0,P15,P14,P11,P4,P15,P15,P13,P7,P0,P15,P14
grating,0,1.30,P0|P4|P7|P9|P11|P13|P14|P15,0.838270,3,P15,P15,P13,P7,P0,P15,P14,P9,P0,P15,P14,P11,P4,P15,P15,P13,P7,P0,P15,P14
grating,0,1.30,P0|P4|P7|P9|P11|P13|P14|P15,0.838270,4,P15,P15,P13,P7,P0,P15,P14,P9,P0,P15,P14,P11,P4,P15,P15,P13,P7,P0,P15,P14
grating,0,1.30,P0|P4|P7|P9|P11|P13|P14|P15,0.838270,5,P15,P15,P13,P7,P0,P15,P14,P9,P0,P15,P14,P11,P4,P15,P15,P13,P7,P0,P15,P14
grating,0,1.30,P0|P4|P7|P9|P11|P13|P14|P15,0.838270,6,P15,P15,P13,P7,P0,P15,P14,P9,P0,P15,P14,P11,P4,P15,P15,P13,P7,P0,P15,P14
grating,0,1.30,P0|P4|P7|P9|P11|P13|P14|P15,0.838270,7,P15,P15,P13,P7,P0,P15,P14,P9,P0,P15,P14,P11,P4,P15,P15,P13,P7,P0,P15,P14
grating,0,1.30,P0|P4|P7|P9|P11|P13|P14|P15,0.838270,8,P15,P15,P13,P7,P0,P15,P14,P9,P0,P15,P14,P11,P4,P15,P15,P13,P7,P0,P15,P14
grating,0,1.30,P0|P4|P7|P9|P11|P13|P14|P15,0.838270,9,P15,P15,P13,P7,P0,P15,P14,P9,P0,P15,P14,P11,P4,P15,P15,P13,P7,P0,P15,P14
grating,0,1.30,P0|P4|P7|P9|P11|P13|P14|P15,0.838270,10,P15,P15,P13,P7,P0,P15,P14,P9,P0,P15,P14,P11,P4,P15,P15,P13,P7,P0,P15,P14
grating,0,1.30,P0|P4|P7|P9|P11|P13|P14|P15,0.838270,11,P15,P15,P13,P7,P0,P15,P14,P9,P0,P15,P14,P11,P4,P15,P15,P13,P7,P0,P15,P14
grating,0,1.30,P0|P4|P7|P9|P11|P13|P14|P15,0.838270,12,P15,P15,P13,P7,P0,P15,P14,P9,P0,P15,P14,P11,P4,P15,P15,P13,P7,P0,P15,P14
grating,0,1.30,P0|P4|P7|P9|P11|P13|P14|P15,0.838270,13,P15,P15,P13,P7,P0,P15,P14,P9,P0,P15,P14,P11,P4,P15,P15,P13,P7,P0,P15,P14
grating,0,1.30,P0|P4|P7|P9|P11|P13|P14|P15,0.838270,14,P15,P15,P13,P7,P0,P15,P14,P9,P0,P15,P14,P11,P4,P15,P15,P13,P7,P0,P15,P14
grating,0,1.30,P0|P4|P7|P9|P11|P13|P14|P15,0.838270,15,P15,P15,P13,P7,P0,P15,P14,P9,P0,P15,P14,P11,P4,P15,P15,P13,P7,P0,P15,P14
grating,0,1.30,P0|P4|P7|P9|P11|P13|P14|P15,0.838270,16,P15,P15,P13,P7,P0,P15,P14,P9,P0,P15,P14,P11,P4,P15,P15,P13,P7,P0,P15,P14
grating,0,1.30,P0|P4|P7|P9|P11|P13|P14|P15,0.838270,17,P15,P15,P13,P7,P0,P15,P14,P9,P0,P15,P14,P11,P4,P15,P15,P13,P7,P0,P15,P14
grating,0,1.30,P0|P4|P7|P9|P11|P13|P14|P15,0.838270,18,P15,P15,P13,P7,P0,P15,P14,P9,P0,P15,P14,P11,P4,P15,P15,P13,P7,P0,P15,P14
grating,0,1.30,P0|P4|P7|P9|P11|P13|P14|P15,0.838270,19,P15,P15,P13,P7,P0,P15,P14,P9,P0,P15,P14,P11,P4,P15,P15,P13,P7,P0,P15,P14
grating,180,1.30,P0|P4|P7|P9|P11|P13|P14|P15,0.838270,0,P14,P15,P0,P7,P13,P15,P15,P4,P11,P14,P15,P0,P9,P14,P15,P0,P7,P13,P15,P15
grating,180,1.30,P0|P4|P7|P9|P11|P13|P14|P15,0.838270,1,P14,P15,P0,P7,P13,P15,P15,P4,P11,P14,P15,P0,P9,P14,P15,P0,P7,P13,P15,P15
grating,180,1.30,P0|P4|P7|P9|P11|P13|P14|P15,0.838270,2,P14,P15,P0,P7,P13,P15,P15,P4,P11,P14,P15,P0,P9,P14,P15,P0,P7,P13,P15,P15
grating,180,1.30,P0|P4|P7|P9|P11|P13|P14|P15,0.838270,3,P14,P15,P0,P7,P13,P15,P15,P4,P11,P14,P15,P0,P9,P14,P15,P0,P7,P13,P15,P15
grating,180,1.30,P0|P4|P7|P9|P11|P13|P14|P15,0.838270,4,P14,P15,P0,P7,P13,P15,P15,P4,P11,P14,P15,P0,P9,P14,P15,P0,P7,P13,P15,P15
grating,180,1.30,P0|P4|P7|P9|P11|P13|P14|P15,0.838270,5,P14,P15,P0,P7,P13,P15,P15,P4,P11,P14,P15,P0,P9,P14,P15,P0,P7,P13,P15,P15
grating,180,1.30,P0|P4|P7|P9|P11|P13|P14|P15,0.838270,6,P14,P15,P0,P7,P13,P15,P15,P4,P11,P14,P15,P0,P9,P14,P15,P0,P7,P13,P15,P15
grating,180,1.30,P0|P4|P7|P9|P11|P13|P14|P15,0.838270,7,P14,P15,P0,P7,P13,P15,P15,P4,P11,P14,P15,P0,P9,P14,P15,P0,P7,P13,P15,P15
grating,180,1.30,P0|P4|P7|P9|P11|P13|P14|P15,0.838270,8,P14,P15,P0,P7,P13,P15,P15,P4,P11,P14,P15,P0,P9,P14,P15,P0,P7,P13,P15,P15
grating,180,1.30,P0|P4|P7|P9|P11|P13|P14|P15,0.838270,9,P14,P15,P0,P7,P13,P15,P15,P4,P11,P14,P15,P0,P9,P14,P15,P0,P7,P13,P15,P15
grating,180,1.30,P0|P4|P7|P9|P11|P13|P14|P15,0.838270,10,P14,P15,P0,P7,P13,P15,P15,P4,P11,P14,P15,P0,P9,P14,P15,P0,P7,P13,P15,P15
grating,180,1.30,P0|P4|P7|P9|P11|P13|P14|P15,0.838270,11,P14,P15,P0,P7,P13,P15,P15,P4,P11,P14,P15,P0,P9,P14,P15,P0,P7,P13,P15,P15
grating,180,1.30,P0|P4|P7|P9|P11|P13|P14|P15,0.838270,12,P14,P15,P0,P7,P13,P15,P15,P4,P11,P14,P15,P0,P9,P14,P15,P0,P7,P13,P15,P15
grating,180,1.30,P0|P4|P7|P9|P11|P13|P14|P15,0.838270,13,P14,P15,P0,P7,P13,P15,P15,P4,P11,P14,P15,P0,P9,P14,P15,P0,P7,P13,P15,P15
grating,180,1.30,P0|P4|P7|P9|P11|P13|P14|P15,0.838270,14,P14,P15,P0,P7,P13,P15,P15,P4,P11,P14,P15,P0,P9,P14,P15,P0,P7,P13,P15,P15
grating,180,1.30,P0|P4|P7|P9|P11|P13|P14|P15,0.838270,15,P14,P15,P0,P7,P13,P15,P15,P4,P11,P14,P15,P0,P9,P14,P15,P0,P7,P13,P15,P15
grating,180,1.30,P0|P4|P7|P9|P11|P13|P14|P15,0.838270,16,P14,P15,P0,P7,P13,P15,P15,P4,P11,P14,P15,P0,P9,P14,P15,P0,P7,P13,P15,P15
grating,180,1.30,P0|P4|P7|P9|P11|P13|P14|P15,0.838270,17,P14,P15,P0,P7,P13,P15,P15,P4,P11,P14,P15,P0,P9,P14,P15,P0,P7,P13,P15,P15
grating,180,1.30,P0|P4|P7|P9|P11|P13|P14|P15,0.838270,18,P14,P15,P0,P7,P13,P15,P15,P4,P11,P14,P15,P0,P9,P14,P15,P0,P7,P13,P15,P15
grating,180,1.30,P0|P4|P7|P9|P11|P13|P14|P15,0.838270,19,P14,P15,P0,P7,P13,P15,P15,P4,P11,P14,P15,P0,P9,P14,P15,P0,P7,P13,P15,P15
grating,0,1.40,P0|P4|P8|P12|P14|P15,0.863783,0,P12,P4,P15,P14,P8,P0,P15,P12,P4,P15,P14,P8,P0,P15,P12,P4,P15,P14,P8,P0
grating,0,1.40,P0|P4|P8|P12|P14|P15,0.863783,1,P12,P4,P15,P14,P8,P0,P15,P12,P4,P15,P14,P8,P0,P15,P12,P4,P15,P14,P8,P0
grating,0,1.40,P0|P4|P8|P12|P14|P15,0.863783,2,P12,P4,P15,P14,P8,P0,P15,P12,P4,P15,P14,P8,P0,P15,P12,P4,P15,P14,P8,P0
grating,0,1.40,P0|P4|P8|P12|P14|P15,0.863783,3,P12,P4,P15,P14,P8,P0,P15,P12,P4,P15,P14,P8,P0,P15,P12,P4,P15,P14,P8,P0
grating,0,1.40,P0|P4|P8|P12|P14|P15,0.863783,4,P12,P4,P15,P14,P8,P0,P15,P12,P4,P15,P14,P8,P0,P15,P12,P4,P15,P14,P8,P0
grating,0,1.40,P0|P4|P8|P12|P14|P15,0.863783,5,P12,P4,P15,P14,P8,P0,P15,P12,P4,P15,P14,P8,P0,P15,P12,P4,P15,P14,P8,P0
grating,0,1.40,P0|P4|P8|P12|P14|P15,0.863783,6,P12,P4,P15,P14,P8,P0,P15,P12,P4,P15,P14,P8,P0,P15,P12,P4,P15,P14,P8,P0
grating,0,1.40,P0|P4|P8|P12|P14|P15,0.863783,7,P12,P4,P15,P14,P8,P0,P15,P12,P4,P15,P14,P8,P0,P15,P12,P4,P15,P14,P8,P0
grating,0,1.40,P0|P4|P8|P12|P14|P15,0.863783,8,P12,P4,P15,P14,P8,P0,P15,P12,P4,P15,P14,P8,P0,P15,P12,P4,P15,P14,P8,P0
grating,0,1.40,P0|P4|P8|P12|P14|P15,0.863783,9,P12,P4,P15,P14,P8,P0,P15,P12,P4,P15,P14,P8,P0,P15,P12,P4,P15,P14,P8,P0
grating,0,1.40,P0|P4|P8|P12|P14|P15,0.863783,10,P12,P4,P15,P14,P8,P0,P15,P12,P4,P15,P14,P8,P0,P15,P12,P4,P15,P14,P8,P0
grating,0,1.40,P0|P4|P8|P12|P14|P15,0.863783,11,P12,P4,P15,P14,P8,P0,P15,P12,P4,P15,P14,P8,P0,P15,P12,P4,P15,P14,P8,P0
grating,0,1.40,P0|P4|P8|P12|P14|P15,0.863783,12,P12,P4,P15,P14,P8,P0,P15,P12,P4,P15,P14,P8,P0,P15,P12,P4,P15,P14,P8,P0
grating,0,1.40,P0|P4|P8|P12|P14|P15,0.863783,13,P12,P4,P15,P14,P8,P0,P15,P12,P4,P15,P14,P8,P0,P15,P12,P4,P15,P14,P8,P0
grating,0,1.40,P0|P4|P8|P12|P14|P15,0.863783,14,P12,P4,P15,P14,P8,P0,P15,P12,P4,P15,P14,P8,P0,P15,P12,P4,P15,P14,P8,P0
grating,0,1.40,P0|P4|P8|P12|P14|P15,0.863783,15,P12,P4,P15,P14,P8,P0,P15,P12,P4,P15,P14,P8,P0,P15,P12,P4,P15,P14,P8,P0
grating,0,1.40,P0|P4|P8|P12|P14|P15,0.863783,16,P12,P4,P15,P14,P8,P0,P15,P12,P4,P15,P14,P8,P0,P15,P12,P4,P15,P14,P8,P0
grating,0,1.40,P0|P4|P8|P12|P14|P15,0.863783,17,P12,P4,P15,P14,P8,P0,P15,P12,P4,P15,P14,P8,P0,P15,P12,P4,P15,P14,P8,P0
grating,0,1.40,P0|P4|P8|P12|P14|P15,0.863783,18,P12,P4,P15,P14,P8,P0,P15,P12,P4,P15,P14,P8,P0,P15,P12,P4,P15,P14,P8,P0
grating,0,1.40,P0|P4|P8|P12|P14|P15,0.863783,19,P12,P4,P15,P14,P8,P0,P15,P12,P4,P15,P14,P8,P0,P15,P12,P4,P15,P14,P8,P0
grating,180,1.40,P0|P4|P8|P12|P14|P15,0.863783,0,P0,P8,P14,P15,P4,P12,P15,P0,P8,P14,P15,P4,P12,P15,P0,P8,P14,P15,P4,P12
grating,180,1.40,P0|P4|P8|P12|P14|P15,0.863783,1,P0,P8,P14,P15,P4,P12,P15,P0,P8,P14,P15,P4,P12,P15,P0,P8,P14,P15,P4,P12
grating,180,1.40,P0|P4|P8|P12|P14|P15,0.863783,2,P0,P8,P14,P15,P4,P12,P15,P0,P8,P14,P15,P4,P12,P15,P0,P8,P14,P15,P4,P12
grating,180,1.40,P0|P4|P8|P12|P14|P15,0.863783,3,P0,P8,P14,P15,P4,P12,P15,P0,P8,P14,P15,P4,P12,P15,P0,P8,P14,P15,P4,P12
grating,180,1.40,P0|P4|P8|P12|P14|P15,0.863783,4,P0,P8,P14,P15,P4,P12,P15,P0,P8,P14,P15,P4,P12,P15,P0,P8,P14,P15,P4,P12
grating,180,1.40,P0|P4|P8|P12|P14|P15,0.863783,5,P0,P8,P14,P15,P4,P12,P15,P0,P8,P14,P15,P4,P12,P15,P0,P8,P14,P15,P4,P12
grating,180,1.40,P0|P4|P8|P12|P14|P15,0.863783,6,P0,P8,P14,P15,P4,P12,P15,P0,P8,P14,P15,P4,P12,P15,P0,P8,P14,P15,P4,P12
grating,180,1.40,P0|P4|P8|P12|P14|P15,0.863783,7,P0,P8,P14,P15,P4,P12,P15,P0,P8,P14,P15,P4,P12,P15,P0,P8,P14,P15,P4,P12
grating,180,1.40,P0|P4|P8|P12|P14|P15,0.863783,8,P0,P8,P14,P15,P4,P12,P15,P0,P8,P14,P15,P4,P12,P15,P0,P8,P14,P15,P4,P12
grating,180,1.40,P0|P4|P8|P12|P14|P15,0.863783,9,P0,P8,P14,P15,P4,P12,P15,P0,P8,P14,P15,P4,P12,P15,P0,P8,P14,P15,P4,P12
grating,180,1.40,P0|P4|P8|P12|P14|P15,0.863783,10,P0,P8,P14,P15,P4,P12,P15,P0,P8,P14,P15,P4,P12,P15,P0,P8,P14,P15,P4,P12
grating,180,1.40,P0|P4|P8|P12|P14|P15,0.863783,11,P0,P8,P14,P15,P4,P12,P15,P0,P8,P14,P15,P4,P12,P15,P0,P8,P14,P15,P4,P12
grating,180,1.40,P0|P4|P8|P12|P14|P15,0.863783,12,P0,P8,P14,P15,P4,P12,P15,P0,P8,P14,P15,P4,P12,P15,P0,P8,P14,P15,P4,P12
grating,180,1.40,P0|P4|P8|P12|P14|P15,0.863783,13,P0,P8,P14,P15,P4,P12,P15,P0,P8,P14,P15,P4,P12,P15,P0,P8,P14,P15,P4,P12
grating,180,1.40,P0|P4|P8|P12|P14|P15,0.863783,14,P0,P8,P14,P15,P4,P12,P15,P0,P8,P14,P15,P4,P12,P15,P0,P8,P14,P15,P4,P12
grating,180,1.40,P0|P4|P8|P12|P14|P15,0.863783,15,P0,P8,P14,P15,P4,P12,P15,P0,P8,P14,P15,P4,P12,P15,P0,P8,P14,P15,P4,P12
grating,180,1.40,P0|P4|P8|P12|P14|P15,0.863783,16,P0,P8,P14,P15,P4,P12,P15,P0,P8,P14,P15,P4,P12,P15,P0,P8,P14,P15,P4,P12
grating,180,1.40,P0|P4|P8|P12|P14|P15,0.863783,17,P0,P8,P14,P15,P4,P12,P15,P0,P8,P14,P15,P4,P12,P15,P0,P8,P14,P15,P4,P12
grating,180,1.40,P0|P4|P8|P12|P14|P15,0.863783,18,P0,P8,P14,P15,P4,P12,P15,P0,P8,P14,P15,P4,P12,P15,P0,P8,P14,P15,P4,P12
grating,180,1.40,P0|P4|P8|P12|P14|P15,0.863783,19,P0,P8,P14,P15,P4,P12,P15,P0,P8,P14,P15,P4,P12,P15,P0,P8,P14,P15,P4,P12
grating,0,1.50,P0|P12|P15,0.994877,0,P15,P12,P0,P15,P12,P0,P15,P12,P0,P15,P12,P0,P15,P12,P0,P15,P12,P0,P15,P12
grating,0,1.50,P0|P12|P15,0.994877,1,P15,P12,P0,P15,P12,P0,P15,P12,P0,P15,P12,P0,P15,P12,P0,P15,P12,P0,P15,P12
grating,0,1.50,P0|P12|P15,0.994877,2,P15,P12,P0,P15,P12,P0,P15,P12,P0,P15,P12,P0,P15,P12,P0,P15,P12,P0,P15,P12
grating,0,1.50,P0|P12|P15,0.994877,3,P15,P12,P0,P15,P12,P0,P15,P12,P0,P15,P12,P0,P15,P12,P0,P15,P12,P0,P15,P12
grating,0,1.50,P0|P12|P15,0.994877,4,P15,P12,P0,P15,P12,P0,P15,P12,P0,P15,P12,P0,P15,P12,P0,P15,P12,P0,P15,P12
grating,0,1.50,P0|P12|P15,0.994877,5,P15,P12,P0,P15,P12,P0,P15,P12,P0,P15,P12,P0,P15,P12,P0,P15,P12,P0,P15,P12
grating,0,1.50,P0|P12|P15,0.994877,6,P15,P12,P0,P15,P12,P0,P15,P12,P0,P15,P12,P0,P15,P12,P0,P15,P12,P0,P15,P12
grating,0,1.50,P0|P12|P15,0.994877,7,P15,P12,P0,P15,P12,P0,P15,P12,P0,P15,P12,P0,P15,P12,P0,P15,P12,P0,P15,P12
grating,0,1.50,P0|P12|P15,0.994877,8,P15,P12,P0,P15,P12,P0,P15,P12,P0,P15,P12,P0,P15,P12,P0,P15,P12,P0,P15,P12
grating,0,1.50,P0|P12|P15,0.994877,9,P15,P12,P0,P15,P12,P0,P15,P12,P0,P15,P12,P0,P15,P12,P0,P15,P12,P0,P15,P12
grating,0,1.50,P0|P12|P15,0.994877,10,P15,P12,P0,P15,P12,P0,P15,P12,P0,P15,P12,P0,P15,P12,P0,P15,P12,P0,P15,P12
grating,0,1.50,P0|P12|P15,0.994877,11,P15,P12,P0,P15,P12,P0,P15,P12,P0,P15,P12,P0,P15,P12,P0,P15,P12,P0,P15,P12
grating,0,1.50,P0|P12|P15,0.994877,12,P15,P12,P0,P15,P12,P0,P15,P12,P0,P15,P12,P0,P15,P12,P0,P15,P12,P0,P15,P12
grating,0,1.50,P0|P12|P15,0.994877,13,P15,P12,P0,P15,P12,P0,P15,P12,P0,P15,P12,P0,P15,P12,P0,P15,P12,P0,P15,P12
grating,0,1.50,P0|P12|P15,0.994877,14,P15,P12,P0,P15,P12,P0,P15,P12,P0,P15,P12,P0,P15,P12,P0,P15,P12,P0,P15,P12
grating,0,1.50,P0|P12|P15,0.994877,15,P15,P12,P0,P15,P12,P0,P15,P12,P0,P15,P12,P0,P15,P12,P0,P15,P12,P0,P15,P12
grating,0,1.50,P0|P12|P15,0.994877,16,P15,P12,P0,P15,P12,P0,P15,P12,P0,P15,P12,P0,P15,P12,P0,P15,P12,P0,P15,P12
grating,0,1.50,P0|P12|P15,0.994877,17,P15,P12,P0,P15,P12,P0,P15,P12,P0,P15,P12,P0,P15,P12,P0,P15,P12,P0,P15,P12
grating,0,1.50,P0|P12|P15,0.994877,18,P15,P12,P0,P15,P12,P0,P15,P12,P0,P15,P12,P0,P15,P12,P0,P15,P12,P0,P15,P12
grating,0,1.50,P0|P12|P15,0.994877,19,P15,P12,P0,P15,P12,P0,P15,P12,P0,P15,P12,P0,P15,P12,P0,P15,P12,P0,P15,P12
grating,180,1.50,P0|P12|P15,0.994877,0,P12,P15,P0,P12,P15,P0,P12,P15,P0,P12,P15,P0,P12,P15,P0,P12,P15,P0,P12,P15
grating,180,1.50,P0|P12|P15,0.994877,1,P12,P15,P0,P12,P15,P0,P12,P15,P0,P12,P15,P0,P12,P15,P0,P12,P15,P0,P12,P15
grating,180,1.50,P0|P12|P15,0.994877,2,P12,P15,P0,P12,P15,P0,P12,P15,P0,P12,P15,P0,P12,P15,P0,P12,P15,P0,P12,P15
grating,180,1.50,P0|P12|P15,0.994877,3,P12,P15,P0,P12,P15,P0,P12,P15,P0,P12,P15,P0,P12,P15,P0,P12,P15,P0,P12,P15
grating,180,1.50,P0|P12|P15,0.994877,4,P12,P15,P0,P12,P15,P0,P12,P15,P0,P12,P15,P0,P12,P15,P0,P12,P15,P0,P12,P15
grating,180,1.50,P0|P12|P15,0.994877,5,P12,P15,P0,P12,P15,P0,P12,P15,P0,P12,P15,P0,P12,P15,P0,P12,P15,P0,P12,P15
grating,180,1.50,P0|P12|P15,0.994877,6,P12,P15,P0,P12,P15,P0,P12,P15,P0,P12,P15,P0,P12,P15,P0,P12,P15,P0,P12,P15
grating,180,1.50,P0|P12|P15,0.994877,7,P12,P15,P0,P12,P15,P0,P12,P15,P0,P12,P15,P0,P12,P15,P0,P12,P15,P0,P12,P15
grating,180,1.50,P0|P12|P15,0.994877,8,P12,P15,P0,P12,P15,P0,P12,P15,P0,P12,P15,P0,P12,P15,P0,P12,P15,P0,P12,P15
grating,180,1.50,P0|P12|P15,0.994877,9,P12,P15,P0,P12,P15,P0,P12,P15,P0,P12,P15,P0,P12,P15,P0,P12,P15,P0,P12,P15
grating,180,1.50,P0|P12|P15,0.994877,10,P12,P15,P0,P12,P15,P0,P12,P15,P0,P12,P15,P0,P12,P15,P0,P12,P15,P0,P12,P15
grating,180,1.50,P0|P12|P15,0.994877,11,P12,P15,P0,P12,P15,P0,P12,P15,P0,P12,P15,P0,P12,P15,P0,P12,P15,P0,P12,P15
grating,180,1.50,P0|P12|P15,0.994877,12,P12,P15,P0,P12,P15,P0,P12,P15,P0,P12,P15,P0,P12,P15,P0,P12,P15,P0,P12,P15
grating,180,1.50,P0|P12|P15,0.994877,13,P12,P15,P0,P12,P15,P0,P12,P15,P0,P12,P15,P0,P12,P15,P0,P12,P15,P0,P12,P15
grating,180,1.50,P0|P12|P15,0.994877,14,P12,P15,P0,P12,P15,P0,P12,P15,P0,P12,P15,P0,P12,P15,P0,P12,P15,P0,P12,P15
grating,180,1.50,P0|P12|P15,0.994877,15,P12,P15,P0,P12,P15,P0,P12,P15,P0,P12,P15,P0,P12,P15,P0,P12,P15,P0,P12,P15
grating,180,1.50,P0|P12|P15,0.994877,16,P12,P15,P0,P12,P15,P0,P12,P15,P0,P12,P15,P0,P12,P15,P0,P12,P15,P0,P12,P15
grating,180,1.50,P0|P12|P15,0.994877,17,P12,P15,P0,P12,P15,P0,P12,P15,P0,P12,P15,P0,P12,P15,P0,P12,P15,P0,P12,P15
grating,180,1.50,P0|P12|P15,0.994877,18,P12,P15,P0,P12,P15,P0,P12,P15,P0,P12,P15,P0,P12,P15,P0,P12,P15,P0,P12,P15
grating,180,1.50,P0|P12|P15,0.994877,19,P12,P15,P0,P12,P15,P0,P12,P15,P0,P12,P15,P0,P12,P15,P0,P12,P15,P0,P12,P15
grating,0,1.60,P0|P7|P10|P13|P14|P15,0.848708,0,P10,P0,P14,P7,P15,P13,P0,P15,P10,P0,P14,P7,P15,P13,P0,P15,P10,P0,P14,P7
grating,0,1.60,P0|P7|P10|P13|P14|P15,0.848708,1,P10,P0,P14,P7,P15,P13,P0,P15,P10,P0,P14,P7,P15,P13,P0,P15,P10,P0,P14,P7
grating,0,1.60,P0|P7|P10|P13|P14|P15,0.848708,2,P10,P0,P14,P7,P15,P13,P0,P15,P10,P0,P14,P7,P15,P13,P0,P15,P10,P0,P14,P7
grating,0,1.60,P0|P7|P10|P13|P14|P15,0.848708,3,P10,P0,P14,P7,P15,P13,P0,P15,P10,P0,P14,P7,P15,P13,P0,P15,P10,P0,P14,P7
grating,0,1.60,P0|P7|P10|P13|P14|P15,0.848708,4,P10,P0,P14,P7,P15,P13,P0,P15,P10,P0,P14,P7,P15,P13,P0,P15,P10,P0,P14,P7
grating,0,1.60,P0|P7|P10|P13|P14|P15,0.848708,5,P10,P0,P14,P7,P15,P13,P0,P15,P10,P0,P14,P7,P15,P13,P0,P15,P10,P0,P14,P7
grating,0,1.60,P0|P7|P10|P13|P14|P15,0.848708,6,P10,P0,P14,P7,P15,P13,P0,P15,P10,P0,P14,P7,P15,P13,P0,P15,P10,P0,P14,P7
grating,0,1.60,P0|P7|P10|P13|P14|P15,0.848708,7,P10,P0,P14,P7,P15,P13,P0,P15,P10,P0,P14,P7,P15,P13,P0,P15,P10,P0,P14,P7
grating,0,1.60,P0|P7|P10|P13|P14|P15,0.848708,8,P10,P0,P14,P7,P15,P13,P0,P15,P10,P0,P14,P7,P15,P13,P0,P15,P10,P0,P14,P7
grating,0,1.60,P0|P7|P10|P13|P14|P15,0.848708,9,P10,P0,P14,P7,P15,P13,P0,P15,P10,P0,P14,P7,P15,P13,P0,P15,P10,P0,P14,P7
grating,0,1.60,P0|P7|P10|P13|P14|P15,0.848708,10,P10,P0,P14,P7,P15,P13,P0,P15,P10,P0,P14,P7,P15,P13,P0,P15,P10,P0,P14,P7
grating,0,1.60,P0|P7|P10|P13|P14|P15,0.848708,11,P10,P0,P14,P7,P15,P13,P0,P15,P10,P0,P14,P7,P15,P13,P0,P15,P10,P0,P14,P7
grating,0,1.60,P0|P7|P10|P13|P14|P15,0.848708,12,P10,P0,P14,P7,P15,P13,P0,P15,P10,P0,P14,P7,P15,P13,P0,P15,P10,P0,P14,P7
grating,0,1.60,P0|P7|P10|P13|P14|P15,0.848708,13,P10,P0,P14,P7,P15,P13,P0,P15,P10,P0,P14,P7,P15,P13,P0,P15,P10,P0,P14,P7
grating,0,1.60,P0|P7|P10|P13|P14|P15,0.848708,14,P10,P0,P14,P7,P15,P13,P0,P15,P10,P0,P14,P7,P15,P13,P0,P15,P10,P0,P14,P7
grating,0,1.60,P0|P7|P10|P13|P14|P15,0.848708,15,P10,P0,P14,P7,P15,P13,P0,P15,P10,P0,P14,P7,P15,P13,P0,P15,P10,P0,P14,P7
grating,0,1.60,P0|P7|P10|P13|P14|P15,0.848708,16,P10,P0,P14,P7,P15,P13,P0,P15,P10,P0,P14,P7,P15,P13,P0,P15,P10,P0,P14,P7
grating,0,1.60,P0|P7|P10|P13|P14|P15,0.848708,17,P10,P0,P14,P7,P15,P13,P0,P15,P10,P0,P14,P7,P15,P13,P0,P15,P10,P0,P14,P7
grating,0,1.60,P0|P7|P10|P13|P14|P15,0.848708,18,P10,P0,P14,P7,P15,P13,P0,P15,P10,P0,P14,P7,P15,P13,P0,P15,P10,P0,P14,P7
grating,0,1.60,P0|P7|P10|P13|P14|P15,0.848708,19,P10,P0,P14,P7,P15,P13,P0,P15,P10,P0,P14,P7,P15,P13,P0,P15,P10,P0,P14,P7
grating,180,1.60,P0|P7|P10|P13|P14|P15,0.848708,0,P7,P14,P0,P10,P15,P0,P13,P15,P7,P14,P0,P10,P15,P0,P13,P15,P7,P14,P0,P10
grating,180,1.60,P0|P7|P10|P13|P14|P15,0.848708,1,P7,P14,P0,P10,P15,P0,P13,P15,P7,P14,P0,P10,P15,P0,P13,P15,P7,P14,P0,P10
grating,180,1.60,P0|P7|P10|P13|P14|P15,0.848708,2,P7,P14,P0,P10,P15,P0,P13,P15,P7,P14,P0,P10,P15,P0,P13,P15,P7,P14,P0,P10
grating,180,1.60,P0|P7|P10|P13|P14|P15,0.848708,3,P7,P14,P0,P10,P15,P0,P13,P15,P7,P14,P0,P10,P15,P0,P13,P15,P7,P14,P0,P10
grating,180,1.60,P0|P7|P10|P13|P14|P15,0.848708,4,P7,P14,P0,P10,P15,P0,P13,P15,P7,P14,P0,P10,P15,P0,P13,P15,P7,P14,P0,P10
grating,180,1.60,P0|P7|P10|P13|P14|P15,0.848708,5,P7,P14,P0,P10,P15,P0,P13,P15,P7,P14,P0,P10,P15,P0,P13,P15,P7,P14,P0,P10
grating,180,1.60,P0|P7|P10|P13|P14|P15,0.848708,6,P7,P14,P0,P10,P15,P0,P13,P15,P7,P14,P0,P10,P15,P0,P13,P15,P7,P14,P0,P10
grating,180,1.60,P0|P7|P10|P13|P14|P15,0.848708,7,P7,P14,P0,P10,P15,P0,P13,P15,P7,P14,P0,P10,P15,P0,P13,P15,P7,P14,P0,P10
grating,180,1.60,P0|P7|P10|P13|P14|P15,0.848708,8,P7,P14,P0,P10,P15,P0,P13,P15,P7,P14,P0,P10,P15,P0,P13,P15,P7,P14,P0,P10
grating,180,1.60,P0|P7|P10|P13|P14|P15,0.848708,9,P7,P14,P0,P10,P15,P0,P13,P15,P7,P14,P0,P10,P15,P0,P13,P15,P7,P14,P0,P10
grating,180,1.60,P0|P7|P10|P13|P14|P15,0.848708,10,P7,P14,P0,P10,P15,P0,P13,P15,P7,P14,P0,P10,P15,P0,P13,P15,P7,P14,P0,P10
grating,180,1.60,P0|P7|P10|P13|P14|P15,0.848708,11,P7,P14,P0,P10,P15,P0,P13,P15,P7,P14,P0,P10,P15,P0,P13,P15,P7,P14,P0,P10
grating,180,1.60,P0|P7|P10|P13|P14|P15,0.848708,12,P7,P14,P0,P10,P15,P0,P13,P15,P7,P14,P0,P10,P15,P0,P13,P15,P7,P14,P0,P10
grating,180,1.60,P0|P7|P10|P13|P14|P15,0.848708,13,P7,P14,P0,P10,P15,P0,P13,P15,P7,P14,P0,P10,P15,P0,P13,P15,P7,P14,P0,P10
grating,180,1.60,P0|P7|P10|P13|P14|P15,0.848708,14,P7,P14,P0,P10,P15,P0,P13,P15,P7,P14,P0,P10,P15,P0,P13,P15,P7,P14,P0,P10
grating,180,1.60,P0|P7|P10|P13|P14|P15,0.848708,15,P7,P14,P0,P10,P15,P0,P13,P15,P7,P14,P0,P10,P15,P0,P13,P15,P7,P14,P0,P10
grating,180,1.60,P0|P7|P10|P13|P14|P15,0.848708,16,P7,P14,P0,P10,P15,P0,P13,P15,P7,P14,P0,P10,P15,P0,P13,P15,P7,P14,P0,P10
grating,180,1.60,P0|P7|P10|P13|P14|P15,0.848708,17,P7,P14,P0,P10,P15,P0,P13,P15,P7,P14,P0,P10,P15,P0,P13,P15,P7,P14,P0,P10
grating,180,1.60,P0|P7|P10|P13|P14|P15,0.848708,18,P7,P14,P0,P10,P15,P0,P13,P15,P7,P14,P0,P10,P15,P0,P13,P15,P7,P14,P0,P10
grating,180,1.60,P0|P7|P10|P13|P14|P15,0.848708,19,P7,P14,P0,P10,P15,P0,P13,P15,P7,P14,P0,P10,P15,P0,P13,P15,P7,P14,P0,P10
grating,0,1.70,P0|P3|P6|P7|P9|P11|P12|P13|P14|P15,0.835703,0,P15,P7,P15,P12,P0,P14,P6,P15,P11,P0,P14,P3,P15,P9,P15,P13,P0,P15,P7,P15
grating,0,1.70,P0|P3|P6|P7|P9|P11|P12|P13|P14|P15,0.835703,1,P15,P7,P15,P12,P0,P14,P6,P15,P11,P0,P14,P3,P15,P9,P15,P13,P0,P15,P7,P15
grating,0,1.70,P0|P3|P6|P7|P9|P11|P12|P13|P14|P15,0.835703,2,P15,P7,P15,P12,P0,P14,P6,P15,P11,P0,P14,P3,P15,P9,P15,P13,P0,P15,P7,P15
grating,0,1.70,P0|P3|P6|P7|P9|P11|P12|P13|P14|P15,0.835703,3,P15,P7,P15,P12,P0,P14,P6,P15,P11,P0,P14,P3,P15,P9,P15,P13,P0,P15,P7,P15
grating,0,1.70,P0|P3|P6|P7|P9|P11|P12|P13|P14|P15,0.835703,4,P15,P7,P15,P12,P0,P14,P6,P15,P11,P0,P14,P3,P15,P9,P15,P13,P0,P15,P7,P15
grating,0,1.70,P0|P3|P6|P7|P9|P11|P12|P13|P14|P15,0.835703,5,P15,P7,P15,P12,P0,P14,P6,P15,P11,P0,P14,P3,P15,P9,P15,P13,P0,P15,P7,P15
grating,0,1.70,P0|P3|P6|P7|P9|P11|P12|P13|P14|P15,0.835703,6,P15,P7,P15,P12,P0,P14,P6,P15,P11,P0,P14,P3,P15,P9,P15,P13,P0,P15,P7,P15
grating,0,1.70,P0|P3|P6|P7|P9|P11|P12|P13|P14|P15,0.835703,7,P15,P7,P15,P12,P0,P14,P6,P15,P11,P0,P14,P3,P15,P9,P15,P13,P0,P15,P7,P15
grating,0,1.70,P0|P3|P6|P7|P9|P11|P12|P13|P14|P15,0.835703,8,P15,P7,P15,P12,P0,P14,P6,P15,P11,P0,P14,P3,P15,P9,P15,P13,P0,P15,P7,P15
grating,0,1.70,P0|P3|P6|P7|P9|P11|P12|P13|P14|P15,0.835703,9,P15,P7,P15,P12,P0,P14,P6,P15,P11,P0,P14,P3,P15,P9,P15,P13,P0,P15,P7,P15
grating,0,1.70,P0|P3|P6|P7|P9|P11|P12|P13|P14|P15,0.835703,10,P15,P7,P15,P12,P0,P14,P6,P15,P11,P0,P14,P3,P15,P9,P15,P13,P0,P15,P7,P15
grating,0,1.70,P0|P3|P6|P7|P9|P11|P12|P13|P14|P15,0.835703,11,P15,P7,P15,P12,P0,P14,P6,P15,P11,P0,P14,P3,P15,P9,P15,P13,P0,P15,P7,P15
grating,0,1.70,P0|P3|P6|P7|P9|P11|P12|P13|P14|P15,0.835703,12,P15,P7,P15,P12,P0,P14,P6,P15,P11,P0,P14,P3,P15,P9,P15,P13,P0,P15,P7,P15
grating,0,1.70,P0|P3|P6|P7|P9|P11|P12|P13|P14|P15,0.835703,13,P15,P7,P15,P12,P0,P14,P6,P15,P11,P0,P14,P3,P15,P9,P15,P13,P0,P15,P7,P15
grating,0,1.70,P0|P3|P6|P7|P9|P11|P12|P13|P14|P15,0.835703,14,P15,P7,P15,P12,P0,P14,P6,P15,P11,P0,P14,P3,P15,P9,P15,P13,P0,P15,P7,P15
grating,0,1.70,P0|P3|P6|P7|P9|P11|P12|P13|P14|P15,0.835703,15,P15,P7,P15,P12,P0,P14,P6,P15,P11,P0,P14,P3,P15,P9,P15,P13,P0,P15,P7,P15
grating,0,1.70,P0|P3|P6|P7|P9|P11|P12|P13|P14|P15,0.835703,16,P15,P7,P15,P12,P0,P14,P6,P15,P11,P0,P14,P3,P15,P9,P15,P13,P0,P15,P7,P15
grating,0,1.70,P0|P3|P6|P7|P9|P11|P12|P13|P14|P15,0.835703,17,P15,P7,P15,P12,P0,P14,P6,P15,P11,P0,P14,P3,P15,P9,P15,P13,P0,P15,P7,P15
grating,0,1.70,P0|P3|P6|P7|P9|P11|P12|P13|P14|P15,0.835703,18,P15,P7,P15,P12,P0,P14,P6,P15,P11,P0,P14,P3,P15,P9,P15,P13,P0,P15,P7,P15
grating,0,1.70,P0|P3|P6|P7|P9|P11|P12|P13|P14|P15,0.835703,19,P15,P7,P15,P12,P0,P14,P6,P15,P11,P0,P14,P3,P15,P9,P15,P13,P0,P15,P7,P15
grating,180,1.70,P0|P3|P6|P7|P9|P11|P12|P13|P14|P15,0.835703,0,P15,P7,P15,P0,P13,P15,P9,P15,P3,P14,P0,P11,P15,P6,P14,P0,P12,P15,P7,P15
grating,180,1.70,P0|P3|P6|P7|P9|P11|P12|P13|P14|P15,0.835703,1,P15,P7,P15,P0,P13,P15,P9,P15,P3,P14,P0,P11,P15,P6,P14,P0,P12,P15,P7,P15
grating,180,1.70,P0|P3|P6|P7|P9|P11|P12|P13|P14|P15,0.835703,2,P15,P7,P15,P0,P13,P15,P9,P15,P3,P14,P0,P11,P15,P6,P14,P0,P12,P15,P7,P15
grating,180,1.70,P0|P3|P6|P7|P9|P11|P12|P13|P14|P15,0.835703,3,P15,P7,P15,P0,P13,P15,P9,P15,P3,P14,P0,P11,P15,P6,P14,P0,P12,P15,P7,P15
grating,180,1.70,P0|P3|P6|P7|P9|P11|P12|P13|P14|P15,0.835703,4,P15,P7,P15,P0,P13,P15,P9,P15,P3,P14,P0,P11,P15,P6,P14,P0,P12,P15,P7,P15
grating,180,1.70,P0|P3|P6|P7|P9|P11|P12|P13|P14|P15,0.835703,5,P15,P7,P15,P0,P13,P15,P9,P15,P3,P14,P0,P11,P15,P6,P14,P0,P12,P15,P7,P15
grating,180,1.70,P0|P3|P6|P7|P9|P11|P12|P13|P14|P15,0.835703,6,P15,P7,P15,P0,P13,P15,P9,P15,P3,P14,P0,P11,P15,P6,P14,P0,P12,P15,P7,P15
grating,180,1.70,P0|P3|P6|P7|P9|P11|P12|P13|P14|P15,0.835703,7,P15,P7,P15,P0,P13,P15,P9,P15,P3,P14,P0,P11,P15,P6,P14,P0,P12,P15,P7,P15
grating,180,1.70,P0|P3|P6|P7|P9|P11|P12|P13|P14|P15,0.835703,8,P15,P7,P15,P0,P13,P15,P9,P15,P3,P14,P0,P11,P15,P6,P14,P0,P12,P15,P7,P15
grating,180,1.70,P0|P3|P6|P7|P9|P11|P12|P13|P14|P15,0.835703,9,P15,P7,P15,P0,P13,P15,P9,P15,P3,P14,P0,P11,P15,P6,P14,P0,P12,P15,P7,P15
grating,180,1.70,P0|P3|P6|P7|P9|P11|P12|P13|P14|P15,0.835703,10,P15,P7,P15,P0,P13,P15,P9,P15,P3,P14,P0,P11,P15,P6,P14,P0,P12,P15,P7,P15
grating,180,1.70,P0|P3|P6|P7|P9|P11|P12|P13|P14|P15,0.835703,11,P15,P7,P15,P0,P13,P15,P9,P15,P3,P14,P0,P11,P15,P6,P14,P0,P12,P15,P7,P15
grating,180,1.70,P0|P3|P6|P7|P9|P11|P12|P13|P14|P15,0.835703,12,P15,P7,P15,P0,P13,P15,P9,P15,P3,P14,P0,P11,P15,P6,P14,P0,P12,P15,P7,P15
grating,180,1.70,P0|P3|P6|P7|P9|P11|P12|P13|P14|P15,0.835703,13,P15,P7,P15,P0,P13,P15,P9,P15,P3,P14,P0,P11,P15,P6,P14,P0,P12,P15,P7,P15
grating,180,1.70,P0|P3|P6|P7|P9|P11|P12|P13|P14|P15,0.835703,14,P15,P7,P15,P0,P13,P15,P9,P15,P3,P14,P0,P11,P15,P6,P14,P0,P12,P15,P7,P15
grating,180,1.70,P0|P3|P6|P7|P9|P11|P12|P13|P14|P15,0.835703,15,P15,P7,P15,P0,P13,P15,P9,P15,P3,P14,P0,P11,P15,P6,P14,P0,P12,P15,P7,P15
grating,180,1.70,P0|P3|P6|P7|P9|P11|P12|P13|P14|P15,0.835703,16,P15,P7,P15,P0,P13,P15,P9,P15,P3,P14,P0,P11,P15,P6,P14,P0,P12,P15,P7,P15
grating,180,1.70,P0|P3|P6|P7|P9|P11|P12|P13|P14|P15,0.835703,17,P15,P7,P15,P0,P13,P15,P9,P15,P3,P14,P0,P11,P15,P6,P14,P0,P12,P15,P7,P15
grating,180,1.70,P0|P3|P6|P7|P9|P11|P12|P13|P14|P15,0.835703,18,P15,P7,P15,P0,P13,P15,P9,P15,P3,P14,P0,P11,P15,P6,P14,P0,P12,P15,P7,P15
grating,180,1.70,P0|P3|P6|P7|P9|P11|P12|P13|P14|P15,0.835703,19,P15,P7,P15,P0,P13,P15,P9,P15,P3,P14,P0,P11,P15,P6,P14,P0,P12,P15,P7,P15
grating,0,1.80,P0|P1|P7|P10|P13|P14|P15,0.843175,0,P1,P15,P7,P15,P10,P15,P13,P0,P14,P1,P15,P7,P15,P10,P15,P13,P0,P14,P1,P15
grating,0,1.80,P0|P1|P7|P10|P13|P14|P15,0.843175,1,P1,P15,P7,P15,P10,P15,P13,P0,P14,P1,P15,P7,P15,P10,P15,P13,P0,P14,P1,P15
grating,0,1.80,P0|P1|P7|P10|P13|P14|P15,0.843175,2,P1,P15,P7,P15,P10,P15,P13,P0,P14,P1,P15,P7,P15,P10,P15,P13,P0,P14,P1,P15
grating,0,1.80,P0|P1|P7|P10|P13|P14|P15,0.843175,3,P1,P15,P7,P15,P10,P15,P13,P0,P14,P1,P15,P7,P15,P10,P15,P13,P0,P14,P1,P15
grating,0,1.80,P0|P1|P7|P10|P13|P14|P15,0.843175,4,P1,P15,P7,P15,P10,P15,P13,P0,P14,P1,P15,P7,P15,P10,P15,P13,P0,P14,P1,P15
grating,0,1.80,P0|P1|P7|P10|P13|P14|P15,0.843175,5,P1,P15,P7,P15,P10,P15,P13,P0,P14,P1,P15,P7,P15,P10,P15,P13,P0,P14,P1,P15
grating,0,1.80,P0|P1|P7|P10|P13|P14|P15,0.843175,6,P1,P15,P7,P15,P10,P15,P13,P0,P14,P1,P15,P7,P15,P10,P15,P13,P0,P14,P1,P15
grating,0,1.80,P0|P1|P7|P10|P13|P14|P15,0.843175,7,P1,P15,P7,P15,P10,P15,P13,P0,P14,P1,P15,P7,P15,P10,P15,P13,P0,P14,P1,P15
grating,0,1.80,P0|P1|P7|P10|P13|P14|P15,0.843175,8,P1,P15,P7,P15,P10,P15,P13,P0,P14,P1,P15,P7,P15,P10,P15,P13,P0,P14,P1,P15
grating,0,1.80,P0|P1|P7|P10|P13|P14|P15,0.843175,9,P1,P15,P7,P15,P10,P15,P13,P0,P14,P1,P15,P7,P15,P10,P15,P13,P0,P14,P1,P15
grating,0,1.80,P0|P1|P7|P10|P13|P14|P15,0.843175,10,P1,P15,P7,P15,P10,P15,P13,P0,P14,P1,P15,P7,P15,P10,P15,P13,P0,P14,P1,P15
grating,0,1.80,P0|P1|P7|P10|P13|P14|P15,0.843175,11,P1,P15,P7,P15,P10,P15,P13,P0,P14,P1,P15,P7,P15,P10,P15,P13,P0,P14,P1,P15
grating,0,1.80,P0|P1|P7|P10|P13|P14|P15,0.843175,12,P1,P15,P7,P15,P10,P15,P13,P0,P14,P1,P15,P7,P15,P10,P15,P13,P0,P14,P1,P15
grating,0,1.80,P0|P1|P7|P10|P13|P14|P15,0.843175,13,P1,P15,P7,P15,P10,P15,P13,P0,P14,P1,P15,P7,P15,P10,P15,P13,P0,P14,P1,P15
grating,0,1.80,P0|P1|P7|P10|P13|P14|P15,0.843175,14,P1,P15,P7,P15,P10,P15,P13,P0,P14,P1,P15,P7,P15,P10,P15,P13,P0,P14,P1,P15
grating,0,1.80,P0|P1|P7|P10|P13|P14|P15,0.843175,15,P1,P15,P7,P15,P10,P15,P13,P0,P14,P1,P15,P7,P15,P10,P15,P13,P0,P14,P1,P15
grating,0,1.80,P0|P1|P7|P10|P13|P14|P15,0.843175,16,P1,P15,P7,P15,P10,P15,P13,P0,P14,P1,P15,P7,P15,P10,P15,P13,P0,P14,P1,P15
grating,0,1.80,P0|P1|P7|P10|P13|P14|P15,0.843175,17,P1,P15,P7,P15,P10,P15,P13,P0,P14,P1,P15,P7,P15,P10,P15,P13,P0,P14,P1,P15
grating,0,1.80,P0|P1|P7|P10|P13|P14|P15,0.843175,18,P1,P15,P7,P15,P10,P15,P13,P0,P14,P1,P15,P7,P15,P10,P15,P13,P0,P14,P1,P15
grating,0,1.80,P0|P1|P7|P10|P13|P14|P15,0.843175,19,P1,P15,P7,P15,P10,P15,P13,P0,P14,P1,P15,P7,P15,P10,P15,P13,P0,P14,P1,P15
grating,180,1.80,P0|P1|P7|P10|P13|P14|P15,0.843175,0,P15,P1,P14,P0,P13,P15,P10,P15,P7,P15,P1,P14,P0,P13,P15,P10,P15,P7,P15,P1
grating,180,1.80,P0|P1|P7|P10|P13|P14|P15,0.843175,1,P15,P1,P14,P0,P13,P15,P10,P15,P7,P15,P1,P14,P0,P13,P15,P10,P15,P7,P15,P1
grating,180,1.80,P0|P1|P7|P10|P13|P14|P15,0.843175,2,P15,P1,P14,P0,P13,P15,P10,P15,P7,P15,P1,P14,P0,P13,P15,P10,P15,P7,P15,P1
grating,180,1.80,P0|P1|P7|P10|P13|P14|P15,0.843175,3,P15,P1,P14,P0,P13,P15,P10,P15,P7,P15,P1,P14,P0,P13,P15,P10,P15,P7,P15,P1
grating,180,1.80,P0|P1|P7|P10|P13|P14|P15,0.843175,4,P15,P1,P14,P0,P13,P15,P10,P15,P7,P15,P1,P14,P0,P13,P15,P10,P15,P7,P15,P1
grating,180,1.80,P0|P1|P7|P10|P13|P14|P15,0.843175,5,P15,P1,P14,P0,P13,P15,P10,P15,P7,P15,P1,P14,P0,P13,P15,P10,P15,P7,P15,P1
grating,180,1.80,P0|P1|P7|P10|P13|P14|P15,0.843175,6,P15,P1,P14,P0,P13,P15,P10,P15,P7,P15,P1,P14,P0,P13,P15,P10,P15,P7,P15,P1
grating,180,1.80,P0|P1|P7|P10|P13|P14|P15,0.843175,7,P15,P1,P14,P0,P13,P15,P10,P15,P7,P15,P1,P14,P0,P13,P15,P10,P15,P7,P15,P1
grating,180,1.80,P0|P1|P7|P10|P13|P14|P15,0.843175,8,P15,P1,P14,P0,P13,P15,P10,P15,P7,P15,P1,P14,P0,P13,P15,P10,P15,P7,P15,P1
grating,180,1.80,P0|P1|P7|P10|P13|P14|P15,0.843175,9,P15,P1,P14,P0,P13,P15,P10,P15,P7,P15,P1,P14,P0,P13,P15,P10,P15,P7,P15,P1
grating,180,1.80,P0|P1|P7|P10|P13|P14|P15,0.843175,10,P15,P1,P14,P0,P13,P15,P10,P15,P7,P15,P1,P14,P0,P13,P15,P10,P15,P7,P15,P1
grating,180,1.80,P0|P1|P7|P10|P13|P14|P15,0.843175,11,P15,P1,P14,P0,P13,P15,P10,P15,P7,P15,P1,P14,P0,P13,P15,P10,P15,P7,P15,P1
grating,180,1.80,P0|P1|P7|P10|P13|P14|P15,0.843175,12,P15,P1,P14,P0,P13,P15,P10,P15,P7,P15,P1,P14,P0,P13,P15,P10,P15,P7,P15,P1
grating,180,1.80,P0|P1|P7|P10|P13|P14|P15,0.843175,13,P15,P1,P14,P0,P13,P15,P10,P15,P7,P15,P1,P14,P0,P13,P15,P10,P15,P7,P15,P1
grating,180,1.80,P0|P1|P7|P10|P13|P14|P15,0.843175,14,P15,P1,P14,P0,P13,P15,P10,P15,P7,P15,P1,P14,P0,P13,P15,P10,P15,P7,P15,P1
grating,180,1.80,P0|P1|P7|P10|P13|P14|P15,0.843175,15,P15,P1,P14,P0,P13,P15,P10,P15,P7,P15,P1,P14,P0,P13,P15,P10,P15,P7,P15,P1
grating,180,1.80,P0|P1|P7|P10|P13|P14|P15,0.843175,16,P15,P1,P14,P0,P13,P15,P10,P15,P7,P15,P1,P14,P0,P13,P15,P10,P15,P7,P15,P1
grating,180,1.80,P0|P1|P7|P10|P13|P14|P15,0.843175,17,P15,P1,P14,P0,P13,P15,P10,P15,P7,P15,P1,P14,P0,P13,P15,P10,P15,P7,P15,P1
grating,180,1.80,P0|P1|P7|P10|P13|P14|P15,0.843175,18,P15,P1,P14,P0,P13,P15,P10,P15,P7,P15,P1,P14,P0,P13,P15,P10,P15,P7,P15,P1
grating,180,1.80,P0|P1|P7|P10|P13|P14|P15,0.843175,19,P15,P1,P14,P0,P13,P15,P10,P15,P7,P15,P1,P14,P0,P13,P15,P10,P15,P7,P15,P1
grating,0,1.90,P0|P5|P7|P8|P10|P11|P12|P13|P14|P15,0.833420,0,P8,P15,P10,P15,P11,P15,P12,P0,P13,P0,P14,P0,P14,P0,P14,P5,P15,P7,P15,P8
grating,0,1.90,P0|P5|P7|P8|P10|P11|P12|P13|P14|P15,0.833420,1,P8,P15,P10,P15,P11,P15,P12,P0,P13,P0,P14,P0,P14,P0,P14,P5,P15,P7,P15,P8
grating,0,1.90,P0|P5|P7|P8|P10|P11|P12|P13|P14|P15,0.833420,2,P8,P15,P10,P15,P11,P15,P12,P0,P13,P0,P14,P0,P14,P0,P14,P5,P15,P7,P15,P8
grating,0,1.90,P0|P5|P7|P8|P10|P11|P12|P13|P14|P15,0.833420,3,P8,P15,P10,P15,P11,P15,P12,P0,P13,P0,P14,P0,P14,P0,P14,P5,P15,P7,P15,P8
grating,0,1.90,P0|P5|P7|P8|P10|P11|P12|P13|P14|P15,0.833420,4,P8,P15,P10,P15,P11,P15,P12,P0,P13,P0,P14,P0,P14,P0,P14,P5,P15,P7,P15,P8
grating,0,1.90,P0|P5|P7|P8|P10|P11|P12|P13|P14|P15,0.833420,5,P8,P15,P10,P15,P11,P15,P12,P0,P13,P0,P14,P0,P14,P0,P14,P5,P15,P7,P15,P8
grating,0,1.90,P0|P5|P7|P8|P10|P11|P12|P13|P14|P15,0.833420,6,P8,P15,P10,P15,P11,P15,P12,P0,P13,P0,P14,P0,P14,P0,P14,P5,P15,P7,P15,P8
grating,0,1.90,P0|P5|P7|P8|P10|P11|P12|P13|P14|P15,0.833420,7,P8,P15,P10,P15,P11,P15,P12,P0,P13,P0,P14,P0,P14,P0,P14,P5,P15,P7,P15,P8
grating,0,1.90,P0|P5|P7|P8|P10|P11|P12|P13|P14|P15,0.833420,8,P8,P15,P10,P15,P11,P15,P12,P0,P13,P0,P14,P0,P14,P0,P14,P5,P15,P7,P15,P8
grating,0,1.90,P0|P5|P7|P8|P10|P11|P12|P13|P14|P15,0.833420,9,P8,P15,P10,P15,P11,P15,P12,P0,P13,P0,P14,P0,P14,P0,P14,P5,P15,P7,P15,P8
grating,0,1.90,P0|P5|P7|P8|P10|P11|P12|P13|P14|P15,0.833420,10,P8,P15,P10,P15,P11,P15,P12,P0,P13,P0,P14,P0,P14,P0,P14,P5,P15,P7,P15,P8
grating,0,1.90,P0|P5|P7|P8|P10|P11|P12|P13|P14|P15,0.833420,11,P8,P15,P10,P15,P11,P15,P12,P0,P13,P0,P14,P0,P14,P0,P14,P5,P15,P7,P15,P8
grating,0,1.90,P0|P5|P7|P8|P10|P11|P12|P13|P14|P15,0.833420,12,P8,P15,P10,P15,P11,P15,P12,P0,P13,P0,P14,P0,P14,P0,P14,P5,P15,P7,P15,P8
grating,0,1.90,P0|P5|P7|P8|P10|P11|P12|P13|P14|P15,0.833420,13,P8,P15,P10,P15,P11,P15,P12,P0,P13,P0,P14,P0,P14,P0,P14,P5,P15,P7,P15,P8
grating,0,1.90,P0|P5|P7|P8|P10|P11|P12|P13|P14|P15,0.833420,14,P8,P15,P10,P15,P11,P15,P12,P0,P13,P0,P14,P0,P14,P0,P14,P5,P15,P7,P15,P8
grating,0,1.90,P0|P5|P7|P8|P10|P11|P12|P13|P14|P15,0.833420,15,P8,P15,P10,P15,P11,P15,P12,P0,P13,P0,P14,P0,P14,P0,P14,P5,P15,P7,P15,P8
grating,0,1.90,P0|P5|P7|P8|P10|P11|P12|P13|P14|P15,0.833420,16,P8,P15,P10,P15,P11,P15,P12,P0,P13,P0,P14,P0,P14,P0,P14,P5,P15,P7,P15,P8
grating,0,1.90,P0|P5|P7|P8|P10|P11|P12|P13|P14|P15,0.833420,17,P8,P15,P10,P15,P11,P15,P12,P0,P13,P0,P14,P0,P14,P0,P14,P5,P15,P7,P15,P8
grating,0,1.90,P0|P5|P7|P8|P10|P11|P12|P13|P14|P15,0.833420,18,P8,P15,P10,P15,P11,P15,P12,P0,P13,P0,P14,P0,P14,P0,P14,P5,P15,P7,P15,P8
grating,0,1.90,P0|P5|P7|P8|P10|P11|P12|P13|P14|P15,0.833420,19,P8,P15,P10,P15,P11,P15,P12,P0,P13,P0,P14,P0,P14,P0,P14,P5,P15,P7,P15,P8
grating,180,1.90,P0|P5|P7|P8|P10|P11|P12|P13|P14|P15,0.833420,0,P8,P15,P7,P15,P5,P14,P0,P14,P0,P14,P0,P13,P0,P12,P15,P11,P15,P10,P15,P8
grating,180,1.90,P0|P5|P7|P8|P10|P11|P12|P13|P14|P15,0.833420,1,P8,P15,P7,P15,P5,P14,P0,P14,P0,P14,P0,P13,P0,P12,P15,P11,P15,P10,P15,P8
grating,180,1.90,P0|P5|P7|P8|P10|P11|P12|P13|P14|P15,0.833420,2,P8,P15,P7,P15,P5,P14,P0,P14,P0,P14,P0,P13,P0,P12,P15,P11,P15,P10,P15,P8
grating,180,1.90,P0|P5|P7|P8|P10|P11|P12|P13|P14|P15,0.833420,3,P8,P15,P7,P15,P5,P14,P0,P14,P0,P14,P0,P13,P0,P12,P15,P11,P15,P10,P15,P8
grating,180,1.90,P0|P5|P7|P8|P10|P11|P12|P13|P14|P15,0.833420,4,P8,P15,P7,P15,P5,P14,P0,P14,P0,P14,P0,P13,P0,P12,P15,P11,P15,P10,P15,P8
grating,180,1.90,P0|P5|P7|P8|P10|P11|P12|P13|P14|P15,0.833420,5,P8,P15,P7,P15,P5,P14,P0,P14,P0,P14,P0,P13,P0,P12,P15,P11,P15,P10,P15,P8
grating,180,1.90,P0|P5|P7|P8|P10|P11|P12|P13|P14|P15,0.833420,6,P8,P15,P7,P15,P5,P14,P0,P14,P0,P14,P0,P13,P0,P12,P15,P11,P15,P10,P15,P8
grating,180,1.90,P0|P5|P7|P8|P10|P11|P12|P13|P14|P15,0.833420,7,P8,P15,P7,P15,P5,P14,P0,P14,P0,P14,P0,P13,P0,P12,P15,P11,P15,P10,P15,P8
grating,180,1.90,P0|P5|P7|P8|P10|P11|P12|P13|P14|P15,0.833420,8,P8,P15,P7,P15,P5,P14,P0,P14,P0,P14,P0,P13,P0,P12,P15,P11,P15,P10,P15,P8
grating,180,1.90,P0|P5|P7|P8|P10|P11|P12|P13|P14|P15,0.833420,9,P8,P15,P7,P15,P5,P14,P0,P14,P0,P14,P0,P13,P0,P12,P15,P11,P15,P10,P15,P8
grating,180,1.90,P0|P5|P7|P8|P10|P11|P12|P13|P14|P15,0.833420,10,P8,P15,P7,P15,P5,P14,P0,P14,P0,P14,P0,P13,P0,P12,P15,P11,P15,P10,P15,P8
grating,180,1.90,P0|P5|P7|P8|P10|P11|P12|P13|P14|P15,0.833420,11,P8,P15,P7,P15,P5,P14,P0,P14,P0,P14,P0,P13,P0,P12,P15,P11,P15,P10,P15,P8
grating,180,1.90,P0|P5|P7|P8|P10|P11|P12|P13|P14|P15,0.833420,12,P8,P15,P7,P15,P5,P14,P0,P14,P0,P14,P0,P13,P0,P12,P15,P11,P15,P10,P15,P8
grating,180,1.90,P0|P5|P7|P8|P10|P11|P12|P13|P14|P15,0.833420,13,P8,P15,P7,P15,P5,P14,P0,P14,P0,P14,P0,P13,P0,P12,P15,P11,P15,P10,P15,P8
grating,180,1.90,P0|P5|P7|P8|P10|P11|P12|P13|P14|P15,0.833420,14,P8,P15,P7,P15,P5,P14,P0,P14,P0,P14,P0,P13,P0,P12,P15,P11,P15,P10,P15,P8
grating,180,1.90,P0|P5|P7|P8|P10|P11|P12|P13|P14|P15,0.833420,15,P8,P15,P7,P15,P5,P14,P0,P14,P0,P14,P0,P13,P0,P12,P15,P11,P15,P10,P15,P8
grating,180,1.90,P0|P5|P7|P8|P10|P11|P12|P13|P14|P15,0.833420,16,P8,P15,P7,P15,P5,P14,P0,P14,P0,P14,P0,P13,P0,P12,P15,P11,P15,P10,P15,P8
grating,180,1.90,P0|P5|P7|P8|P10|P11|P12|P13|P14|P15,0.833420,17,P8,P15,P7,P15,P5,P14,P0,P14,P0,P14,P0,P13,P0,P12,P15,P11,P15,P10,P15,P8
grating,180,1.90,P0|P5|P7|P8|P10|P11|P12|P13|P14|P15,0.833420,18,P8,P15,P7,P15,P5,P14,P0,P14,P0,P14,P0,P13,P0,P12,P15,P11,P15,P10,P15,P8
grating,180,1.90,P0|P5|P7|P8|P10|P11|P12|P13|P14|P15,0.833420,19,P8,P15,P7,P15,P5,P14,P0,P14,P0,P14,P0,P13,P0,P12,P15,P11,P15,P10,P15,P8
grating,0,2.00,P7|P15,0.995185,0,P15,P7,P15,P7,P15,P7,P15,P7,P15,P7,P15,P7,P15,P7,P15,P7,P15,P7,P15,P7
grating,0,2.00,P7|P15,0.995185,1,P15,P7,P15,P7,P15,P7,P15,P7,P15,P7,P15,P7,P15,P7,P15,P7,P15,P7,P15,P7
grating,0,2.00,P7|P15,0.995185,2,P15,P7,P15,P7,P15,P7,P15,P7,P15,P7,P15,P7,P15,P7,P15,P7,P15,P7,P15,P7
grating,0,2.00,P7|P15,0.995185,3,P15,P7,P15,P7,P15,P7,P15,P7,P15,P7,P15,P7,P15,P7,P15,P7,P15,P7,P15,P7
grating,0,2.00,P7|P15,0.995185,4,P15,P7,P15,P7,P15,P7,P15,P7,P15,P7,P15,P7,P15,P7,P15,P7,P15,P7,P15,P7
grating,0,2.00,P7|P15,0.995185,5,P15,P7,P15,P7,P15,P7,P15,P7,P15,P7,P15,P7,P15,P7,P15,P7,P15,P7,P15,P7
grating,0,2.00,P7|P15,0.995185,6,P15,P7,P15,P7,P15,P7,P15,P7,P15,P7,P15,P7,P15,P7,P15,P7,P15,P7,P15,P7
grating,0,2.00,P7|P15,0.995185,7,P15,P7,P15,P7,P15,P7,P15,P7,P15,P7,P15,P7,P15,P7,P15,P7,P15,P7,P15,P7
grating,0,2.00,P7|P15,0.995185,8,P15,P7,P15,P7,P15,P7,P15,P7,P15,P7,P15,P7,P15,P7,P15,P7,P15,P7,P15,P7
grating,0,2.00,P7|P15,0.995185,9,P15,P7,P15,P7,P15,P7,P15,P7,P15,P7,P15,P7,P15,P7,P15,P7,P15,P7,P15,P7
grating,0,2.00,P7|P15,0.995185,10,P15,P7,P15,P7,P15,P7,P15,P7,P15,P7,P15,P7,P15,P7,P15,P7,P15,P7,P15,P7
grating,0,2.00,P7|P15,0.995185,11,P15,P7,P15,P7,P15,P7,P15,P7,P15,P7,P15,P7,P15,P7,P15,P7,P15,P7,P15,P7
grating,0,2.00,P7|P15,0.995185,12,P15,P7,P15,P7,P15,P7,P15,P7,P15,P7,P15,P7,P15,P7,P15,P7,P15,P7,P15,P7
grating,0,2.00,P7|P15,0.995185,13,P15,P7,P15,P7,P15,P7,P15,P7,P15,P7,P15,P7,P15,P7,P15,P7,P15,P7,P15,P7
grating,0,2.00,P7|P15,0.995185,14,P15,P7,P15,P7,P15,P7,P15,P7,P15,P7,P15,P7,P15,P7,P15,P7,P15,P7,P15,P7
grating,0,2.00,P7|P15,0.995185,15,P15,P7,P15,P7,P15,P7,P15,P7,P15,P7,P15,P7,P15,P7,P15,P7,P15,P7,P15,P7
grating,0,2.00,P7|P15,0.995185,16,P15,P7,P15,P7,P15,P7,P15,P7,P15,P7,P15,P7,P15,P7,P15,P7,P15,P7,P15,P7
grating,0,2.00,P7|P15,0.995185,17,P15,P7,P15,P7,P15,P7,P15,P7,P15,P7,P15,P7,P15,P7,P15,P7,P15,P7,P15,P7
grating,0,2.00,P7|P15,0.995185,18,P15,P7,P15,P7,P15,P7,P15,P7,P15,P7,P15,P7,P15,P7,P15,P7,P15,P7,P15,P7
grating,0,2.00,P7|P15,0.995185,19,P15,P7,P15,P7,P15,P7,P15,P7,P15,P7,P15,P7,P15,P7,P15,P7,P15,P7,P15,P7
grating,180,2.00,P7|P15,0.995185,0,P7,P15,P7,P15,P7,P15,P7,P15,P7,P15,P7,P15,P7,P15,P7,P15,P7,P15,P7,P15
grating,180,2.00,P7|P15,0.995185,1,P7,P15,P7,P15,P7,P15,P7,P15,P7,P15,P7,P15,P7,P15,P7,P15,P7,P15,P7,P15
grating,180,2.00,P7|P15,0.995185,2,P7,P15,P7,P15,P7,P15,P7,P15,P7,P15,P7,P15,P7,P15,P7,P15,P7,P15,P7,P15
grating,180,2.00,P7|P15,0.995185,3,P7,P15,P7,P15,P7,P15,P7,P15,P7,P15,P7,P15,P7,P15,P7,P15,P7,P15,P7,P15
grating,180,2.00,P7|P15,0.995185,4,P7,P15,P7,P15,P7,P15,P7,P15,P7,P15,P7,P15,P7,P15,P7,P15,P7,P15,P7,P15
grating,180,2.00,P7|P15,0.995185,5,P7,P15,P7,P15,P7,P15,P7,P15,P7,P15,P7,P15,P7,P15,P7,P15,P7,P15,P7,P15
grating,180,2.00,P7|P15,0.995185,6,P7,P15,P7,P15,P7,P15,P7,P15,P7,P15,P7,P15,P7,P15,P7,P15,P7,P15,P7,P15
grating,180,2.00,P7|P15,0.995185,7,P7,P15,P7,P15,P7,P15,P7,P15,P7,P15,P7,P15,P7,P15,P7,P15,P7,P15,P7,P15
grating,180,2.00,P7|P15,0.995185,8,P7,P15,P7,P15,P7,P15,P7,P15,P7,P15,P7,P15,P7,P15,P7,P15,P7,P15,P7,P15
grating,180,2.00,P7|P15,0.995185,9,P7,P15,P7,P15,P7,P15,P7,P15,P7,P15,P7,P15,P7,P15,P7,P15,P7,P15,P7,P15
grating,180,2.00,P7|P15,0.995185,10,P7,P15,P7,P15,P7,P15,P7,P15,P7,P15,P7,P15,P7,P15,P7,P15,P7,P15,P7,P15
grating,180,2.00,P7|P15,0.995185,11,P7,P15,P7,P15,P7,P15,P7,P15,P7,P15,P7,P15,P7,P15,P7,P15,P7,P15,P7,P15
grating,180,2.00,P7|P15,0.995185,12,P7,P15,P7,P15,P7,P15,P7,P15,P7,P15,P7,P15,P7,P15,P7,P15,P7,P15,P7,P15
grating,180,2.00,P7|P15,0.995185,13,P7,P15,P7,P15,P7,P15,P7,P15,P7,P15,P7,P15,P7,P15,P7,P15,P7,P15,P7,P15
grating,180,2.00,P7|P15,0.995185,14,P7,P15,P7,P15,P7,P15,P7,P15,P7,P15,P7,P15,P7,P15,P7,P15,P7,P15,P7,P15
grating,180,2.00,P7|P15,0.995185,15,P7,P15,P7,P15,P7,P15,P7,P15,P7,P15,P7,P15,P7,P15,P7,P15,P7,P15,P7,P15
grating,180,2.00,P7|P15,0.995185,16,P7,P15,P7,P15,P7,P15,P7,P15,P7,P15,P7,P15,P7,P15,P7,P15,P7,P15,P7,P15
grating,180,2.00,P7|P15,0.995185,17,P7,P15,P7,P15,P7,P15,P7,P15,P7,P15,P7,P15,P7,P15,P7,P15,P7,P15,P7,P15
grating,180,2.00,P7|P15,0.995185,18,P7,P15,P7,P15,P7,P15,P7,P15,P7,P15,P7,P15,P7,P15,P7,P15,P7,P15,P7,P15
grating,180,2.00,P7|P15,0.995185,19,P7,P15,P7,P15,P7,P15,P7,P15,P7,P15,P7,P15,P7,P15,P7,P15,P7,P15,P7,P15
grating,0,2.10,P0|P4|P6|P7|P8|P10|P11|P12|P13|P14|P15,0.836841,0,P15,P11,P15,P10,P15,P8,P15,P7,P15,P6,P15,P4,P14,P0,P14,P0,P14,P0,P13,P0
grating,0,2.10,P0|P4|P6|P7|P8|P10|P11|P12|P13|P14|P15,0.836841,1,P15,P11,P15,P10,P15,P8,P15,P7,P15,P6,P15,P4,P14,P0,P14,P0,P14,P0,P13,P0
grating,0,2.10,P0|P4|P6|P7|P8|P10|P11|P12|P13|P14|P15,0.836841,2,P15,P11,P15,P10,P15,P8,P15,P7,P15,P6,P15,P4,P14,P0,P14,P0,P14,P0,P13,P0
grating,0,2.10,P0|P4|P6|P7|P8|P10|P11|P12|P13|P14|P15,0.836841,3,P15,P11,P15,P10,P15,P8,P15,P7,P15,P6,P15,P4,P14,P0,P14,P0,P14,P0,P13,P0
grating,0,2.10,P0|P4|P6|P7|P8|P10|P11|P12|P13|P14|P15,0.836841,4,P15,P11,P15,P10,P15,P8,P15,P7,P15,P6,P15,P4,P14,P0,P14,P0,P14,P0,P13,P0
grating,0,2.10,P0|P4|P6|P7|P8|P10|P11|P12|P13|P14|P15,0.836841,5,P15,P11,P15,P10,P15,P8,P15,P7,P15,P6,P15,P4,P14,P0,P14,P0,P14,P0,P13,P0
grating,0,2.10,P0|P4|P6|P7|P8|P10|P11|P12|P13|P14|P15,0.836841,6,P15,P11,P15,P10,P15,P8,P15,P7,P15,P6,P15,P4,P14,P0,P14,P0,P14,P0,P13,P0
grating,0,2.10,P0|P4|P6|P7|P8|P10|P11|P12|P13|P14|P15,0.836841,7,P15,P11,P15,P10,P15,P8,P15,P7,P15,P6,P15,P4,P14,P0,P14,P0,P14,P0,P13,P0
grating,0,2.10,P0|P4|P6|P7|P8|P10|P11|P12|P13|P14|P15,0.836841,8,P15,P11,P15,P10,P15,P8,P15,P7,P15,P6,P15,P4,P14,P0,P14,P0,P14,P0,P13,P0
grating,0,2.10,P0|P4|P6|P7|P8|P10|P11|P12|P13|P14|P15,0.836841,9,P15,P11,P15,P10,P15,P8,P15,P7,P15,P6,P15,P4,P14,P0,P14,P0,P14,P0,P13,P0
grating,0,2.10,P0|P4|P6|P7|P8|P10|P11|P12|P13|P14|P15,0.836841,10,P15,P11,P15,P10,P15,P8,P15,P7,P15,P6,P15,P4,P14,P0,P14,P0,P14,P0,P13,P0
grating,0,2.10,P0|P4|P6|P7|P8|P10|P11|P12|P13|P14|P15,0.836841,11,P15,P11,P15,P10,P15,P8,P15,P7,P15,P6,P15,P4,P14,P0,P14,P0,P14,P0,P13,P0
grating,0,2.10,P0|P4|P6|P7|P8|P10|P11|P12|P13|P14|P15,0.836841,12,P15,P11,P15,P10,P15,P8,P15,P7,P15,P6,P15,P4,P14,P0,P14,P0,P14,P0,P13,P0
grating,0,2.10,P0|P4|P6|P7|P8|P10|P11|P12|P13|P14|P15,0.836841,13,P15,P11,P15,P10,P15,P8,P15,P7,P15,P6,P15,P4,P14,P0,P14,P0,P14,P0,P13,P0
grating,0,2.10,P0|P4|P6|P7|P8|P10|P11|P12|P13|P14|P15,0.836841,14,P15,P11,P15,P10,P15,P8,P15,P7,P15,P6,P15,P4,P14,P0,P14,P0,P14,P0,P13,P0
grating,0,2.10,P0|P4|P6|P7|P8|P10|P11|P12|P13|P14|P15,0.836841,15,P15,P11,P15,P10,P15,P8,P15,P7,P15,P6,P15,P4,P14,P0,P14,P0,P14,P0,P13,P0
grating,0,2.10,P0|P4|P6|P7|P8|P10|P11|P12|P13|P14|P15,0.836841,16,P15,P11,P15,P10,P15,P8,P15,P7,P15,P6,P15,P4,P14,P0,P14,P0,P14,P0,P13,P0
grating,0,2.10,P0|P4|P6|P7|P8|P10|P11|P12|P13|P14|P15,0.836841,17,P15,P11,P15,P10,P15,P8,P15,P7,P15,P6,P15,P4,P14,P0,P14,P0,P14,P0,P13,P0
grating,0,2.10,P0|P4|P6|P7|P8|P10|P11|P12|P13|P14|P15,0.836841,18,P15,P11,P15,P10,P15,P8,P15,P7,P15,P6,P15,P4,P14,P0,P14,P0,P14,P0,P13,P0
grating,0,2.10,P0|P4|P6|P7|P8|P10|P11|P12|P13|P14|P15,0.836841,19,P15,P11,P15,P10,P15,P8,P15,P7,P15,P6,P15,P4,P14,P0,P14,P0,P14,P0,P13,P0
grating,180,2.10,P0|P4|P6|P7|P8|P10|P11|P12|P13|P14|P15,0.836841,0,P0,P13,P0,P14,P0,P14,P0,P14,P4,P15,P6,P15,P7,P15,P8,P15,P10,P15,P11,P15
grating,180,2.10,P0|P4|P6|P7|P8|P10|P11|P12|P13|P14|P15,0.836841,1,P0,P13,P0,P14,P0,P14,P0,P14,P4,P15,P6,P15,P7,P15,P8,P15,P10,P15,P11,P15
grating,180,2.10,P0|P4|P6|P7|P8|P10|P11|P12|P13|P14|P15,0.836841,2,P0,P13,P0,P14,P0,P14,P0,P14,P4,P15,P6,P15,P7,P15,P8,P15,P10,P15,P11,P15
grating,180,2.10,P0|P4|P6|P7|P8|P10|P11|P12|P13|P14|P15,0.836841,3,P0,P13,P0,P14,P0,P14,P0,P14,P4,P15,P6,P15,P7,P15,P8,P15,P10,P15,P11,P15
grating,180,2.10,P0|P4|P6|P7|P8|P10|P11|P12|P13|P14|P15,0.836841,4,P0,P13,P0,P14,P0,P14,P0,P14,P4,P15,P6,P15,P7,P15,P8,P15,P10,P15,P11,P15
grating,180,2.10,P0|P4|P6|P7|P8|P10|P11|P12|P13|P14|P15,0.836841,5,P0,P13,P0,P14,P0,P14,P0,P14,P4,P15,P6,P15,P7,P15,P8,P15,P10,P15,P11,P15
grating,180,2.10,P0|P4|P6|P7|P8|P10|P11|P12|P13|P14|P15,0.836841,6,P0,P13,P0,P14,P0,P14,P0,P14,P4,P15,P6,P15,P7,P15,P8,P15,P10,P15,P11,P15
grating,180,2.10,P0|P4|P6|P7|P8|P10|P11|P12|P13|P14|P15,0.836841,7,P0,P13,P0,P14,P0,P14,P0,P14,P4,P15,P6,P15,P7,P15,P8,P15,P10,P15,P11,P15
grating,180,2.10,P0|P4|P6|P7|P8|P10|P11|P12|P13|P14|P15,0.836841,8,P0,P13,P0,P14,P0,P14,P0,P14,P4,P15,P6,P15,P7,P15,P8,P15,P10,P15,P11,P15
grating,180,2.10,P0|P4|P6|P7|P8|P10|P11|P12|P13|P14|P15,0.836841,9,P0,P13,P0,P14,P0,P14,P0,P14,P4,P15,P6,P15,P7,P15,P8,P15,P10,P15,P11,P15
grating,180,2.10,P0|P4|P6|P7|P8|P10|P11|P12|P13|P14|P15,0.836841,10,P0,P13,P0,P14,P0,P14,P0,P14,P4,P15,P6,P15,P7,P15,P8,P15,P10,P15,P11,P15
grating,180,2.10,P0|P4|P6|P7|P8|P10|P11|P12|P13|P14|P15,0.836841,11,P0,P13,P0,P14,P0,P14,P0,P14,P4,P15,P6,P15,P7,P15,P8,P15,P10,P15,P11,P15
grating,180,2.10,P0|P4|P6|P7|P8|P10|P11|P12|P13|P14|P15,0.836841,12,P0,P13,P0,P14,P0,P14,P0,P14,P4,P15,P6,P15,P7,P15,P8,P15,P10,P15,P11,P15
grating,180,2.10,P0|P4|P6|P7|P8|P10|P11|P12|P13|P14|P15,0.836841,13,P0,P13,P0,P14,P0,P14,P0,P14,P4,P15,P6,P15,P7,P15,P8,P15,P10,P15,P11,P15
grating,180,2.10,P0|P4|P6|P7|P8|P10|P11|P12|P13|P14|P15,0.836841,14,P0,P13,P0,P14,P0,P14,P0,P14,P4,P15,P6,P15,P7,P15,P8,P15,P10,P15,P11,P15
grating,180,2.10,P0|P4|P6|P7|P8|P10|P11|P12|P13|P14|P15,0.836841,15,P0,P13,P0,P14,P0,P14,P0,P14,P4,P15,P6,P15,P7,P15,P8,P15,P10,P15,P11,P15
grating,180,2.10,P0|P4|P6|P7|P8|P10|P11|P12|P13|P14|P15,0.836841,16,P0,P13,P0,P14,P0,P14,P0,P14,P4,P15,P6,P15,P7,P15,P8,P15,P10,P15,P11,P15
grating,180,2.10,P0|P4|P6|P7|P8|P10|P11|P12|P13|P14|P15,0.836841,17,P0,P13,P0,P14,P0,P14,P0,P14,P4,P15,P6,P15,P7,P15,P8,P15,P10,P15,P11,P15
grating,180,2.10,P0|P4|P6|P7|P8|P10|P11|P12|P13|P14|P15,0.836841,18,P0,P13,P0,P14,P0,P14,P0,P14,P4,P15,P6,P15,P7,P15,P8,P15,P10,P15,P11,P15
grating,180,2.10,P0|P4|P6|P7|P8|P10|P11|P12|P13|P14|P15,0.836841,19,P0,P13,P0,P14,P0,P14,P0,P14,P4,P15,P6,P15,P7,P15,P8,P15,P10,P15,P11,P15
grating,0,2.20,P0|P5|P7|P10|P12|P14|P15,0.843464,0,P12,P15,P10,P15,P7,P15,P5,P14,P0,P14,P0,P12,P15,P10,P15,P7,P15,P5,P14,P0
grating,0,2.20,P0|P5|P7|P10|P12|P14|P15,0.843464,1,P12,P15,P10,P15,P7,P15,P5,P14,P0,P14,P0,P12,P15,P10,P15,P7,P15,P5,P14,P0
grating,0,2.20,P0|P5|P7|P10|P12|P14|P15,0.843464,2,P12,P15,P10,P15,P7,P15,P5,P14,P0,P14,P0,P12,P15,P10,P15,P7,P15,P5,P14,P0
grating,0,2.20,P0|P5|P7|P10|P12|P14|P15,0.843464,3,P12,P15,P10,P15,P7,P15,P5,P14,P0,P14,P0,P12,P15,P10,P15,P7,P15,P5,P14,P0
grating,0,2.20,P0|P5|P7|P10|P12|P14|P15,0.843464,4,P12,P15,P10,P15,P7,P15,P5,P14,P0,P14,P0,P12,P15,P10,P15,P7,P15,P5,P14,P0
grating,0,2.20,P0|P5|P7|P10|P12|P14|P15,0.843464,5,P12,P15,P10,P15,P7,P15,P5,P14,P0,P14,P0,P12,P15,P10,P15,P7,P15,P5,P14,P0
grating,0,2.20,P0|P5|P7|P10|P12|P14|P15,0.843464,6,P12,P15,P10,P15,P7,P15,P5,P14,P0,P14,P0,P12,P15,P10,P15,P7,P15,P5,P14,P0
grating,0,2.20,P0|P5|P7|P10|P12|P14|P15,0.843464,7,P12,P15,P10,P15,P7,P15,P5,P14,P0,P14,P0,P12,P15,P10,P15,P7,P15,P5,P14,P0
grating,0,2.20,P0|P5|P7|P10|P12|P14|P15,0.843464,8,P12,P15,P10,P15,P7,P15,P5,P14,P0,P14,P0,P12,P15,P10,P15,P7,P15,P5,P14,P0
grating,0,2.20,P0|P5|P7|P10|P12|P14|P15,0.843464,9,P12,P15,P10,P15,P7,P15,P5,P14,P0,P14,P0,P12,P15,P10,P15,P7,P15,P5,P14,P0
grating,0,2.20,P0|P5|P7|P10|P12|P14|P15,0.843464,10,P12,P15,P10,P15,P7,P15,P5,P14,P0,P14,P0,P12,P15,P10,P15,P7,P15,P5,P14,P0
grating,0,2.20,P0|P5|P7|P10|P12|P14|P15,0.843464,11,P12,P15,P10,P15,P7,P15,P5,P14,P0,P14,P0,P12,P15,P10,P15,P7,P15,P5,P14,P0
grating,0,2.20,P0|P5|P7|P10|P12|P14|P15,0.843464,12,P12,P15,P10,P15,P7,P15,P5,P14,P0,P14,P0,P12,P15,P10,P15,P7,P15,P5,P14,P0
grating,0,2.20,P0|P5|P7|P10|P12|P14|P15,0.843464,13,P12,P15,P10,P15,P7,P15,P5,P14,P0,P14,P0,P12,P15,P10,P15,P7,P15,P5,P14,P0
grating,0,2.20,P0|P5|P7|P10|P12|P14|P15,0.843464,14,P12,P15,P10,P15,P7,P15,P5,P14,P0,P14,P0,P12,P15,P10,P15,P7,P15,P5,P14,P0
grating,0,2.20,P0|P5|P7|P10|P12|P14|P15,0.843464,15,P12,P15,P10,P15,P7,P15,P5,P14,P0,P14,P0,P12,P15,P10,P15,P7,P15,P5,P14,P0
grating,0,2.20,P0|P5|P7|P10|P12|P14|P15,0.843464,16,P12,P15,P10,P15,P7,P15,P5,P14,P0,P14,P0,P12,P15,P10,P15,P7,P15,P5,P14,P0
grating,0,2.20,P0|P5|P7|P10|P12|P14|P15,0.843464,17,P12,P15,P10,P15,P7,P15,P5,P14,P0,P14,P0,P12,P15,P10,P15,P7,P15,P5,P14,P0
grating,0,2.20,P0|P5|P7|P10|P12|P14|P15,0.843464,18,P12,P15,P10,P15,P7,P15,P5,P14,P0,P14,P0,P12,P15,P10,P15,P7,P15,P5,P14,P0
grating,0,2.20,P0|P5|P7|P10|P12|P14|P15,0.843464,19,P12,P15,P10,P15,P7,P15,P5,P14,P0,P14,P0,P12,P15,P10,P15,P7,P15,P5,P14,P0
grating,180,2.20,P0|P5|P7|P10|P12|P14|P15,0.843464,0,P0,P14,P5,P15,P7,P15,P10,P15,P12,P0,P14,P0,P14,P5,P15,P7,P15,P10,P15,P12
grating,180,2.20,P0|P5|P7|P10|P12|P14|P15,0.843464,1,P0,P14,P5,P15,P7,P15,P10,P15,P12,P0,P14,P0,P14,P5,P15,P7,P15,P10,P15,P12
grating,180,2.20,P0|P5|P7|P10|P12|P14|P15,0.843464,2,P0,P14,P5,P15,P7,P15,P10,P15,P12,P0,P14,P0,P14,P5,P15,P7,P15,P10,P15,P12
grating,180,2.20,P0|P5|P7|P10|P12|P14|P15,0.843464,3,P0,P14,P5,P15,P7,P15,P10,P15,P12,P0,P14,P0,P14,P5,P15,P7,P15,P10,P15,P12
grating,180,2.20,P0|P5|P7|P10|P12|P14|P15,0.843464,4,P0,P14,P5,P15,P7,P15,P10,P15,P12,P0,P14,P0,P14,P5,P15,P7,P15,P10,P15,P12
grating,180,2.20,P0|P5|P7|P10|P12|P14|P15,0.843464,5,P0,P14,P5,P15,P7,P15,P10,P15,P12,P0,P14,P0,P14,P5,P15,P7,P15,P10,P15,P12
grating,180,2.20,P0|P5|P7|P10|P12|P14|P15,0.843464,6,P0,P14,P5,P15,P7,P15,P10,P15,P12,P0,P14,P0,P14,P5,P15,P7,P15,P10,P15,P12
grating,180,2.20,P0|P5|P7|P10|P12|P14|P15,0.843464,7,P0,P14,P5,P15,P7,P15,P10,P15,P12,P0,P14,P0,P14,P5,P15,P7,P15,P10,P15,P12
grating,180,2.20,P0|P5|P7|P10|P12|P14|P15,0.843464,8,P0,P14,P5,P15,P7,P15,P10,P15,P12,P0,P14,P0,P14,P5,P15,P7,P15,P10,P15,P12
grating,180,2.20,P0|P5|P7|P10|P12|P14|P15,0.843464,9,P0,P14,P5,P15,P7,P15,P10,P15,P12,P0,P14,P0,P14,P5,P15,P7,P15,P10,P15,P12
grating,180,2.20,P0|P5|P7|P10|P12|P14|P15,0.843464,10,P0,P14,P5,P15,P7,P15,P10,P15,P12,P0,P14,P0,P14,P5,P15,P7,P15,P10,P15,P12
grating,180,2.20,P0|P5|P7|P10|P12|P14|P15,0.843464,11,P0,P14,P5,P15,P7,P15,P10,P15,P12,P0,P14,P0,P14,P5,P15,P7,P15,P10,P15,P12
grating,180,2.20,P0|P5|P7|P10|P12|P14|P15,0.843464,12,P0,P14,P5,P15,P7,P15,P10,P15,P12,P0,P14,P0,P14,P5,P15,P7,P15,P10,P15,P12
grating,180,2.20,P0|P5|P7|P10|P12|P14|P15,0.843464,13,P0,P14,P5,P15,P7,P15,P10,P15,P12,P0,P14,P0,P14,P5,P15,P7,P15,P10,P15,P12
grating,180,2.20,P0|P5|P7|P10|P12|P14|P15,0.843464,14,P0,P14,P5,P15,P7,P15,P10,P15,P12,P0,P14,P0,P14,P5,P15,P7,P15,P10,P15,P12
grating,180,2.20,P0|P5|P7|P10|P12|P14|P15,0.843464,15,P0,P14,P5,P15,P7,P15,P10,P15,P12,P0,P14,P0,P14,P5,P15,P7,P15,P10,P15,P12
grating,180,2.20,P0|P5|P7|P10|P12|P14|P15,0.843464,16,P0,P14,P5,P15,P7,P15,P10,P15,P12,P0,P14,P0,P14,P5,P15,P7,P15,P10,P15,P12
grating,180,2.20,P0|P5|P7|P10|P12|P14|P15,0.843464,17,P0,P14,P5,P15,P7,P15,P10,P15,P12,P0,P14,P0,P14,P5,P15,P7,P15,P10,P15,P12
grating,180,2.20,P0|P5|P7|P10|P12|P14|P15,0.843464,18,P0,P14,P5,P15,P7,P15,P10,P15,P12,P0,P14,P0,P14,P5,P15,P7,P15,P10,P15,P12
grating,180,2.20,P0|P5|P7|P10|P12|P14|P15,0.843464,19,P0,P14,P5,P15,P7,P15,P10,P15,P12,P0,P14,P0,P14,P5,P15,P7,P15,P10,P15,P12
grating,0,2.30,P0|P3|P6|P7|P8|P9|P10|P11|P12|P13|P14|P15,0.832404,0,P0,P12,P15,P9,P15,P6,P14,P0,P13,P15,P10,P15,P7,P15,P0,P14,P0,P11,P15,P8
grating,0,2.30,P0|P3|P6|P7|P8|P9|P10|P11|P12|P13|P14|P15,0.832404,1,P0,P12,P15,P9,P15,P6,P14,P0,P13,P15,P10,P15,P7,P15,P0,P14,P0,P11,P15,P8
grating,0,2.30,P0|P3|P6|P7|P8|P9|P10|P11|P12|P13|P14|P15,0.832404,2,P0,P12,P15,P9,P15,P6,P14,P0,P13,P15,P10,P15,P7,P15,P0,P14,P0,P11,P15,P8
grating,0,2.30,P0|P3|P6|P7|P8|P9|P10|P11|P12|P13|P14|P15,0.832404,3,P0,P12,P15,P9,P15,P6,P14,P0,P13,P15,P10,P15,P7,P15,P0,P14,P0,P11,P15,P8
grating,0,2.30,P0|P3|P6|P7|P8|P9|P10|P11|P12|P13|P14|P15,0.832404,4,P0,P12,P15,P9,P15,P6,P14,P0,P13,P15,P10,P15,P7,P15,P0,P14,P0,P11,P15,P8
grating,0,2.30,P0|P3|P6|P7|P8|P9|P10|P11|P12|P13|P14|P15,0.832404,5,P0,P12,P15,P9,P15,P6,P14,P0,P13,P15,P10,P15,P7,P15,P0,P14,P0,P11,P15,P8
grating,0,2.30,P0|P3|P6|P7|P8|P9|P10|P11|P12|P13|P14|P15,0.832404,6,P0,P12,P15,P9,P15,P6,P14,P0,P13,P15,P10,P15,P7,P15,P0,P14,P0,P11,P15,P8
grating,0,2.30,P0|P3|P6|P7|P8|P9|P10|P11|P12|P13|P14|P15,0.832404,7,P0,P12,P15,P9,P15,P6,P14,P0,P13,P15,P10,P15,P7,P15,P0,P14,P0,P11,P15,P8
grating,0,2.30,P0|P3|P6|P7|P8|P9|P10|P11|P12|P13|P14|P15,0.832404,8,P0,P12,P15,P9,P15,P6,P14,P0,P13,P15,P10,P15,P7,P15,P0,P14,P0,P11,P15,P8
grating,0,2.30,P0|P3|P6|P7|P8|P9|P10|P11|P12|P13|P14|P15,0.832404,9,P0,P12,P15,P9,P15,P6,P14,P0,P13,P15,P10,P15,P7,P15,P0,P14,P0,P11,P15,P8
grating,0,2.30,P0|P3|P6|P7|P8|P9|P10|P11|P12|P13|P14|P15,0.832404,10,P0,P12,P15,P9,P15,P6,P14,P0,P13,P15,P10,P15,P7,P15,P0,P14,P0,P11,P15,P8
grating,0,2.30,P0|P3|P6|P7|P8|P9|P10|P11|P12|P13|P14|P15,0.832404,11,P0,P12,P15,P9,P15,P6,P14,P0,P13,P15,P10,P15,P7,P15,P0,P14,P0,P11,P15,P8
grating,0,2.30,P0|P3|P6|P7|P8|P9|P10|P11|P12|P13|P14|P15,0.832404,12,P0,P12,P15,P9,P15,P6,P14,P0,P13,P15,P10,P15,P7,P15,P0,P14,P0,P11,P15,P8
grating,0,2.30,P0|P3|P6|P7|P8|P9|P10|P11|P12|P13|P14|P15,0.832404,13,P0,P12,P15,P9,P15,P6,P14,P0,P13,P15,P10,P15,P7,P15,P0,P14,P0,P11,P15,P8
grating,0,2.30,P0|P3|P6|P7|P8|P9|P10|P11|P12|P13|P14|P15,0.832404,14,P0,P12,P15,P9,P15,P6,P14,P0,P13,P15,P10,P15,P7,P15,P0,P14,P0,P11,P15,P8
grating,0,2.30,P0|P3|P6|P7|P8|P9|P10|P11|P12|P13|P14|P15,0.832404,15,P0,P12,P15,P9,P15,P6,P14,P0,P13,P15,P10,P15,P7,P15,P0,P14,P0,P11,P15,P8
grating,0,2.30,P0|P3|P6|P7|P8|P9|P10|P11|P12|P13|P14|P15,0.832404,16,P0,P12,P15,P9,P15,P6,P14,P0,P13,P15,P10,P15,P7,P15,P0,P14,P0,P11,P15,P8
grating,0,2.30,P0|P3|P6|P7|P8|P9|P10|P11|P12|P13|P14|P15,0.832404,17,P0,P12,P15,P9,P15,P6,P14,P0,P13,P15,P10,P15,P7,P15,P0,P14,P0,P11,P15,P8
grating,0,2.30,P0|P3|P6|P7|P8|P9|P10|P11|P12|P13|P14|P15,0.832404,18,P0,P12,P15,P9,P15,P6,P14,P0,P13,P15,P10,P15,P7,P15,P0,P14,P0,P11,P15,P8
grating,0,2.30,P0|P3|P6|P7|P8|P9|P10|P11|P12|P13|P14|P15,0.832404,19,P0,P12,P15,P9,P15,P6,P14,P0,P13,P15,P10,P15,P7,P15,P0,P14,P0,P11,P15,P8
grating,180,2.30,P0|P3|P6|P7|P8|P9|P10|P11|P12|P13|P14|P15,0.832404,0,P8,P15,P11,P0,P14,P0,P15,P7,P15,P10,P15,P13,P0,P14,P6,P15,P9,P15,P12,P0
grating,180,2.30,P0|P3|P6|P7|P8|P9|P10|P11|P12|P13|P14|P15,0.832404,1,P8,P15,P11,P0,P14,P0,P15,P7,P15,P10,P15,P13,P0,P14,P6,P15,P9,P15,P12,P0
grating,180,2.30,P0|P3|P6|P7|P8|P9|P10|P11|P12|P13|P14|P15,0.832404,2,P8,P15,P11,P0,P14,P0,P15,P7,P15,P10,P15,P13,P0,P14,P6,P15,P9,P15,P12,P0
grating,180,2.30,P0|P3|P6|P7|P8|P9|P10|P11|P12|P13|P14|P15,0.832404,3,P8,P15,P11,P0,P14,P0,P15,P7,P15,P10,P15,P13,P0,P14,P6,P15,P9,P15,P12,P0
grating,180,2.30,P0|P3|P6|P7|P8|P9|P10|P11|P12|P13|P14|P15,0.832404,4,P8,P15,P11,P0,P14,P0,P15,P7,P15,P10,P15,P13,P0,P14,P6,P15,P9,P15,P12,P0
grating,180,2.30,P0|P3|P6|P7|P8|P9|P10|P11|P12|P13|P14|P15,0.832404,5,P8,P15,P11,P0,P14,P0,P15,P7,P15,P10,P15,P13,P0,P14,P6,P15,P9,P15,P12,P0
grating,180,2.30,P0|P3|P6|P7|P8|P9|P10|P11|P12|P13|P14|P15,0.832404,6,P8,P15,P11,P0,P14,P0,P15,P7,P15,P10,P15,P13,P0,P14,P6,P15,P9,P15,P12,P0
grating,180,2.30,P0|P3|P6|P7|P8|P9|P10|P11|P12|P13|P14|P15,0.832404,7,P8,P15,P11,P0,P14,P0,P15,P7,P15,P10,P15,P13,P0,P14,P6,P15,P9,P15,P12,P0
grating,180,2.30,P0|P3|P6|P7|P8|P9|P10|P11|P12|P13|P14|P15,0.832404,8,P8,P15,P11,P0,P14,P0,P15,P7,P15,P10,P15,P13,P0,P14,P6,P15,P9,P15,P12,P0
grating,180,2.30,P0|P3|P6|P7|P8|P9|P10|P11|P12|P13|P14|P15,0.832404,9,P8,P15,P11,P0,P14,P0,P15,P7,P15,P10,P15,P13,P0,P14,P6,P15,P9,P15,P12,P0
grating,180,2.30,P0|P3|P6|P7|P8|P9|P10|P11|P12|P13|P14|P15,0.832404,10,P8,P15,P11,P0,P14,P0,P15,P7,P15,P10,P15,P13,P0,P14,P6,P15,P9,P15,P12,P0
grating,180,2.30,P0|P3|P6|P7|P8|P9|P10|P11|P12|P13|P14|P15,0.832404,11,P8,P15,P11,P0,P14,P0,P15,P7,P15,P10,P15,P13,P0,P14,P6,P15,P9,P15,P12,P0
grating,180,2.30,P0|P3|P6|P7|P8|P9|P10|P11|P12|P13|P14|P15,0.832404,12,P8,P15,P11,P0,P14,P0,P15,P7,P15,P10,P15,P13,P0,P14,P6,P15,P9,P15,P12,P0
grating,180,2.30,P0|P3|P6|P7|P8|P9|P10|P11|P12|P13|P14|P15,0.832404,13,P8,P15,P11,P0,P14,P0,P15,P7,P15,P10,P15,P13,P0,P14,P6,P15,P9,P15,P12,P0
grating,180,2.30,P0|P3|P6|P7|P8|P9|P10|P11|P12|P13|P14|P15,0.832404,14,P8,P15,P11,P0,P14,P0,P15,P7,P15,P10,P15,P13,P0,P14,P6,P15,P9,P15,P12,P0
grating,180,2.30,P0|P3|P6|P7|P8|P9|P10|P11|P12|P13|P14|P15,0.832404,15,P8,P15,P11,P0,P14,P0,P15,P7,P15,P10,P15,P13,P0,P14,P6,P15,P9,P15,P12,P0
grating,180,2.30,P0|P3|P6|P7|P8|P9|P10|P11|P12|P13|P14|P15,0.832404,16,P8,P15,P11,P0,P14,P0,P15,P7,P15,P10,P15,P13,P0,P14,P6,P15,P9,P15,P12,P0
grating,180,2.30,P0|P3|P6|P7|P8|P9|P10|P11|P12|P13|P14|P15,0.832404,17,P8,P15,P11,P0,P14,P0,P15,P7,P15,P10,P15,P13,P0,P14,P6,P15,P9,P15,P12,P0
grating,180,2.30,P0|P3|P6|P7|P8|P9|P10|P11|P12|P13|P14|P15,0.832404,18,P8,P15,P11,P0,P14,P0,P15,P7,P15,P10,P15,P13,P0,P14,P6,P15,P9,P15,P12,P0
grating,180,2.30,P0|P3|P6|P7|P8|P9|P10|P11|P12|P13|P14|P15,0.832404,19,P8,P15,P11,P0,P14,P0,P15,P7,P15,P10,P15,P13,P0,P14,P6,P15,P9,P15,P12,P0
grating,0,2.40,P0|P3|P7|P9|P11|P13|P14|P15,0.835603,0,P15,P9,P15,P3,P14,P0,P11,P15,P7,P14,P0,P13,P15,P9,P15,P3,P14,P0,P11,P15
grating,0,2.40,P0|P3|P7|P9|P11|P13|P14|P15,0.835603,1,P15,P9,P15,P3,P14,P0,P11,P15,P7,P14,P0,P13,P15,P9,P15,P3,P14,P0,P11,P15
grating,0,2.40,P0|P3|P7|P9|P11|P13|P14|P15,0.835603,2,P15,P9,P15,P3,P14,P0,P11,P15,P7,P14,P0,P13,P15,P9,P15,P3,P14,P0,P11,P15
grating,0,2.40,P0|P3|P7|P9|P11|P13|P14|P15,0.835603,3,P15,P9,P15,P3,P14,P0,P11,P15,P7,P14,P0,P13,P15,P9,P15,P3,P14,P0,P11,P15
grating,0,2.40,P0|P3|P7|P9|P11|P13|P14|P15,0.835603,4,P15,P9,P15,P3,P14,P0,P11,P15,P7,P14,P0,P13,P15,P9,P15,P3,P14,P0,P11,P15
grating,0,2.40,P0|P3|P7|P9|P11|P13|P14|P15,0.835603,5,P15,P9,P15,P3,P14,P0,P11,P15,P7,P14,P0,P13,P15,P9,P15,P3,P14,P0,P11,P15
grating,0,2.40,P0|P3|P7|P9|P11|P13|P14|P15,0.835603,6,P15,P9,P15,P3,P14,P0,P11,P15,P7,P14,P0,P13,P15,P9,P15,P3,P14,P0,P11,P15
grating,0,2.40,P0|P3|P7|P9|P11|P13|P14|P15,0.835603,7,P15,P9,P15,P3,P14,P0,P11,P15,P7,P14,P0,P13,P15,P9,P15,P3,P14,P0,P11,P15
grating,0,2.40,P0|P3|P7|P9|P11|P13|P14|P15,0.835603,8,P15,P9,P15,P3,P14,P0,P11,P15,P7,P14,P0,P13,P15,P9,P15,P3,P14,P0,P11,P15
grating,0,2.40,P0|P3|P7|P9|P11|P13|P14|P15,0.835603,9,P15,P9,P15,P3,P14,P0,P11,P15,P7,P14,P0,P13,P15,P9,P15,P3,P14,P0,P11,P15
grating,0,2.40,P0|P3|P7|P9|P11|P13|P14|P15,0.835603,10,P15,P9,P15,P3,P14,P0,P11,P15,P7,P14,P0,P13,P15,P9,P15,P3,P14,P0,P11,P15
grating,0,2.40,P0|P3|P7|P9|P11|P13|P14|P15,0.835603,11,P15,P9,P15,P3,P14,P0,P11,P15,P7,P14,P0,P13,P15,P9,P15,P3,P14,P0,P11,P15
grating,0,2.40,P0|P3|P7|P9|P11|P13|P14|P15,0.835603,12,P15,P9,P15,P3,P14,P0,P11,P15,P7,P14,P0,P13,P15,P9,P15,P3,P14,P0,P11,P15
grating,0,2.40,P0|P3|P7|P9|P11|P13|P14|P15,0.835603,13,P15,P9,P15,P3,P14,P0,P11,P15,P7,P14,P0,P13,P15,P9,P15,P3,P14,P0,P11,P15
grating,0,2.40,P0|P3|P7|P9|P11|P13|P14|P15,0.835603,14,P15,P9,P15,P3,P14,P0,P11,P15,P7,P14,P0,P13,P15,P9,P15,P3,P14,P0,P11,P15
grating,0,2.40,P0|P3|P7|P9|P11|P13|P14|P15,0.835603,15,P15,P9,P15,P3,P14,P0,P11,P15,P7,P14,P0,P13,P15,P9,P15,P3,P14,P0,P11,P15
grating,0,2.40,P0|P3|P7|P9|P11|P13|P14|P15,0.835603,16,P15,P9,P15,P3,P14,P0,P11,P15,P7,P14,P0,P13,P15,P9,P15,P3,P14,P0,P11,P15
grating,0,2.40,P0|P3|P7|P9|P11|P13|P14|P15,0.835603,17,P15,P9,P15,P3,P14,P0,P11,P15,P7,P14,P0,P13,P15,P9,P15,P3,P14,P0,P11,P15
grating,0,2.40,P0|P3|P7|P9|P11|P13|P14|P15,0.835603,18,P15,P9,P15,P3,P14,P0,P11,P15,P7,P14,P0,P13,P15,P9,P15,P3,P14,P0,P11,P15
grating,0,2.40,P0|P3|P7|P9|P11|P13|P14|P15,0.835603,19,P15,P9,P15,P3,P14,P0,P11,P15,P7,P14,P0,P13,P15,P9,P15,P3,P14,P0,P11,P15
grating,180,2.40,P0|P3|P7|P9|P11|P13|P14|P15,0.835603,0,P15,P11,P0,P14,P3,P15,P9,P15,P13,P0,P14,P7,P15,P11,P0,P14,P3,P15,P9,P15
grating,180,2.40,P0|P3|P7|P9|P11|P13|P14|P15,0.835603,1,P15,P11,P0,P14,P3,P15,P9,P15,P13,P0,P14,P7,P15,P11,P0,P14,P3,P15,P9,P15
grating,180,2.40,P0|P3|P7|P9|P11|P13|P14|P15,0.835603,2,P15,P11,P0,P14,P3,P15,P9,P15,P13,P0,P14,P7,P15,P11,P0,P14,P3,P15,P9,P15
grating,180,2.40,P0|P3|P7|P9|P11|P13|P14|P15,0.835603,3,P15,P11,P0,P14,P3,P15,P9,P15,P13,P0,P14,P7,P15,P11,P0,P14,P3,P15,P9,P15
grating,180,2.40,P0|P3|P7|P9|P11|P13|P14|P15,0.835603,4,P15,P11,P0,P14,P3,P15,P9,P15,P13,P0,P14,P7,P15,P11,P0,P14,P3,P15,P9,P15
grating,180,2.40,P0|P3|P7|P9|P11|P13|P14|P15,0.835603,5,P15,P11,P0,P14,P3,P15,P9,P15,P13,P0,P14,P7,P15,P11,P0,P14,P3,P15,P9,P15
grating,180,2.40,P0|P3|P7|P9|P11|P13|P14|P15,0.835603,6,P15,P11,P0,P14,P3,P15,P9,P15,P13,P0,P14,P7,P15,P11,P0,P14,P3,P15,P9,P15
grating,180,2.40,P0|P3|P7|P9|P11|P13|P14|P15,0.835603,7,P15,P11,P0,P14,P3,P15,P9,P15,P13,P0,P14,P7,P15,P11,P0,P14,P3,P15,P9,P15
grating,180,2.40,P0|P3|P7|P9|P11|P13|P14|P15,0.835603,8,P15,P11,P0,P14,P3,P15,P9,P15,P13,P0,P14,P7,P15,P11,P0,P14,P3,P15,P9,P15
grating,180,2.40,P0|P3|P7|P9|P11|P13|P14|P15,0.835603,9,P15,P11,P0,P14,P3,P15,P9,P15,P13,P0,P14,P7,P15,P11,P0,P14,P3,P15,P9,P15
grating,180,2.40,P0|P3|P7|P9|P11|P13|P14|P15,0.835603,10,P15,P11,P0,P14,P3,P15,P9,P15,P13,P0,P14,P7,P15,P11,P0,P14,P3,P15,P9,P15
grating,180,2.40,P0|P3|P7|P9|P11|P13|P14|P15,0.835603,11,P15,P11,P0,P14,P3,P15,P9,P15,P13,P0,P14,P7,P15,P11,P0,P14,P3,P15,P9,P15
grating,180,2.40,P0|P3|P7|P9|P11|P13|P14|P15,0.835603,12,P15,P11,P0,P14,P3,P15,P9,P15,P13,P0,P14,P7,P15,P11,P0,P14,P3,P15,P9,P15
grating,180,2.40,P0|P3|P7|P9|P11|P13|P14|P15,0.835603,13,P15,P11,P0,P14,P3,P15,P9,P15,P13,P0,P14,P7,P15,P11,P0,P14,P3,P15,P9,P15
grating,180,2.40,P0|P3|P7|P9|P11|P13|P14|P15,0.835603,14,P15,P11,P0,P14,P3,P15,P9,P15,P13,P0,P14,P7,P15,P11,P0,P14,P3,P15,P9,P15
grating,180,2.40,P0|P3|P7|P9|P11|P13|P14|P15,0.835603,15,P15,P11,P0,P14,P3,P15,P9,P15,P13,P0,P14,P7,P15,P11,P0,P14,P3,P15,P9,P15
grating,180,2.40,P0|P3|P7|P9|P11|P13|P14|P15,0.835603,16,P15,P11,P0,P14,P3,P15,P9,P15,P13,P0,P14,P7,P15,P11,P0,P14,P3,P15,P9,P15
grating,180,2.40,P0|P3|P7|P9|P11|P13|P14|P15,0.835603,17,P15,P11,P0,P14,P3,P15,P9,P15,P13,P0,P14,P7,P15,P11,P0,P14,P3,P15,P9,P15
grating,180,2.40,P0|P3|P7|P9|P11|P13|P14|P15,0.835603,18,P15,P11,P0,P14,P3,P15,P9,P15,P13,P0,P14,P7,P15,P11,P0,P14,P3,P15,P9,P15
grating,180,2.40,P0|P3|P7|P9|P11|P13|P14|P15,0.835603,19,P15,P11,P0,P14,P3,P15,P9,P15,P13,P0,P14,P7,P15,P11,P0,P14,P3,P15,P9,P15
grating,0,2.50,P0|P6|P11|P14|P15,0.858003,0,P0,P11,P15,P6,P14,P0,P11,P15,P6,P14,P0,P11,P15,P6,P14,P0,P11,P15,P6,P14
grating,0,2.50,P0|P6|P11|P14|P15,0.858003,1,P0,P11,P15,P6,P14,P0,P11,P15,P6,P14,P0,P11,P15,P6,P14,P0,P11,P15,P6,P14
grating,0,2.50,P0|P6|P11|P14|P15,0.858003,2,P0,P11,P15,P6,P14,P0,P11,P15,P6,P14,P0,P11,P15,P6,P14,P0,P11,P15,P6,P14
grating,0,2.50,P0|P6|P11|P14|P15,0.858003,3,P0,P11,P15,P6,P14,P0,P11,P15,P6,P14,P0,P11,P15,P6,P14,P0,P11,P15,P6,P14
grating,0,2.50,P0|P6|P11|P14|P15,0.858003,4,P0,P11,P15,P6,P14,P0,P11,P15,P6,P14,P0,P11,P15,P6,P14,P0,P11,P15,P6,P14
grating,0,2.50,P0|P6|P11|P14|P15,0.858003,5,P0,P11,P15,P6,P14,P0,P11,P15,P6,P14,P0,P11,P15,P6,P14,P0,P11,P15,P6,P14
grating,0,2.50,P0|P6|P11|P14|P15,0.858003,6,P0,P11,P15,P6,P14,P0,P11,P15,P6,P14,P0,P11,P15,P6,P14,P0,P11,P15,P6,P14
grating,0,2.50,P0|P6|P11|P14|P15,0.858003,7,P0,P11,P15,P6,P14,P0,P11,P15,P6,P14,P0,P11,P15,P6,P14,P0,P11,P15,P6,P14
grating,0,2.50,P0|P6|P11|P14|P15,0.858003,8,P0,P11,P15,P6,P14,P0,P11,P15,P6,P14,P0,P11,P15,P6,P14,P0,P11,P15,P6,P14
grating,0,2.50,P0|P6|P11|P14|P15,0.858003,9,P0,P11,P15,P6,P14,P0,P11,P15,P6,P14,P0,P11,P15,P6,P14,P0,P11,P15,P6,P14
grating,0,2.50,P0|P6|P11|P14|P15,0.858003,10,P0,P11,P15,P6,P14,P0,P11,P15,P6,P14,P0,P11,P15,P6,P14,P0,P11,P15,P6,P14
grating,0,2.50,P0|P6|P11|P14|P15,0.858003,11,P0,P11,P15,P6,P14,P0,P11,P15,P6,P14,P0,P11,P15,P6,P14,P0,P11,P15,P6,P14
grating,0,2.50,P0|P6|P11|P14|P15,0.858003,12,P0,P11,P15,P6,P14,P0,P11,P15,P6,P14,P0,P11,P15,P6,P14,P0,P11,P15,P6,P14
grating,0,2.50,P0|P6|P11|P14|P15,0.858003,13,P0,P11,P15,P6,P14,P0,P11,P15,P6,P14,P0,P11,P15,P6,P14,P0,P11,P15,P6,P14
grating,0,2.50,P0|P6|P11|P14|P15,0.858003,14,P0,P11,P15,P6,P14,P0,P11,P15,P6,P14,P0,P11,P15,P6,P14,P0,P11,P15,P6,P14
grating,0,2.50,P0|P6|P11|P14|P15,0.858003,15,P0,P11,P15,P6,P14,P0,P11,P15,P6,P14,P0,P11,P15,P6,P14,P0,P11,P15,P6,P14
grating,0,2.50,P0|P6|P11|P14|P15,0.858003,16,P0,P11,P15,P6,P14,P0,P11,P15,P6,P14,P0,P11,P15,P6,P14,P0,P11,P15,P6,P14
grating,0,2.50,P0|P6|P11|P14|P15,0.858003,17,P0,P11,P15,P6,P14,P0,P11,P15,P6,P14,P0,P11,P15,P6,P14,P0,P11,P15,P6,P14
grating,0,2.50,P0|P6|P11|P14|P15,0.858003,18,P0,P11,P15,P6,P14,P0,P11,P15,P6,P14,P0,P11,P15,P6,P14,P0,P11,P15,P6,P14
grating,0,2.50,P0|P6|P11|P14|P15,0.858003,19,P0,P11,P15,P6,P14,P0,P11,P15,P6,P14,P0,P11,P15,P6,P14,P0,P11,P15,P6,P14
grating,180,2.50,P0|P6|P11|P14|P15,0.858003,0,P14,P6,P15,P11,P0,P14,P6,P15,P11,P0,P14,P6,P15,P11,P0,P14,P6,P15,P11,P0
grating,180,2.50,P0|P6|P11|P14|P15,0.858003,1,P14,P6,P15,P11,P0,P14,P6,P15,P11,P0,P14,P6,P15,P11,P0,P14,P6,P15,P11,P0
grating,180,2.50,P0|P6|P11|P14|P15,0.858003,2,P14,P6,P15,P11,P0,P14,P6,P15,P11,P0,P14,P6,P15,P11,P0,P14,P6,P15,P11,P0
grating,180,2.50,P0|P6|P11|P14|P15,0.858003,3,P14,P6,P15,P11,P0,P14,P6,P15,P11,P0,P14,P6,P15,P11,P0,P14,P6,P15,P11,P0
grating,180,2.50,P0|P6|P11|P14|P15,0.858003,4,P14,P6,P15,P11,P0,P14,P6,P15,P11,P0,P14,P6,P15,P11,P0,P14,P6,P15,P11,P0
grating,180,2.50,P0|P6|P11|P14|P15,0.858003,5,P14,P6,P15,P11,P0,P14,P6,P15,P11,P0,P14,P6,P15,P11,P0,P14,P6,P15,P11,P0
grating,180,2.50,P0|P6|P11|P14|P15,0.858003,6,P14,P6,P15,P11,P0,P14,P6,P15,P11,P0,P14,P6,P15,P11,P0,P14,P6,P15,P11,P0
grating,180,2.50,P0|P6|P11|P14|P15,0.858003,7,P14,P6,P15,P11,P0,P14,P6,P15,P11,P0,P14,P6,P15,P11,P0,P14,P6,P15,P11,P0
grating,180,2.50,P0|P6|P11|P14|P15,0.858003,8,P14,P6,P15,P11,P0,P14,P6,P15,P11,P0,P14,P6,P15,P11,P0,P14,P6,P15,P11,P0
grating,180,2.50,P0|P6|P11|P14|P15,0.858003,9,P14,P6,P15,P11,P0,P14,P6,P15,P11,P0,P14,P6,P15,P11,P0,P14,P6,P15,P11,P0
grating,180,2.50,P0|P6|P11|P14|P15,0.858003,10,P14,P6,P15,P11,P0,P14,P6,P15,P11,P0,P14,P6,P15,P11,P0,P14,P6,P15,P11,P0
grating,180,2.50,P0|P6|P11|P14|P15,0.858003,11,P14,P6,P15,P11,P0,P14,P6,P15,P11,P0,P14,P6,P15,P11,P0,P14,P6,P15,P11,P0
grating,180,2.50,P0|P6|P11|P14|P15,0.858003,12,P14,P6,P15,P11,P0,P14,P6,P15,P11,P0,P14,P6,P15,P11,P0,P14,P6,P15,P11,P0
grating,180,2.50,P0|P6|P11|P14|P15,0.858003,13,P14,P6,P15,P11,P0,P14,P6,P15,P11,P0,P14,P6,P15,P11,P0,P14,P6,P15,P11,P0
grating,180,2.50,P0|P6|P11|P14|P15,0.858003,14,P14,P6,P15,P11,P0,P14,P6,P15,P11,P0,P14,P6,P15,P11,P0,P14,P6,P15,P11,P0
grating,180,2.50,P0|P6|P11|P14|P15,0.858003,15,P14,P6,P15,P11,P0,P14,P6,P15,P11,P0,P14,P6,P15,P11,P0,P14,P6,P15,P11,P0
grating,180,2.50,P0|P6|P11|P14|P15,0.858003,16,P14,P6,P15,P11,P0,P14,P6,P15,P11,P0,P14,P6,P15,P11,P0,P14,P6,P15,P11,P0
grating,180,2.50,P0|P6|P11|P14|P15,0.858003,17,P14,P6,P15,P11,P0,P14,P6,P15,P11,P0,P14,P6,P15,P11,P0,P14,P6,P15,P11,P0
grating,180,2.50,P0|P6|P11|P14|P15,0.858003,18,P14,P6,P15,P11,P0,P14,P6,P15,P11,P0,P14,P6,P15,P11,P0,P14,P6,P15,P11,P0
grating,180,2.50,P0|P6|P11|P14|P15,0.858003,19,P14,P6,P15,P11,P0,P14,P6,P15,P11,P0,P14,P6,P15,P11,P0,P14,P6,P15,P11,P0
grating,0,2.60,P0|P4|P7|P9|P11|P13|P14|P15,0.838236,0,P14,P0,P11,P15,P4,P14,P15,P9,P15,P0,P13,P15,P7,P14,P0,P11,P15,P4,P14,P15
grating,0,2.60,P0|P4|P7|P9|P11|P13|P14|P15,0.838236,1,P14,P0,P11,P15,P4,P14,P15,P9,P15,P0,P13,P15,P7,P14,P0,P11,P15,P4,P14,P15
grating,0,2.60,P0|P4|P7|P9|P11|P13|P14|P15,0.838236,2,P14,P0,P11,P15,P4,P14,P15,P9,P15,P0,P13,P15,P7,P14,P0,P11,P15,P4,P14,P15
grating,0,2.60,P0|P4|P7|P9|P11|P13|P14|P15,0.838236,3,P14,P0,P11,P15,P4,P14,P15,P9,P15,P0,P13,P15,P7,P14,P0,P11,P15,P4,P14,P15
grating,0,2.60,P0|P4|P7|P9|P11|P13|P14|P15,0.838236,4,P14,P0,P11,P15,P4,P14,P15,P9,P15,P0,P13,P15,P7,P14,P0,P11,P15,P4,P14,P15
grating,0,2.60,P0|P4|P7|P9|P11|P13|P14|P15,0.838236,5,P14,P0,P11,P15,P4,P14,P15,P9,P15,P0,P13,P15,P7,P14,P0,P11,P15,P4,P14,P15
grating,0,2.60,P0|P4|P7|P9|P11|P13|P14|P15,0.838236,6,P14,P0,P11,P15,P4,P14,P15,P9,P15,P0,P13,P15,P7,P14,P0,P11,P15,P4,P14,P15
grating,0,2.60,P0|P4|P7|P9|P11|P13|P14|P15,0.838236,7,P14,P0,P11,P15,P4,P14,P15,P9,P15,P0,P13,P15,P7,P14,P0,P11,P15,P4,P14,P15
grating,0,2.60,P0|P4|P7|P9|P11|P13|P14|P15,0.838236,8,P14,P0,P11,P15,P4,P14,P15,P9,P15,P0,P13,P15,P7,P14,P0,P11,P15,P4,P14,P15
grating,0,2.60,P0|P4|P7|P9|P11|P13|P14|P15,0.838236,9,P14,P0,P11,P15,P4,P14,P15,P9,P15,P0,P13,P15,P7,P14,P0,P11,P15,P4,P14,P15
grating,0,2.60,P0|P4|P7|P9|P11|P13|P14|P15,0.838236,10,P14,P0,P11,P15,P4,P14,P15,P9,P15,P0,P13,P15,P7,P14,P0,P11,P15,P4,P14,P15
grating,0,2.60,P0|P4|P7|P9|P11|P13|P14|P15,0.838236,11,P14,P0,P11,P15,P4,P14,P15,P9,P15,P0,P13,P15,P7,P14,P0,P11,P15,P4,P14,P15
grating,0,2.60,P0|P4|P7|P9|P11|P13|P14|P15,0.838236,12,P14,P0,P11,P15,P4,P14,P15,P9,P15,P0,P13,P15,P7,P14,P0,P11,P15,P4,P14,P15
grating,0,2.60,P0|P4|P7|P9|P11|P13|P14|P15,0.838236,13,P14,P0,P11,P15,P4,P14,P15,P9,P15,P0,P13,P15,P7,P14,P0,P11,P15,P4,P14,P15
grating,0,2.60,P0|P4|P7|P9|P11|P13|P14|P15,0.838236,14,P14,P0,P11,P15,P4,P14,P15,P9,P15,P0,P13,P15,P7,P14,P0,P11,P15,P4,P14,P15
grating,0,2.60,P0|P4|P7|P9|P11|P13|P14|P15,0.838236,15,P14,P0,P11,P15,P4,P14,P15,P9,P15,P0,P13,P15,P7,P14,P0,P11,P15,P4,P14,P15
grating,0,2.60,P0|P4|P7|P9|P11|P13|P14|P15,0.838236,16,P14,P0,P11,P15,P4,P14,P15,P9,P15,P0,P13,P15,P7,P14,P0,P11,P15,P4,P14,P15
grating,0,2.60,P0|P4|P7|P9|P11|P13|P14|P15,0.838236,17,P14,P0,P11,P15,P4,P14,P15,P9,P15,P0,P13,P15,P7,P14,P0,P11,P15,P4,P14,P15
grating,0,2.60,P0|P4|P7|P9|P11|P13|P14|P15,0.838236,18,P14,P0,P11,P15,P4,P14,P15,P9,P15,P0,P13,P15,P7,P14,P0,P11,P15,P4,P14,P15
grating,0,2.60,P0|P4|P7|P9|P11|P13|P14|P15,0.838236,19,P14,P0,P11,P15,P4,P14,P15,P9,P15,P0,P13,P15,P7,P14,P0,P11,P15,P4,P14,P15
grating,180,2.60,P0|P4|P7|P9|P11|P13|P14|P15,0.838236,0,P15,P14,P4,P15,P11,P0,P14,P7,P15,P13,P0,P15,P9,P15,P14,P4,P15,P11,P0,P14
grating,180,2.60,P0|P4|P7|P9|P11|P13|P14|P15,0.838236,1,P15,P14,P4,P15,P11,P0,P14,P7,P15,P13,P0,P15,P9,P15,P14,P4,P15,P11,P0,P14
grating,180,2.60,P0|P4|P7|P9|P11|P13|P14|P15,0.838236,2,P15,P14,P4,P15,P11,P0,P14,P7,P15,P13,P0,P15,P9,P15,P14,P4,P15,P11,P0,P14
grating,180,2.60,P0|P4|P7|P9|P11|P13|P14|P15,0.838236,3,P15,P14,P4,P15,P11,P0,P14,P7,P15,P13,P0,P15,P9,P15,P14,P4,P15,P11,P0,P14
grating,180,2.60,P0|P4|P7|P9|P11|P13|P14|P15,0.838236,4,P15,P14,P4,P15,P11,P0,P14,P7,P15,P13,P0,P15,P9,P15,P14,P4,P15,P11,P0,P14
grating,180,2.60,P0|P4|P7|P9|P11|P13|P14|P15,0.838236,5,P15,P14,P4,P15,P11,P0,P14,P7,P15,P13,P0,P15,P9,P15,P14,P4,P15,P11,P0,P14
grating,180,2.60,P0|P4|P7|P9|P11|P13|P14|P15,0.838236,6,P15,P14,P4,P15,P11,P0,P14,P7,P15,P13,P0,P15,P9,P15,P14,P4,P15,P11,P0,P14
grating,180,2.60,P0|P4|P7|P9|P11|P13|P14|P15,0.838236,7,P15,P14,P4,P15,P11,P0,P14,P7,P15,P13,P0,P15,P9,P15,P14,P4,P15,P11,P0,P14
grating,180,2.60,P0|P4|P7|P9|P11|P13|P14|P15,0.838236,8,P15,P14,P4,P15,P11,P0,P14,P7,P15,P13,P0,P15,P9,P15,P14,P4,P15,P11,P0,P14
grating,180,2.60,P0|P4|P7|P9|P11|P13|P14|P15,0.838236,9,P15,P14,P4,P15,P11,P0,P14,P7,P15,P13,P0,P15,P9,P15,P14,P4,P15,P11,P0,P14
grating,180,2.60,P0|P4|P7|P9|P11|P13|P14|P15,0.838236,10,P15,P14,P4,P15,P11,P0,P14,P7,P15,P13,P0,P15,P9,P15,P14,P4,P15,P11,P0,P14
grating,180,2.60,P0|P4|P7|P9|P11|P13|P14|P15,0.838236,11,P15,P14,P4,P15,P11,P0,P14,P7,P15,P13,P0,P15,P9,P15,P14,P4,P15,P11,P0,P14
grating,180,2.60,P0|P4|P7|P9|P11|P13|P14|P15,0.838236,12,P15,P14,P4,P15,P11,P0,P14,P7,P15,P13,P0,P15,P9,P15,P14,P4,P15,P11,P0,P14
grating,180,2.60,P0|P4|P7|P9|P11|P13|P14|P15,0.838236,13,P15,P14,P4,P15,P11,P0,P14,P7,P15,P13,P0,P15,P9,P15,P14,P4,P15,P11,P0,P14
grating,180,2.60,P0|P4|P7|P9|P11|P13|P14|P15,0.838236,14,P15,P14,P4,P15,P11,P0,P14,P7,P15,P13,P0,P15,P9,P15,P14,P4,P15,P11,P0,P14
grating,180,2.60,P0|P4|P7|P9|P11|P13|P14|P15,0.838236,15,P15,P14,P4,P15,P11,P0,P14,P7,P15,P13,P0,P15,P9,P15,P14,P4,P15,P11,P0,P14
grating,180,2.60,P0|P4|P7|P9|P11|P13|P14|P15,0.838236,16,P15,P14,P4,P15,P11,P0,P14,P7,P15,P13,P0,P15,P9,P15,P14,P4,P15,P11,P0,P14
grating,180,2.60,P0|P4|P7|P9|P11|P13|P14|P15,0.838236,17,P15,P14,P4,P15,P11,P0,P14,P7,P15,P13,P0,P15,P9,P15,P14,P4,P15,P11,P0,P14
grating,180,2.60,P0|P4|P7|P9|P11|P13|P14|P15,0.838236,18,P15,P14,P4,P15,P11,P0,P14,P7,P15,P13,P0,P15,P9,P15,P14,P4,P15,P11,P0,P14
grating,180,2.60,P0|P4|P7|P9|P11|P13|P14|P15,0.838236,19,P15,P14,P4,P15,P11,P0,P14,P7,P15,P13,P0,P15,P9,P15,P14,P4,P15,P11,P0,P14
grating,0,2.70,P0|P4|P6|P7|P8|P10|P11|P12|P13|P14|P15,0.833084,0,P15,P4,P14,P15,P7,P14,P0,P11,P15,P0,P13,P15,P7,P14,P0,P10,P15,P0,P12,P15
grating,0,2.70,P0|P4|P6|P7|P8|P10|P11|P12|P13|P14|P15,0.833084,1,P15,P4,P14,P15,P7,P14,P0,P11,P15,P0,P13,P15,P7,P14,P0,P10,P15,P0,P12,P15
grating,0,2.70,P0|P4|P6|P7|P8|P10|P11|P12|P13|P14|P15,0.833084,2,P15,P4,P14,P15,P7,P14,P0,P11,P15,P0,P13,P15,P7,P14,P0,P10,P15,P0,P12,P15
grating,0,2.70,P0|P4|P6|P7|P8|P10|P11|P12|P13|P14|P15,0.833084,3,P15,P4,P14,P15,P7,P14,P0,P11,P15,P0,P13,P15,P7,P14,P0,P10,P15,P0,P12,P15
grating,0,2.70,P0|P4|P6|P7|P8|P10|P11|P12|P13|P14|P15,0.833084,4,P15,P4,P14,P15,P7,P14,P0,P11,P15,P0,P13,P15,P7,P14,P0,P10,P15,P0,P12,P15
grating,0,2.70,P0|P4|P6|P7|P8|P10|P11|P12|P13|P14|P15,0.833084,5,P15,P4,P14,P15,P7,P14,P0,P11,P15,P0,P13,P15,P7,P14,P0,P10,P15,P0,P12,P15
grating,0,2.70,P0|P4|P6|P7|P8|P10|P11|P12|P13|P14|P15,0.833084,6,P15,P4,P14,P15,P7,P14,P0,P11,P15,P0,P13,P15,P7,P14,P0,P10,P15,P0,P12,P15
grating,0,2.70,P0|P4|P6|P7|P8|P10|P11|P12|P13|P14|P15,0.833084,7,P15,P4,P14,P15,P7,P14,P0,P11,P15,P0,P13,P15,P7,P14,P0,P10,P15,P0,P12,P15
grating,0,2.70,P0|P4|P6|P7|P8|P10|P11|P12|P13|P14|P15,0.833084,8,P15,P4,P14,P15,P7,P14,P0,P11,P15,P0,P13,P15,P7,P14,P0,P10,P15,P0,P12,P15
grating,0,2.70,P0|P4|P6|P7|P8|P10|P11|P12|P13|P14|P15,0.833084,9,P15,P4,P14,P15,P7,P14,P0,P11,P15,P0,P13,P15,P7,P14,P0,P10,P15,P0,P12,P15
grating,0,2.70,P0|P4|P6|P7|P8|P10|P11|P12|P13|P14|P15,0.833084,10,P15,P4,P14,P15,P7,P14,P0,P11,P15,P0,P13,P15,P7,P14,P0,P10,P15,P0,P12,P15
grating,0,2.70,P0|P4|P6|P7|P8|P10|P11|P12|P13|P14|P15,0.833084,11,P15,P4,P14,P15,P7,P14,P0,P11,P15,P0,P13,P15,P7,P14,P0,P10,P15,P0,P12,P15
grating,0,2.70,P0|P4|P6|P7|P8|P10|P11|P12|P13|P14|P15,0.833084,12,P15,P4,P14,P15,P7,P14,P0,P11,P15,P0,P13,P15,P7,P14,P0,P10,P15,P0,P12,P15
grating,0,2.70,P0|P4|P6|P7|P8|P10|P11|P12|P13|P14|P15,0.833084,13,P15,P4,P14,P15,P7,P14,P0,P11,P15,P0,P13,P15,P7,P14,P0,P10,P15,P0,P12,P15
grating,0,2.70,P0|P4|P6|P7|P8|P10|P11|P12|P13|P14|P15,0.833084,14,P15,P4,P14,P15,P7,P14,P0,P11,P15,P0,P13,P15,P7,P14,P0,P10,P15,P0,P12,P15
grating,0,2.70,P0|P4|P6|P7|P8|P10|P11|P12|P13|P14|P15,0.833084,15,P15,P4,P14,P15,P7,P14,P0,P11,P15,P0,P13,P15,P7,P14,P0,P10,P15,P0,P12,P15
grating,0,2.70,P0|P4|P6|P7|P8|P10|P11|P12|P13|P14|P15,0.833084,16,P15,P4,P14,P15,P7,P14,P0,P11,P15,P0,P13,P15,P7,P14,P0,P10,P15,P0,P12,P15
grating,0,2.70,P0|P4|P6|P7|P8|P10|P11|P12|P13|P14|P15,0.833084,17,P15,P4,P14,P15,P7,P14,P0,P11,P15,P0,P13,P15,P7,P14,P0,P10,P15,P0,P12,P15
grating,0,2.70,P0|P4|P6|P7|P8|P10|P11|P12|P13|P14|P15,0.833084,18,P15,P4,P14,P15,P7,P14,P0,P11,P15,P0,P13,P15,P7,P14,P0,P10,P15,P0,P12,P15
grating,0,2.70,P0|P4|P6|P7|P8|P10|P11|P12|P13|P14|P15,0.833084,19,P15,P4,P14,P15,P7,P14,P0,P11,P15,P0,P13,P15,P7,P14,P0,P10,P15,P0,P12,P15
grating,180,2.70,P0|P4|P6|P7|P8|P10|P11|P12|P13|P14|P15,0.833084,0,P15,P12,P0,P15,P10,P0,P14,P7,P15,P13,P0,P15,P11,P0,P14,P7,P15,P14,P4,P15
grating,180,2.70,P0|P4|P6|P7|P8|P10|P11|P12|P13|P14|P15,0.833084,1,P15,P12,P0,P15,P10,P0,P14,P7,P15,P13,P0,P15,P11,P0,P14,P7,P15,P14,P4,P15
grating,180,2.70,P0|P4|P6|P7|P8|P10|P11|P12|P13|P14|P15,0.833084,2,P15,P12,P0,P15,P10,P0,P14,P7,P15,P13,P0,P15,P11,P0,P14,P7,P15,P14,P4,P15
grating,180,2.70,P0|P4|P6|P7|P8|P10|P11|P12|P13|P14|P15,0.833084,3,P15,P12,P0,P15,P10,P0,P14,P7,P15,P13,P0,P15,P11,P0,P14,P7,P15,P14,P4,P15
grating,180,2.70,P0|P4|P6|P7|P8|P10|P11|P12|P13|P14|P15,0.833084,4,P15,P12,P0,P15,P10,P0,P14,P7,P15,P13,P0,P15,P11,P0,P14,P7,P15,P14,P4,P15
grating,180,2.70,P0|P4|P6|P7|P8|P10|P11|P12|P13|P14|P15,0.833084,5,P15,P12,P0,P15,P10,P0,P14,P7,P15,P13,P0,P15,P11,P0,P14,P7,P15,P14,P4,P15
grating,180,2.70,P0|P4|P6|P7|P8|P10|P11|P12|P13|P14|P15,0.833084,6,P15,P12,P0,P15,P10,P0,P14,P7,P15,P13,P0,P15,P11,P0,P14,P7,P15,P14,P4,P15
grating,180,2.70,P0|P4|P6|P7|P8|P10|P11|P12|P13|P14|P15,0.833084,7,P15,P12,P0,P15,P10,P0,P14,P7,P15,P13,P0,P15,P11,P0,P14,P7,P15,P14,P4,P15
grating,180,2.70,P0|P4|P6|P7|P8|P10|P11|P12|P13|P14|P15,0.833084,8,P15,P12,P0,P15,P10,P0,P14,P7,P15,P13,P0,P15,P11,P0,P14,P7,P15,P14,P4,P15
grating,180,2.70,P0|P4|P6|P7|P8|P10|P11|P12|P13|P14|P15,0.833084,9,P15,P12,P0,P15,P10,P0,P14,P7,P15,P13,P0,P15,P11,P0,P14,P7,P15,P14,P4,P15
grating,180,2.70,P0|P4|P6|P7|P8|P10|P11|P12|P13|P14|P15,0.833084,10,P15,P12,P0,P15,P10,P0,P14,P7,P15,P13,P0,P15,P11,P0,P14,P7,P15,P14,P4,P15
grating,180,2.70,P0|P4|P6|P7|P8|P10|P11|P12|P13|P14|P15,0.833084,11,P15,P12,P0,P15,P10,P0,P14,P7,P15,P13,P0,P15,P11,P0,P14,P7,P15,P14,P4,P15
grating,180,2.70,P0|P4|P6|P7|P8|P10|P11|P12|P13|P14|P15,0.833084,12,P15,P12,P0,P15,P10,P0,P14,P7,P15,P13,P0,P15,P11,P0,P14,P7,P15,P14,P4,P15
grating,180,2.70,P0|P4|P6|P7|P8|P10|P11|P12|P13|P14|P15,0.833084,13,P15,P12,P0,P15,P10,P0,P14,P7,P15,P13,P0,P15,P11,P0,P14,P7,P15,P14,P4,P15
grating,180,2.70,P0|P4|P6|P7|P8|P10|P11|P12|P13|P14|P15,0.833084,14,P15,P12,P0,P15,P10,P0,P14,P7,P15,P13,P0,P15,P11,P0,P14,P7,P15,P14,P4,P15
grating,180,2.70,P0|P4|P6|P7|P8|P10|P11|P12|P13|P14|P15,0.833084,15,P15,P12,P0,P15,P10,P0,P14,P7,P15,P13,P0,P15,P11,P0,P14,P7,P15,P14,P4,P15
grating,180,2.70,P0|P4|P6|P7|P8|P10|P11|P12|P13|P14|P15,0.833084,16,P15,P12,P0,P15,P10,P0,P14,P7,P15,P13,P0,P15,P11,P0,P14,P7,P15,P14,P4,P15
grating,180,2.70,P0|P4|P6|P7|P8|P10|P11|P12|P13|P14|P15,0.833084,17,P15,P12,P0,P15,P10,P0,P14,P7,P15,P13,P0,P15,P11,P0,P14,P7,P15,P14,P4,P15
grating,180,2.70,P0|P4|P6|P7|P8|P10|P11|P12|P13|P14|P15,0.833084,18,P15,P12,P0,P15,P10,P0,P14,P7,P15,P13,P0,P15,P11,P0,P14,P7,P15,P14,P4,P15
grating,180,2.70,P0|P4|P6|P7|P8|P10|P11|P12|P13|P14|P15,0.833084,19,P15,P12,P0,P15,P10,P0,P14,P7,P15,P13,P0,P15,P11,P0,P14,P7,P15,P14,P4,P15
grating,0,2.80,P0|P6|P7|P10|P11|P13|P14|P15,0.839481,0,P10,P15,P0,P11,P15,P0,P13,P15,P6,P14,P15,P7,P14,P0,P10,P15,P0,P11,P15,P0
grating,0,2.80,P0|P6|P7|P10|P11|P13|P14|P15,0.839481,1,P10,P15,P0,P11,P15,P0,P13,P15,P6,P14,P15,P7,P14,P0,P10,P15,P0,P11,P15,P0
grating,0,2.80,P0|P6|P7|P10|P11|P13|P14|P15,0.839481,2,P10,P15,P0,P11,P15,P0,P13,P15,P6,P14,P15,P7,P14,P0,P10,P15,P0,P11,P15,P0
grating,0,2.80,P0|P6|P7|P10|P11|P13|P14|P15,0.839481,3,P10,P15,P0,P11,P15,P0,P13,P15,P6,P14,P15,P7,P14,P0,P10,P15,P0,P11,P15,P0
grating,0,2.80,P0|P6|P7|P10|P11|P13|P14|P15,0.839481,4,P10,P15,P0,P11,P15,P0,P13,P15,P6,P14,P15,P7,P14,P0,P10,P15,P0,P11,P15,P0
grating,0,2.80,P0|P6|P7|P10|P11|P13|P14|P15,0.839481,5,P10,P15,P0,P11,P15,P0,P13,P15,P6,P14,P15,P7,P14,P0,P10,P15,P0,P11,P15,P0
grating,0,2.80,P0|P6|P7|P10|P11|P13|P14|P15,0.839481,6,P10,P15,P0,P11,P15,P0,P13,P15,P6,P14,P15,P7,P14,P0,P10,P15,P0,P11,P15,P0
grating,0,2.80,P0|P6|P7|P10|P11|P13|P14|P15,0.839481,7,P10,P15,P0,P11,P15,P0,P13,P15,P6,P14,P15,P7,P14,P0,P10,P15,P0,P11,P15,P0
grating,0,2.80,P0|P6|P7|P10|P11|P13|P14|P15,0.839481,8,P10,P15,P0,P11,P15,P0,P13,P15,P6,P14,P15,P7,P14,P0,P10,P15,P0,P11,P15,P0
grating,0,2.80,P0|P6|P7|P10|P11|P13|P14|P15,0.839481,9,P10,P15,P0,P11,P15,P0,P13,P15,P6,P14,P15,P7,P14,P0,P10,P15,P0,P11,P15,P0
grating,0,2.80,P0|P6|P7|P10|P11|P13|P14|P15,0.839481,10,P10,P15,P0,P11,P15,P0,P13,P15,P6,P14,P15,P7,P14,P0,P10,P15,P0,P11,P15,P0
grating,0,2.80,P0|P6|P7|P10|P11|P13|P14|P15,0.839481,11,P10,P15,P0,P11,P15,P0,P13,P15,P6,P14,P15,P7,P14,P0,P10,P15,P0,P11,P15,P0
grating,0,2.80,P0|P6|P7|P10|P11|P13|P14|P15,0.839481,12,P10,P15,P0,P11,P15,P0,P13,P15,P6,P14,P15,P7,P14,P0,P10,P15,P0,P11,P15,P0
grating,0,2.80,P0|P6|P7|P10|P11|P13|P14|P15,0.839481,13,P10,P15,P0,P11,P15,P0,P13,P15,P6,P14,P15,P7,P14,P0,P10,P15,P0,P11,P15,P0
grating,0,2.80,P0|P6|P7|P10|P11|P13|P14|P15,0.839481,14,P10,P15,P0,P11,P15,P0,P13,P15,P6,P14,P15,P7,P14,P0,P10,P15,P0,P11,P15,P0
grating,0,2.80,P0|P6|P7|P10|P11|P13|P14|P15,0.839481,15,P10,P15,P0,P11,P15,P0,P13,P15,P6,P14,P15,P7,P14,P0,P10,P15,P0,P11,P15,P0
grating,0,2.80,P0|P6|P7|P10|P11|P13|P14|P15,0.839481,16,P10,P15,P0,P11,P15,P0,P13,P15,P6,P14,P15,P7,P14,P0,P10,P15,P0,P11,P15,P0
grating,0,2.80,P0|P6|P7|P10|P11|P13|P14|P15,0.839481,17,P10,P15,P0,P11,P15,P0,P13,P15,P6,P14,P15,P7,P14,P0,P10,P15,P0,P11,P15,P0
grating,0,2.80,P0|P6|P7|P10|P11|P13|P14|P15,0.839481,18,P10,P15,P0,P11,P15,P0,P13,P15,P6,P14,P15,P7,P14,P0,P10,P15,P0,P11,P15,P0
grating,0,2.80,P0|P6|P7|P10|P11|P13|P14|P15,0.839481,19,P10,P15,P0,P11,P15,P0,P13,P15,P6,P14,P15,P7,P14,P0,P10,P15,P0,P11,P15,P0
grating,180,2.80,P0|P6|P7|P10|P11|P13|P14|P15,0.839481,0,P0,P15,P11,P0,P15,P10,P0,P14,P7,P15,P14,P6,P15,P13,P0,P15,P11,P0,P15,P10
grating,180,2.80,P0|P6|P7|P10|P11|P13|P14|P15,0.839481,1,P0,P15,P11,P0,P15,P10,P0,P14,P7,P15,P14,P6,P15,P13,P0,P15,P11,P0,P15,P10
grating,180,2.80,P0|P6|P7|P10|P11|P13|P14|P15,0.839481,2,P0,P15,P11,P0,P15,P10,P0,P14,P7,P15,P14,P6,P15,P13,P0,P15,P11,P0,P15,P10
grating,180,2.80,P0|P6|P7|P10|P11|P13|P14|P15,0.839481,3,P0,P15,P11,P0,P15,P10,P0,P14,P7,P15,P14,P6,P15,P13,P0,P15,P11,P0,P15,P10
grating,180,2.80,P0|P6|P7|P10|P11|P13|P14|P15,0.839481,4,P0,P15,P11,P0,P15,P10,P0,P14,P7,P15,P14,P6,P15,P13,P0,P15,P11,P0,P15,P10
grating,180,2.80,P0|P6|P7|P10|P11|P13|P14|P15,0.839481,5,P0,P15,P11,P0,P15,P10,P0,P14,P7,P15,P14,P6,P15,P13,P0,P15,P11,P0,P15,P10
grating,180,2.80,P0|P6|P7|P10|P11|P13|P14|P15,0.839481,6,P0,P15,P11,P0,P15,P10,P0,P14,P7,P15,P14,P6,P15,P13,P0,P15,P11,P0,P15,P10
grating,180,2.80,P0|P6|P7|P10|P11|P13|P14|P15,0.839481,7,P0,P15,P11,P0,P15,P10,P0,P14,P7,P15,P14,P6,P15,P13,P0,P15,P11,P0,P15,P10
grating,180,2.80,P0|P6|P7|P10|P11|P13|P14|P15,0.839481,8,P0,P15,P11,P0,P15,P10,P0,P14,P7,P15,P14,P6,P15,P13,P0,P15,P11,P0,P15,P10
grating,180,2.80,P0|P6|P7|P10|P11|P13|P14|P15,0.839481,9,P0,P15,P11,P0,P15,P10,P0,P14,P7,P15,P14,P6,P15,P13,P0,P15,P11,P0,P15,P10
grating,180,2.80,P0|P6|P7|P10|P11|P13|P14|P15,0.839481,10,P0,P15,P11,P0,P15,P10,P0,P14,P7,P15,P14,P6,P15,P13,P0,P15,P11,P0,P15,P10
grating,180,2.80,P0|P6|P7|P10|P11|P13|P14|P15,0.839481,11,P0,P15,P11,P0,P15,P10,P0,P14,P7,P15,P14,P6,P15,P13,P0,P15,P11,P0,P15,P10
grating,180,2.80,P0|P6|P7|P10|P11|P13|P14|P15,0.839481,12,P0,P15,P11,P0,P15,P10,P0,P14,P7,P15,P14,P6,P15,P13,P0,P15,P11,P0,P15,P10
grating,180,2.80,P0|P6|P7|P10|P11|P13|P14|P15,0.839481,13,P0,P15,P11,P0,P15,P10,P0,P14,P7,P15,P14,P6,P15,P13,P0,P15,P11,P0,P15,P10
grating,180,2.80,P0|P6|P7|P10|P11|P13|P14|P15,0.839481,14,P0,P15,P11,P0,P15,P10,P0,P14,P7,P15,P14,P6,P15,P13,P0,P15,P11,P0,P15,P10
grating,180,2.80,P0|P6|P7|P10|P11|P13|P14|P15,0.839481,15,P0,P15,P11,P0,P15,P10,P0,P14,P7,P15,P14,P6,P15,P13,P0,P15,P11,P0,P15,P10
grating,180,2.80,P0|P6|P7|P10|P11|P13|P14|P15,0.839481,16,P0,P15,P11,P0,P15,P10,P0,P14,P7,P15,P14,P6,P15,P13,P0,P15,P11,P0,P15,P10
grating,180,2.80,P0|P6|P7|P10|P11|P13|P14|P15,0.839481,17,P0,P15,P11,P0,P15,P10,P0,P14,P7,P15,P14,P6,P15,P13,P0,P15,P11,P0,P15,P10
grating,180,2.80,P0|P6|P7|P10|P11|P13|P14|P15,0.839481,18,P0,P15,P11,P0,P15,P10,P0,P14,P7,P15,P14,P6,P15,P13,P0,P15,P11,P0,P15,P10
grating,180,2.80,P0|P6|P7|P10|P11|P13|P14|P15,0.839481,19,P0,P15,P11,P0,P15,P10,P0,P14,P7,P15,P14,P6,P15,P13,P0,P15,P11,P0,P15,P10
grating,0,2.90,P0|P1|P5|P6|P7|P8|P10|P11|P12|P13|P14|P15,0.832621,0,P0,P11,P15,P0,P11,P15,P0,P12,P15,P1,P13,P15,P5,P13,P15,P6,P14,P15,P7,P14
grating,0,2.90,P0|P1|P5|P6|P7|P8|P10|P11|P12|P13|P14|P15,0.832621,1,P0,P11,P15,P0,P11,P15,P0,P12,P15,P1,P13,P15,P5,P13,P15,P6,P14,P15,P7,P14
grating,0,2.90,P0|P1|P5|P6|P7|P8|P10|P11|P12|P13|P14|P15,0.832621,2,P0,P11,P15,P0,P11,P15,P0,P12,P15,P1,P13,P15,P5,P13,P15,P6,P14,P15,P7,P14
grating,0,2.90,P0|P1|P5|P6|P7|P8|P10|P11|P12|P13|P14|P15,0.832621,3,P0,P11,P15,P0,P11,P15,P0,P12,P15,P1,P13,P15,P5,P13,P15,P6,P14,P15,P7,P14
grating,0,2.90,P0|P1|P5|P6|P7|P8|P10|P11|P12|P13|P14|P15,0.832621,4,P0,P11,P15,P0,P11,P15,P0,P12,P15,P1,P13,P15,P5,P13,P15,P6,P14,P15,P7,P14
grating,0,2.90,P0|P1|P5|P6|P7|P8|P10|P11|P12|P13|P14|P15,0.832621,5,P0,P11,P15,P0,P11,P15,P0,P12,P15,P1,P13,P15,P5,P13,P15,P6,P14,P15,P7,P14
grating,0,2.90,P0|P1|P5|P6|P7|P8|P10|P11|P12|P13|P14|P15,0.832621,6,P0,P11,P15,P0,P11,P15,P0,P12,P15,P1,P13,P15,P5,P13,P15,P6,P14,P15,P7,P14
grating,0,2.90,P0|P1|P5|P6|P7|P8|P10|P11|P12|P13|P14|P15,0.832621,7,P0,P11,P15,P0,P11,P15,P0,P12,P15,P1,P13,P15,P5,P13,P15,P6,P14,P15,P7,P14
grating,0,2.90,P0|P1|P5|P6|P7|P8|P10|P11|P12|P13|P14|P15,0.832621,8,P0,P11,P15,P0,P11,P15,P0,P12,P15,P1,P13,P15,P5,P13,P15,P6,P14,P15,P7,P14
grating,0,2.90,P0|P1|P5|P6|P7|P8|P10|P11|P12|P13|P14|P15,0.832621,9,P0,P11,P15,P0,P11,P15,P0,P12,P15,P1,P13,P15,P5,P13,P15,P6,P14,P15,P7,P14
grating,0,2.90,P0|P1|P5|P6|P7|P8|P10|P11|P12|P13|P14|P15,0.832621,10,P0,P11,P15,P0,P11,P15,P0,P12,P15,P1,P13,P15,P5,P13,P15,P6,P14,P15,P7,P14
grating,0,2.90,P0|P1|P5|P6|P7|P8|P10|P11|P12|P13|P14|P15,0.832621,11,P0,P11,P15,P0,P11,P15,P0,P12,P15,P1,P13,P15,P5,P13,P15,P6,P14,P15,P7,P14
grating,0,2.90,P0|P1|P5|P6|P7|P8|P10|P11|P12|P13|P14|P15,0.832621,12,P0,P11,P15,P0,P11,P15,P0,P12,P15,P1,P13,P15,P5,P13,P15,P6,P14,P15,P7,P14
grating,0,2.90,P0|P1|P5|P6|P7|P8|P10|P11|P12|P13|P14|P15,0.832621,13,P0,P11,P15,P0,P11,P15,P0,P12,P15,P1,P13,P15,P5,P13,P15,P6,P14,P15,P7,P14
grating,0,2.90,P0|P1|P5|P6|P7|P8|P10|P11|P12|P13|P14|P15,0.832621,14,P0,P11,P15,P0,P11,P15,P0,P12,P15,P1,P13,P15,P5,P13,P15,P6,P14,P15,P7,P14
grating,0,2.90,P0|P1|P5|P6|P7|P8|P10|P11|P12|P13|P14|P15,0.832621,15,P0,P11,P15,P0,P11,P15,P0,P12,P15,P1,P13,P15,P5,P13,P15,P6,P14,P15,P7,P14
grating,0,2.90,P0|P1|P5|P6|P7|P8|P10|P11|P12|P13|P14|P15,0.832621,16,P0,P11,P15,P0,P11,P15,P0,P12,P15,P1,P13,P15,P5,P13,P15,P6,P14,P15,P7,P14
grating,0,2.90,P0|P1|P5|P6|P7|P8|P10|P11|P12|P13|P14|P15,0.832621,17,P0,P11,P15,P0,P11,P15,P0,P12,P15,P1,P13,P15,P5,P13,P15,P6,P14,P15,P7,P14
grating,0,2.90,P0|P1|P5|P6|P7|P8|P10|P11|P12|P13|P14|P15,0.832621,18,P0,P11,P15,P0,P11,P15,P0,P12,P15,P1,P13,P15,P5,P13,P15,P6,P14,P15,P7,P14
grating,0,2.90,P0|P1|P5|P6|P7|P8|P10|P11|P12|P13|P14|P15,0.832621,19,P0,P11,P15,P0,P11,P15,P0,P12,P15,P1,P13,P15,P5,P13,P15,P6,P14,P15,P7,P14
grating,180,2.90,P0|P1|P5|P6|P7|P8|P10|P11|P12|P13|P14|P15,0.832621,0,P14,P7,P15,P14,P6,P15,P13,P5,P15,P13,P1,P15,P12,P0,P15,P11,P0,P15,P11,P0
grating,180,2.90,P0|P1|P5|P6|P7|P8|P10|P11|P12|P13|P14|P15,0.832621,1,P14,P7,P15,P14,P6,P15,P13,P5,P15,P13,P1,P15,P12,P0,P15,P11,P0,P15,P11,P0
grating,180,2.90,P0|P1|P5|P6|P7|P8|P10|P11|P12|P13|P14|P15,0.832621,2,P14,P7,P15,P14,P6,P15,P13,P5,P15,P13,P1,P15,P12,P0,P15,P11,P0,P15,P11,P0
grating,180,2.90,P0|P1|P5|P6|P7|P8|P10|P11|P12|P13|P14|P15,0.832621,3,P14,P7,P15,P14,P6,P15,P13,P5,P15,P13,P1,P15,P12,P0,P15,P11,P0,P15,P11,P0
grating,180,2.90,P0|P1|P5|P6|P7|P8|P10|P11|P12|P13|P14|P15,0.832621,4,P14,P7,P15,P14,P6,P15,P13,P5,P15,P13,P1,P15,P12,P0,P15,P11,P0,P15,P11,P0
grating,180,2.90,P0|P1|P5|P6|P7|P8|P10|P11|P12|P13|P14|P15,0.832621,5,P14,P7,P15,P14,P6,P15,P13,P5,P15,P13,P1,P15,P12,P0,P15,P11,P0,P15,P11,P0
grating,180,2.90,P0|P1|P5|P6|P7|P8|P10|P11|P12|P13|P14|P15,0.832621,6,P14,P7,P15,P14,P6,P15,P13,P5,P15,P13,P1,P15,P12,P0,P15,P11,P0,P15,P11,P0
grating,180,2.90,P0|P1|P5|P6|P7|P8|P10|P11|P12|P13|P14|P15,0.832621,7,P14,P7,P15,P14,P6,P15,P13,P5,P15,P13,P1,P15,P12,P0,P15,P11,P0,P15,P11,P0
grating,180,2.90,P0|P1|P5|P6|P7|P8|P10|P11|P12|P13|P14|P15,0.832621,8,P14,P7,P15,P14,P6,P15,P13,P5,P15,P13,P1,P15,P12,P0,P15,P11,P0,P15,P11,P0
grating,180,2.90,P0|P1|P5|P6|P7|P8|P10|P11|P12|P13|P14|P15,0.832621,9,P14,P7,P15,P14,P6,P15,P13,P5,P15,P13,P1,P15,P12,P0,P15,P11,P0,P15,P11,P0
grating,180,2.90,P0|P1|P5|P6|P7|P8|P10|P11|P12|P13|P14|P15,0.832621,10,P14,P7,P15,P14,P6,P15,P13,P5,P15,P13,P1,P15,P12,P0,P15,P11,P0,P15,P11,P0
grating,180,2.90,P0|P1|P5|P6|P7|P8|P10|P11|P12|P13|P14|P15,0.832621,11,P14,P7,P15,P14,P6,P15,P13,P5,P15,P13,P1,P15,P12,P0,P15,P11,P0,P15,P11,P0
grating,180,2.90,P0|P1|P5|P6|P7|P8|P10|P11|P12|P13|P14|P15,0.832621,12,P14,P7,P15,P14,P6,P15,P13,P5,P15,P13,P1,P15,P12,P0,P15,P11,P0,P15,P11,P0
grating,180,2.90,P0|P1|P5|P6|P7|P8|P10|P11|P12|P13|P14|P15,0.832621,13,P14,P7,P15,P14,P6,P15,P13,P5,P15,P13,P1,P15,P12,P0,P15,P11,P0,P15,P11,P0
grating,180,2.90,P0|P1|P5|P6|P7|P8|P10|P11|P12|P13|P14|P15,0.832621,14,P14,P7,P15,P14,P6,P15,P13,P5,P15,P13,P1,P15,P12,P0,P15,P11,P0,P15,P11,P0
grating,180,2.90,P0|P1|P5|P6|P7|P8|P10|P11|P12|P13|P14|P15,0.832621,15,P14,P7,P15,P14,P6,P15,P13,P5,P15,P13,P1,P15,P12,P0,P15,P11,P0,P15,P11,P0
grating,180,2.90,P0|P1|P5|P6|P7|P8|P10|P11|P12|P13|P14|P15,0.832621,16,P14,P7,P15,P14,P6,P15,P13,P5,P15,P13,P1,P15,P12,P0,P15,P11,P0,P15,P11,P0
grating,180,2.90,P0|P1|P5|P6|P7|P8|P10|P11|P12|P13|P14|P15,0.832621,17,P14,P7,P15,P14,P6,P15,P13,P5,P15,P13,P1,P15,P12,P0,P15,P11,P0,P15,P11,P0
grating,180,2.90,P0|P1|P5|P6|P7|P8|P10|P11|P12|P13|P14|P15,0.832621,18,P14,P7,P15,P14,P6,P15,P13,P5,P15,P13,P1,P15,P12,P0,P15,P11,P0,P15,P11,P0
grating,180,2.90,P0|P1|P5|P6|P7|P8|P10|P11|P12|P13|P14|P15,0.832621,19,P14,P7,P15,P14,P6,P15,P13,P5,P15,P13,P1,P15,P12,P0,P15,P11,P0,P15,P11,P0
grating,0,3.00,P0|P12|P15,0.994877,0,P12,P15,P0,P12,P15,P0,P12,P15,P0,P12,P15,P0,P12,P15,P0,P12,P15,P0,P12,P15
grating,0,3.00,P0|P12|P15,0.994877,1,P12,P15,P0,P12,P15,P0,P12,P15,P0,P12,P15,P0,P12,P15,P0,P12,P15,P0,P12,P15
grating,0,3.00,P0|P12|P15,0.994877,2,P12,P15,P0,P12,P15,P0,P12,P15,P0,P12,P15,P0,P12,P15,P0,P12,P15,P0,P12,P15
grating,0,3.00,P0|P12|P15,0.994877,3,P12,P15,P0,P12,P15,P0,P12,P15,P0,P12,P15,P0,P12,P15,P0,P12,P15,P0,P12,P15
grating,0,3.00,P0|P12|P15,0.994877,4,P12,P15,P0,P12,P15,P0,P12,P15,P0,P12,P15,P0,P12,P15,P0,P12,P15,P0,P12,P15
grating,0,3.00,P0|P12|P15,0.994877,5,P12,P15,P0,P12,P15,P0,P12,P15,P0,P12,P15,P0,P12,P15,P0,P12,P15,P0,P12,P15
grating,0,3.00,P0|P12|P15,0.994877,6,P12,P15,P0,P12,P15,P0,P12,P15,P0,P12,P15,P0,P12,P15,P0,P12,P15,P0,P12,P15
grating,0,3.00,P0|P12|P15,0.994877,7,P12,P15,P0,P12,P15,P0,P12,P15,P0,P12,P15,P0,P12,P15,P0,P12,P15,P0,P12,P15
grating,0,3.00,P0|P12|P15,0.994877,8,P12,P15,P0,P12,P15,P0,P12,P15,P0,P12,P15,P0,P12,P15,P0,P12,P15,P0,P12,P15
grating,0,3.00,P0|P12|P15,0.994877,9,P12,P15,P0,P12,P15,P0,P12,P15,P0,P12,P15,P0,P12,P15,P0,P12,P15,P0,P12,P15
grating,0,3.00,P0|P12|P15,0.994877,10,P12,P15,P0,P12,P15,P0,P12,P15,P0,P12,P15,P0,P12,P15,P0,P12,P15,P0,P12,P15
grating,0,3.00,P0|P12|P15,0.994877,11,P12,P15,P0,P12,P15,P0,P12,P15,P0,P12,P15,P0,P12,P15,P0,P12,P15,P0,P12,P15
grating,0,3.00,P0|P12|P15,0.994877,12,P12,P15,P0,P12,P15,P0,P12,P15,P0,P12,P15,P0,P12,P15,P0,P12,P15,P0,P12,P15
grating,0,3.00,P0|P12|P15,0.994877,13,P12,P15,P0,P12,P15,P0,P12,P15,P0,P12,P15,P0,P12,P15,P0,P12,P15,P0,P12,P15
grating,0,3.00,P0|P12|P15,0.994877,14,P12,P15,P0,P12,P15,P0,P12,P15,P0,P12,P15,P0,P12,P15,P0,P12,P15,P0,P12,P15
grating,0,3.00,P0|P12|P15,0.994877,15,P12,P15,P0,P12,P15,P0,P12,P15,P0,P12,P15,P0,P12,P15,P0,P12,P15,P0,P12,P15
grating,0,3.00,P0|P12|P15,0.994877,16,P12,P15,P0,P12,P15,P0,P12,P15,P0,P12,P15,P0,P12,P15,P0,P12,P15,P0,P12,P15
grating,0,3.00,P0|P12|P15,0.994877,17,P12,P15,P0,P12,P15,P0,P12,P15,P0,P12,P15,P0,P12,P15,P0,P12,P15,P0,P12,P15
grating,0,3.00,P0|P12|P15,0.994877,18,P12,P15,P0,P12,P15,P0,P12,P15,P0,P12,P15,P0,P12,P15,P0,P12,P15,P0,P12,P15
grating,0,3.00,P0|P12|P15,0.994877,19,P12,P15,P0,P12,P15,P0,P12,P15,P0,P12,P15,P0,P12,P15,P0,P12,P15,P0,P12,P15
grating,180,3.00,P0|P12|P15,0.994877,0,P15,P12,P0,P15,P12,P0,P15,P12,P0,P15,P12,P0,P15,P12,P0,P15,P12,P0,P15,P12
grating,180,3.00,P0|P12|P15,0.994877,1,P15,P12,P0,P15,P12,P0,P15,P12,P0,P15,P12,P0,P15,P12,P0,P15,P12,P0,P15,P12
grating,180,3.00,P0|P12|P15,0.994877,2,P15,P12,P0,P15,P12,P0,P15,P12,P0,P15,P12,P0,P15,P12,P0,P15,P12,P0,P15,P12
grating,180,3.00,P0|P12|P15,0.994877,3,P15,P12,P0,P15,P12,P0,P15,P12,P0,P15,P12,P0,P15,P12,P0,P15,P12,P0,P15,P12
grating,180,3.00,P0|P12|P15,0.994877,4,P15,P12,P0,P15,P12,P0,P15,P12,P0,P15,P12,P0,P15,P12,P0,P15,P12,P0,P15,P12
grating,180,3.00,P0|P12|P15,0.994877,5,P15,P12,P0,P15,P12,P0,P15,P12,P0,P15,P12,P0,P15,P12,P0,P15,P12,P0,P15,P12
grating,180,3.00,P0|P12|P15,0.994877,6,P15,P12,P0,P15,P12,P0,P15,P12,P0,P15,P12,P0,P15,P12,P0,P15,P12,P0,P15,P12
grating,180,3.00,P0|P12|P15,0.994877,7,P15,P12,P0,P15,P12,P0,P15,P12,P0,P15,P12,P0,P15,P12,P0,P15,P12,P0,P15,P12
grating,180,3.00,P0|P12|P15,0.994877,8,P15,P12,P0,P15,P12,P0,P15,P12,P0,P15,P12,P0,P15,P12,P0,P15,P12,P0,P15,P12
grating,180,3.00,P0|P12|P15,0.994877,9,P15,P12,P0,P15,P12,P0,P15,P12,P0,P15,P12,P0,P15,P12,P0,P15,P12,P0,P15,P12
grating,180,3.00,P0|P12|P15,0.994877,10,P15,P12,P0,P15,P12,P0,P15,P12,P0,P15,P12,P0,P15,P12,P0,P15,P12,P0,P15,P12
grating,180,3.00,P0|P12|P15,0.994877,11,P15,P12,P0,P15,P12,P0,P15,P12,P0,P15,P12,P0,P15,P12,P0,P15,P12,P0,P15,P12
grating,180,3.00,P0|P12|P15,0.994877,12,P15,P12,P0,P15,P12,P0,P15,P12,P0,P15,P12,P0,P15,P12,P0,P15,P12,P0,P15,P12
grating,180,3.00,P0|P12|P15,0.994877,13,P15,P12,P0,P15,P12,P0,P15,P12,P0,P15,P12,P0,P15,P12,P0,P15,P12,P0,P15,P12
grating,180,3.00,P0|P12|P15,0.994877,14,P15,P12,P0,P15,P12,P0,P15,P12,P0,P15,P12,P0,P15,P12,P0,P15,P12,P0,P15,P12
grating,180,3.00,P0|P12|P15,0.994877,15,P15,P12,P0,P15,P12,P0,P15,P12,P0,P15,P12,P0,P15,P12,P0,P15,P12,P0,P15,P12
grating,180,3.00,P0|P12|P15,0.994877,16,P15,P12,P0,P15,P12,P0,P15,P12,P0,P15,P12,P0,P15,P12,P0,P15,P12,P0,P15,P12
grating,180,3.00,P0|P12|P15,0.994877,17,P15,P12,P0,P15,P12,P0,P15,P12,P0,P15,P12,P0,P15,P12,P0,P15,P12,P0,P15,P12
grating,180,3.00,P0|P12|P15,0.994877,18,P15,P12,P0,P15,P12,P0,P15,P12,P0,P15,P12,P0,P15,P12,P0,P15,P12,P0,P15,P12
grating,180,3.00,P0|P12|P15,0.994877,19,P15,P12,P0,P15,P12,P0,P15,P12,P0,P15,P12,P0,P15,P12,P0,P15,P12,P0,P15,P12
grating,45,1.00,P0|P1|P2|P3|P4|P5|P6|P7|P8|P9|P10|P11|P12|P13|P14|P15,0.831023,0,P14,P7,P0,P15,P11,P0,P15,P13,P6,P15,P14,P10,P0,P15,P13,P5,P15,P14,P8,P0
grating,45,1.00,P0|P1|P2|P3|P4|P5|P6|P7|P8|P9|P10|P11|P12|P13|P14|P15,0.831023,1,P15,P14,P7,P0,P15,P11,P0,P15,P13,P6,P15,P14,P10,P0,P15,P13,P5,P15,P14,P8
grating,45,1.00,P0|P1|P2|P3|P4|P5|P6|P7|P8|P9|P10|P11|P12|P13|P14|P15,0.831023,2,P3,P15,P14,P7,P0,P15,P11,P0,P15,P13,P6,P15,P14,P10,P0,P15,P13,P5,P15,P14
grating,45,1.00,P0|P1|P2|P3|P4|P5|P6|P7|P8|P9|P10|P11|P12|P13|P14|P15,0.831023,3,P12,P3,P15,P14,P7,P0,P15,P11,P0,P15,P13,P6,P15,P14,P10,P0,P15,P13,P5,P15
grating,45,1.00,P0|P1|P2|P3|P4|P5|P6|P7|P8|P9|P10|P11|P12|P13|P14|P15,0.831023,4,P15,P12,P3,P15,P14,P7,P0,P15,P11,P0,P15,P13,P6,P15,P14,P10,P0,P15,P13,P5
grating,45,1.00,P0|P1|P2|P3|P4|P5|P6|P7|P8|P9|P10|P11|P12|P13|P14|P15,0.831023,5,P0,P15,P12,P3,P15,P14,P7,P0,P15,P11,P0,P15,P13,P6,P15,P14,P10,P0,P15,P13
grating,45,1.00,P0|P1|P2|P3|P4|P5|P6|P7|P8|P9|P10|P11|P12|P13|P14|P15,0.831023,6,P9,P0,P15,P12,P3,P15,P14,P7,P0,P15,P11,P0,P15,P13,P6,P15,P14,P10,P0,P15
grating,45,1.00,P0|P1|P2|P3|P4|P5|P6|P7|P8|P9|P10|P11|P12|P13|P14|P15,0.831023,7,P14,P9,P0,P15,P12,P3,P15,P14,P7,P0,P15,P11,P0,P15,P13,P6,P15,P14,P10,P0
grating,45,1.00,P0|P1|P2|P3|P4|P5|P6|P7|P8|P9|P10|P11|P12|P13|P14|P15,0.831023,8,P15,P14,P9,P0,P15,P12,P3,P15,P14,P7,P0,P15,P11,P0,P15,P13,P6,P15,P14,P10
grating,45,1.00,P0|P1|P2|P3|P4|P5|P6|P7|P8|P9|P10|P11|P12|P13|P14|P15,0.831023,9,P6,P15,P14,P9,P0,P15,P12,P3,P15,P14,P7,P0,P15,P11,P0,P15,P13,P6,P15,P14
grating,45,1.00,P0|P1|P2|P3|P4|P5|P6|P7|P8|P9|P10|P11|P12|P13|P14|P15,0.831023,10,P13,P6,P15,P14,P9,P0,P15,P12,P3,P15,P14,P7,P0,P15,P11,P0,P15,P13,P6,P15
grating,45,1.00,P0|P1|P2|P3|P4|P5|P6|P7|P8|P9|P10|P11|P12|P13|P14|P15,0.831023,11,P15,P13,P6,P15,P14,P9,P0,P15,P12,P3,P15,P14,P7,P0,P15,P11,P0,P15,P13,P6
grating,45,1.00,P0|P1|P2|P3|P4|P5|P6|P7|P8|P9|P10|P11|P12|P13|P14|P15,0.831023,12,P0,P15,P13,P6,P15,P14,P9,P0,P15,P12,P3,P15,P14,P7,P0,P15,P11,P0,P15,P13
grating,45,1.00,P0|P1|P2|P3|P4|P5|P6|P7|P8|P9|P10|P11|P12|P13|P14|P15,0.831023,13,P11,P0,P15,P13,P6,P15,P14,P9,P0,P15,P12,P3,P15,P14,P7,P0,P15,P11,P0,P15
grating,45,1.00,P0|P1|P2|P3|P4|P5|P6|P7|P8|P9|P10|P11|P12|P13|P14|P15,0.831023,14,P15,P11,P0,P15,P13,P6,P15,P14,P9,P0,P15,P12,P3,P15,P14,P7,P0,P15,P11,P0
grating,45,1.00,P0|P1|P2|P3|P4|P5|P6|P7|P8|P9|P10|P11|P12|P13|P14|P15,0.831023,15,P0,P15,P11,P0,P15,P13,P6,P15,P14,P9,P0,P15,P12,P3,P15,P14,P7,P0,P15,P11
grating,45,1.00,P0|P1|P2|P3|P4|P5|P6|P7|P8|P9|P10|P11|P12|P13|P14|P15,0.831023,16,P7,P0,P15,P11,P0,P15,P13,P6,P15,P14,P9,P0,P15,P12,P3,P15,P14,P7,P0,P15
grating,45,1.00,P0|P1|P2|P3|P4|P5|P6|P7|P8|P9|P10|P11|P12|P13|P14|P15,0.831023,17,P14,P7,P0,P15,P11,P0,P15,P13,P6,P15,P14,P9,P0,P15,P12,P3,P15,P14,P7,P0
grating,45,1.00,P0|P1|P2|P3|P4|P5|P6|P7|P8|P9|P10|P11|P12|P13|P14|P15,0.831023,18,P15,P14,P7,P0,P15,P11,P0,P15,P13,P6,P15,P14,P9,P0,P15,P12,P3,P15,P14,P7
grating,45,1.00,P0|P1|P2|P3|P4|P5|P6|P7|P8|P9|P10|P11|P12|P13|P14|P15,0.831023,19,P0,P15,P14,P7,P0,P15,P11,P0,P15,P13,P6,P15,P14,P9,P0,P15,P12,P3,P15,P14
grating,225,1.00,P0|P1|P2|P3|P4|P5|P6|P7|P8|P9|P10|P11|P12|P13|P14|P15,0.831023,0,P14,P15,P3,P12,P15,P0,P9,P14,P15,P6,P13,P15,P0,P11,P15,P0,P7,P14,P15,P0
grating,225,1.00,P0|P1|P2|P3|P4|P5|P6|P7|P8|P9|P10|P11|P12|P13|P14|P15,0.831023,1,P7,P14,P15,P3,P12,P15,P0,P9,P14,P15,P6,P13,P15,P0,P11,P15,P0,P7,P14,P15
grating,225,1.00,P0|P1|P2|P3|P4|P5|P6|P7|P8|P9|P10|P11|P12|P13|P14|P15,0.831023,2,P0,P7,P14,P15,P3,P12,P15,P0,P9,P14,P15,P6,P13,P15,P0,P11,P15,P0,P7,P14
grating,225,1.00,P0|P1|P2|P3|P4|P5|P6|P7|P8|P9|P10|P11|P12|P13|P14|P15,0.831023,3,P15,P0,P7,P14,P15,P3,P12,P15,P0,P9,P14,P15,P6,P13,P15,P0,P11,P15,P0,P7
grating,225,1.00,P0|P1|P2|P3|P4|P5|P6|P7|P8|P9|P10|P11|P12|P13|P14|P15,0.831023,4,P11,P15,P0,P7,P14,P15,P3,P12,P15,P0,P9,P14,P15,P6,P13,P15,P0,P11,P15,P0
grating,225,1.00,P0|P1|P2|P3|P4|P5|P6|P7|P8|P9|P10|P11|P12|P13|P14|P15,0.831023,5,P0,P11,P15,P0,P7,P14,P15,P3,P12,P15,P0,P9,P14,P15,P6,P13,P15,P0,P11,P15
grating,225,1.00,P0|P1|P2|P3|P4|P5|P6|P7|P8|P9|P10|P11|P12|P13|P14|P15,0.831023,6,P15,P0,P11,P15,P0,P7,P14,P15,P3,P12,P15,P0,P9,P14,P15,P6,P13,P15,P0,P11
grating,225,1.00,P0|P1|P2|P3|P4|P5|P6|P7|P8|P9|P10|P11|P12|P13|P14|P15,0.831023,7,P13,P15,P0,P11,P15,P0,P7,P14,P15,P3,P12,P15,P0,P9,P14,P15,P6,P13,P15,P0
grating,225,1.00,P0|P1|P2|P3|P4|P5|P6|P7|P8|P9|P10|P11|P12|P13|P14|P15,0.831023,8,P6,P13,P15,P0,P11,P15,P0,P7,P14,P15,P3,P12,P15,P0,P9,P14,P15,P6,P13,P15
grating,225,1.00,P0|P1|P2|P3|P4|P5|P6|P7|P8|P9|P10|P11|P12|P13|P14|P15,0.831023,9,P15,P6,P13,P15,P0,P11,P15,P0,P7,P14,P15,P3,P12,P15,P0,P9,P14,P15,P6,P13
grating,225,1.00,P0|P1|P2|P3|P4|P5|P6|P7|P8|P9|P10|P11|P12|P13|P14|P15,0.831023,10,P14,P15,P6,P13,P15,P0,P11,P15,P0,P7,P14,P15,P3,P12,P15,P0,P9,P14,P15,P6
grating,225,1.00,P0|P1|P2|P3|P4|P5|P6|P7|P8|P9|P10|P11|P12|P13|P14|P15,0.831023,11,P10,P14,P15,P6,P13,P15,P0,P11,P15,P0,P7,P14,P15,P3,P12,P15,P0,P9,P14,P15
grating,225,1.00,P0|P1|P2|P3|P4|P5|P6|P7|P8|P9|P10|P11|P12|P13|P14|P15,0.831023,12,P0,P10,P14,P15,P6,P13,P15,P0,P11,P15,P0,P7,P14,P15,P3,P12,P15,P0,P9,P14
grating,225,1.00,P0|P1|P2|P3|P4|P5|P6|P7|P8|P9|P10|P11|P12|P13|P14|P15,0.831023,13,P15,P0,P10,P14,P15,P6,P13,P15,P0,P11,P15,P0,P7,P14,P15,P3,P12,P15,P0,P9
grating,225,1.00,P0|P1|P2|P3|P4|P5|P6|P7|P8|P9|P10|P11|P12|P13|P14|P15,0.831023,14,P13,P15,P0,P10,P14,P15,P6,P13,P15,P0,P11,P15,P0,P7,P14,P15,P3,P12,P15,P0
grating,225,1.00,P0|P1|P2|P3|P4|P5|P6|P7|P8|P9|P10|P11|P12|P13|P14|P15,0.831023,15,P5,P13,P15,P0,P10,P14,P15,P6,P13,P15,P0,P11,P15,P0,P7,P14,P15,P3,P12,P15
grating,225,1.00,P0|P1|P2|P3|P4|P5|P6|P7|P8|P9|P10|P11|P12|P13|P14|P15,0.831023,16,P15,P5,P13,P15,P0,P10,P14,P15,P6,P13,P15,P0,P11,P15,P0,P7,P14,P15,P3,P12
grating,225,1.00,P0|P1|P2|P3|P4|P5|P6|P7|P8|P9|P10|P11|P12|P13|P14|P15,0.831023,17,P14,P15,P5,P13,P15,P0,P10,P14,P15,P6,P13,P15,P0,P11,P15,P0,P7,P14,P15,P3
grating,225,1.00,P0|P1|P2|P3|P4|P5|P6|P7|P8|P9|P10|P11|P12|P13|P14|P15,0.831023,18,P8,P14,P15,P5,P13,P15,P0,P10,P14,P15,P6,P13,P15,P0,P11,P15,P0,P7,P14,P15
grating,225,1.00,P0|P1|P2|P3|P4|P5|P6|P7|P8|P9|P10|P11|P12|P13|P14|P15,0.831023,19,P0,P8,P14,P15,P5,P13,P15,P0,P10,P14,P15,P6,P13,P15,P0,P11,P15,P0,P7,P14
grating,45,1.10,P0|P1|P2|P3|P4|P5|P6|P7|P8|P9|P10|P11|P12|P13|P14|P15,0.835104,0,P15,P13,P0,P15,P11,P0,P15,P10,P0,P14,P7,P15,P14,P6,P15,P13,P0,P15,P11,P0
grating,45,1.10,P0|P1|P2|P3|P4|P5|P6|P7|P8|P9|P10|P11|P12|P13|P14|P15,0.835104,1,P6,P15,P13,P0,P15,P11,P0,P15,P10,P0,P14,P7,P15,P14,P6,P15,P13,P0,P15,P11
grating,45,1.10,P0|P1|P2|P3|P4|P5|P6|P7|P8|P9|P10|P11|P12|P13|P14|P15,0.835104,2,P14,P6,P15,P13,P0,P15,P11,P0,P15,P10,P0,P14,P7,P15,P14,P6,P15,P13,P0,P15
grating,45,1.10,P0|P1|P2|P3|P4|P5|P6|P7|P8|P9|P10|P11|P12|P13|P14|P15,0.835104,3,P15,P14,P6,P15,P13,P0,P15,P11,P0,P15,P10,P0,P14,P7,P15,P14,P6,P15,P13,P0
grating,45,1.10,P0|P1|P2|P3|P4|P5|P6|P7|P8|P9|P10|P11|P12|P13|P14|P15,0.835104,4,P7,P15,P14,P6,P15,P13,P0,P15,P11,P0,P15,P10,P0,P14,P7,P15,P14,P6,P15,P13
grating,45,1.10,P0|P1|P2|P3|P4|P5|P6|P7|P8|P9|P10|P11|P12|P13|P14|P15,0.835104,5,P14,P7,P15,P14,P6,P15,P13,P0,P15,P11,P0,P15,P10,P0,P14,P7,P15,P14,P6,P15
grating,45,1.10,P0|P1|P2|P3|P4|P5|P6|P7|P8|P9|P10|P11|P12|P13|P14|P15,0.835104,6,P0,P14,P7,P15,P14,P6,P15,P13,P0,P15,P11,P0,P15,P10,P0,P14,P7,P15,P14,P6
grating,45,1.10,P0|P1|P2|P3|P4|P5|P6|P7|P8|P9|P10|P11|P12|P13|P14|P15,0.835104,7,P10,P0,P14,P7,P15,P14,P6,P15,P13,P0,P15,P11,P0,P15,P10,P0,P14,P7,P15,P14
grating,45,1.10,P0|P1|P2|P3|P4|P5|P6|P7|P8|P9|P10|P11|P12|P13|P14|P15,0.835104,8,P15,P10,P0,P14,P7,P15,P14,P6,P15,P13,P0,P15,P11,P0,P15,P10,P0,P14,P7,P15
grating,45,1.10,P0|P1|P2|P3|P4|P5|P6|P7|P8|P9|P10|P11|P12|P13|P14|P15,0.835104,9,P0,P15,P10,P0,P14,P7,P15,P14,P6,P15,P13,P0,P15,P11,P0,P15,P10,P0,P14,P7
grating,45,1.10,P0|P1|P2|P3|P4|P5|P6|P7|P8|P9|P10|P11|P12|P13|P14|P15,0.835104,10,P11,P0,P15,P10,P0,P14,P7,P15,P14,P6,P15,P13,P0,P15,P11,P0,P15,P10,P0,P14
grating,45,1.10,P0|P1|P2|P3|P4|P5|P6|P7|P8|P9|P10|P11|P12|P13|P14|P15,0.835104,11,P15,P11,P0,P15,P10,P0,P14,P7,P15,P14,P6,P15,P13,P0,P15,P11,P0,P15,P10,P0
grating,45,1.10,P0|P1|P2|P3|P4|P5|P6|P7|P8|P9|P10|P11|P12|P13|P14|P15,0.835104,12,P0,P15,P11,P0,P15,P10,P0,P14,P7,P15,P14,P6,P15,P13,P0,P15,P11,P0,P15,P10
grating,45,1.10,P0|P1|P2|P3|P4|P5|P6|P7|P8|P9|P10|P11|P12|P13|P14|P15,0.835104,13,P13,P0,P15,P11,P0,P15,P10,P0,P14,P7,P15,P14,P6,P15,P13,P0,P15,P11,P0,P15
grating,45,1.10,P0|P1|P2|P3|P4|P5|P6|P7|P8|P9|P10|P11|P12|P13|P14|P15,0.835104,14,P15,P13,P0,P15,P11,P0,P15,P10,P0,P14,P7,P15,P14,P6,P15,P13,P0,P15,P11,P0
grating,45,1.10,P0|P1|P2|P3|P4|P5|P6|P7|P8|P9|P10|P11|P12|P13|P14|P15,0.835104,15,P6,P15,P13,P0,P15,P11,P0,P15,P10,P0,P14,P7,P15,P14,P6,P15,P13,P0,P15,P11
grating,45,1.10,P0|P1|P2|P3|P4|P5|P6|P7|P8|P9|P10|P11|P12|P13|P14|P15,0.835104,16,P14,P6,P15,P13,P0,P15,P11,P0,P15,P10,P0,P14,P7,P15,P14,P6,P15,P13,P0,P15
grating,45,1.10,P0|P1|P2|P3|P4|P5|P6|P7|P8|P9|P10|P11|P12|P13|P14|P15,0.835104,17,P15,P14,P6,P15,P13,P0,P15,P11,P0,P15,P10,P0,P14,P7,P15,P14,P6,P15,P13,P0
grating,45,1.10,P0|P1|P2|P3|P4|P5|P6|P7|P8|P9|P10|P11|P12|P13|P14|P15,0.835104,18,P7,P15,P14,P6,P15,P13,P0,P15,P11,P0,P15,P10,P0,P14,P7,P15,P14,P6,P15,P13
grating,45,1.10,P0|P1|P2|P3|P4|P5|P6|P7|P8|P9|P10|P11|P12|P13|P14|P15,0.835104,19,P14,P7,P15,P14,P6,P15,P13,P0,P15,P11,P0,P15,P10,P0,P14,P7,P15,P14,P6,P15
grating,225,1.10,P0|P1|P2|P3|P4|P5|P6|P7|P8|P9|P10|P11|P12|P13|P14|P15,0.835104,0,P15,P6,P14,P15,P7,P14,P0,P10,P15,P0,P11,P15,P0,P13,P15,P6,P14,P15,P7,P14
grating,225,1.10,P0|P1|P2|P3|P4|P5|P6|P7|P8|P9|P10|P11|P12|P13|P14|P15,0.835104,1,P13,P15,P6,P14,P15,P7,P14,P0,P10,P15,P0,P11,P15,P0,P13,P15,P6,P14,P15,P7
grating,225,1.10,P0|P1|P2|P3|P4|P5|P6|P7|P8|P9|P10|P11|P12|P13|P14|P15,0.835104,2,P0,P13,P15,P6,P14,P15,P7,P14,P0,P10,P15,P0,P11,P15,P0,P13,P15,P6,P14,P15
grating,225,1.10,P0|P1|P2|P3|P4|P5|P6|P7|P8|P9|P10|P11|P12|P13|P14|P15,0.835104,3,P15,P0,P13,P15,P6,P14,P15,P7,P14,P0,P10,P15,P0,P11,P15,P0,P13,P15,P6,P14
grating,225,1.10,P0|P1|P2|P3|P4|P5|P6|P7|P8|P9|P10|P11|P12|P13|P14|P15,0.835104,4,P11,P15,P0,P13,P15,P6,P14,P15,P7,P14,P0,P10,P15,P0,P11,P15,P0,P13,P15,P6
grating,225,1.10,P0|P1|P2|P3|P4|P5|P6|P7|P8|P9|P10|P11|P12|P13|P14|P15,0.835104,5,P0,P11,P15,P0,P13,P15,P6,P14,P15,P7,P14,P0,P10,P15,P0,P11,P15,P0,P13,P15
grating,225,1.10,P0|P1|P2|P3|P4|P5|P6|P7|P8|P9|P10|P11|P12|P13|P14|P15,0.835104,6,P15,P0,P11,P15,P0,P13,P15,P6,P14,P15,P7,P14,P0,P10,P15,P0,P11,P15,P0,P13
grating,225,1.10,P0|P1|P2|P3|P4|P5|P6|P7|P8|P9|P10|P11|P12|P13|P14|P15,0.835104,7,P10,P15,P0,P11,P15,P0,P13,P15,P6,P14,P15,P7,P14,P0,P10,P15,P0,P11,P15,P0
grating,225,1.10,P0|P1|P2|P3|P4|P5|P6|P7|P8|P9|P10|P11|P12|P13|P14|P15,0.835104,8,P0,P10,P15,P0,P11,P15,P0,P13,P15,P6,P14,P15,P7,P14,P0,P10,P15,P0,P11,P15
grating,225,1.10,P0|P1|P2|P3|P4|P5|P6|P7|P8|P9|P10|P11|P12|P13|P14|P15,0.835104,9,P14,P0,P10,P15,P0,P11,P15,P0,P13,P15,P6,P14,P15,P7,P14,P0,P10,P15,P0,P11
grating,225,1.10,P0|P1|P2|P3|P4|P5|P6|P7|P8|P9|P10|P11|P12|P13|P14|P15,0.835104,10,P7,P14,P0,P10,P15,P0,P11,P15,P0,P13,P15,P6,P14,P15,P7,P14,P0,P10,P15,P0
grating,225,1.10,P0|P1|P2|P3|P4|P5|P6|P7|P8|P9|P10|P11|P12|P13|P14|P15,0.835104,11,P15,P7,P14,P0,P10,P15,P0,P11,P15,P0,P13,P15,P6,P14,P15,P7,P14,P0,P10,P15
grating,225,1.10,P0|P1|P2|P3|P4|P5|P6|P7|P8|P9|P10|P11|P12|P13|P14|P15,0.835104,12,P14,P15,P7,P14,P0,P10,P15,P0,P11,P15,P0,P13,P15,P6,P14,P15,P7,P14,P0,P10
grating,225,1.10,P0|P1|P2|P3|P4|P5|P6|P7|P8|P9|P10|P11|P12|P13|P14|P15,0.835104,13,P6,P14,P15,P7,P14,P0,P10,P15,P0,P11,P15,P0,P13,P15,P6,P14,P15,P7,P14,P0
grating,225,1.10,P0|P1|P2|P3|P4|P5|P6|P7|P8|P9|P10|P11|P12|P13|P14|P15,0.835104,14,P15,P6,P14,P15,P7,P14,P0,P10,P15,P0,P11,P15,P0,P13,P15,P6,P14,P15,P7,P14
grating,225,1.10,P0|P1|P2|P3|P4|P5|P6|P7|P8|P9|P10|P11|P12|P13|P14|P15,0.835104,15,P13,P15,P6,P14,P15,P7,P14,P0,P10,P15,P0,P11,P15,P0,P13,P15,P6,P14,P15,P7
grating,225,1.10,P0|P1|P2|P3|P4|P5|P6|P7|P8|P9|P10|P11|P12|P13|P14|P15,0.835104,16,P0,P13,P15,P6,P14,P15,P7,P14,P0,P10,P15,P0,P11,P15,P0,P13,P15,P6,P14,P15
grating,225,1.10,P0|P1|P2|P3|P4|P5|P6|P7|P8|P9|P10|P11|P12|P13|P14|P15,0.835104,17,P15,P0,P13,P15,P6,P14,P15,P7,P14,P0,P10,P15,P0,P11,P15,P0,P13,P15,P6,P14
grating,225,1.10,P0|P1|P2|P3|P4|P5|P6|P7|P8|P9|P10|P11|P12|P13|P14|P15,0.835104,18,P11,P15,P0,P13,P15,P6,P14,P15,P7,P14,P0,P10,P15,P0,P11,P15,P0,P13,P15,P6
grating,225,1.10,P0|P1|P2|P3|P4|P5|P6|P7|P8|P9|P10|P11|P12|P13|P14|P15,0.835104,19,P0,P11,P15,P0,P13,P15,P6,P14,P15,P7,P14,P0,P10,P15,P0,P11,P15,P0,P13,P15
grating,45,1.20,P0|P1|P2|P3|P4|P5|P6|P7|P8|P9|P10|P11|P12|P13|P14|P15,0.831031,0,P0,P14,P6,P15,P11,P0,P14,P4,P15,P10,P15,P14,P0,P15,P8,P15,P13,P0,P14,P7
grating,45,1.20,P0|P1|P2|P3|P4|P5|P6|P7|P8|P9|P10|P11|P12|P13|P14|P15,0.831031,1,P12,P0,P14,P6,P15,P11,P0,P14,P4,P15,P10,P15,P14,P0,P15,P8,P15,P13,P0,P14
grating,45,1.20,P0|P1|P2|P3|P4|P5|P6|P7|P8|P9|P10|P11|P12|P13|P14|P15,0.831031,2,P15,P12,P0,P14,P6,P15,P11,P0,P14,P4,P15,P10,P15,P14,P0,P15,P8,P15,P13,P0
grating,45,1.20,P0|P1|P2|P3|P4|P5|P6|P7|P8|P9|P10|P11|P12|P13|P14|P15,0.831031,3,P7,P15,P12,P0,P14,P6,P15,P11,P0,P14,P4,P15,P10,P15,P14,P0,P15,P8,P15,P13
grating,45,1.20,P0|P1|P2|P3|P4|P5|P6|P7|P8|P9|P10|P11|P12|P13|P14|P15,0.831031,4,P15,P7,P15,P12,P0,P14,P6,P15,P11,P0,P14,P4,P15,P10,P15,P14,P0,P15,P8,P15
grating,45,1.20,P0|P1|P2|P3|P4|P5|P6|P7|P8|P9|P10|P11|P12|P13|P14|P15,0.831031,5,P0,P15,P7,P15,P12,P0,P14,P6,P15,P11,P0,P14,P4,P15,P10,P15,P14,P0,P15,P8
grating,45,1.20,P0|P1|P2|P3|P4|P5|P6|P7|P8|P9|P10|P11|P12|P13|P14|P15,0.831031,6,P13,P0,P15,P7,P15,P12,P0,P14,P6,P15,P11,P0,P14,P4,P15,P10,P15,P14,P0,P15
grating,45,1.20,P0|P1|P2|P3|P4|P5|P6|P7|P8|P9|P10|P11|P12|P13|P14|P15,0.831031,7,P15,P13,P0,P15,P7,P15,P12,P0,P14,P6,P15,P11,P0,P14,P4,P15,P10,P15,P14,P0
grating,45,1.20,P0|P1|P2|P3|P4|P5|P6|P7|P8|P9|P10|P11|P12|P13|P14|P15,0.831031,8,P9,P15,P13,P0,P15,P7,P15,P12,P0,P14,P6,P15,P11,P0,P14,P4,P15,P10,P15,P14
grating,45,1.20,P0|P1|P2|P3|P4|P5|P6|P7|P8|P9|P10|P11|P12|P13|P14|P15,0.831031,9,P15,P9,P15,P13,P0,P15,P7,P15,P12,P0,P14,P6,P15,P11,P0,P14,P4,P15,P10,P15
grating,45,1.20,P0|P1|P2|P3|P4|P5|P6|P7|P8|P9|P10|P11|P12|P13|P14|P15,0.831031,10,P3,P15,P9,P15,P13,P0,P15,P7,P15,P12,P0,P14,P6,P15,P11,P0,P14,P4,P15,P10
grating,45,1.20,P0|P1|P2|P3|P4|P5|P6|P7|P8|P9|P10|P11|P12|P13|P14|P15,0.831031,11,P14,P3,P15,P9,P15,P13,P0,P15,P7,P15,P12,P0,P14,P6,P15,P11,P0,P14,P4,P15
grating,45,1.20,P0|P1|P2|P3|P4|P5|P6|P7|P8|P9|P10|P11|P12|P13|P14|P15,0.831031,12,P0,P14,P3,P15,P9,P15,P13,P0,P15,P7,P15,P12,P0,P14,P6,P15,P11,P0,P14,P4
grating,45,1.20,P0|P1|P2|P3|P4|P5|P6|P7|P8|P9|P10|P11|P12|P13|P14|P15,0.831031,13,P11,P0,P14,P3,P15,P9,P15,P13,P0,P15,P7,P15,P12,P0,P14,P6,P15,P11,P0,P14
grating,45,1.20,P0|P1|P2|P3|P4|P5|P6|P7|P8|P9|P10|P11|P12|P13|P14|P15,0.831031,14,P15,P11,P0,P14,P3,P15,P9,P15,P13,P0,P15,P7,P15,P12,P0,P14,P6,P15,P11,P0
grating,45,1.20,P0|P1|P2|P3|P4|P5|P6|P7|P8|P9|P10|P11|P12|P13|P14|P15,0.831031,15,P6,P15,P11,P0,P14,P3,P15,P9,P15,P13,P0,P15,P7,P15,P12,P0,P14,P6,P15,P11
grating,45,1.20,P0|P1|P2|P3|P4|P5|P6|P7|P8|P9|P10|P11|P12|P13|P14|P15,0.831031,16,P14,P6,P15,P11,P0,P14,P3,P15,P9,P15,P13,P0,P15,P7,P15,P12,P0,P14,P6,P15
grating,45,1.20,P0|P1|P2|P3|P4|P5|P6|P7|P8|P9|P10|P11|P12|P13|P14|P15,0.831031,17,P0,P14,P6,P15,P11,P0,P14,P3,P15,P9,P15,P13,P0,P15,P7,P15,P12,P0,P14,P6
grating,45,1.20,P0|P1|P2|P3|P4|P5|P6|P7|P8|P9|P10|P11|P12|P13|P14|P15,0.831031,18,P12,P0,P14,P6,P15,P11,P0,P14,P3,P15,P9,P15,P13,P0,P15,P7,P15,P12,P0,P14
grating,45,1.20,P0|P1|P2|P3|P4|P5|P6|P7|P8|P9|P10|P11|P12|P13|P14|P15,0.831031,19,P15,P12,P0,P14,P6,P15,P11,P0,P14,P3,P15,P9,P15,P13,P0,P15,P7,P15,P12,P0
grating,225,1.20,P0|P1|P2|P3|P4|P5|P6|P7|P8|P9|P10|P11|P12|P13|P14|P15,0.831031,0,P0,P12,P15,P7,P15,P0,P13,P15,P9,P15,P3,P14,P0,P11,P15,P6,P14,P0,P12,P15
grating,225,1.20,P0|P1|P2|P3|P4|P5|P6|P7|P8|P9|P10|P11|P12|P13|P14|P15,0.831031,1,P14,P0,P12,P15,P7,P15,P0,P13,P15,P9,P15,P3,P14,P0,P11,P15,P6,P14,P0,P12
grating,225,1.20,P0|P1|P2|P3|P4|P5|P6|P7|P8|P9|P10|P11|P12|P13|P14|P15,0.831031,2,P6,P14,P0,P12,P15,P7,P15,P0,P13,P15,P9,P15,P3,P14,P0,P11,P15,P6,P14,P0
grating,225,1.20,P0|P1|P2|P3|P4|P5|P6|P7|P8|P9|P10|P11|P12|P13|P14|P15,0.831031,3,P15,P6,P14,P0,P12,P15,P7,P15,P0,P13,P15,P9,P15,P3,P14,P0,P11,P15,P6,P14
grating,225,1.20,P0|P1|P2|P3|P4|P5|P6|P7|P8|P9|P10|P11|P12|P13|P14|P15,0.831031,4,P11,P15,P6,P14,P0,P12,P15,P7,P15,P0,P13,P15,P9,P15,P3,P14,P0,P11,P15,P6
grating,225,1.20,P0|P1|P2|P3|P4|P5|P6|P7|P8|P9|P10|P11|P12|P13|P14|P15,0.831031,5,P0,P11,P15,P6,P14,P0,P12,P15,P7,P15,P0,P13,P15,P9,P15,P3,P14,P0,P11,P15
grating,225,1.20,P0|P1|P2|P3|P4|P5|P6|P7|P8|P9|P10|P11|P12|P13|P14|P15,0.831031,6,P14,P0,P11,P15,P6,P14,P0,P12,P15,P7,P15,P0,P13,P15,P9,P15,P3,P14,P0,P11
grating,225,1.20,P0|P1|P2|P3|P4|P5|P6|P7|P8|P9|P10|P11|P12|P13|P14|P15,0.831031,7,P4,P14,P0,P11,P15,P6,P14,P0,P12,P15,P7,P15,P0,P13,P15,P9,P15,P3,P14,P0
grating,225,1.20,P0|P1|P2|P3|P4|P5|P6|P7|P8|P9|P10|P11|P12|P13|P14|P15,0.831031,8,P15,P4,P14,P0,P11,P15,P6,P14,P0,P12,P15,P7,P15,P0,P13,P15,P9,P15,P3,P14
grating,225,1.20,P0|P1|P2|P3|P4|P5|P6|P7|P8|P9|P10|P11|P12|P13|P14|P15,0.831031,9,P10,P15,P4,P14,P0,P11,P15,P6,P14,P0,P12,P15,P7,P15,P0,P13,P15,P9,P15,P3
grating,225,1.20,P0|P1|P2|P3|P4|P5|P6|P7|P8|P9|P10|P11|P12|P13|P14|P15,0.831031,10,P15,P10,P15,P4,P14,P0,P11,P15,P6,P14,P0,P12,P15,P7,P15,P0,P13,P15,P9,P15
grating,225,1.20,P0|P1|P2|P3|P4|P5|P6|P7|P8|P9|P10|P11|P12|P13|P14|P15,0.831031,11,P14,P15,P10,P15,P4,P14,P0,P11,P15,P6,P14,P0,P12,P15,P7,P15,P0,P13,P15,P9
grating,225,1.20,P0|P1|P2|P3|P4|P5|P6|P7|P8|P9|P10|P11|P12|P13|P14|P15,0.831031,12,P0,P14,P15,P10,P15,P4,P14,P0,P11,P15,P6,P14,P0,P12,P15,P7,P15,P0,P13,P15
grating,225,1.20,P0|P1|P2|P3|P4|P5|P6|P7|P8|P9|P10|P11|P12|P13|P14|P15,0.831031,13,P15,P0,P14,P15,P10,P15,P4,P14,P0,P11,P15,P6,P14,P0,P12,P15,P7,P15,P0,P13
grating,225,1.20,P0|P1|P2|P3|P4|P5|P6|P7|P8|P9|P10|P11|P12|P13|P14|P15,0.831031,14,P8,P15,P0,P14,P15,P10,P15,P4,P14,P0,P11,P15,P6,P14,P0,P12,P15,P7,P15,P0
grating,225,1.20,P0|P1|P2|P3|P4|P5|P6|P7|P8|P9|P10|P11|P12|P13|P14|P15,0.831031,15,P15,P8,P15,P0,P14,P15,P10,P15,P4,P14,P0,P11,P15,P6,P14,P0,P12,P15,P7,P15
grating,225,1.20,P0|P1|P2|P3|P4|P5|P6|P7|P8|P9|P10|P11|P12|P13|P14|P15,0.831031,16,P13,P15,P8,P15,P0,P14,P15,P10,P15,P4,P14,P0,P11,P15,P6,P14,P0,P12,P15,P7
grating,225,1.20,P0|P1|P2|P3|P4|P5|P6|P7|P8|P9|P10|P11|P12|P13|P14|P15,0.831031,17,P0,P13,P15,P8,P15,P0,P14,P15,P10,P15,P4,P14,P0,P11,P15,P6,P14,P0,P12,P15
grating,225,1.20,P0|P1|P2|P3|P4|P5|P6|P7|P8|P9|P10|P11|P12|P13|P14|P15,0.831031,18,P14,P0,P13,P15,P8,P15,P0,P14,P15,P10,P15,P4,P14,P0,P11,P15,P6,P14,P0,P12
grating,225,1.20,P0|P1|P2|P3|P4|P5|P6|P7|P8|P9|P10|P11|P12|P13|P14|P15,0.831031,19,P7,P14,P0,P13,P15,P8,P15,P0,P14,P15,P10,P15,P4,P14,P0,P11,P15,P6,P14,P0
grating,45,1.30,P0|P1|P2|P3|P4|P5|P6|P7|P8|P9|P10|P11|P12|P13|P14|P15,0.831025,0,P0,P14,P0,P15,P6,P15,P8,P15,P11,P15,P13,P0,P14,P0,P14,P6,P15,P8,P15,P10
grating,45,1.30,P0|P1|P2|P3|P4|P5|P6|P7|P8|P9|P10|P11|P12|P13|P14|P15,0.831025,1,P13,P0,P14,P0,P15,P6,P15,P8,P15,P11,P15,P13,P0,P14,P0,P14,P6,P15,P8,P15
grating,45,1.30,P0|P1|P2|P3|P4|P5|P6|P7|P8|P9|P10|P11|P12|P13|P14|P15,0.831025,2,P15,P13,P0,P14,P0,P15,P6,P15,P8,P15,P11,P15,P13,P0,P14,P0,P14,P6,P15,P8
grating,45,1.30,P0|P1|P2|P3|P4|P5|P6|P7|P8|P9|P10|P11|P12|P13|P14|P15,0.831025,3,P11,P15,P13,P0,P14,P0,P15,P6,P15,P8,P15,P11,P15,P13,P0,P14,P0,P14,P6,P15
grating,45,1.30,P0|P1|P2|P3|P4|P5|P6|P7|P8|P9|P10|P11|P12|P13|P14|P15,0.831025,4,P15,P11,P15,P13,P0,P14,P0,P15,P6,P15,P8,P15,P11,P15,P13,P0,P14,P0,P14,P6
grating,45,1.30,P0|P1|P2|P3|P4|P5|P6|P7|P8|P9|P10|P11|P12|P13|P14|P15,0.831025,5,P9,P15,P11,P15,P13,P0,P14,P0,P15,P6,P15,P8,P15,P11,P15,P13,P0,P14,P0,P14
grating,45,1.30,P0|P1|P2|P3|P4|P5|P6|P7|P8|P9|P10|P11|P12|P13|P14|P15,0.831025,6,P15,P9,P15,P11,P15,P13,P0,P14,P0,P15,P6,P15,P8,P15,P11,P15,P13,P0,P14,P0
grating,45,1.30,P0|P1|P2|P3|P4|P5|P6|P7|P8|P9|P10|P11|P12|P13|P14|P15,0.831025,7,P7,P15,P9,P15,P11,P15,P13,P0,P14,P0,P15,P6,P15,P8,P15,P11,P15,P13,P0,P14
grating,45,1.30,P0|P1|P2|P3|P4|P5|P6|P7|P8|P9|P10|P11|P12|P13|P14|P15,0.831025,8,P15,P7,P15,P9,P15,P11,P15,P13,P0,P14,P0,P15,P6,P15,P8,P15,P11,P15,P13,P0
grating,45,1.30,P0|P1|P2|P3|P4|P5|P6|P7|P8|P9|P10|P11|P12|P13|P14|P15,0.831025,9,P2,P15,P7,P15,P9,P15,P11,P15,P13,P0,P14,P0,P15,P6,P15,P8,P15,P11,P15,P13
grating,45,1.30,P0|P1|P2|P3|P4|P5|P6|P7|P8|P9|P10|P11|P12|P13|P14|P15,0.831025,10,P14,P2,P15,P7,P15,P9,P15,P11,P15,P13,P0,P14,P0,P15,P6,P15,P8,P15,P11,P15
grating,45,1.30,P0|P1|P2|P3|P4|P5|P6|P7|P8|P9|P10|P11|P12|P13|P14|P15,0.831025,11,P0,P14,P2,P15,P7,P15,P9,P15,P11,P15,P13,P0,P14,P0,P15,P6,P15,P8,P15,P11
grating,45,1.30,P0|P1|P2|P3|P4|P5|P6|P7|P8|P9|P10|P11|P12|P13|P14|P15,0.831025,12,P13,P0,P14,P2,P15,P7,P15,P9,P15,P11,P15,P13,P0,P14,P0,P15,P6,P15,P8,P15
grating,45,1.30,P0|P1|P2|P3|P4|P5|P6|P7|P8|P9|P10|P11|P12|P13|P14|P15,0.831025,13,P0,P13,P0,P14,P2,P15,P7,P15,P9,P15,P11,P15,P13,P0,P14,P0,P15,P6,P15,P8
grating,45,1.30,P0|P1|P2|P3|P4|P5|P6|P7|P8|P9|P10|P11|P12|P13|P14|P15,0.831025,14,P12,P0,P13,P0,P14,P2,P15,P7,P15,P9,P15,P11,P15,P13,P0,P14,P0,P15,P6,P15
grating,45,1.30,P0|P1|P2|P3|P4|P5|P6|P7|P8|P9|P10|P11|P12|P13|P14|P15,0.831025,15,P15,P12,P0,P13,P0,P14,P2,P15,P7,P15,P9,P15,P11,P15,P13,P0,P14,P0,P15,P6
grating,45,1.30,P0|P1|P2|P3|P4|P5|P6|P7|P8|P9|P10|P11|P12|P13|P14|P15,0.831025,16,P9,P15,P12,P0,P13,P0,P14,P2,P15,P7,P15,P9,P15,P11,P15,P13,P0,P14,P0,P15
grating,45,1.30,P0|P1|P2|P3|P4|P5|P6|P7|P8|P9|P10|P11|P12|P13|P14|P15,0.831025,17,P15,P9,P15,P12,P0,P13,P0,P14,P2,P15,P7,P15,P9,P15,P11,P15,P13,P0,P14,P0
grating,45,1.30,P0|P1|P2|P3|P4|P5|P6|P7|P8|P9|P10|P11|P12|P13|P14|P15,0.831025,18,P7,P15,P9,P15,P12,P0,P13,P0,P14,P2,P15,P7,P15,P9,P15,P11,P15,P13,P0,P14
grating,45,1.30,P0|P1|P2|P3|P4|P5|P6|P7|P8|P9|P10|P11|P12|P13|P14|P15,0.831025,19,P15,P7,P15,P9,P15,P12,P0,P13,P0,P14,P2,P15,P7,P15,P9,P15,P11,P15,P13,P0
grating,225,1.30,P0|P1|P2|P3|P4|P5|P6|P7|P8|P9|P10|P11|P12|P13|P14|P15,0.831025,0,P0,P13,P15,P11,P15,P9,P15,P7,P15,P2,P14,P0,P13,P0,P12,P15,P9,P15,P7,P15
grating,225,1.30,P0|P1|P2|P3|P4|P5|P6|P7|P8|P9|P10|P11|P12|P13|P14|P15,0.831025,1,P14,P0,P13,P15,P11,P15,P9,P15,P7,P15,P2,P14,P0,P13,P0,P12,P15,P9,P15,P7
grating,225,1.30,P0|P1|P2|P3|P4|P5|P6|P7|P8|P9|P10|P11|P12|P13|P14|P15,0.831025,2,P0,P14,P0,P13,P15,P11,P15,P9,P15,P7,P15,P2,P14,P0,P13,P0,P12,P15,P9,P15
grating,225,1.30,P0|P1|P2|P3|P4|P5|P6|P7|P8|P9|P10|P11|P12|P13|P14|P15,0.831025,3,P15,P0,P14,P0,P13,P15,P11,P15,P9,P15,P7,P15,P2,P14,P0,P13,P0,P12,P15,P9
grating,225,1.30,P0|P1|P2|P3|P4|P5|P6|P7|P8|P9|P10|P11|P12|P13|P14|P15,0.831025,4,P6,P15,P0,P14,P0,P13,P15,P11,P15,P9,P15,P7,P15,P2,P14,P0,P13,P0,P12,P15
grating,225,1.30,P0|P1|P2|P3|P4|P5|P6|P7|P8|P9|P10|P11|P12|P13|P14|P15,0.831025,5,P15,P6,P15,P0,P14,P0,P13,P15,P11,P15,P9,P15,P7,P15,P2,P14,P0,P13,P0,P12
grating,225,1.30,P0|P1|P2|P3|P4|P5|P6|P7|P8|P9|P10|P11|P12|P13|P14|P15,0.831025,6,P8,P15,P6,P15,P0,P14,P0,P13,P15,P11,P15,P9,P15,P7,P15,P2,P14,P0,P13,P0
grating,225,1.30,P0|P1|P2|P3|P4|P5|P6|P7|P8|P9|P10|P11|P12|P13|P14|P15,0.831025,7,P15,P8,P15,P6,P15,P0,P14,P0,P13,P15,P11,P15,P9,P15,P7,P15,P2,P14,P0,P13
grating,225,1.30,P0|P1|P2|P3|P4|P5|P6|P7|P8|P9|P10|P11|P12|P13|P14|P15,0.831025,8,P11,P15,P8,P15,P6,P15,P0,P14,P0,P13,P15,P11,P15,P9,P15,P7,P15,P2,P14,P0
grating,225,1.30,P0|P1|P2|P3|P4|P5|P6|P7|P8|P9|P10|P11|P12|P13|P14|P15,0.831025,9,P15,P11,P15,P8,P15,P6,P15,P0,P14,P0,P13,P15,P11,P15,P9,P15,P7,P15,P2,P14
grating,225,1.30,P0|P1|P2|P3|P4|P5|P6|P7|P8|P9|P10|P11|P12|P13|P14|P15,0.831025,10,P13,P15,P11,P15,P8,P15,P6,P15,P0,P14,P0,P13,P15,P11,P15,P9,P15,P7,P15,P2
grating,225,1.30,P0|P1|P2|P3|P4|P5|P6|P7|P8|P9|P10|P11|P12|P13|P14|P15,0.831025,11,P0,P13,P15,P11,P15,P8,P15,P6,P15,P0,P14,P0,P13,P15,P11,P15,P9,P15,P7,P15
grating,225,1.30,P0|P1|P2|P3|P4|P5|P6|P7|P8|P9|P10|P11|P12|P13|P14|P15,0.831025,12,P14,P0,P13,P15,P11,P15,P8,P15,P6,P15,P0,P14,P0,P13,P15,P11,P15,P9,P15,P7
grating,225,1.30,P0|P1|P2|P3|P4|P5|P6|P7|P8|P9|P10|P11|P12|P13|P14|P15,0.831025,13,P0,P14,P0,P13,P15,P11,P15,P8,P15,P6,P15,P0,P14,P0,P13,P15,P11,P15,P9,P15
grating,225,1.30,P0|P1|P2|P3|P4|P5|P6|P7|P8|P9|P10|P11|P12|P13|P14|P15,0.831025,14,P14,P0,P14,P0,P13,P15,P11,P15,P8,P15,P6,P15,P0,P14,P0,P13,P15,P11,P15,P9
grating,225,1.30,P0|P1|P2|P3|P4|P5|P6|P7|P8|P9|P10|P11|P12|P13|P14|P15,0.831025,15,P6,P14,P0,P14,P0,P13,P15,P11,P15,P8,P15,P6,P15,P0,P14,P0,P13,P15,P11,P15
grating,225,1.30,P0|P1|P2|P3|P4|P5|P6|P7|P8|P9|P10|P11|P12|P13|P14|P15,0.831025,16,P15,P6,P14,P0,P14,P0,P13,P15,P11,P15,P8,P15,P6,P15,P0,P14,P0,P13,P15,P11
grating,225,1.30,P0|P1|P2|P3|P4|P5|P6|P7|P8|P9|P10|P11|P12|P13|P14|P15,0.831025,17,P8,P15,P6,P14,P0,P14,P0,P13,P15,P11,P15,P8,P15,P6,P15,P0,P14,P0,P13,P15
grating,225,1.30,P0|P1|P2|P3|P4|P5|P6|P7|P8|P9|P10|P11|P12|P13|P14|P15,0.831025,18,P15,P8,P15,P6,P14,P0,P14,P0,P13,P15,P11,P15,P8,P15,P6,P15,P0,P14,P0,P13
grating,225,1.30,P0|P1|P2|P3|P4|P5|P6|P7|P8|P9|P10|P11|P12|P13|P14|P15,0.831025,19,P10,P15,P8,P15,P6,P14,P0,P14,P0,P13,P15,P11,P15,P8,P15,P6,P15,P0,P14,P0
grating,45,1.40,P0|P1|P2|P3|P4|P5|P6|P7|P8|P9|P10|P11|P12|P13|P14|P15,0.831080,0,P0,P12,P0,P13,P0,P13,P0,P13,P0,P13,P0,P13,P0,P14,P0,P14,P0,P14,P0,P14
grating,45,1.40,P0|P1|P2|P3|P4|P5|P6|P7|P8|P9|P10|P11|P12|P13|P14|P15,0.831080,1,P12,P0,P12,P0,P13,P0,P13,P0,P13,P0,P13,P0,P13,P0,P14,P0,P14,P0,P14,P0
grating,45,1.40,P0|P1|P2|P3|P4|P5|P6|P7|P8|P9|P10|P11|P12|P13|P14|P15,0.831080,2,P15,P12,P0,P12,P0,P13,P0,P13,P0,P13,P0,P13,P0,P13,P0,P14,P0,P14,P0,P14
grating,45,1.40,P0|P1|P2|P3|P4|P5|P6|P7|P8|P9|P10|P11|P12|P13|P14|P15,0.831080,3,P12,P15,P12,P0,P12,P0,P13,P0,P13,P0,P13,P0,P13,P0,P13,P0,P14,P0,P14,P0
grating,45,1.40,P0|P1|P2|P3|P4|P5|P6|P7|P8|P9|P10|P11|P12|P13|P14|P15,0.831080,4,P15,P12,P15,P12,P0,P12,P0,P13,P0,P13,P0,P13,P0,P13,P0,P13,P0,P14,P0,P14
grating,45,1.40,P0|P1|P2|P3|P4|P5|P6|P7|P8|P9|P10|P11|P12|P13|P14|P15,0.831080,5,P12,P15,P12,P15,P12,P0,P12,P0,P13,P0,P13,P0,P13,P0,P13,P0,P13,P0,P14,P0
grating,45,1.40,P0|P1|P2|P3|P4|P5|P6|P7|P8|P9|P10|P11|P12|P13|P14|P15,0.831080,6,P15,P12,P15,P12,P15,P12,P0,P12,P0,P13,P0,P13,P0,P13,P0,P13,P0,P13,P0,P14
grating,45,1.40,P0|P1|P2|P3|P4|P5|P6|P7|P8|P9|P10|P11|P12|P13|P14|P15,0.831080,7,P12,P15,P12,P15,P12,P15,P12,P0,P12,P0,P13,P0,P13,P0,P13,P0,P13,P0,P13,P0
grating,45,1.40,P0|P1|P2|P3|P4|P5|P6|P7|P8|P9|P10|P11|P12|P13|P14|P15,0.831080,8,P15,P12,P15,P12,P15,P12,P15,P12,P0,P12,P0,P13,P0,P13,P0,P13,P0,P13,P0,P13
grating,45,1.40,P0|P1|P2|P3|P4|P5|P6|P7|P8|P9|P10|P11|P12|P13|P14|P15,0.831080,9,P11,P15,P12,P15,P12,P15,P12,P15,P12,P0,P12,P0,P13,P0,P13,P0,P13,P0,P13,P0
grating,45,1.40,P0|P1|P2|P3|P4|P5|P6|P7|P8|P9|P10|P11|P12|P13|P14|P15,0.831080,10,P15,P11,P15,P12,P15,P12,P15,P12,P15,P12,P0,P12,P0,P13,P0,P13,P0,P13,P0,P13
grating,45,1.40,P0|P1|P2|P3|P4|P5|P6|P7|P8|P9|P10|P11|P12|P13|P14|P15,0.831080,11,P11,P15,P11,P15,P12,P15,P12,P15,P12,P15,P12,P0,P12,P0,P13,P0,P13,P0,P13,P0
grating,45,1.40,P0|P1|P2|P3|P4|P5|P6|P7|P8|P9|P10|P11|P12|P13|P14|P15,0.831080,12,P15,P11,P15,P11,P15,P12,P15,P12,P15,P12,P15,P12,P0,P12,P0,P13,P0,P13,P0,P13
grating,45,1.40,P0|P1|P2|P3|P4|P5|P6|P7|P8|P9|P10|P11|P12|P13|P14|P15,0.831080,13,P11,P15,P11,P15,P11,P15,P12,P15,P12,P15,P12,P15,P12,P0,P12,P0,P13,P0,P13,P0
grating,45,1.40,P0|P1|P2|P3|P4|P5|P6|P7|P8|P9|P10|P11|P12|P13|P14|P15,0.831080,14,P15,P11,P15,P11,P15,P11,P15,P12,P15,P12,P15,P12,P15,P12,P0,P12,P0,P13,P0,P13
grating,45,1.40,P0|P1|P2|P3|P4|P5|P6|P7|P8|P9|P10|P11|P12|P13|P14|P15,0.831080,15,P11,P15,P11,P15,P11,P15,P11,P15,P12,P15,P12,P15,P12,P15,P12,P0,P12,P0,P13,P0
grating,45,1.40,P0|P1|P2|P3|P4|P5|P6|P7|P8|P9|P10|P11|P12|P13|P14|P15,0.831080,16,P15,P11,P15,P11,P15,P11,P15,P11,P15,P12,P15,P12,P15,P12,P15,P12,P0,P12,P0,P13
grating,45,1.40,P0|P1|P2|P3|P4|P5|P6|P7|P8|P9|P10|P11|P12|P13|P14|P15,0.831080,17,P10,P15,P11,P15,P11,P15,P11,P15,P11,P15,P12,P15,P12,P15,P12,P15,P12,P0,P12,P0
grating,45,1.40,P0|P1|P2|P3|P4|P5|P6|P7|P8|P9|P10|P11|P12|P13|P14|P15,0.831080,18,P15,P10,P15,P11,P15,P11,P15,P11,P15,P11,P15,P12,P15,P12,P15,P12,P15,P12,P0,P12
grating,45,1.40,P0|P1|P2|P3|P4|P5|P6|P7|P8|P9|P10|P11|P12|P13|P14|P15,0.831080,19,P10,P15,P10,P15,P11,P15,P11,P15,P11,P15,P11,P15,P12,P15,P12,P15,P12,P15,P12,P0
grating,225,1.40,P0|P1|P2|P3|P4|P5|P6|P7|P8|P9|P10|P11|P12|P13|P14|P15,0.831080,0,P0,P12,P15,P12,P15,P12,P15,P12,P15,P11,P15,P11,P15,P11,P15,P11,P15,P10,P15,P10
grating,225,1.40,P0|P1|P2|P3|P4|P5|P6|P7|P8|P9|P10|P11|P12|P13|P14|P15,0.831080,1,P12,P0,P12,P15,P12,P15,P12,P15,P12,P15,P11,P15,P11,P15,P11,P15,P11,P15,P10,P15
grating,225,1.40,P0|P1|P2|P3|P4|P5|P6|P7|P8|P9|P10|P11|P12|P13|P14|P15,0.831080,2,P0,P12,P0,P12,P15,P12,P15,P12,P15,P12,P15,P11,P15,P11,P15,P11,P15,P11,P15,P10
grating,225,1.40,P0|P1|P2|P3|P4|P5|P6|P7|P8|P9|P10|P11|P12|P13|P14|P15,0.831080,3,P13,P0,P12,P0,P12,P15,P12,P15,P12,P15,P12,P15,P11,P15,P11,P15,P11,P15,P11,P15
grating,225,1.40,P0|P1|P2|P3|P4|P5|P6|P7|P8|P9|P10|P11|P12|P13|P14|P15,0.831080,4,P0,P13,P0,P12,P0,P12,P15,P12,P15,P12,P15,P12,P15,P11,P15,P11,P15,P11,P15,P11
grating,225,1.40,P0|P1|P2|P3|P4|P5|P6|P7|P8|P9|P10|P11|P12|P13|P14|P15,0.831080,5,P13,P0,P13,P0,P12,P0,P12,P15,P12,P15,P12,P15,P12,P15,P11,P15,P11,P15,P11,P15
grating,225,1.40,P0|P1|P2|P3|P4|P5|P6|P7|P8|P9|P10|P11|P12|P13|P14|P15,0.831080,6,P0,P13,P0,P13,P0,P12,P0,P12,P15,P12,P15,P12,P15,P12,P15,P11,P15,P11,P15,P11
grating,225,1.40,P0|P1|P2|P3|P4|P5|P6|P7|P8|P9|P10|P11|P12|P13|P14|P15,0.831080,7,P13,P0,P13,P0,P13,P0,P12,P0,P12,P15,P12,P15,P12,P15,P12,P15,P11,P15,P11,P15
grating,225,1.40,P0|P1|P2|P3|P4|P5|P6|P7|P8|P9|P10|P11|P12|P13|P14|P15,0.831080,8,P0,P13,P0,P13,P0,P13,P0,P12,P0,P12,P15,P12,P15,P12,P15,P12,P15,P11,P15,P11
grating,225,1.40,P0|P1|P2|P3|P4|P5|P6|P7|P8|P9|P10|P11|P12|P13|P14|P15,0.831080,9,P13,P0,P13,P0,P13,P0,P13,P0,P12,P0,P12,P15,P12,P15,P12,P15,P12,P15,P11,P15
grating,225,1.40,P0|P1|P2|P3|P4|P5|P6|P7|P8|P9|P10|P11|P12|P13|P14|P15,0.831080,10,P0,P13,P0,P13,P0,P13,P0,P13,P0,P12,P0,P12,P15,P12,P15,P12,P15,P12,P15,P11
grating,225,1.40,P0|P1|P2|P3|P4|P5|P6|P7|P8|P9|P10|P11|P12|P13|P14|P15,0.831080,11,P13,P0,P13,P0,P13,P0,P13,P0,P13,P0,P12,P0,P12,P15,P12,P15,P12,P15,P12,P15
grating,225,1.40,P0|P1|P2|P3|P4|P5|P6|P7|P8|P9|P10|P11|P12|P13|P14|P15,0.831080,12,P0,P13,P0,P13,P0,P13,P0,P13,P0,P13,P0,P12,P0,P12,P15,P12,P15,P12,P15,P12
grating,225,1.40,P0|P1|P2|P3|P4|P5|P6|P7|P8|P9|P10|P11|P12|P13|P14|P15,0.831080,13,P14,P0,P13,P0,P13,P0,P13,P0,P13,P0,P13,P0,P12,P0,P12,P15,P12,P15,P12,P15
grating,225,1.40,P0|P1|P2|P3|P4|P5|P6|P7|P8|P9|P10|P11|P12|P13|P14|P15,0.831080,14,P0,P14,P0,P13,P0,P13,P0,P13,P0,P13,P0,P13,P0,P12,P0,P12,P15,P12,P15,P12
grating,225,1.40,P0|P1|P2|P3|P4|P5|P6|P7|P8|P9|P10|P11|P12|P13|P14|P15,0.831080,15,P14,P0,P14,P0,P13,P0,P13,P0,P13,P0,P13,P0,P13,P0,P12,P0,P12,P15,P12,P15
grating,225,1.40,P0|P1|P2|P3|P4|P5|P6|P7|P8|P9|P10|P11|P12|P13|P14|P15,0.831080,16,P0,P14,P0,P14,P0,P13,P0,P13,P0,P13,P0,P13,P0,P13,P0,P12,P0,P12,P15,P12
grating,225,1.40,P0|P1|P2|P3|P4|P5|P6|P7|P8|P9|P10|P11|P12|P13|P14|P15,0.831080,17,P14,P0,P14,P0,P14,P0,P13,P0,P13,P0,P13,P0,P13,P0,P13,P0,P12,P0,P12,P15
grating,225,1.40,P0|P1|P2|P3|P4|P5|P6|P7|P8|P9|P10|P11|P12|P13|P14|P15,0.831080,18,P0,P14,P0,P14,P0,P14,P0,P13,P0,P13,P0,P13,P0,P13,P0,P13,P0,P12,P0,P12
grating,225,1.40,P0|P1|P2|P3|P4|P5|P6|P7|P8|P9|P10|P11|P12|P13|P14|P15,0.831080,19,P14,P0,P14,P0,P14,P0,P14,P0,P13,P0,P13,P0,P13,P0,P13,P0,P13,P0,P12,P0
grating,45,1.50,P0|P1|P2|P3|P4|P5|P6|P7|P8|P9|P10|P11|P12|P13|P14|P15,0.831031,0,P6,P15,P1,P14,P0,P14,P0,P13,P0,P12,P15,P11,P15,P9,P15,P7,P15,P6,P15,P3
grating,45,1.50,P0|P1|P2|P3|P4|P5|P6|P7|P8|P9|P10|P11|P12|P13|P14|P15,0.831031,1,P15,P6,P15,P1,P14,P0,P14,P0,P13,P0,P12,P15,P11,P15,P9,P15,P7,P15,P6,P15
grating,45,1.50,P0|P1|P2|P3|P4|P5|P6|P7|P8|P9|P10|P11|P12|P13|P14|P15,0.831031,2,P7,P15,P6,P15,P1,P14,P0,P14,P0,P13,P0,P12,P15,P11,P15,P9,P15,P7,P15,P6
grating,45,1.50,P0|P1|P2|P3|P4|P5|P6|P7|P8|P9|P10|P11|P12|P13|P14|P15,0.831031,3,P15,P7,P15,P6,P15,P1,P14,P0,P14,P0,P13,P0,P12,P15,P11,P15,P9,P15,P7,P15
grating,45,1.50,P0|P1|P2|P3|P4|P5|P6|P7|P8|P9|P10|P11|P12|P13|P14|P15,0.831031,4,P8,P15,P7,P15,P6,P15,P1,P14,P0,P14,P0,P13,P0,P12,P15,P11,P15,P9,P15,P7
grating,45,1.50,P0|P1|P2|P3|P4|P5|P6|P7|P8|P9|P10|P11|P12|P13|P14|P15,0.831031,5,P15,P8,P15,P7,P15,P6,P15,P1,P14,P0,P14,P0,P13,P0,P12,P15,P11,P15,P9,P15
grating,45,1.50,P0|P1|P2|P3|P4|P5|P6|P7|P8|P9|P10|P11|P12|P13|P14|P15,0.831031,6,P10,P15,P8,P15,P7,P15,P6,P15,P1,P14,P0,P14,P0,P13,P0,P12,P15,P11,P15,P9
grating,45,1.50,P0|P1|P2|P3|P4|P5|P6|P7|P8|P9|P10|P11|P12|P13|P14|P15,0.831031,7,P15,P10,P15,P8,P15,P7,P15,P6,P15,P1,P14,P0,P14,P0,P13,P0,P12,P15,P11,P15
grating,45,1.50,P0|P1|P2|P3|P4|P5|P6|P7|P8|P9|P10|P11|P12|P13|P14|P15,0.831031,8,P12,P15,P10,P15,P8,P15,P7,P15,P6,P15,P1,P14,P0,P14,P0,P13,P0,P12,P15,P11
grating,45,1.50,P0|P1|P2|P3|P4|P5|P6|P7|P8|P9|P10|P11|P12|P13|P14|P15,0.831031,9,P15,P12,P15,P10,P15,P8,P15,P7,P15,P6,P15,P1,P14,P0,P14,P0,P13,P0,P12,P15
grating,45,1.50,P0|P1|P2|P3|P4|P5|P6|P7|P8|P9|P10|P11|P12|P13|P14|P15,0.831031,10,P13,P15,P12,P15,P10,P15,P8,P15,P7,P15,P6,P15,P1,P14,P0,P14,P0,P13,P0,P12
grating,45,1.50,P0|P1|P2|P3|P4|P5|P6|P7|P8|P9|P10|P11|P12|P13|P14|P15,0.831031,11,P0,P13,P15,P12,P15,P10,P15,P8,P15,P7,P15,P6,P15,P1,P14,P0,P14,P0,P13,P0
grating,45,1.50,P0|P1|P2|P3|P4|P5|P6|P7|P8|P9|P10|P11|P12|P13|P14|P15,0.831031,12,P14,P0,P13,P15,P12,P15,P10,P15,P8,P15,P7,P15,P6,P15,P1,P14,P0,P14,P0,P13
grating,45,1.50,P0|P1|P2|P3|P4|P5|P6|P7|P8|P9|P10|P11|P12|P13|P14|P15,0.831031,13,P0,P14,P0,P13,P15,P12,P15,P10,P15,P8,P15,P7,P15,P6,P15,P1,P14,P0,P14,P0
grating,45,1.50,P0|P1|P2|P3|P4|P5|P6|P7|P8|P9|P10|P11|P12|P13|P14|P15,0.831031,14,P14,P0,P14,P0,P13,P15,P12,P15,P10,P15,P8,P15,P7,P15,P6,P15,P1,P14,P0,P14
grating,45,1.50,P0|P1|P2|P3|P4|P5|P6|P7|P8|P9|P10|P11|P12|P13|P14|P15,0.831031,15,P0,P14,P0,P14,P0,P13,P15,P12,P15,P10,P15,P8,P15,P7,P15,P6,P15,P1,P14,P0
grating,45,1.50,P0|P1|P2|P3|P4|P5|P6|P7|P8|P9|P10|P11|P12|P13|P14|P15,0.831031,16,P14,P0,P14,P0,P14,P0,P13,P15,P12,P15,P10,P15,P8,P15,P7,P15,P6,P15,P1,P14
grating,45,1.50,P0|P1|P2|P3|P4|P5|P6|P7|P8|P9|P10|P11|P12|P13|P14|P15,0.831031,17,P5,P14,P0,P14,P0,P14,P0,P13,P15,P12,P15,P10,P15,P8,P15,P7,P15,P6,P15,P1
grating,45,1.50,P0|P1|P2|P3|P4|P5|P6|P7|P8|P9|P10|P11|P12|P13|P14|P15,0.831031,18,P15,P5,P14,P0,P14,P0,P14,P0,P13,P15,P12,P15,P10,P15,P8,P15,P7,P15,P6,P15
grating,45,1.50,P0|P1|P2|P3|P4|P5|P6|P7|P8|P9|P10|P11|P12|P13|P14|P15,0.831031,19,P7,P15,P5,P14,P0,P14,P0,P14,P0,P13,P15,P12,P15,P10,P15,P8,P15,P7,P15,P6
grating,225,1.50,P0|P1|P2|P3|P4|P5|P6|P7|P8|P9|P10|P11|P12|P13|P14|P15,0.831031,0,P6,P15,P7,P15,P8,P15,P10,P15,P12,P15,P13,P0,P14,P0,P14,P0,P14,P5,P15,P7
grating,225,1.50,P0|P1|P2|P3|P4|P5|P6|P7|P8|P9|P10|P11|P12|P13|P14|P15,0.831031,1,P15,P6,P15,P7,P15,P8,P15,P10,P15,P12,P15,P13,P0,P14,P0,P14,P0,P14,P5,P15
grating,225,1.50,P0|P1|P2|P3|P4|P5|P6|P7|P8|P9|P10|P11|P12|P13|P14|P15,0.831031,2,P1,P15,P6,P15,P7,P15,P8,P15,P10,P15,P12,P15,P13,P0,P14,P0,P14,P0,P14,P5
grating,225,1.50,P0|P1|P2|P3|P4|P5|P6|P7|P8|P9|P10|P11|P12|P13|P14|P15,0.831031,3,P14,P1,P15,P6,P15,P7,P15,P8,P15,P10,P15,P12,P15,P13,P0,P14,P0,P14,P0,P14
grating,225,1.50,P0|P1|P2|P3|P4|P5|P6|P7|P8|P9|P10|P11|P12|P13|P14|P15,0.831031,4,P0,P14,P1,P15,P6,P15,P7,P15,P8,P15,P10,P15,P12,P15,P13,P0,P14,P0,P14,P0
grating,225,1.50,P0|P1|P2|P3|P4|P5|P6|P7|P8|P9|P10|P11|P12|P13|P14|P15,0.831031,5,P14,P0,P14,P1,P15,P6,P15,P7,P15,P8,P15,P10,P15,P12,P15,P13,P0,P14,P0,P14
grating,225,1.50,P0|P1|P2|P3|P4|P5|P6|P7|P8|P9|P10|P11|P12|P13|P14|P15,0.831031,6,P0,P14,P0,P14,P1,P15,P6,P15,P7,P15,P8,P15,P10,P15,P12,P15,P13,P0,P14,P0
grating,225,1.50,P0|P1|P2|P3|P4|P5|P6|P7|P8|P9|P10|P11|P12|P13|P14|P15,0.831031,7,P13,P0,P14,P0,P14,P1,P15,P6,P15,P7,P15,P8,P15,P10,P15,P12,P15,P13,P0,P14
grating,225,1.50,P0|P1|P2|P3|P4|P5|P6|P7|P8|P9|P10|P11|P12|P13|P14|P15,0.831031,8,P0,P13,P0,P14,P0,P14,P1,P15,P6,P15,P7,P15,P8,P15,P10,P15,P12,P15,P13,P0
grating,225,1.50,P0|P1|P2|P3|P4|P5|P6|P7|P8|P9|P10|P11|P12|P13|P14|P15,0.831031,9,P12,P0,P13,P0,P14,P0,P14,P1,P15,P6,P15,P7,P15,P8,P15,P10,P15,P12,P15,P13
grating,225,1.50,P0|P1|P2|P3|P4|P5|P6|P7|P8|P9|P10|P11|P12|P13|P14|P15,0.831031,10,P15,P12,P0,P13,P0,P14,P0,P14,P1,P15,P6,P15,P7,P15,P8,P15,P10,P15,P12,P15
grating,225,1.50,P0|P1|P2|P3|P4|P5|P6|P7|P8|P9|P10|P11|P12|P13|P14|P15,0.831031,11,P11,P15,P12,P0,P13,P0,P14,P0,P14,P1,P15,P6,P15,P7,P15,P8,P15,P10,P15,P12
grating,225,1.50,P0|P1|P2|P3|P4|P5|P6|P7|P8|P9|P10|P11|P12|P13|P14|P15,0.831031,12,P15,P11,P15,P12,P0,P13,P0,P14,P0,P14,P1,P15,P6,P15,P7,P15,P8,P15,P10,P15
grating,225,1.50,P0|P1|P2|P3|P4|P5|P6|P7|P8|P9|P10|P11|P12|P13|P14|P15,0.831031,13,P9,P15,P11,P15,P12,P0,P13,P0,P14,P0,P14,P1,P15,P6,P15,P7,P15,P8,P15,P10
grating,225,1.50,P0|P1|P2|P3|P4|P5|P6|P7|P8|P9|P10|P11|P12|P13|P14|P15,0.831031,14,P15,P9,P15,P11,P15,P12,P0,P13,P0,P14,P0,P14,P1,P15,P6,P15,P7,P15,P8,P15
grating,225,1.50,P0|P1|P2|P3|P4|P5|P6|P7|P8|P9|P10|P11|P12|P13|P14|P15,0.831031,15,P7,P15,P9,P15,P11,P15,P12,P0,P13,P0,P14,P0,P14,P1,P15,P6,P15,P7,P15,P8
grating,225,1.50,P0|P1|P2|P3|P4|P5|P6|P7|P8|P9|P10|P11|P12|P13|P14|P15,0.831031,16,P15,P7,P15,P9,P15,P11,P15,P12,P0,P13,P0,P14,P0,P14,P1,P15,P6,P15,P7,P15
grating,225,1.50,P0|P1|P2|P3|P4|P5|P6|P7|P8|P9|P10|P11|P12|P13|P14|P15,0.831031,17,P6,P15,P7,P15,P9,P15,P11,P15,P12,P0,P13,P0,P14,P0,P14,P1,P15,P6,P15,P7
grating,225,1.50,P0|P1|P2|P3|P4|P5|P6|P7|P8|P9|P10|P11|P12|P13|P14|P15,0.831031,18,P15,P6,P15,P7,P15,P9,P15,P11,P15,P12,P0,P13,P0,P14,P0,P14,P1,P15,P6,P15
grating,225,1.50,P0|P1|P2|P3|P4|P5|P6|P7|P8|P9|P10|P11|P12|P13|P14|P15,0.831031,19,P3,P15,P6,P15,P7,P15,P9,P15,P11,P15,P12,P0,P13,P0,P14,P0,P14,P1,P15,P6
grating,45,1.60,P0|P1|P2|P3|P4|P5|P6|P7|P8|P9|P10|P11|P12|P13|P14|P15,0.831026,0,P0,P14,P0,P12,P15,P9,P15,P6,P14,P0,P14,P0,P12,P15,P8,P15,P6,P14,P0,P14
grating,45,1.60,P0|P1|P2|P3|P4|P5|P6|P7|P8|P9|P10|P11|P12|P13|P14|P15,0.831026,1,P15,P0,P14,P0,P12,P15,P9,P15,P6,P14,P0,P14,P0,P12,P15,P8,P15,P6,P14,P0
grating,45,1.60,P0|P1|P2|P3|P4|P5|P6|P7|P8|P9|P10|P11|P12|P13|P14|P15,0.831026,2,P7,P15,P0,P14,P0,P12,P15,P9,P15,P6,P14,P0,P14,P0,P12,P15,P8,P15,P6,P14
grating,45,1.60,P0|P1|P2|P3|P4|P5|P6|P7|P8|P9|P10|P11|P12|P13|P14|P15,0.831026,3,P15,P7,P15,P0,P14,P0,P12,P15,P9,P15,P6,P14,P0,P14,P0,P12,P15,P8,P15,P6
grating,45,1.60,P0|P1|P2|P3|P4|P5|P6|P7|P8|P9|P10|P11|P12|P13|P14|P15,0.831026,4,P10,P15,P7,P15,P0,P14,P0,P12,P15,P9,P15,P6,P14,P0,P14,P0,P12,P15,P8,P15
grating,45,1.60,P0|P1|P2|P3|P4|P5|P6|P7|P8|P9|P10|P11|P12|P13|P14|P15,0.831026,5,P15,P10,P15,P7,P15,P0,P14,P0,P12,P15,P9,P15,P6,P14,P0,P14,P0,P12,P15,P8
grating,45,1.60,P0|P1|P2|P3|P4|P5|P6|P7|P8|P9|P10|P11|P12|P13|P14|P15,0.831026,6,P13,P15,P10,P15,P7,P15,P0,P14,P0,P12,P15,P9,P15,P6,P14,P0,P14,P0,P12,P15
grating,45,1.60,P0|P1|P2|P3|P4|P5|P6|P7|P8|P9|P10|P11|P12|P13|P14|P15,0.831026,7,P0,P13,P15,P10,P15,P7,P15,P0,P14,P0,P12,P15,P9,P15,P6,P14,P0,P14,P0,P12
grating,45,1.60,P0|P1|P2|P3|P4|P5|P6|P7|P8|P9|P10|P11|P12|P13|P14|P15,0.831026,8,P14,P0,P13,P15,P10,P15,P7,P15,P0,P14,P0,P12,P15,P9,P15,P6,P14,P0,P14,P0
grating,45,1.60,P0|P1|P2|P3|P4|P5|P6|P7|P8|P9|P10|P11|P12|P13|P14|P15,0.831026,9,P2,P14,P0,P13,P15,P10,P15,P7,P15,P0,P14,P0,P12,P15,P9,P15,P6,P14,P0,P14
grating,45,1.60,P0|P1|P2|P3|P4|P5|P6|P7|P8|P9|P10|P11|P12|P13|P14|P15,0.831026,10,P15,P2,P14,P0,P13,P15,P10,P15,P7,P15,P0,P14,P0,P12,P15,P9,P15,P6,P14,P0
grating,45,1.60,P0|P1|P2|P3|P4|P5|P6|P7|P8|P9|P10|P11|P12|P13|P14|P15,0.831026,11,P7,P15,P2,P14,P0,P13,P15,P10,P15,P7,P15,P0,P14,P0,P12,P15,P9,P15,P6,P14
grating,45,1.60,P0|P1|P2|P3|P4|P5|P6|P7|P8|P9|P10|P11|P12|P13|P14|P15,0.831026,12,P15,P7,P15,P2,P14,P0,P13,P15,P10,P15,P7,P15,P0,P14,P0,P12,P15,P9,P15,P6
grating,45,1.60,P0|P1|P2|P3|P4|P5|P6|P7|P8|P9|P10|P11|P12|P13|P14|P15,0.831026,13,P11,P15,P7,P15,P2,P14,P0,P13,P15,P10,P15,P7,P15,P0,P14,P0,P12,P15,P9,P15
grating,45,1.60,P0|P1|P2|P3|P4|P5|P6|P7|P8|P9|P10|P11|P12|P13|P14|P15,0.831026,14,P15,P11,P15,P7,P15,P2,P14,P0,P13,P15,P10,P15,P7,P15,P0,P14,P0,P12,P15,P9
grating,45,1.60,P0|P1|P2|P3|P4|P5|P6|P7|P8|P9|P10|P11|P12|P13|P14|P15,0.831026,15,P13,P15,P11,P15,P7,P15,P2,P14,P0,P13,P15,P10,P15,P7,P15,P0,P14,P0,P12,P15
grating,45,1.60,P0|P1|P2|P3|P4|P5|P6|P7|P8|P9|P10|P11|P12|P13|P14|P15,0.831026,16,P0,P13,P15,P11,P15,P7,P15,P2,P14,P0,P13,P15,P10,P15,P7,P15,P0,P14,P0,P12
grating,45,1.60,P0|P1|P2|P3|P4|P5|P6|P7|P8|P9|P10|P11|P12|P13|P14|P15,0.831026,17,P14,P0,P13,P15,P11,P15,P7,P15,P2,P14,P0,P13,P15,P10,P15,P7,P15,P0,P14,P0
grating,45,1.60,P0|P1|P2|P3|P4|P5|P6|P7|P8|P9|P10|P11|P12|P13|P14|P15,0.831026,18,P5,P14,P0,P13,P15,P11,P15,P7,P15,P2,P14,P0,P13,P15,P10,P15,P7,P15,P0,P14
grating,45,1.60,P0|P1|P2|P3|P4|P5|P6|P7|P8|P9|P10|P11|P12|P13|P14|P15,0.831026,19,P15,P5,P14,P0,P13,P15,P11,P15,P7,P15,P2,P14,P0,P13,P15,P10,P15,P7,P15,P0
grating,225,1.60,P0|P1|P2|P3|P4|P5|P6|P7|P8|P9|P10|P11|P12|P13|P14|P15,0.831026,0,P0,P15,P7,P15,P10,P15,P13,P0,P14,P2,P15,P7,P15,P11,P15,P13,P0,P14,P5,P15
grating,225,1.60,P0|P1|P2|P3|P4|P5|P6|P7|P8|P9|P10|P11|P12|P13|P14|P15,0.831026,1,P14,P0,P15,P7,P15,P10,P15,P13,P0,P14,P2,P15,P7,P15,P11,P15,P13,P0,P14,P5
grating,225,1.60,P0|P1|P2|P3|P4|P5|P6|P7|P8|P9|P10|P11|P12|P13|P14|P15,0.831026,2,P0,P14,P0,P15,P7,P15,P10,P15,P13,P0,P14,P2,P15,P7,P15,P11,P15,P13,P0,P14
grating,225,1.60,P0|P1|P2|P3|P4|P5|P6|P7|P8|P9|P10|P11|P12|P13|P14|P15,0.831026,3,P12,P0,P14,P0,P15,P7,P15,P10,P15,P13,P0,P14,P2,P15,P7,P15,P11,P15,P13,P0
grating,225,1.60,P0|P1|P2|P3|P4|P5|P6|P7|P8|P9|P10|P11|P12|P13|P14|P15,0.831026,4,P15,P12,P0,P14,P0,P15,P7,P15,P10,P15,P13,P0,P14,P2,P15,P7,P15,P11,P15,P13
grating,225,1.60,P0|P1|P2|P3|P4|P5|P6|P7|P8|P9|P10|P11|P12|P13|P14|P15,0.831026,5,P9,P15,P12,P0,P14,P0,P15,P7,P15,P10,P15,P13,P0,P14,P2,P15,P7,P15,P11,P15
grating,225,1.60,P0|P1|P2|P3|P4|P5|P6|P7|P8|P9|P10|P11|P12|P13|P14|P15,0.831026,6,P15,P9,P15,P12,P0,P14,P0,P15,P7,P15,P10,P15,P13,P0,P14,P2,P15,P7,P15,P11
grating,225,1.60,P0|P1|P2|P3|P4|P5|P6|P7|P8|P9|P10|P11|P12|P13|P14|P15,0.831026,7,P6,P15,P9,P15,P12,P0,P14,P0,P15,P7,P15,P10,P15,P13,P0,P14,P2,P15,P7,P15
grating,225,1.60,P0|P1|P2|P3|P4|P5|P6|P7|P8|P9|P10|P11|P12|P13|P14|P15,0.831026,8,P14,P6,P15,P9,P15,P12,P0,P14,P0,P15,P7,P15,P10,P15,P13,P0,P14,P2,P15,P7
grating,225,1.60,P0|P1|P2|P3|P4|P5|P6|P7|P8|P9|P10|P11|P12|P13|P14|P15,0.831026,9,P0,P14,P6,P15,P9,P15,P12,P0,P14,P0,P15,P7,P15,P10,P15,P13,P0,P14,P2,P15
grating,225,1.60,P0|P1|P2|P3|P4|P5|P6|P7|P8|P9|P10|P11|P12|P13|P14|P15,0.831026,10,P14,P0,P14,P6,P15,P9,P15,P12,P0,P14,P0,P15,P7,P15,P10,P15,P13,P0,P14,P2
grating,225,1.60,P0|P1|P2|P3|P4|P5|P6|P7|P8|P9|P10|P11|P12|P13|P14|P15,0.831026,11,P0,P14,P0,P14,P6,P15,P9,P15,P12,P0,P14,P0,P15,P7,P15,P10,P15,P13,P0,P14
grating,225,1.60,P0|P1|P2|P3|P4|P5|P6|P7|P8|P9|P10|P11|P12|P13|P14|P15,0.831026,12,P12,P0,P14,P0,P14,P6,P15,P9,P15,P12,P0,P14,P0,P15,P7,P15,P10,P15,P13,P0
grating,225,1.60,P0|P1|P2|P3|P4|P5|P6|P7|P8|P9|P10|P11|P12|P13|P14|P15,0.831026,13,P15,P12,P0,P14,P0,P14,P6,P15,P9,P15,P12,P0,P14,P0,P15,P7,P15,P10,P15,P13
grating,225,1.60,P0|P1|P2|P3|P4|P5|P6|P7|P8|P9|P10|P11|P12|P13|P14|P15,0.831026,14,P8,P15,P12,P0,P14,P0,P14,P6,P15,P9,P15,P12,P0,P14,P0,P15,P7,P15,P10,P15
grating,225,1.60,P0|P1|P2|P3|P4|P5|P6|P7|P8|P9|P10|P11|P12|P13|P14|P15,0.831026,15,P15,P8,P15,P12,P0,P14,P0,P14,P6,P15,P9,P15,P12,P0,P14,P0,P15,P7,P15,P10
grating,225,1.60,P0|P1|P2|P3|P4|P5|P6|P7|P8|P9|P10|P11|P12|P13|P14|P15,0.831026,16,P6,P15,P8,P15,P12,P0,P14,P0,P14,P6,P15,P9,P15,P12,P0,P14,P0,P15,P7,P15
grating,225,1.60,P0|P1|P2|P3|P4|P5|P6|P7|P8|P9|P10|P11|P12|P13|P14|P15,0.831026,17,P14,P6,P15,P8,P15,P12,P0,P14,P0,P14,P6,P15,P9,P15,P12,P0,P14,P0,P15,P7
grating,225,1.60,P0|P1|P2|P3|P4|P5|P6|P7|P8|P9|P10|P11|P12|P13|P14|P15,0.831026,18,P0,P14,P6,P15,P8,P15,P12,P0,P14,P0,P14,P6,P15,P9,P15,P12,P0,P14,P0,P15
grating,225,1.60,P0|P1|P2|P3|P4|P5|P6|P7|P8|P9|P10|P11|P12|P13|P14|P15,0.831026,19,P14,P0,P14,P6,P15,P8,P15,P12,P0,P14,P0,P14,P6,P15,P9,P15,P12,P0,P14,P0
grating,45,1.70,P0|P1|P2|P3|P4|P5|P6|P7|P8|P9|P10|P11|P12|P13|P14|P15,0.831027,0,P6,P14,P0,P12,P15,P7,P15,P0,P14,P15,P10,P15,P5,P14,P0,P12,P15,P7,P15,P0
grating,45,1.70,P0|P1|P2|P3|P4|P5|P6|P7|P8|P9|P10|P11|P12|P13|P14|P15,0.831027,1,P15,P6,P14,P0,P12,P15,P7,P15,P0,P14,P15,P10,P15,P5,P14,P0,P12,P15,P7,P15
grating,45,1.70,P0|P1|P2|P3|P4|P5|P6|P7|P8|P9|P10|P11|P12|P13|P14|P15,0.831027,2,P10,P15,P6,P14,P0,P12,P15,P7,P15,P0,P14,P15,P10,P15,P5,P14,P0,P12,P15,P7
grating,45,1.70,P0|P1|P2|P3|P4|P5|P6|P7|P8|P9|P10|P11|P12|P13|P14|P15,0.831027,3,P15,P10,P15,P6,P14,P0,P12,P15,P7,P15,P0,P14,P15,P10,P15,P5,P14,P0,P12,P15
grating,45,1.70,P0|P1|P2|P3|P4|P5|P6|P7|P8|P9|P10|P11|P12|P13|P14|P15,0.831027,4,P14,P15,P10,P15,P6,P14,P0,P12,P15,P7,P15,P0,P14,P15,P10,P15,P5,P14,P0,P12
grating,45,1.70,P0|P1|P2|P3|P4|P5|P6|P7|P8|P9|P10|P11|P12|P13|P14|P15,0.831027,5,P0,P14,P15,P10,P15,P6,P14,P0,P12,P15,P7,P15,P0,P14,P15,P10,P15,P5,P14,P0
grating,45,1.70,P0|P1|P2|P3|P4|P5|P6|P7|P8|P9|P10|P11|P12|P13|P14|P15,0.831027,6,P15,P0,P14,P15,P10,P15,P6,P14,P0,P12,P15,P7,P15,P0,P14,P15,P10,P15,P5,P14
grating,45,1.70,P0|P1|P2|P3|P4|P5|P6|P7|P8|P9|P10|P11|P12|P13|P14|P15,0.831027,7,P8,P15,P0,P14,P15,P10,P15,P6,P14,P0,P12,P15,P7,P15,P0,P14,P15,P10,P15,P5
grating,45,1.70,P0|P1|P2|P3|P4|P5|P6|P7|P8|P9|P10|P11|P12|P13|P14|P15,0.831027,8,P15,P8,P15,P0,P14,P15,P10,P15,P6,P14,P0,P12,P15,P7,P15,P0,P14,P15,P10,P15
grating,45,1.70,P0|P1|P2|P3|P4|P5|P6|P7|P8|P9|P10|P11|P12|P13|P14|P15,0.831027,9,P12,P15,P8,P15,P0,P14,P15,P10,P15,P6,P14,P0,P12,P15,P7,P15,P0,P14,P15,P10
grating,45,1.70,P0|P1|P2|P3|P4|P5|P6|P7|P8|P9|P10|P11|P12|P13|P14|P15,0.831027,10,P0,P12,P15,P8,P15,P0,P14,P15,P10,P15,P6,P14,P0,P12,P15,P7,P15,P0,P14,P15
grating,45,1.70,P0|P1|P2|P3|P4|P5|P6|P7|P8|P9|P10|P11|P12|P13|P14|P15,0.831027,11,P14,P0,P12,P15,P8,P15,P0,P14,P15,P10,P15,P6,P14,P0,P12,P15,P7,P15,P0,P14
grating,45,1.70,P0|P1|P2|P3|P4|P5|P6|P7|P8|P9|P10|P11|P12|P13|P14|P15,0.831027,12,P6,P14,P0,P12,P15,P8,P15,P0,P14,P15,P10,P15,P6,P14,P0,P12,P15,P7,P15,P0
grating,45,1.70,P0|P1|P2|P3|P4|P5|P6|P7|P8|P9|P10|P11|P12|P13|P14|P15,0.831027,13,P15,P6,P14,P0,P12,P15,P8,P15,P0,P14,P15,P10,P15,P6,P14,P0,P12,P15,P7,P15
grating,45,1.70,P0|P1|P2|P3|P4|P5|P6|P7|P8|P9|P10|P11|P12|P13|P14|P15,0.831027,14,P10,P15,P6,P14,P0,P12,P15,P8,P15,P0,P14,P15,P10,P15,P6,P14,P0,P12,P15,P7
grating,45,1.70,P0|P1|P2|P3|P4|P5|P6|P7|P8|P9|P10|P11|P12|P13|P14|P15,0.831027,15,P0,P10,P15,P6,P14,P0,P12,P15,P8,P15,P0,P14,P15,P10,P15,P6,P14,P0,P12,P15
grating,45,1.70,P0|P1|P2|P3|P4|P5|P6|P7|P8|P9|P10|P11|P12|P13|P14|P15,0.831027,16,P14,P0,P10,P15,P6,P14,P0,P12,P15,P8,P15,P0,P14,P15,P10,P15,P6,P14,P0,P12
grating,45,1.70,P0|P1|P2|P3|P4|P5|P6|P7|P8|P9|P10|P11|P12|P13|P14|P15,0.831027,17,P0,P14,P0,P10,P15,P6,P14,P0,P12,P15,P8,P15,P0,P14,P15,P10,P15,P6,P14,P0
grating,45,1.70,P0|P1|P2|P3|P4|P5|P6|P7|P8|P9|P10|P11|P12|P13|P14|P15,0.831027,18,P15,P0,P14,P0,P10,P15,P6,P14,P0,P12,P15,P8,P15,P0,P14,P15,P10,P15,P6,P14
grating,45,1.70,P0|P1|P2|P3|P4|P5|P6|P7|P8|P9|P10|P11|P12|P13|P14|P15,0.831027,19,P8,P15,P0,P14,P0,P10,P15,P6,P14,P0,P12,P15,P8,P15,P0,P14,P15,P10,P15,P6
grating,225,1.70,P0|P1|P2|P3|P4|P5|P6|P7|P8|P9|P10|P11|P12|P13|P14|P15,0.831027,0,P6,P15,P10,P15,P14,P0,P15,P8,P15,P12,P0,P14,P6,P15,P10,P0,P14,P0,P15,P8
grating,225,1.70,P0|P1|P2|P3|P4|P5|P6|P7|P8|P9|P10|P11|P12|P13|P14|P15,0.831027,1,P14,P6,P15,P10,P15,P14,P0,P15,P8,P15,P12,P0,P14,P6,P15,P10,P0,P14,P0,P15
grating,225,1.70,P0|P1|P2|P3|P4|P5|P6|P7|P8|P9|P10|P11|P12|P13|P14|P15,0.831027,2,P0,P14,P6,P15,P10,P15,P14,P0,P15,P8,P15,P12,P0,P14,P6,P15,P10,P0,P14,P0
grating,225,1.70,P0|P1|P2|P3|P4|P5|P6|P7|P8|P9|P10|P11|P12|P13|P14|P15,0.831027,3,P12,P0,P14,P6,P15,P10,P15,P14,P0,P15,P8,P15,P12,P0,P14,P6,P15,P10,P0,P14
grating,225,1.70,P0|P1|P2|P3|P4|P5|P6|P7|P8|P9|P10|P11|P12|P13|P14|P15,0.831027,4,P15,P12,P0,P14,P6,P15,P10,P15,P14,P0,P15,P8,P15,P12,P0,P14,P6,P15,P10,P0
grating,225,1.70,P0|P1|P2|P3|P4|P5|P6|P7|P8|P9|P10|P11|P12|P13|P14|P15,0.831027,5,P7,P15,P12,P0,P14,P6,P15,P10,P15,P14,P0,P15,P8,P15,P12,P0,P14,P6,P15,P10
grating,225,1.70,P0|P1|P2|P3|P4|P5|P6|P7|P8|P9|P10|P11|P12|P13|P14|P15,0.831027,6,P15,P7,P15,P12,P0,P14,P6,P15,P10,P15,P14,P0,P15,P8,P15,P12,P0,P14,P6,P15
grating,225,1.70,P0|P1|P2|P3|P4|P5|P6|P7|P8|P9|P10|P11|P12|P13|P14|P15,0.831027,7,P0,P15,P7,P15,P12,P0,P14,P6,P15,P10,P15,P14,P0,P15,P8,P15,P12,P0,P14,P6
grating,225,1.70,P0|P1|P2|P3|P4|P5|P6|P7|P8|P9|P10|P11|P12|P13|P14|P15,0.831027,8,P14,P0,P15,P7,P15,P12,P0,P14,P6,P15,P10,P15,P14,P0,P15,P8,P15,P12,P0,P14
grating,225,1.70,P0|P1|P2|P3|P4|P5|P6|P7|P8|P9|P10|P11|P12|P13|P14|P15,0.831027,9,P15,P14,P0,P15,P7,P15,P12,P0,P14,P6,P15,P10,P15,P14,P0,P15,P8,P15,P12,P0
grating,225,1.70,P0|P1|P2|P3|P4|P5|P6|P7|P8|P9|P10|P11|P12|P13|P14|P15,0.831027,10,P10,P15,P14,P0,P15,P7,P15,P12,P0,P14,P6,P15,P10,P15,P14,P0,P15,P8,P15,P12
grating,225,1.70,P0|P1|P2|P3|P4|P5|P6|P7|P8|P9|P10|P11|P12|P13|P14|P15,0.831027,11,P15,P10,P15,P14,P0,P15,P7,P15,P12,P0,P14,P6,P15,P10,P15,P14,P0,P15,P8,P15
grating,225,1.70,P0|P1|P2|P3|P4|P5|P6|P7|P8|P9|P10|P11|P12|P13|P14|P15,0.831027,12,P5,P15,P10,P15,P14,P0,P15,P7,P15,P12,P0,P14,P6,P15,P10,P15,P14,P0,P15,P8
grating,225,1.70,P0|P1|P2|P3|P4|P5|P6|P7|P8|P9|P10|P11|P12|P13|P14|P15,0.831027,13,P14,P5,P15,P10,P15,P14,P0,P15,P7,P15,P12,P0,P14,P6,P15,P10,P15,P14,P0,P15
grating,225,1.70,P0|P1|P2|P3|P4|P5|P6|P7|P8|P9|P10|P11|P12|P13|P14|P15,0.831027,14,P0,P14,P5,P15,P10,P15,P14,P0,P15,P7,P15,P12,P0,P14,P6,P15,P10,P15,P14,P0
grating,225,1.70,P0|P1|P2|P3|P4|P5|P6|P7|P8|P9|P10|P11|P12|P13|P14|P15,0.831027,15,P12,P0,P14,P5,P15,P10,P15,P14,P0,P15,P7,P15,P12,P0,P14,P6,P15,P10,P15,P14
grating,225,1.70,P0|P1|P2|P3|P4|P5|P6|P7|P8|P9|P10|P11|P12|P13|P14|P15,0.831027,16,P15,P12,P0,P14,P5,P15,P10,P15,P14,P0,P15,P7,P15,P12,P0,P14,P6,P15,P10,P15
grating,225,1.70,P0|P1|P2|P3|P4|P5|P6|P7|P8|P9|P10|P11|P12|P13|P14|P15,0.831027,17,P7,P15,P12,P0,P14,P5,P15,P10,P15,P14,P0,P15,P7,P15,P12,P0,P14,P6,P15,P10
grating,225,1.70,P0|P1|P2|P3|P4|P5|P6|P7|P8|P9|P10|P11|P12|P13|P14|P15,0.831027,18,P15,P7,P15,P12,P0,P14,P5,P15,P10,P15,P14,P0,P15,P7,P15,P12,P0,P14,P6,P15
grating,225,1.70,P0|P1|P2|P3|P4|P5|P6|P7|P8|P9|P10|P11|P12|P13|P14|P15,0.831027,19,P0,P15,P7,P15,P12,P0,P14,P5,P15,P10,P15,P14,P0,P15,P7,P15,P12,P0,P14,P6
grating,45,1.80,P0|P1|P2|P3|P4|P5|P6|P7|P8|P9|P10|P11|P12|P13|P14|P15,0.831561,0,P7,P14,P0,P12,P15,P6,P14,P0,P11,P15,P5,P14,P0,P10,P15,P2,P14,P15,P9,P15
grating,45,1.80,P0|P1|P2|P3|P4|P5|P6|P7|P8|P9|P10|P11|P12|P13|P14|P15,0.831561,1,P15,P7,P14,P0,P12,P15,P6,P14,P0,P11,P15,P5,P14,P0,P10,P15,P2,P14,P15,P9
grating,45,1.80,P0|P1|P2|P3|P4|P5|P6|P7|P8|P9|P10|P11|P12|P13|P14|P15,0.831561,2,P13,P15,P7,P14,P0,P12,P15,P6,P14,P0,P11,P15,P5,P14,P0,P10,P15,P2,P14,P15
grating,45,1.80,P0|P1|P2|P3|P4|P5|P6|P7|P8|P9|P10|P11|P12|P13|P14|P15,0.831561,3,P0,P13,P15,P7,P14,P0,P12,P15,P6,P14,P0,P11,P15,P5,P14,P0,P10,P15,P2,P14
grating,45,1.80,P0|P1|P2|P3|P4|P5|P6|P7|P8|P9|P10|P11|P12|P13|P14|P15,0.831561,4,P15,P0,P13,P15,P7,P14,P0,P12,P15,P6,P14,P0,P11,P15,P5,P14,P0,P10,P15,P2
grating,45,1.80,P0|P1|P2|P3|P4|P5|P6|P7|P8|P9|P10|P11|P12|P13|P14|P15,0.831561,5,P8,P15,P0,P13,P15,P7,P14,P0,P12,P15,P6,P14,P0,P11,P15,P5,P14,P0,P10,P15
grating,45,1.80,P0|P1|P2|P3|P4|P5|P6|P7|P8|P9|P10|P11|P12|P13|P14|P15,0.831561,6,P15,P8,P15,P0,P13,P15,P7,P14,P0,P12,P15,P6,P14,P0,P11,P15,P5,P14,P0,P10
grating,45,1.80,P0|P1|P2|P3|P4|P5|P6|P7|P8|P9|P10|P11|P12|P13|P14|P15,0.831561,7,P13,P15,P8,P15,P0,P13,P15,P7,P14,P0,P12,P15,P6,P14,P0,P11,P15,P5,P14,P0
grating,45,1.80,P0|P1|P2|P3|P4|P5|P6|P7|P8|P9|P10|P11|P12|P13|P14|P15,0.831561,8,P0,P13,P15,P8,P15,P0,P13,P15,P7,P14,P0,P12,P15,P6,P14,P0,P11,P15,P5,P14
grating,45,1.80,P0|P1|P2|P3|P4|P5|P6|P7|P8|P9|P10|P11|P12|P13|P14|P15,0.831561,9,P15,P0,P13,P15,P8,P15,P0,P13,P15,P7,P14,P0,P12,P15,P6,P14,P0,P11,P15,P5
grating,45,1.80,P0|P1|P2|P3|P4|P5|P6|P7|P8|P9|P10|P11|P12|P13|P14|P15,0.831561,10,P9,P15,P0,P13,P15,P8,P15,P0,P13,P15,P7,P14,P0,P12,P15,P6,P14,P0,P11,P15
grating,45,1.80,P0|P1|P2|P3|P4|P5|P6|P7|P8|P9|P10|P11|P12|P13|P14|P15,0.831561,11,P15,P9,P15,P0,P13,P15,P8,P15,P0,P13,P15,P7,P14,P0,P12,P15,P6,P14,P0,P11
grating,45,1.80,P0|P1|P2|P3|P4|P5|P6|P7|P8|P9|P10|P11|P12|P13|P14|P15,0.831561,12,P14,P15,P9,P15,P0,P13,P15,P8,P15,P0,P13,P15,P7,P14,P0,P12,P15,P6,P14,P0
grating,45,1.80,P0|P1|P2|P3|P4|P5|P6|P7|P8|P9|P10|P11|P12|P13|P14|P15,0.831561,13,P3,P14,P15,P9,P15,P0,P13,P15,P8,P15,P0,P13,P15,P7,P14,P0,P12,P15,P6,P14
grating,45,1.80,P0|P1|P2|P3|P4|P5|P6|P7|P8|P9|P10|P11|P12|P13|P14|P15,0.831561,14,P15,P3,P14,P15,P9,P15,P0,P13,P15,P8,P15,P0,P13,P15,P7,P14,P0,P12,P15,P6
grating,45,1.80,P0|P1|P2|P3|P4|P5|P6|P7|P8|P9|P10|P11|P12|P13|P14|P15,0.831561,15,P10,P15,P3,P14,P15,P9,P15,P0,P13,P15,P8,P15,P0,P13,P15,P7,P14,P0,P12,P15
grating,45,1.80,P0|P1|P2|P3|P4|P5|P6|P7|P8|P9|P10|P11|P12|P13|P14|P15,0.831561,16,P0,P10,P15,P3,P14,P15,P9,P15,P0,P13,P15,P8,P15,P0,P13,P15,P7,P14,P0,P12
grating,45,1.80,P0|P1|P2|P3|P4|P5|P6|P7|P8|P9|P10|P11|P12|P13|P14|P15,0.831561,17,P14,P0,P10,P15,P3,P14,P15,P9,P15,P0,P13,P15,P8,P15,P0,P13,P15,P7,P14,P0
grating,45,1.80,P0|P1|P2|P3|P4|P5|P6|P7|P8|P9|P10|P11|P12|P13|P14|P15,0.831561,18,P5,P14,P0,P10,P15,P3,P14,P15,P9,P15,P0,P13,P15,P8,P15,P0,P13,P15,P7,P14
grating,45,1.80,P0|P1|P2|P3|P4|P5|P6|P7|P8|P9|P10|P11|P12|P13|P14|P15,0.831561,19,P15,P5,P14,P0,P10,P15,P3,P14,P15,P9,P15,P0,P13,P15,P8,P15,P0,P13,P15,P7
grating,225,1.80,P0|P1|P2|P3|P4|P5|P6|P7|P8|P9|P10|P11|P12|P13|P14|P15,0.831561,0,P7,P15,P13,P0,P15,P8,P15,P13,P0,P15,P9,P15,P14,P3,P15,P10,P0,P14,P5,P15
grating,225,1.80,P0|P1|P2|P3|P4|P5|P6|P7|P8|P9|P10|P11|P12|P13|P14|P15,0.831561,1,P14,P7,P15,P13,P0,P15,P8,P15,P13,P0,P15,P9,P15,P14,P3,P15,P10,P0,P14,P5
grating,225,1.80,P0|P1|P2|P3|P4|P5|P6|P7|P8|P9|P10|P11|P12|P13|P14|P15,0.831561,2,P0,P14,P7,P15,P13,P0,P15,P8,P15,P13,P0,P15,P9,P15,P14,P3,P15,P10,P0,P14
grating,225,1.80,P0|P1|P2|P3|P4|P5|P6|P7|P8|P9|P10|P11|P12|P13|P14|P15,0.831561,3,P12,P0,P14,P7,P15,P13,P0,P15,P8,P15,P13,P0,P15,P9,P15,P14,P3,P15,P10,P0
grating,225,1.80,P0|P1|P2|P3|P4|P5|P6|P7|P8|P9|P10|P11|P12|P13|P14|P15,0.831561,4,P15,P12,P0,P14,P7,P15,P13,P0,P15,P8,P15,P13,P0,P15,P9,P15,P14,P3,P15,P10
grating,225,1.80,P0|P1|P2|P3|P4|P5|P6|P7|P8|P9|P10|P11|P12|P13|P14|P15,0.831561,5,P6,P15,P12,P0,P14,P7,P15,P13,P0,P15,P8,P15,P13,P0,P15,P9,P15,P14,P3,P15
grating,225,1.80,P0|P1|P2|P3|P4|P5|P6|P7|P8|P9|P10|P11|P12|P13|P14|P15,0.831561,6,P14,P6,P15,P12,P0,P14,P7,P15,P13,P0,P15,P8,P15,P13,P0,P15,P9,P15,P14,P3
grating,225,1.80,P0|P1|P2|P3|P4|P5|P6|P7|P8|P9|P10|P11|P12|P13|P14|P15,0.831561,7,P0,P14,P6,P15,P12,P0,P14,P7,P15,P13,P0,P15,P8,P15,P13,P0,P15,P9,P15,P14
grating,225,1.80,P0|P1|P2|P3|P4|P5|P6|P7|P8|P9|P10|P11|P12|P13|P14|P15,0.831561,8,P11,P0,P14,P6,P15,P12,P0,P14,P7,P15,P13,P0,P15,P8,P15,P13,P0,P15,P9,P15
grating,225,1.80,P0|P1|P2|P3|P4|P5|P6|P7|P8|P9|P10|P11|P12|P13|P14|P15,0.831561,9,P15,P11,P0,P14,P6,P15,P12,P0,P14,P7,P15,P13,P0,P15,P8,P15,P13,P0,P15,P9
grating,225,1.80,P0|P1|P2|P3|P4|P5|P6|P7|P8|P9|P10|P11|P12|P13|P14|P15,0.831561,10,P5,P15,P11,P0,P14,P6,P15,P12,P0,P14,P7,P15,P13,P0,P15,P8,P15,P13,P0,P15
grating,225,1.80,P0|P1|P2|P3|P4|P5|P6|P7|P8|P9|P10|P11|P12|P13|P14|P15,0.831561,11,P14,P5,P15,P11,P0,P14,P6,P15,P12,P0,P14,P7,P15,P13,P0,P15,P8,P15,P13,P0
grating,225,1.80,P0|P1|P2|P3|P4|P5|P6|P7|P8|P9|P10|P11|P12|P13|P14|P15,0.831561,12,P0,P14,P5,P15,P11,P0,P14,P6,P15,P12,P0,P14,P7,P15,P13,P0,P15,P8,P15,P13
grating,225,1.80,P0|P1|P2|P3|P4|P5|P6|P7|P8|P9|P10|P11|P12|P13|P14|P15,0.831561,13,P10,P0,P14,P5,P15,P11,P0,P14,P6,P15,P12,P0,P14,P7,P15,P13,P0,P15,P8,P15
grating,225,1.80,P0|P1|P2|P3|P4|P5|P6|P7|P8|P9|P10|P11|P12|P13|P14|P15,0.831561,14,P15,P10,P0,P14,P5,P15,P11,P0,P14,P6,P15,P12,P0,P14,P7,P15,P13,P0,P15,P8
grating,225,1.80,P0|P1|P2|P3|P4|P5|P6|P7|P8|P9|P10|P11|P12|P13|P14|P15,0.831561,15,P2,P15,P10,P0,P14,P5,P15,P11,P0,P14,P6,P15,P12,P0,P14,P7,P15,P13,P0,P15
grating,225,1.80,P0|P1|P2|P3|P4|P5|P6|P7|P8|P9|P10|P11|P12|P13|P14|P15,0.831561,16,P14,P2,P15,P10,P0,P14,P5,P15,P11,P0,P14,P6,P15,P12,P0,P14,P7,P15,P13,P0
grating,225,1.80,P0|P1|P2|P3|P4|P5|P6|P7|P8|P9|P10|P11|P12|P13|P14|P15,0.831561,17,P15,P14,P2,P15,P10,P0,P14,P5,P15,P11,P0,P14,P6,P15,P12,P0,P14,P7,P15,P13
grating,225,1.80,P0|P1|P2|P3|P4|P5|P6|P7|P8|P9|P10|P11|P12|P13|P14|P15,0.831561,18,P9,P15,P14,P2,P15,P10,P0,P14,P5,P15,P11,P0,P14,P6,P15,P12,P0,P14,P7,P15
grating,225,1.80,P0|P1|P2|P3|P4|P5|P6|P7|P8|P9|P10|P11|P12|P13|P14|P15,0.831561,19,P15,P9,P15,P14,P2,P15,P10,P0,P14,P5,P15,P11,P0,P14,P6,P15,P12,P0,P14,P7
grating,45,1.90,P0|P1|P2|P3|P4|P5|P6|P7|P8|P9|P10|P11|P12|P13|P14|P15,0.831023,0,P11,P15,P0,P13,P15,P7,P14,P0,P10,P15,P0,P13,P15,P7,P14,P0,P10,P15,P0,P12
grating,45,1.90,P0|P1|P2|P3|P4|P5|P6|P7|P8|P9|P10|P11|P12|P13|P14|P15,0.831023,1,P0,P11,P15,P0,P13,P15,P7,P14,P0,P10,P15,P0,P13,P15,P7,P14,P0,P10,P15,P0
grating,45,1.90,P0|P1|P2|P3|P4|P5|P6|P7|P8|P9|P10|P11|P12|P13|P14|P15,0.831023,2,P14,P0,P11,P15,P0,P13,P15,P7,P14,P0,P10,P15,P0,P13,P15,P7,P14,P0,P10,P15
grating,45,1.90,P0|P1|P2|P3|P4|P5|P6|P7|P8|P9|P10|P11|P12|P13|P14|P15,0.831023,3,P7,P14,P0,P11,P15,P0,P13,P15,P7,P14,P0,P10,P15,P0,P13,P15,P7,P14,P0,P10
grating,45,1.90,P0|P1|P2|P3|P4|P5|P6|P7|P8|P9|P10|P11|P12|P13|P14|P15,0.831023,4,P15,P7,P14,P0,P11,P15,P0,P13,P15,P7,P14,P0,P10,P15,P0,P13,P15,P7,P14,P0
grating,45,1.90,P0|P1|P2|P3|P4|P5|P6|P7|P8|P9|P10|P11|P12|P13|P14|P15,0.831023,5,P14,P15,P7,P14,P0,P11,P15,P0,P13,P15,P7,P14,P0,P10,P15,P0,P13,P15,P7,P14
grating,45,1.90,P0|P1|P2|P3|P4|P5|P6|P7|P8|P9|P10|P11|P12|P13|P14|P15,0.831023,6,P3,P14,P15,P7,P14,P0,P11,P15,P0,P13,P15,P7,P14,P0,P10,P15,P0,P13,P15,P7
grating,45,1.90,P0|P1|P2|P3|P4|P5|P6|P7|P8|P9|P10|P11|P12|P13|P14|P15,0.831023,7,P15,P3,P14,P15,P7,P14,P0,P11,P15,P0,P13,P15,P7,P14,P0,P10,P15,P0,P13,P15
grating,45,1.90,P0|P1|P2|P3|P4|P5|P6|P7|P8|P9|P10|P11|P12|P13|P14|P15,0.831023,8,P11,P15,P3,P14,P15,P7,P14,P0,P11,P15,P0,P13,P15,P7,P14,P0,P10,P15,P0,P13
grating,45,1.90,P0|P1|P2|P3|P4|P5|P6|P7|P8|P9|P10|P11|P12|P13|P14|P15,0.831023,9,P0,P11,P15,P3,P14,P15,P7,P14,P0,P11,P15,P0,P13,P15,P7,P14,P0,P10,P15,P0
grating,45,1.90,P0|P1|P2|P3|P4|P5|P6|P7|P8|P9|P10|P11|P12|P13|P14|P15,0.831023,10,P15,P0,P11,P15,P3,P14,P15,P7,P14,P0,P11,P15,P0,P13,P15,P7,P14,P0,P10,P15
grating,45,1.90,P0|P1|P2|P3|P4|P5|P6|P7|P8|P9|P10|P11|P12|P13|P14|P15,0.831023,11,P8,P15,P0,P11,P15,P3,P14,P15,P7,P14,P0,P11,P15,P0,P13,P15,P7,P14,P0,P10
grating,45,1.90,P0|P1|P2|P3|P4|P5|P6|P7|P8|P9|P10|P11|P12|P13|P14|P15,0.831023,12,P15,P8,P15,P0,P11,P15,P3,P14,P15,P7,P14,P0,P11,P15,P0,P13,P15,P7,P14,P0
grating,45,1.90,P0|P1|P2|P3|P4|P5|P6|P7|P8|P9|P10|P11|P12|P13|P14|P15,0.831023,13,P14,P15,P8,P15,P0,P11,P15,P3,P14,P15,P7,P14,P0,P11,P15,P0,P13,P15,P7,P14
grating,45,1.90,P0|P1|P2|P3|P4|P5|P6|P7|P8|P9|P10|P11|P12|P13|P14|P15,0.831023,14,P5,P14,P15,P8,P15,P0,P11,P15,P3,P14,P15,P7,P14,P0,P11,P15,P0,P13,P15,P7
grating,45,1.90,P0|P1|P2|P3|P4|P5|P6|P7|P8|P9|P10|P11|P12|P13|P14|P15,0.831023,15,P15,P5,P14,P15,P8,P15,P0,P11,P15,P3,P14,P15,P7,P14,P0,P11,P15,P0,P13,P15
grating,45,1.90,P0|P1|P2|P3|P4|P5|P6|P7|P8|P9|P10|P11|P12|P13|P14|P15,0.831023,16,P12,P15,P5,P14,P15,P8,P15,P0,P11,P15,P3,P14,P15,P7,P14,P0,P11,P15,P0,P13
grating,45,1.90,P0|P1|P2|P3|P4|P5|P6|P7|P8|P9|P10|P11|P12|P13|P14|P15,0.831023,17,P0,P12,P15,P5,P14,P15,P8,P15,P0,P11,P15,P3,P14,P15,P7,P14,P0,P11,P15,P0
grating,45,1.90,P0|P1|P2|P3|P4|P5|P6|P7|P8|P9|P10|P11|P12|P13|P14|P15,0.831023,18,P15,P0,P12,P15,P5,P14,P15,P8,P15,P0,P11,P15,P3,P14,P15,P7,P14,P0,P11,P15
grating,45,1.90,P0|P1|P2|P3|P4|P5|P6|P7|P8|P9|P10|P11|P12|P13|P14|P15,0.831023,19,P9,P15,P0,P12,P15,P5,P14,P15,P8,P15,P0,P11,P15,P3,P14,P15,P7,P14,P0,P11
grating,225,1.90,P0|P1|P2|P3|P4|P5|P6|P7|P8|P9|P10|P11|P12|P13|P14|P15,0.831023,0,P11,P0,P14,P7,P15,P14,P3,P15,P11,P0,P15,P8,P15,P14,P5,P15,P12,P0,P15,P9
grating,225,1.90,P0|P1|P2|P3|P4|P5|P6|P7|P8|P9|P10|P11|P12|P13|P14|P15,0.831023,1,P15,P11,P0,P14,P7,P15,P14,P3,P15,P11,P0,P15,P8,P15,P14,P5,P15,P12,P0,P15
grating,225,1.90,P0|P1|P2|P3|P4|P5|P6|P7|P8|P9|P10|P11|P12|P13|P14|P15,0.831023,2,P0,P15,P11,P0,P14,P7,P15,P14,P3,P15,P11,P0,P15,P8,P15,P14,P5,P15,P12,P0
grating,225,1.90,P0|P1|P2|P3|P4|P5|P6|P7|P8|P9|P10|P11|P12|P13|P14|P15,0.831023,3,P13,P0,P15,P11,P0,P14,P7,P15,P14,P3,P15,P11,P0,P15,P8,P15,P14,P5,P15,P12
grating,225,1.90,P0|P1|P2|P3|P4|P5|P6|P7|P8|P9|P10|P11|P12|P13|P14|P15,0.831023,4,P15,P13,P0,P15,P11,P0,P14,P7,P15,P14,P3,P15,P11,P0,P15,P8,P15,P14,P5,P15
grating,225,1.90,P0|P1|P2|P3|P4|P5|P6|P7|P8|P9|P10|P11|P12|P13|P14|P15,0.831023,5,P7,P15,P13,P0,P15,P11,P0,P14,P7,P15,P14,P3,P15,P11,P0,P15,P8,P15,P14,P5
grating,225,1.90,P0|P1|P2|P3|P4|P5|P6|P7|P8|P9|P10|P11|P12|P13|P14|P15,0.831023,6,P14,P7,P15,P13,P0,P15,P11,P0,P14,P7,P15,P14,P3,P15,P11,P0,P15,P8,P15,P14
grating,225,1.90,P0|P1|P2|P3|P4|P5|P6|P7|P8|P9|P10|P11|P12|P13|P14|P15,0.831023,7,P0,P14,P7,P15,P13,P0,P15,P11,P0,P14,P7,P15,P14,P3,P15,P11,P0,P15,P8,P15
grating,225,1.90,P0|P1|P2|P3|P4|P5|P6|P7|P8|P9|P10|P11|P12|P13|P14|P15,0.831023,8,P10,P0,P14,P7,P15,P13,P0,P15,P11,P0,P14,P7,P15,P14,P3,P15,P11,P0,P15,P8
grating,225,1.90,P0|P1|P2|P3|P4|P5|P6|P7|P8|P9|P10|P11|P12|P13|P14|P15,0.831023,9,P15,P10,P0,P14,P7,P15,P13,P0,P15,P11,P0,P14,P7,P15,P14,P3,P15,P11,P0,P15
grating,225,1.90,P0|P1|P2|P3|P4|P5|P6|P7|P8|P9|P10|P11|P12|P13|P14|P15,0.831023,10,P0,P15,P10,P0,P14,P7,P15,P13,P0,P15,P11,P0,P14,P7,P15,P14,P3,P15,P11,P0
grating,225,1.90,P0|P1|P2|P3|P4|P5|P6|P7|P8|P9|P10|P11|P12|P13|P14|P15,0.831023,11,P13,P0,P15,P10,P0,P14,P7,P15,P13,P0,P15,P11,P0,P14,P7,P15,P14,P3,P15,P11
grating,225,1.90,P0|P1|P2|P3|P4|P5|P6|P7|P8|P9|P10|P11|P12|P13|P14|P15,0.831023,12,P15,P13,P0,P15,P10,P0,P14,P7,P15,P13,P0,P15,P11,P0,P14,P7,P15,P14,P3,P15
grating,225,1.90,P0|P1|P2|P3|P4|P5|P6|P7|P8|P9|P10|P11|P12|P13|P14|P15,0.831023,13,P7,P15,P13,P0,P15,P10,P0,P14,P7,P15,P13,P0,P15,P11,P0,P14,P7,P15,P14,P3
grating,225,1.90,P0|P1|P2|P3|P4|P5|P6|P7|P8|P9|P10|P11|P12|P13|P14|P15,0.831023,14,P14,P7,P15,P13,P0,P15,P10,P0,P14,P7,P15,P13,P0,P15,P11,P0,P14,P7,P15,P14
grating,225,1.90,P0|P1|P2|P3|P4|P5|P6|P7|P8|P9|P10|P11|P12|P13|P14|P15,0.831023,15,P0,P14,P7,P15,P13,P0,P15,P10,P0,P14,P7,P15,P13,P0,P15,P11,P0,P14,P7,P15
grating,225,1.90,P0|P1|P2|P3|P4|P5|P6|P7|P8|P9|P10|P11|P12|P13|P14|P15,0.831023,16,P10,P0,P14,P7,P15,P13,P0,P15,P10,P0,P14,P7,P15,P13,P0,P15,P11,P0,P14,P7
grating,225,1.90,P0|P1|P2|P3|P4|P5|P6|P7|P8|P9|P10|P11|P12|P13|P14|P15,0.831023,17,P15,P10,P0,P14,P7,P15,P13,P0,P15,P10,P0,P14,P7,P15,P13,P0,P15,P11,P0,P14
grating,225,1.90,P0|P1|P2|P3|P4|P5|P6|P7|P8|P9|P10|P11|P12|P13|P14|P15,0.831023,18,P0,P15,P10,P0,P14,P7,P15,P13,P0,P15,P10,P0,P14,P7,P15,P13,P0,P15,P11,P0
grating,225,1.90,P0|P1|P2|P3|P4|P5|P6|P7|P8|P9|P10|P11|P12|P13|P14|P15,0.831023,19,P12,P0,P15,P10,P0,P14,P7,P15,P13,P0,P15,P10,P0,P14,P7,P15,P13,P0,P15,P11
grating,45,2.00,P0|P1|P2|P3|P4|P5|P6|P7|P8|P9|P10|P11|P12|P13|P14|P15,0.831034,0,P15,P3,P13,P15,P6,P14,P15,P7,P14,P0,P10,P15,P0,P11,P15,P0,P12,P15,P4,P14
grating,45,2.00,P0|P1|P2|P3|P4|P5|P6|P7|P8|P9|P10|P11|P12|P13|P14|P15,0.831034,1,P12,P15,P3,P13,P15,P6,P14,P15,P7,P14,P0,P10,P15,P0,P11,P15,P0,P12,P15,P4
grating,45,2.00,P0|P1|P2|P3|P4|P5|P6|P7|P8|P9|P10|P11|P12|P13|P14|P15,0.831034,2,P0,P12,P15,P3,P13,P15,P6,P14,P15,P7,P14,P0,P10,P15,P0,P11,P15,P0,P12,P15
grating,45,2.00,P0|P1|P2|P3|P4|P5|P6|P7|P8|P9|P10|P11|P12|P13|P14|P15,0.831034,3,P15,P0,P12,P15,P3,P13,P15,P6,P14,P15,P7,P14,P0,P10,P15,P0,P11,P15,P0,P12
grating,45,2.00,P0|P1|P2|P3|P4|P5|P6|P7|P8|P9|P10|P11|P12|P13|P14|P15,0.831034,4,P11,P15,P0,P12,P15,P3,P13,P15,P6,P14,P15,P7,P14,P0,P10,P15,P0,P11,P15,P0
grating,45,2.00,P0|P1|P2|P3|P4|P5|P6|P7|P8|P9|P10|P11|P12|P13|P14|P15,0.831034,5,P0,P11,P15,P0,P12,P15,P3,P13,P15,P6,P14,P15,P7,P14,P0,P10,P15,P0,P11,P15
grating,45,2.00,P0|P1|P2|P3|P4|P5|P6|P7|P8|P9|P10|P11|P12|P13|P14|P15,0.831034,6,P15,P0,P11,P15,P0,P12,P15,P3,P13,P15,P6,P14,P15,P7,P14,P0,P10,P15,P0,P11
grating,45,2.00,P0|P1|P2|P3|P4|P5|P6|P7|P8|P9|P10|P11|P12|P13|P14|P15,0.831034,7,P9,P15,P0,P11,P15,P0,P12,P15,P3,P13,P15,P6,P14,P15,P7,P14,P0,P10,P15,P0
grating,45,2.00,P0|P1|P2|P3|P4|P5|P6|P7|P8|P9|P10|P11|P12|P13|P14|P15,0.831034,8,P0,P9,P15,P0,P11,P15,P0,P12,P15,P3,P13,P15,P6,P14,P15,P7,P14,P0,P10,P15
grating,45,2.00,P0|P1|P2|P3|P4|P5|P6|P7|P8|P9|P10|P11|P12|P13|P14|P15,0.831034,9,P14,P0,P9,P15,P0,P11,P15,P0,P12,P15,P3,P13,P15,P6,P14,P15,P7,P14,P0,P10
grating,45,2.00,P0|P1|P2|P3|P4|P5|P6|P7|P8|P9|P10|P11|P12|P13|P14|P15,0.831034,10,P7,P14,P0,P9,P15,P0,P11,P15,P0,P12,P15,P3,P13,P15,P6,P14,P15,P7,P14,P0
grating,45,2.00,P0|P1|P2|P3|P4|P5|P6|P7|P8|P9|P10|P11|P12|P13|P14|P15,0.831034,11,P15,P7,P14,P0,P9,P15,P0,P11,P15,P0,P12,P15,P3,P13,P15,P6,P14,P15,P7,P14
grating,45,2.00,P0|P1|P2|P3|P4|P5|P6|P7|P8|P9|P10|P11|P12|P13|P14|P15,0.831034,12,P14,P15,P7,P14,P0,P9,P15,P0,P11,P15,P0,P12,P15,P3,P13,P15,P6,P14,P15,P7
grating,45,2.00,P0|P1|P2|P3|P4|P5|P6|P7|P8|P9|P10|P11|P12|P13|P14|P15,0.831034,13,P6,P14,P15,P7,P14,P0,P9,P15,P0,P11,P15,P0,P12,P15,P3,P13,P15,P6,P14,P15
grating,45,2.00,P0|P1|P2|P3|P4|P5|P6|P7|P8|P9|P10|P11|P12|P13|P14|P15,0.831034,14,P15,P6,P14,P15,P7,P14,P0,P9,P15,P0,P11,P15,P0,P12,P15,P3,P13,P15,P6,P14
grating,45,2.00,P0|P1|P2|P3|P4|P5|P6|P7|P8|P9|P10|P11|P12|P13|P14|P15,0.831034,15,P13,P15,P6,P14,P15,P7,P14,P0,P9,P15,P0,P11,P15,P0,P12,P15,P3,P13,P15,P6
grating,45,2.00,P0|P1|P2|P3|P4|P5|P6|P7|P8|P9|P10|P11|P12|P13|P14|P15,0.831034,16,P2,P13,P15,P6,P14,P15,P7,P14,P0,P9,P15,P0,P11,P15,P0,P12,P15,P3,P13,P15
grating,45,2.00,P0|P1|P2|P3|P4|P5|P6|P7|P8|P9|P10|P11|P12|P13|P14|P15,0.831034,17,P15,P2,P13,P15,P6,P14,P15,P7,P14,P0,P9,P15,P0,P11,P15,P0,P12,P15,P3,P13
grating,45,2.00,P0|P1|P2|P3|P4|P5|P6|P7|P8|P9|P10|P11|P12|P13|P14|P15,0.831034,18,P12,P15,P2,P13,P15,P6,P14,P15,P7,P14,P0,P9,P15,P0,P11,P15,P0,P12,P15,P3
grating,45,2.00,P0|P1|P2|P3|P4|P5|P6|P7|P8|P9|P10|P11|P12|P13|P14|P15,0.831034,19,P0,P12,P15,P2,P13,P15,P6,P14,P15,P7,P14,P0,P9,P15,P0,P11,P15,P0,P12,P15
grating,225,2.00,P0|P1|P2|P3|P4|P5|P6|P7|P8|P9|P10|P11|P12|P13|P14|P15,0.831034,0,P15,P12,P0,P15,P11,P0,P15,P9,P0,P14,P7,P15,P14,P6,P15,P13,P2,P15,P12,P0
grating,225,2.00,P0|P1|P2|P3|P4|P5|P6|P7|P8|P9|P10|P11|P12|P13|P14|P15,0.831034,1,P3,P15,P12,P0,P15,P11,P0,P15,P9,P0,P14,P7,P15,P14,P6,P15,P13,P2,P15,P12
grating,225,2.00,P0|P1|P2|P3|P4|P5|P6|P7|P8|P9|P10|P11|P12|P13|P14|P15,0.831034,2,P13,P3,P15,P12,P0,P15,P11,P0,P15,P9,P0,P14,P7,P15,P14,P6,P15,P13,P2,P15
grating,225,2.00,P0|P1|P2|P3|P4|P5|P6|P7|P8|P9|P10|P11|P12|P13|P14|P15,0.831034,3,P15,P13,P3,P15,P12,P0,P15,P11,P0,P15,P9,P0,P14,P7,P15,P14,P6,P15,P13,P2
grating,225,2.00,P0|P1|P2|P3|P4|P5|P6|P7|P8|P9|P10|P11|P12|P13|P14|P15,0.831034,4,P6,P15,P13,P3,P15,P12,P0,P15,P11,P0,P15,P9,P0,P14,P7,P15,P14,P6,P15,P13
grating,225,2.00,P0|P1|P2|P3|P4|P5|P6|P7|P8|P9|P10|P11|P12|P13|P14|P15,0.831034,5,P14,P6,P15,P13,P3,P15,P12,P0,P15,P11,P0,P15,P9,P0,P14,P7,P15,P14,P6,P15
grating,225,2.00,P0|P1|P2|P3|P4|P5|P6|P7|P8|P9|P10|P11|P12|P13|P14|P15,0.831034,6,P15,P14,P6,P15,P13,P3,P15,P12,P0,P15,P11,P0,P15,P9,P0,P14,P7,P15,P14,P6
grating,225,2.00,P0|P1|P2|P3|P4|P5|P6|P7|P8|P9|P10|P11|P12|P13|P14|P15,0.831034,7,P7,P15,P14,P6,P15,P13,P3,P15,P12,P0,P15,P11,P0,P15,P9,P0,P14,P7,P15,P14
grating,225,2.00,P0|P1|P2|P3|P4|P5|P6|P7|P8|P9|P10|P11|P12|P13|P14|P15,0.831034,8,P14,P7,P15,P14,P6,P15,P13,P3,P15,P12,P0,P15,P11,P0,P15,P9,P0,P14,P7,P15
grating,225,2.00,P0|P1|P2|P3|P4|P5|P6|P7|P8|P9|P10|P11|P12|P13|P14|P15,0.831034,9,P0,P14,P7,P15,P14,P6,P15,P13,P3,P15,P12,P0,P15,P11,P0,P15,P9,P0,P14,P7
grating,225,2.00,P0|P1|P2|P3|P4|P5|P6|P7|P8|P9|P10|P11|P12|P13|P14|P15,0.831034,10,P10,P0,P14,P7,P15,P14,P6,P15,P13,P3,P15,P12,P0,P15,P11,P0,P15,P9,P0,P14
grating,225,2.00,P0|P1|P2|P3|P4|P5|P6|P7|P8|P9|P10|P11|P12|P13|P14|P15,0.831034,11,P15,P10,P0,P14,P7,P15,P14,P6,P15,P13,P3,P15,P12,P0,P15,P11,P0,P15,P9,P0
grating,225,2.00,P0|P1|P2|P3|P4|P5|P6|P7|P8|P9|P10|P11|P12|P13|P14|P15,0.831034,12,P0,P15,P10,P0,P14,P7,P15,P14,P6,P15,P13,P3,P15,P12,P0,P15,P11,P0,P15,P9
grating,225,2.00,P0|P1|P2|P3|P4|P5|P6|P7|P8|P9|P10|P11|P12|P13|P14|P15,0.831034,13,P11,P0,P15,P10,P0,P14,P7,P15,P14,P6,P15,P13,P3,P15,P12,P0,P15,P11,P0,P15
grating,225,2.00,P0|P1|P2|P3|P4|P5|P6|P7|P8|P9|P10|P11|P12|P13|P14|P15,0.831034,14,P15,P11,P0,P15,P10,P0,P14,P7,P15,P14,P6,P15,P13,P3,P15,P12,P0,P15,P11,P0
grating,225,2.00,P0|P1|P2|P3|P4|P5|P6|P7|P8|P9|P10|P11|P12|P13|P14|P15,0.831034,15,P0,P15,P11,P0,P15,P10,P0,P14,P7,P15,P14,P6,P15,P13,P3,P15,P12,P0,P15,P11
grating,225,2.00,P0|P1|P2|P3|P4|P5|P6|P7|P8|P9|P10|P11|P12|P13|P14|P15,0.831034,16,P12,P0,P15,P11,P0,P15,P10,P0,P14,P7,P15,P14,P6,P15,P13,P3,P15,P12,P0,P15
grating,225,2.00,P0|P1|P2|P3|P4|P5|P6|P7|P8|P9|P10|P11|P12|P13|P14|P15,0.831034,17,P15,P12,P0,P15,P11,P0,P15,P10,P0,P14,P7,P15,P14,P6,P15,P13,P3,P15,P12,P0
grating,225,2.00,P0|P1|P2|P3|P4|P5|P6|P7|P8|P9|P10|P11|P12|P13|P14|P15,0.831034,18,P4,P15,P12,P0,P15,P11,P0,P15,P10,P0,P14,P7,P15,P14,P6,P15,P13,P3,P15,P12
grating,225,2.00,P0|P1|P2|P3|P4|P5|P6|P7|P8|P9|P10|P11|P12|P13|P14|P15,0.831034,19,P14,P4,P15,P12,P0,P15,P11,P0,P15,P10,P0,P14,P7,P15,P14,P6,P15,P13,P3,P15
grating,45,2.10,P0|P1|P2|P3|P4|P5|P6|P7|P8|P9|P10|P11|P12|P13|P14|P15,0.831072,0,P8,P14,P0,P8,P14,P0,P9,P14,P0,P9,P15,P0,P10,P15,P0,P10,P15,P0,P10,P15
grating,45,2.10,P0|P1|P2|P3|P4|P5|P6|P7|P8|P9|P10|P11|P12|P13|P14|P15,0.831072,1,P0,P8,P14,P0,P8,P14,P0,P9,P14,P0,P9,P15,P0,P10,P15,P0,P10,P15,P0,P10
grating,45,2.10,P0|P1|P2|P3|P4|P5|P6|P7|P8|P9|P10|P11|P12|P13|P14|P15,0.831072,2,P14,P0,P8,P14,P0,P8,P14,P0,P9,P14,P0,P9,P15,P0,P10,P15,P0,P10,P15,P0
grating,45,2.10,P0|P1|P2|P3|P4|P5|P6|P7|P8|P9|P10|P11|P12|P13|P14|P15,0.831072,3,P8,P14,P0,P8,P14,P0,P8,P14,P0,P9,P14,P0,P9,P15,P0,P10,P15,P0,P10,P15
grating,45,2.10,P0|P1|P2|P3|P4|P5|P6|P7|P8|P9|P10|P11|P12|P13|P14|P15,0.831072,4,P15,P8,P14,P0,P8,P14,P0,P8,P14,P0,P9,P14,P0,P9,P15,P0,P10,P15,P0,P10
grating,45,2.10,P0|P1|P2|P3|P4|P5|P6|P7|P8|P9|P10|P11|P12|P13|P14|P15,0.831072,5,P14,P15,P8,P14,P0,P8,P14,P0,P8,P14,P0,P9,P14,P0,P9,P15,P0,P10,P15,P0
grating,45,2.10,P0|P1|P2|P3|P4|P5|P6|P7|P8|P9|P10|P11|P12|P13|P14|P15,0.831072,6,P8,P14,P15,P8,P14,P0,P8,P14,P0,P8,P14,P0,P9,P14,P0,P9,P15,P0,P10,P15
grating,45,2.10,P0|P1|P2|P3|P4|P5|P6|P7|P8|P9|P10|P11|P12|P13|P14|P15,0.831072,7,P15,P8,P14,P15,P8,P14,P0,P8,P14,P0,P8,P14,P0,P9,P14,P0,P9,P15,P0,P10
grating,45,2.10,P0|P1|P2|P3|P4|P5|P6|P7|P8|P9|P10|P11|P12|P13|P14|P15,0.831072,8,P14,P15,P8,P14,P15,P8,P14,P0,P8,P14,P0,P8,P14,P0,P9,P14,P0,P9,P15,P0
grating,45,2.10,P0|P1|P2|P3|P4|P5|P6|P7|P8|P9|P10|P11|P12|P13|P14|P15,0.831072,9,P7,P14,P15,P8,P14,P15,P8,P14,P0,P8,P14,P0,P8,P14,P0,P9,P14,P0,P9,P15
grating,45,2.10,P0|P1|P2|P3|P4|P5|P6|P7|P8|P9|P10|P11|P12|P13|P14|P15,0.831072,10,P15,P7,P14,P15,P8,P14,P15,P8,P14,P0,P8,P14,P0,P8,P14,P0,P9,P14,P0,P9
grating,45,2.10,P0|P1|P2|P3|P4|P5|P6|P7|P8|P9|P10|P11|P12|P13|P14|P15,0.831072,11,P14,P15,P7,P14,P15,P8,P14,P15,P8,P14,P0,P8,P14,P0,P8,P14,P0,P9,P14,P0
grating,45,2.10,P0|P1|P2|P3|P4|P5|P6|P7|P8|P9|P10|P11|P12|P13|P14|P15,0.831072,12,P7,P14,P15,P7,P14,P15,P8,P14,P15,P8,P14,P0,P8,P14,P0,P8,P14,P0,P9,P14
grating,45,2.10,P0|P1|P2|P3|P4|P5|P6|P7|P8|P9|P10|P11|P12|P13|P14|P15,0.831072,13,P15,P7,P14,P15,P7,P14,P15,P8,P14,P15,P8,P14,P0,P8,P14,P0,P8,P14,P0,P9
grating,45,2.10,P0|P1|P2|P3|P4|P5|P6|P7|P8|P9|P10|P11|P12|P13|P14|P15,0.831072,14,P14,P15,P7,P14,P15,P7,P14,P15,P8,P14,P15,P8,P14,P0,P8,P14,P0,P8,P14,P0
grating,45,2.10,P0|P1|P2|P3|P4|P5|P6|P7|P8|P9|P10|P11|P12|P13|P14|P15,0.831072,15,P7,P14,P15,P7,P14,P15,P7,P14,P15,P8,P14,P15,P8,P14,P0,P8,P14,P0,P8,P14
grating,45,2.10,P0|P1|P2|P3|P4|P5|P6|P7|P8|P9|P10|P11|P12|P13|P14|P15,0.831072,16,P15,P7,P14,P15,P7,P14,P15,P7,P14,P15,P8,P14,P15,P8,P14,P0,P8,P14,P0,P8
grating,45,2.10,P0|P1|P2|P3|P4|P5|P6|P7|P8|P9|P10|P11|P12|P13|P14|P15,0.831072,17,P14,P15,P7,P14,P15,P7,P14,P15,P7,P14,P15,P8,P14,P15,P8,P14,P0,P8,P14,P0
grating,45,2.10,P0|P1|P2|P3|P4|P5|P6|P7|P8|P9|P10|P11|P12|P13|P14|P15,0.831072,18,P7,P14,P15,P7,P14,P15,P7,P14,P15,P7,P14,P15,P8,P14,P15,P8,P14,P0,P8,P14
grating,45,2.10,P0|P1|P2|P3|P4|P5|P6|P7|P8|P9|P10|P11|P12|P13|P14|P15,0.831072,19,P15,P7,P14,P15,P7,P14,P15,P7,P14,P15,P7,P14,P15,P8,P14,P15,P8,P14,P0,P8
grating,225,2.10,P0|P1|P2|P3|P4|P5|P6|P7|P8|P9|P10|P11|P12|P13|P14|P15,0.831072,0,P8,P0,P14,P8,P15,P14,P8,P15,P14,P7,P15,P14,P7,P15,P14,P7,P15,P14,P7,P15
grating,225,2.10,P0|P1|P2|P3|P4|P5|P6|P7|P8|P9|P10|P11|P12|P13|P14|P15,0.831072,1,P14,P8,P0,P14,P8,P15,P14,P8,P15,P14,P7,P15,P14,P7,P15,P14,P7,P15,P14,P7
grating,225,2.10,P0|P1|P2|P3|P4|P5|P6|P7|P8|P9|P10|P11|P12|P13|P14|P15,0.831072,2,P0,P14,P8,P0,P14,P8,P15,P14,P8,P15,P14,P7,P15,P14,P7,P15,P14,P7,P15,P14
grating,225,2.10,P0|P1|P2|P3|P4|P5|P6|P7|P8|P9|P10|P11|P12|P13|P14|P15,0.831072,3,P8,P0,P14,P8,P0,P14,P8,P15,P14,P8,P15,P14,P7,P15,P14,P7,P15,P14,P7,P15
grating,225,2.10,P0|P1|P2|P3|P4|P5|P6|P7|P8|P9|P10|P11|P12|P13|P14|P15,0.831072,4,P14,P8,P0,P14,P8,P0,P14,P8,P15,P14,P8,P15,P14,P7,P15,P14,P7,P15,P14,P7
grating,225,2.10,P0|P1|P2|P3|P4|P5|P6|P7|P8|P9|P10|P11|P12|P13|P14|P15,0.831072,5,P0,P14,P8,P0,P14,P8,P0,P14,P8,P15,P14,P8,P15,P14,P7,P15,P14,P7,P15,P14
grating,225,2.10,P0|P1|P2|P3|P4|P5|P6|P7|P8|P9|P10|P11|P12|P13|P14|P15,0.831072,6,P9,P0,P14,P8,P0,P14,P8,P0,P14,P8,P15,P14,P8,P15,P14,P7,P15,P14,P7,P15
grating,225,2.10,P0|P1|P2|P3|P4|P5|P6|P7|P8|P9|P10|P11|P12|P13|P14|P15,0.831072,7,P14,P9,P0,P14,P8,P0,P14,P8,P0,P14,P8,P15,P14,P8,P15,P14,P7,P15,P14,P7
grating,225,2.10,P0|P1|P2|P3|P4|P5|P6|P7|P8|P9|P10|P11|P12|P13|P14|P15,0.831072,8,P0,P14,P9,P0,P14,P8,P0,P14,P8,P0,P14,P8,P15,P14,P8,P15,P14,P7,P15,P14
grating,225,2.10,P0|P1|P2|P3|P4|P5|P6|P7|P8|P9|P10|P11|P12|P13|P14|P15,0.831072,9,P9,P0,P14,P9,P0,P14,P8,P0,P14,P8,P0,P14,P8,P15,P14,P8,P15,P14,P7,P15
grating,225,2.10,P0|P1|P2|P3|P4|P5|P6|P7|P8|P9|P10|P11|P12|P13|P14|P15,0.831072,10,P15,P9,P0,P14,P9,P0,P14,P8,P0,P14,P8,P0,P14,P8,P15,P14,P8,P15,P14,P7
grating,225,2.10,P0|P1|P2|P3|P4|P5|P6|P7|P8|P9|P10|P11|P12|P13|P14|P15,0.831072,11,P0,P15,P9,P0,P14,P9,P0,P14,P8,P0,P14,P8,P0,P14,P8,P15,P14,P8,P15,P14
grating,225,2.10,P0|P1|P2|P3|P4|P5|P6|P7|P8|P9|P10|P11|P12|P13|P14|P15,0.831072,12,P10,P0,P15,P9,P0,P14,P9,P0,P14,P8,P0,P14,P8,P0,P14,P8,P15,P14,P8,P15
grating,225,2.10,P0|P1|P2|P3|P4|P5|P6|P7|P8|P9|P10|P11|P12|P13|P14|P15,0.831072,13,P15,P10,P0,P15,P9,P0,P14,P9,P0,P14,P8,P0,P14,P8,P0,P14,P8,P15,P14,P8
grating,225,2.10,P0|P1|P2|P3|P4|P5|P6|P7|P8|P9|P10|P11|P12|P13|P14|P15,0.831072,14,P0,P15,P10,P0,P15,P9,P0,P14,P9,P0,P14,P8,P0,P14,P8,P0,P14,P8,P15,P14
grating,225,2.10,P0|P1|P2|P3|P4|P5|P6|P7|P8|P9|P10|P11|P12|P13|P14|P15,0.831072,15,P10,P0,P15,P10,P0,P15,P9,P0,P14,P9,P0,P14,P8,P0,P14,P8,P0,P14,P8,P15
grating,225,2.10,P0|P1|P2|P3|P4|P5|P6|P7|P8|P9|P10|P11|P12|P13|P14|P15,0.831072,16,P15,P10,P0,P15,P10,P0,P15,P9,P0,P14,P9,P0,P14,P8,P0,P14,P8,P0,P14,P8
grating,225,2.10,P0|P1|P2|P3|P4|P5|P6|P7|P8|P9|P10|P11|P12|P13|P14|P15,0.831072,17,P0,P15,P10,P0,P15,P10,P0,P15,P9,P0,P14,P9,P0,P14,P8,P0,P14,P8,P0,P14
grating,225,2.10,P0|P1|P2|P3|P4|P5|P6|P7|P8|P9|P10|P11|P12|P13|P14|P15,0.831072,18,P10,P0,P15,P10,P0,P15,P10,P0,P15,P9,P0,P14,P9,P0,P14,P8,P0,P14,P8,P0
grating,225,2.10,P0|P1|P2|P3|P4|P5|P6|P7|P8|P9|P10|P11|P12|P13|P14|P15,0.831072,19,P15,P10,P0,P15,P10,P0,P15,P10,P0,P15,P9,P0,P14,P9,P0,P14,P8,P0,P14,P8
grating,45,2.20,P0|P1|P2|P3|P4|P5|P6|P7|P8|P9|P10|P11|P12|P13|P14|P15,0.832060,0,P13,P15,P0,P12,P15,P0,P11,P15,P0,P10,P15,P0,P9,P14,P0,P8,P14,P15,P7,P14
grating,45,2.20,P0|P1|P2|P3|P4|P5|P6|P7|P8|P9|P10|P11|P12|P13|P14|P15,0.832060,1,P2,P13,P15,P0,P12,P15,P0,P11,P15,P0,P10,P15,P0,P9,P14,P0,P8,P14,P15,P7
grating,45,2.20,P0|P1|P2|P3|P4|P5|P6|P7|P8|P9|P10|P11|P12|P13|P14|P15,0.832060,2,P15,P2,P13,P15,P0,P12,P15,P0,P11,P15,P0,P10,P15,P0,P9,P14,P0,P8,P14,P15
grating,45,2.20,P0|P1|P2|P3|P4|P5|P6|P7|P8|P9|P10|P11|P12|P13|P14|P15,0.832060,3,P13,P15,P2,P13,P15,P0,P12,P15,P0,P11,P15,P0,P10,P15,P0,P9,P14,P0,P8,P14
grating,45,2.20,P0|P1|P2|P3|P4|P5|P6|P7|P8|P9|P10|P11|P12|P13|P14|P15,0.832060,4,P5,P13,P15,P2,P13,P15,P0,P12,P15,P0,P11,P15,P0,P10,P15,P0,P9,P14,P0,P8
grating,45,2.20,P0|P1|P2|P3|P4|P5|P6|P7|P8|P9|P10|P11|P12|P13|P14|P15,0.832060,5,P15,P5,P13,P15,P2,P13,P15,P0,P12,P15,P0,P11,P15,P0,P10,P15,P0,P9,P14,P0
grating,45,2.20,P0|P1|P2|P3|P4|P5|P6|P7|P8|P9|P10|P11|P12|P13|P14|P15,0.832060,6,P14,P15,P5,P13,P15,P2,P13,P15,P0,P12,P15,P0,P11,P15,P0,P10,P15,P0,P9,P14
grating,45,2.20,P0|P1|P2|P3|P4|P5|P6|P7|P8|P9|P10|P11|P12|P13|P14|P15,0.832060,7,P6,P14,P15,P5,P13,P15,P2,P13,P15,P0,P12,P15,P0,P11,P15,P0,P10,P15,P0,P9
grating,45,2.20,P0|P1|P2|P3|P4|P5|P6|P7|P8|P9|P10|P11|P12|P13|P14|P15,0.832060,8,P15,P6,P14,P15,P5,P13,P15,P2,P13,P15,P0,P12,P15,P0,P11,P15,P0,P10,P15,P0
grating,45,2.20,P0|P1|P2|P3|P4|P5|P6|P7|P8|P9|P10|P11|P12|P13|P14|P15,0.832060,9,P14,P15,P6,P14,P15,P5,P13,P15,P2,P13,P15,P0,P12,P15,P0,P11,P15,P0,P10,P15
grating,45,2.20,P0|P1|P2|P3|P4|P5|P6|P7|P8|P9|P10|P11|P12|P13|P14|P15,0.832060,10,P7,P14,P15,P6,P14,P15,P5,P13,P15,P2,P13,P15,P0,P12,P15,P0,P11,P15,P0,P10
grating,45,2.20,P0|P1|P2|P3|P4|P5|P6|P7|P8|P9|P10|P11|P12|P13|P14|P15,0.832060,11,P15,P7,P14,P15,P6,P14,P15,P5,P13,P15,P2,P13,P15,P0,P12,P15,P0,P11,P15,P0
grating,45,2.20,P0|P1|P2|P3|P4|P5|P6|P7|P8|P9|P10|P11|P12|P13|P14|P15,0.832060,12,P14,P15,P7,P14,P15,P6,P14,P15,P5,P13,P15,P2,P13,P15,P0,P12,P15,P0,P11,P15
grating,45,2.20,P0|P1|P2|P3|P4|P5|P6|P7|P8|P9|P10|P11|P12|P13|P14|P15,0.832060,13,P8,P14,P15,P7,P14,P15,P6,P14,P15,P5,P13,P15,P2,P13,P15,P0,P12,P15,P0,P11
grating,45,2.20,P0|P1|P2|P3|P4|P5|P6|P7|P8|P9|P10|P11|P12|P13|P14|P15,0.832060,14,P0,P8,P14,P15,P7,P14,P15,P6,P14,P15,P5,P13,P15,P2,P13,P15,P0,P12,P15,P0
grating,45,2.20,P0|P1|P2|P3|P4|P5|P6|P7|P8|P9|P10|P11|P12|P13|P14|P15,0.832060,15,P14,P0,P8,P14,P15,P7,P14,P15,P6,P14,P15,P5,P13,P15,P2,P13,P15,P0,P12,P15
grating,45,2.20,P0|P1|P2|P3|P4|P5|P6|P7|P8|P9|P10|P11|P12|P13|P14|P15,0.832060,16,P9,P14,P0,P8,P14,P15,P7,P14,P15,P6,P14,P15,P5,P13,P15,P2,P13,P15,P0,P12
grating,45,2.20,P0|P1|P2|P3|P4|P5|P6|P7|P8|P9|P10|P11|P12|P13|P14|P15,0.832060,17,P0,P9,P14,P0,P8,P14,P15,P7,P14,P15,P6,P14,P15,P5,P13,P15,P2,P13,P15,P0
grating,45,2.20,P0|P1|P2|P3|P4|P5|P6|P7|P8|P9|P10|P11|P12|P13|P14|P15,0.832060,18,P15,P0,P9,P14,P0,P8,P14,P15,P7,P14,P15,P6,P14,P15,P5,P13,P15,P2,P13,P15
grating,45,2.20,P0|P1|P2|P3|P4|P5|P6|P7|P8|P9|P10|P11|P12|P13|P14|P15,0.832060,19,P10,P15,P0,P9,P14,P0,P8,P14,P15,P7,P14,P15,P6,P14,P15,P5,P13,P15,P2,P13
grating,225,2.20,P0|P1|P2|P3|P4|P5|P6|P7|P8|P9|P10|P11|P12|P13|P14|P15,0.832060,0,P13,P2,P15,P13,P5,P15,P14,P6,P15,P14,P7,P15,P14,P8,P0,P14,P9,P0,P15,P10
grating,225,2.20,P0|P1|P2|P3|P4|P5|P6|P7|P8|P9|P10|P11|P12|P13|P14|P15,0.832060,1,P15,P13,P2,P15,P13,P5,P15,P14,P6,P15,P14,P7,P15,P14,P8,P0,P14,P9,P0,P15
grating,225,2.20,P0|P1|P2|P3|P4|P5|P6|P7|P8|P9|P10|P11|P12|P13|P14|P15,0.832060,2,P0,P15,P13,P2,P15,P13,P5,P15,P14,P6,P15,P14,P7,P15,P14,P8,P0,P14,P9,P0
grating,225,2.20,P0|P1|P2|P3|P4|P5|P6|P7|P8|P9|P10|P11|P12|P13|P14|P15,0.832060,3,P12,P0,P15,P13,P2,P15,P13,P5,P15,P14,P6,P15,P14,P7,P15,P14,P8,P0,P14,P9
grating,225,2.20,P0|P1|P2|P3|P4|P5|P6|P7|P8|P9|P10|P11|P12|P13|P14|P15,0.832060,4,P15,P12,P0,P15,P13,P2,P15,P13,P5,P15,P14,P6,P15,P14,P7,P15,P14,P8,P0,P14
grating,225,2.20,P0|P1|P2|P3|P4|P5|P6|P7|P8|P9|P10|P11|P12|P13|P14|P15,0.832060,5,P0,P15,P12,P0,P15,P13,P2,P15,P13,P5,P15,P14,P6,P15,P14,P7,P15,P14,P8,P0
grating,225,2.20,P0|P1|P2|P3|P4|P5|P6|P7|P8|P9|P10|P11|P12|P13|P14|P15,0.832060,6,P11,P0,P15,P12,P0,P15,P13,P2,P15,P13,P5,P15,P14,P6,P15,P14,P7,P15,P14,P8
grating,225,2.20,P0|P1|P2|P3|P4|P5|P6|P7|P8|P9|P10|P11|P12|P13|P14|P15,0.832060,7,P15,P11,P0,P15,P12,P0,P15,P13,P2,P15,P13,P5,P15,P14,P6,P15,P14,P7,P15,P14
grating,225,2.20,P0|P1|P2|P3|P4|P5|P6|P7|P8|P9|P10|P11|P12|P13|P14|P15,0.832060,8,P0,P15,P11,P0,P15,P12,P0,P15,P13,P2,P15,P13,P5,P15,P14,P6,P15,P14,P7,P15
grating,225,2.20,P0|P1|P2|P3|P4|P5|P6|P7|P8|P9|P10|P11|P12|P13|P14|P15,0.832060,9,P10,P0,P15,P11,P0,P15,P12,P0,P15,P13,P2,P15,P13,P5,P15,P14,P6,P15,P14,P7
grating,225,2.20,P0|P1|P2|P3|P4|P5|P6|P7|P8|P9|P10|P11|P12|P13|P14|P15,0.832060,10,P15,P10,P0,P15,P11,P0,P15,P12,P0,P15,P13,P2,P15,P13,P5,P15,P14,P6,P15,P14
grating,225,2.20,P0|P1|P2|P3|P4|P5|P6|P7|P8|P9|P10|P11|P12|P13|P14|P15,0.832060,11,P0,P15,P10,P0,P15,P11,P0,P15,P12,P0,P15,P13,P2,P15,P13,P5,P15,P14,P6,P15
grating,225,2.20,P0|P1|P2|P3|P4|P5|P6|P7|P8|P9|P10|P11|P12|P13|P14|P15,0.832060,12,P9,P0,P15,P10,P0,P15,P11,P0,P15,P12,P0,P15,P13,P2,P15,P13,P5,P15,P14,P6
grating,225,2.20,P0|P1|P2|P3|P4|P5|P6|P7|P8|P9|P10|P11|P12|P13|P14|P15,0.832060,13,P14,P9,P0,P15,P10,P0,P15,P11,P0,P15,P12,P0,P15,P13,P2,P15,P13,P5,P15,P14
grating,225,2.20,P0|P1|P2|P3|P4|P5|P6|P7|P8|P9|P10|P11|P12|P13|P14|P15,0.832060,14,P0,P14,P9,P0,P15,P10,P0,P15,P11,P0,P15,P12,P0,P15,P13,P2,P15,P13,P5,P15
grating,225,2.20,P0|P1|P2|P3|P4|P5|P6|P7|P8|P9|P10|P11|P12|P13|P14|P15,0.832060,15,P8,P0,P14,P9,P0,P15,P10,P0,P15,P11,P0,P15,P12,P0,P15,P13,P2,P15,P13,P5
grating,225,2.20,P0|P1|P2|P3|P4|P5|P6|P7|P8|P9|P10|P11|P12|P13|P14|P15,0.832060,16,P14,P8,P0,P14,P9,P0,P15,P10,P0,P15,P11,P0,P15,P12,P0,P15,P13,P2,P15,P13
grating,225,2.20,P0|P1|P2|P3|P4|P5|P6|P7|P8|P9|P10|P11|P12|P13|P14|P15,0.832060,17,P15,P14,P8,P0,P14,P9,P0,P15,P10,P0,P15,P11,P0,P15,P12,P0,P15,P13,P2,P15
grating,225,2.20,P0|P1|P2|P3|P4|P5|P6|P7|P8|P9|P10|P11|P12|P13|P14|P15,0.832060,18,P7,P15,P14,P8,P0,P14,P9,P0,P15,P10,P0,P15,P11,P0,P15,P12,P0,P15,P13,P2
grating,225,2.20,P0|P1|P2|P3|P4|P5|P6|P7|P8|P9|P10|P11|P12|P13|P14|P15,0.832060,19,P14,P7,P15,P14,P8,P0,P14,P9,P0,P15,P10,P0,P15,P11,P0,P15,P12,P0,P15,P13
grating,45,2.30,P0|P1|P2|P3|P4|P5|P6|P7|P8|P9|P10|P11|P12|P13|P14|P15,0.831079,0,P0,P8,P14,P15,P7,P14,P15,P3,P13,P15,P0,P11,P15,P0,P8,P14,P15,P7,P14,P15
grating,45,2.30,P0|P1|P2|P3|P4|P5|P6|P7|P8|P9|P10|P11|P12|P13|P14|P15,0.831079,1,P15,P0,P8,P14,P15,P7,P14,P15,P3,P13,P15,P0,P11,P15,P0,P8,P14,P15,P7,P14
grating,45,2.30,P0|P1|P2|P3|P4|P5|P6|P7|P8|P9|P10|P11|P12|P13|P14|P15,0.831079,2,P11,P15,P0,P8,P14,P15,P7,P14,P15,P3,P13,P15,P0,P11,P15,P0,P8,P14,P15,P7
grating,45,2.30,P0|P1|P2|P3|P4|P5|P6|P7|P8|P9|P10|P11|P12|P13|P14|P15,0.831079,3,P0,P11,P15,P0,P8,P14,P15,P7,P14,P15,P3,P13,P15,P0,P11,P15,P0,P8,P14,P15
grating,45,2.30,P0|P1|P2|P3|P4|P5|P6|P7|P8|P9|P10|P11|P12|P13|P14|P15,0.831079,4,P15,P0,P11,P15,P0,P8,P14,P15,P7,P14,P15,P3,P13,P15,P0,P11,P15,P0,P8,P14
grating,45,2.30,P0|P1|P2|P3|P4|P5|P6|P7|P8|P9|P10|P11|P12|P13|P14|P15,0.831079,5,P13,P15,P0,P11,P15,P0,P8,P14,P15,P7,P14,P15,P3,P13,P15,P0,P11,P15,P0,P8
grating,45,2.30,P0|P1|P2|P3|P4|P5|P6|P7|P8|P9|P10|P11|P12|P13|P14|P15,0.831079,6,P4,P13,P15,P0,P11,P15,P0,P8,P14,P15,P7,P14,P15,P3,P13,P15,P0,P11,P15,P0
grating,45,2.30,P0|P1|P2|P3|P4|P5|P6|P7|P8|P9|P10|P11|P12|P13|P14|P15,0.831079,7,P15,P4,P13,P15,P0,P11,P15,P0,P8,P14,P15,P7,P14,P15,P3,P13,P15,P0,P11,P15
grating,45,2.30,P0|P1|P2|P3|P4|P5|P6|P7|P8|P9|P10|P11|P12|P13|P14|P15,0.831079,8,P14,P15,P4,P13,P15,P0,P11,P15,P0,P8,P14,P15,P7,P14,P15,P3,P13,P15,P0,P11
grating,45,2.30,P0|P1|P2|P3|P4|P5|P6|P7|P8|P9|P10|P11|P12|P13|P14|P15,0.831079,9,P7,P14,P15,P4,P13,P15,P0,P11,P15,P0,P8,P14,P15,P7,P14,P15,P3,P13,P15,P0
grating,45,2.30,P0|P1|P2|P3|P4|P5|P6|P7|P8|P9|P10|P11|P12|P13|P14|P15,0.831079,10,P15,P7,P14,P15,P4,P13,P15,P0,P11,P15,P0,P8,P14,P15,P7,P14,P15,P3,P13,P15
grating,45,2.30,P0|P1|P2|P3|P4|P5|P6|P7|P8|P9|P10|P11|P12|P13|P14|P15,0.831079,11,P14,P15,P7,P14,P15,P4,P13,P15,P0,P11,P15,P0,P8,P14,P15,P7,P14,P15,P3,P13
grating,45,2.30,P0|P1|P2|P3|P4|P5|P6|P7|P8|P9|P10|P11|P12|P13|P14|P15,0.831079,12,P9,P14,P15,P7,P14,P15,P4,P13,P15,P0,P11,P15,P0,P8,P14,P15,P7,P14,P15,P3
grating,45,2.30,P0|P1|P2|P3|P4|P5|P6|P7|P8|P9|P10|P11|P12|P13|P14|P15,0.831079,13,P0,P9,P14,P15,P7,P14,P15,P4,P13,P15,P0,P11,P15,P0,P8,P14,P15,P7,P14,P15
grating,45,2.30,P0|P1|P2|P3|P4|P5|P6|P7|P8|P9|P10|P11|P12|P13|P14|P15,0.831079,14,P15,P0,P9,P14,P15,P7,P14,P15,P4,P13,P15,P0,P11,P15,P0,P8,P14,P15,P7,P14
grating,45,2.30,P0|P1|P2|P3|P4|P5|P6|P7|P8|P9|P10|P11|P12|P13|P14|P15,0.831079,15,P11,P15,P0,P9,P14,P15,P7,P14,P15,P4,P13,P15,P0,P11,P15,P0,P8,P14,P15,P7
grating,45,2.30,P0|P1|P2|P3|P4|P5|P6|P7|P8|P9|P10|P11|P12|P13|P14|P15,0.831079,16,P0,P11,P15,P0,P9,P14,P15,P7,P14,P15,P4,P13,P15,P0,P11,P15,P0,P8,P14,P15
grating,45,2.30,P0|P1|P2|P3|P4|P5|P6|P7|P8|P9|P10|P11|P12|P13|P14|P15,0.831079,17,P15,P0,P11,P15,P0,P9,P14,P15,P7,P14,P15,P4,P13,P15,P0,P11,P15,P0,P8,P14
grating,45,2.30,P0|P1|P2|P3|P4|P5|P6|P7|P8|P9|P10|P11|P12|P13|P14|P15,0.831079,18,P13,P15,P0,P11,P15,P0,P9,P14,P15,P7,P14,P15,P4,P13,P15,P0,P11,P15,P0,P8
grating,45,2.30,P0|P1|P2|P3|P4|P5|P6|P7|P8|P9|P10|P11|P12|P13|P14|P15,0.831079,19,P4,P13,P15,P0,P11,P15,P0,P9,P14,P15,P7,P14,P15,P4,P13,P15,P0,P11,P15,P0
grating,225,2.30,P0|P1|P2|P3|P4|P5|P6|P7|P8|P9|P10|P11|P12|P13|P14|P15,0.831079,0,P0,P15,P11,P0,P15,P13,P4,P15,P14,P7,P15,P14,P9,P0,P15,P11,P0,P15,P13,P4
grating,225,2.30,P0|P1|P2|P3|P4|P5|P6|P7|P8|P9|P10|P11|P12|P13|P14|P15,0.831079,1,P8,P0,P15,P11,P0,P15,P13,P4,P15,P14,P7,P15,P14,P9,P0,P15,P11,P0,P15,P13
grating,225,2.30,P0|P1|P2|P3|P4|P5|P6|P7|P8|P9|P10|P11|P12|P13|P14|P15,0.831079,2,P14,P8,P0,P15,P11,P0,P15,P13,P4,P15,P14,P7,P15,P14,P9,P0,P15,P11,P0,P15
grating,225,2.30,P0|P1|P2|P3|P4|P5|P6|P7|P8|P9|P10|P11|P12|P13|P14|P15,0.831079,3,P15,P14,P8,P0,P15,P11,P0,P15,P13,P4,P15,P14,P7,P15,P14,P9,P0,P15,P11,P0
grating,225,2.30,P0|P1|P2|P3|P4|P5|P6|P7|P8|P9|P10|P11|P12|P13|P14|P15,0.831079,4,P7,P15,P14,P8,P0,P15,P11,P0,P15,P13,P4,P15,P14,P7,P15,P14,P9,P0,P15,P11
grating,225,2.30,P0|P1|P2|P3|P4|P5|P6|P7|P8|P9|P10|P11|P12|P13|P14|P15,0.831079,5,P14,P7,P15,P14,P8,P0,P15,P11,P0,P15,P13,P4,P15,P14,P7,P15,P14,P9,P0,P15
grating,225,2.30,P0|P1|P2|P3|P4|P5|P6|P7|P8|P9|P10|P11|P12|P13|P14|P15,0.831079,6,P15,P14,P7,P15,P14,P8,P0,P15,P11,P0,P15,P13,P4,P15,P14,P7,P15,P14,P9,P0
grating,225,2.30,P0|P1|P2|P3|P4|P5|P6|P7|P8|P9|P10|P11|P12|P13|P14|P15,0.831079,7,P3,P15,P14,P7,P15,P14,P8,P0,P15,P11,P0,P15,P13,P4,P15,P14,P7,P15,P14,P9
grating,225,2.30,P0|P1|P2|P3|P4|P5|P6|P7|P8|P9|P10|P11|P12|P13|P14|P15,0.831079,8,P13,P3,P15,P14,P7,P15,P14,P8,P0,P15,P11,P0,P15,P13,P4,P15,P14,P7,P15,P14
grating,225,2.30,P0|P1|P2|P3|P4|P5|P6|P7|P8|P9|P10|P11|P12|P13|P14|P15,0.831079,9,P15,P13,P3,P15,P14,P7,P15,P14,P8,P0,P15,P11,P0,P15,P13,P4,P15,P14,P7,P15
grating,225,2.30,P0|P1|P2|P3|P4|P5|P6|P7|P8|P9|P10|P11|P12|P13|P14|P15,0.831079,10,P0,P15,P13,P3,P15,P14,P7,P15,P14,P8,P0,P15,P11,P0,P15,P13,P4,P15,P14,P7
grating,225,2.30,P0|P1|P2|P3|P4|P5|P6|P7|P8|P9|P10|P11|P12|P13|P14|P15,0.831079,11,P11,P0,P15,P13,P3,P15,P14,P7,P15,P14,P8,P0,P15,P11,P0,P15,P13,P4,P15,P14
grating,225,2.30,P0|P1|P2|P3|P4|P5|P6|P7|P8|P9|P10|P11|P12|P13|P14|P15,0.831079,12,P15,P11,P0,P15,P13,P3,P15,P14,P7,P15,P14,P8,P0,P15,P11,P0,P15,P13,P4,P15
grating,225,2.30,P0|P1|P2|P3|P4|P5|P6|P7|P8|P9|P10|P11|P12|P13|P14|P15,0.831079,13,P0,P15,P11,P0,P15,P13,P3,P15,P14,P7,P15,P14,P8,P0,P15,P11,P0,P15,P13,P4
grating,225,2.30,P0|P1|P2|P3|P4|P5|P6|P7|P8|P9|P10|P11|P12|P13|P14|P15,0.831079,14,P8,P0,P15,P11,P0,P15,P13,P3,P15,P14,P7,P15,P14,P8,P0,P15,P11,P0,P15,P13
grating,225,2.30,P0|P1|P2|P3|P4|P5|P6|P7|P8|P9|P10|P11|P12|P13|P14|P15,0.831079,15,P14,P8,P0,P15,P11,P0,P15,P13,P3,P15,P14,P7,P15,P14,P8,P0,P15,P11,P0,P15
grating,225,2.30,P0|P1|P2|P3|P4|P5|P6|P7|P8|P9|P10|P11|P12|P13|P14|P15,0.831079,16,P15,P14,P8,P0,P15,P11,P0,P15,P13,P3,P15,P14,P7,P15,P14,P8,P0,P15,P11,P0
grating,225,2.30,P0|P1|P2|P3|P4|P5|P6|P7|P8|P9|P10|P11|P12|P13|P14|P15,0.831079,17,P7,P15,P14,P8,P0,P15,P11,P0,P15,P13,P3,P15,P14,P7,P15,P14,P8,P0,P15,P11
grating,225,2.30,P0|P1|P2|P3|P4|P5|P6|P7|P8|P9|P10|P11|P12|P13|P14|P15,0.831079,18,P14,P7,P15,P14,P8,P0,P15,P11,P0,P15,P13,P3,P15,P14,P7,P15,P14,P8,P0,P15
grating,225,2.30,P0|P1|P2|P3|P4|P5|P6|P7|P8|P9|P10|P11|P12|P13|P14|P15,0.831079,19,P15,P14,P7,P15,P14,P8,P0,P15,P11,P0,P15,P13,P3,P15,P14,P7,P15,P14,P8,P0
grating,45,2.40,P0|P1|P2|P3|P4|P5|P6|P7|P8|P9|P10|P11|P12|P13|P14|P15,0.831028,0,P0,P10,P14,P15,P7,P14,P15,P0,P12,P15,P0,P8,P14,P15,P6,P13,P15,P0,P10,P15
grating,45,2.40,P0|P1|P2|P3|P4|P5|P6|P7|P8|P9|P10|P11|P12|P13|P14|P15,0.831028,1,P15,P0,P10,P14,P15,P7,P14,P15,P0,P12,P15,P0,P8,P14,P15,P6,P13,P15,P0,P10
grating,45,2.40,P0|P1|P2|P3|P4|P5|P6|P7|P8|P9|P10|P11|P12|P13|P14|P15,0.831028,2,P13,P15,P0,P10,P14,P15,P7,P14,P15,P0,P12,P15,P0,P8,P14,P15,P6,P13,P15,P0
grating,45,2.40,P0|P1|P2|P3|P4|P5|P6|P7|P8|P9|P10|P11|P12|P13|P14|P15,0.831028,3,P5,P13,P15,P0,P10,P14,P15,P7,P14,P15,P0,P12,P15,P0,P8,P14,P15,P6,P13,P15
grating,45,2.40,P0|P1|P2|P3|P4|P5|P6|P7|P8|P9|P10|P11|P12|P13|P14|P15,0.831028,4,P15,P5,P13,P15,P0,P10,P14,P15,P7,P14,P15,P0,P12,P15,P0,P8,P14,P15,P6,P13
grating,45,2.40,P0|P1|P2|P3|P4|P5|P6|P7|P8|P9|P10|P11|P12|P13|P14|P15,0.831028,5,P14,P15,P5,P13,P15,P0,P10,P14,P15,P7,P14,P15,P0,P12,P15,P0,P8,P14,P15,P6
grating,45,2.40,P0|P1|P2|P3|P4|P5|P6|P7|P8|P9|P10|P11|P12|P13|P14|P15,0.831028,6,P8,P14,P15,P5,P13,P15,P0,P10,P14,P15,P7,P14,P15,P0,P12,P15,P0,P8,P14,P15
grating,45,2.40,P0|P1|P2|P3|P4|P5|P6|P7|P8|P9|P10|P11|P12|P13|P14|P15,0.831028,7,P0,P8,P14,P15,P5,P13,P15,P0,P10,P14,P15,P7,P14,P15,P0,P12,P15,P0,P8,P14
grating,45,2.40,P0|P1|P2|P3|P4|P5|P6|P7|P8|P9|P10|P11|P12|P13|P14|P15,0.831028,8,P15,P0,P8,P14,P15,P5,P13,P15,P0,P10,P14,P15,P7,P14,P15,P0,P12,P15,P0,P8
grating,45,2.40,P0|P1|P2|P3|P4|P5|P6|P7|P8|P9|P10|P11|P12|P13|P14|P15,0.831028,9,P12,P15,P0,P8,P14,P15,P5,P13,P15,P0,P10,P14,P15,P7,P14,P15,P0,P12,P15,P0
grating,45,2.40,P0|P1|P2|P3|P4|P5|P6|P7|P8|P9|P10|P11|P12|P13|P14|P15,0.831028,10,P0,P12,P15,P0,P8,P14,P15,P5,P13,P15,P0,P10,P14,P15,P7,P14,P15,P0,P12,P15
grating,45,2.40,P0|P1|P2|P3|P4|P5|P6|P7|P8|P9|P10|P11|P12|P13|P14|P15,0.831028,11,P15,P0,P12,P15,P0,P8,P14,P15,P5,P13,P15,P0,P10,P14,P15,P7,P14,P15,P0,P12
grating,45,2.40,P0|P1|P2|P3|P4|P5|P6|P7|P8|P9|P10|P11|P12|P13|P14|P15,0.831028,12,P14,P15,P0,P12,P15,P0,P8,P14,P15,P5,P13,P15,P0,P10,P14,P15,P7,P14,P15,P0
grating,45,2.40,P0|P1|P2|P3|P4|P5|P6|P7|P8|P9|P10|P11|P12|P13|P14|P15,0.831028,13,P7,P14,P15,P0,P12,P15,P0,P8,P14,P15,P5,P13,P15,P0,P10,P14,P15,P7,P14,P15
grating,45,2.40,P0|P1|P2|P3|P4|P5|P6|P7|P8|P9|P10|P11|P12|P13|P14|P15,0.831028,14,P15,P7,P14,P15,P0,P12,P15,P0,P8,P14,P15,P5,P13,P15,P0,P10,P14,P15,P7,P14
grating,45,2.40,P0|P1|P2|P3|P4|P5|P6|P7|P8|P9|P10|P11|P12|P13|P14|P15,0.831028,15,P14,P15,P7,P14,P15,P0,P12,P15,P0,P8,P14,P15,P5,P13,P15,P0,P10,P14,P15,P7
grating,45,2.40,P0|P1|P2|P3|P4|P5|P6|P7|P8|P9|P10|P11|P12|P13|P14|P15,0.831028,16,P10,P14,P15,P7,P14,P15,P0,P12,P15,P0,P8,P14,P15,P5,P13,P15,P0,P10,P14,P15
grating,45,2.40,P0|P1|P2|P3|P4|P5|P6|P7|P8|P9|P10|P11|P12|P13|P14|P15,0.831028,17,P0,P10,P14,P15,P7,P14,P15,P0,P12,P15,P0,P8,P14,P15,P5,P13,P15,P0,P10,P14
grating,45,2.40,P0|P1|P2|P3|P4|P5|P6|P7|P8|P9|P10|P11|P12|P13|P14|P15,0.831028,18,P15,P0,P10,P14,P15,P7,P14,P15,P0,P12,P15,P0,P8,P14,P15,P5,P13,P15,P0,P10
grating,45,2.40,P0|P1|P2|P3|P4|P5|P6|P7|P8|P9|P10|P11|P12|P13|P14|P15,0.831028,19,P13,P15,P0,P10,P14,P15,P7,P14,P15,P0,P12,P15,P0,P8,P14,P15,P5,P13,P15,P0
grating,225,2.40,P0|P1|P2|P3|P4|P5|P6|P7|P8|P9|P10|P11|P12|P13|P14|P15,0.831028,0,P0,P15,P13,P5,P15,P14,P8,P0,P15,P12,P0,P15,P14,P7,P15,P14,P10,P0,P15,P13
grating,225,2.40,P0|P1|P2|P3|P4|P5|P6|P7|P8|P9|P10|P11|P12|P13|P14|P15,0.831028,1,P10,P0,P15,P13,P5,P15,P14,P8,P0,P15,P12,P0,P15,P14,P7,P15,P14,P10,P0,P15
grating,225,2.40,P0|P1|P2|P3|P4|P5|P6|P7|P8|P9|P10|P11|P12|P13|P14|P15,0.831028,2,P14,P10,P0,P15,P13,P5,P15,P14,P8,P0,P15,P12,P0,P15,P14,P7,P15,P14,P10,P0
grating,225,2.40,P0|P1|P2|P3|P4|P5|P6|P7|P8|P9|P10|P11|P12|P13|P14|P15,0.831028,3,P15,P14,P10,P0,P15,P13,P5,P15,P14,P8,P0,P15,P12,P0,P15,P14,P7,P15,P14,P10
grating,225,2.40,P0|P1|P2|P3|P4|P5|P6|P7|P8|P9|P10|P11|P12|P13|P14|P15,0.831028,4,P7,P15,P14,P10,P0,P15,P13,P5,P15,P14,P8,P0,P15,P12,P0,P15,P14,P7,P15,P14
grating,225,2.40,P0|P1|P2|P3|P4|P5|P6|P7|P8|P9|P10|P11|P12|P13|P14|P15,0.831028,5,P14,P7,P15,P14,P10,P0,P15,P13,P5,P15,P14,P8,P0,P15,P12,P0,P15,P14,P7,P15
grating,225,2.40,P0|P1|P2|P3|P4|P5|P6|P7|P8|P9|P10|P11|P12|P13|P14|P15,0.831028,6,P15,P14,P7,P15,P14,P10,P0,P15,P13,P5,P15,P14,P8,P0,P15,P12,P0,P15,P14,P7
grating,225,2.40,P0|P1|P2|P3|P4|P5|P6|P7|P8|P9|P10|P11|P12|P13|P14|P15,0.831028,7,P0,P15,P14,P7,P15,P14,P10,P0,P15,P13,P5,P15,P14,P8,P0,P15,P12,P0,P15,P14
grating,225,2.40,P0|P1|P2|P3|P4|P5|P6|P7|P8|P9|P10|P11|P12|P13|P14|P15,0.831028,8,P12,P0,P15,P14,P7,P15,P14,P10,P0,P15,P13,P5,P15,P14,P8,P0,P15,P12,P0,P15
grating,225,2.40,P0|P1|P2|P3|P4|P5|P6|P7|P8|P9|P10|P11|P12|P13|P14|P15,0.831028,9,P15,P12,P0,P15,P14,P7,P15,P14,P10,P0,P15,P13,P5,P15,P14,P8,P0,P15,P12,P0
grating,225,2.40,P0|P1|P2|P3|P4|P5|P6|P7|P8|P9|P10|P11|P12|P13|P14|P15,0.831028,10,P0,P15,P12,P0,P15,P14,P7,P15,P14,P10,P0,P15,P13,P5,P15,P14,P8,P0,P15,P12
grating,225,2.40,P0|P1|P2|P3|P4|P5|P6|P7|P8|P9|P10|P11|P12|P13|P14|P15,0.831028,11,P8,P0,P15,P12,P0,P15,P14,P7,P15,P14,P10,P0,P15,P13,P5,P15,P14,P8,P0,P15
grating,225,2.40,P0|P1|P2|P3|P4|P5|P6|P7|P8|P9|P10|P11|P12|P13|P14|P15,0.831028,12,P14,P8,P0,P15,P12,P0,P15,P14,P7,P15,P14,P10,P0,P15,P13,P5,P15,P14,P8,P0
grating,225,2.40,P0|P1|P2|P3|P4|P5|P6|P7|P8|P9|P10|P11|P12|P13|P14|P15,0.831028,13,P15,P14,P8,P0,P15,P12,P0,P15,P14,P7,P15,P14,P10,P0,P15,P13,P5,P15,P14,P8
grating,225,2.40,P0|P1|P2|P3|P4|P5|P6|P7|P8|P9|P10|P11|P12|P13|P14|P15,0.831028,14,P6,P15,P14,P8,P0,P15,P12,P0,P15,P14,P7,P15,P14,P10,P0,P15,P13,P5,P15,P14
grating,225,2.40,P0|P1|P2|P3|P4|P5|P6|P7|P8|P9|P10|P11|P12|P13|P14|P15,0.831028,15,P13,P6,P15,P14,P8,P0,P15,P12,P0,P15,P14,P7,P15,P14,P10,P0,P15,P13,P5,P15
grating,225,2.40,P0|P1|P2|P3|P4|P5|P6|P7|P8|P9|P10|P11|P12|P13|P14|P15,0.831028,16,P15,P13,P6,P15,P14,P8,P0,P15,P12,P0,P15,P14,P7,P15,P14,P10,P0,P15,P13,P5
grating,225,2.40,P0|P1|P2|P3|P4|P5|P6|P7|P8|P9|P10|P11|P12|P13|P14|P15,0.831028,17,P0,P15,P13,P6,P15,P14,P8,P0,P15,P12,P0,P15,P14,P7,P15,P14,P10,P0,P15,P13
grating,225,2.40,P0|P1|P2|P3|P4|P5|P6|P7|P8|P9|P10|P11|P12|P13|P14|P15,0.831028,18,P10,P0,P15,P13,P6,P15,P14,P8,P0,P15,P12,P0,P15,P14,P7,P15,P14,P10,P0,P15
grating,225,2.40,P0|P1|P2|P3|P4|P5|P6|P7|P8|P9|P10|P11|P12|P13|P14|P15,0.831028,19,P15,P10,P0,P15,P13,P6,P15,P14,P8,P0,P15,P12,P0,P15,P14,P7,P15,P14,P10,P0
grating,45,2.50,P0|P1|P2|P3|P4|P5|P6|P7|P8|P9|P10|P11|P12|P13|P14|P15,0.831024,0,P14,P15,P6,P13,P15,P0,P10,P14,P15,P6,P13,P15,P0,P9,P14,P15,P5,P13,P15,P0
grating,45,2.50,P0|P1|P2|P3|P4|P5|P6|P7|P8|P9|P10|P11|P12|P13|P14|P15,0.831024,1,P10,P14,P15,P6,P13,P15,P0,P10,P14,P15,P6,P13,P15,P0,P9,P14,P15,P5,P13,P15
grating,45,2.50,P0|P1|P2|P3|P4|P5|P6|P7|P8|P9|P10|P11|P12|P13|P14|P15,0.831024,2,P0,P10,P14,P15,P6,P13,P15,P0,P10,P14,P15,P6,P13,P15,P0,P9,P14,P15,P5,P13
grating,45,2.50,P0|P1|P2|P3|P4|P5|P6|P7|P8|P9|P10|P11|P12|P13|P14|P15,0.831024,3,P15,P0,P10,P14,P15,P6,P13,P15,P0,P10,P14,P15,P6,P13,P15,P0,P9,P14,P15,P5
grating,45,2.50,P0|P1|P2|P3|P4|P5|P6|P7|P8|P9|P10|P11|P12|P13|P14|P15,0.831024,4,P14,P15,P0,P10,P14,P15,P6,P13,P15,P0,P10,P14,P15,P6,P13,P15,P0,P9,P14,P15
grating,45,2.50,P0|P1|P2|P3|P4|P5|P6|P7|P8|P9|P10|P11|P12|P13|P14|P15,0.831024,5,P7,P14,P15,P0,P10,P14,P15,P6,P13,P15,P0,P10,P14,P15,P6,P13,P15,P0,P9,P14
grating,45,2.50,P0|P1|P2|P3|P4|P5|P6|P7|P8|P9|P10|P11|P12|P13|P14|P15,0.831024,6,P0,P7,P14,P15,P0,P10,P14,P15,P6,P13,P15,P0,P10,P14,P15,P6,P13,P15,P0,P9
grating,45,2.50,P0|P1|P2|P3|P4|P5|P6|P7|P8|P9|P10|P11|P12|P13|P14|P15,0.831024,7,P15,P0,P7,P14,P15,P0,P10,P14,P15,P6,P13,P15,P0,P10,P14,P15,P6,P13,P15,P0
grating,45,2.50,P0|P1|P2|P3|P4|P5|P6|P7|P8|P9|P10|P11|P12|P13|P14|P15,0.831024,8,P11,P15,P0,P7,P14,P15,P0,P10,P14,P15,P6,P13,P15,P0,P10,P14,P15,P6,P13,P15
grating,45,2.50,P0|P1|P2|P3|P4|P5|P6|P7|P8|P9|P10|P11|P12|P13|P14|P15,0.831024,9,P0,P11,P15,P0,P7,P14,P15,P0,P10,P14,P15,P6,P13,P15,P0,P10,P14,P15,P6,P13
grating,45,2.50,P0|P1|P2|P3|P4|P5|P6|P7|P8|P9|P10|P11|P12|P13|P14|P15,0.831024,10,P15,P0,P11,P15,P0,P7,P14,P15,P0,P10,P14,P15,P6,P13,P15,P0,P10,P14,P15,P6
grating,45,2.50,P0|P1|P2|P3|P4|P5|P6|P7|P8|P9|P10|P11|P12|P13|P14|P15,0.831024,11,P14,P15,P0,P11,P15,P0,P7,P14,P15,P0,P10,P14,P15,P6,P13,P15,P0,P10,P14,P15
grating,45,2.50,P0|P1|P2|P3|P4|P5|P6|P7|P8|P9|P10|P11|P12|P13|P14|P15,0.831024,12,P7,P14,P15,P0,P11,P15,P0,P7,P14,P15,P0,P10,P14,P15,P6,P13,P15,P0,P10,P14
grating,45,2.50,P0|P1|P2|P3|P4|P5|P6|P7|P8|P9|P10|P11|P12|P13|P14|P15,0.831024,13,P0,P7,P14,P15,P0,P11,P15,P0,P7,P14,P15,P0,P10,P14,P15,P6,P13,P15,P0,P10
grating,45,2.50,P0|P1|P2|P3|P4|P5|P6|P7|P8|P9|P10|P11|P12|P13|P14|P15,0.831024,14,P15,P0,P7,P14,P15,P0,P11,P15,P0,P7,P14,P15,P0,P10,P14,P15,P6,P13,P15,P0
grating,45,2.50,P0|P1|P2|P3|P4|P5|P6|P7|P8|P9|P10|P11|P12|P13|P14|P15,0.831024,15,P11,P15,P0,P7,P14,P15,P0,P11,P15,P0,P7,P14,P15,P0,P10,P14,P15,P6,P13,P15
grating,45,2.50,P0|P1|P2|P3|P4|P5|P6|P7|P8|P9|P10|P11|P12|P13|P14|P15,0.831024,16,P0,P11,P15,P0,P7,P14,P15,P0,P11,P15,P0,P7,P14,P15,P0,P10,P14,P15,P6,P13
grating,45,2.50,P0|P1|P2|P3|P4|P5|P6|P7|P8|P9|P10|P11|P12|P13|P14|P15,0.831024,17,P15,P0,P11,P15,P0,P7,P14,P15,P0,P11,P15,P0,P7,P14,P15,P0,P10,P14,P15,P6
grating,45,2.50,P0|P1|P2|P3|P4|P5|P6|P7|P8|P9|P10|P11|P12|P13|P14|P15,0.831024,18,P14,P15,P0,P11,P15,P0,P7,P14,P15,P0,P11,P15,P0,P7,P14,P15,P0,P10,P14,P15
grating,45,2.50,P0|P1|P2|P3|P4|P5|P6|P7|P8|P9|P10|P11|P12|P13|P14|P15,0.831024,19,P8,P14,P15,P0,P11,P15,P0,P7,P14,P15,P0,P11,P15,P0,P7,P14,P15,P0,P10,P14
grating,225,2.50,P0|P1|P2|P3|P4|P5|P6|P7|P8|P9|P10|P11|P12|P13|P14|P15,0.831024,0,P14,P10,P0,P15,P14,P7,P0,P15,P11,P0,P15,P14,P7,P0,P15,P11,P0,P15,P14,P8
grating,225,2.50,P0|P1|P2|P3|P4|P5|P6|P7|P8|P9|P10|P11|P12|P13|P14|P15,0.831024,1,P15,P14,P10,P0,P15,P14,P7,P0,P15,P11,P0,P15,P14,P7,P0,P15,P11,P0,P15,P14
grating,225,2.50,P0|P1|P2|P3|P4|P5|P6|P7|P8|P9|P10|P11|P12|P13|P14|P15,0.831024,2,P6,P15,P14,P10,P0,P15,P14,P7,P0,P15,P11,P0,P15,P14,P7,P0,P15,P11,P0,P15
grating,225,2.50,P0|P1|P2|P3|P4|P5|P6|P7|P8|P9|P10|P11|P12|P13|P14|P15,0.831024,3,P13,P6,P15,P14,P10,P0,P15,P14,P7,P0,P15,P11,P0,P15,P14,P7,P0,P15,P11,P0
grating,225,2.50,P0|P1|P2|P3|P4|P5|P6|P7|P8|P9|P10|P11|P12|P13|P14|P15,0.831024,4,P15,P13,P6,P15,P14,P10,P0,P15,P14,P7,P0,P15,P11,P0,P15,P14,P7,P0,P15,P11
grating,225,2.50,P0|P1|P2|P3|P4|P5|P6|P7|P8|P9|P10|P11|P12|P13|P14|P15,0.831024,5,P0,P15,P13,P6,P15,P14,P10,P0,P15,P14,P7,P0,P15,P11,P0,P15,P14,P7,P0,P15
grating,225,2.50,P0|P1|P2|P3|P4|P5|P6|P7|P8|P9|P10|P11|P12|P13|P14|P15,0.831024,6,P10,P0,P15,P13,P6,P15,P14,P10,P0,P15,P14,P7,P0,P15,P11,P0,P15,P14,P7,P0
grating,225,2.50,P0|P1|P2|P3|P4|P5|P6|P7|P8|P9|P10|P11|P12|P13|P14|P15,0.831024,7,P14,P10,P0,P15,P13,P6,P15,P14,P10,P0,P15,P14,P7,P0,P15,P11,P0,P15,P14,P7
grating,225,2.50,P0|P1|P2|P3|P4|P5|P6|P7|P8|P9|P10|P11|P12|P13|P14|P15,0.831024,8,P15,P14,P10,P0,P15,P13,P6,P15,P14,P10,P0,P15,P14,P7,P0,P15,P11,P0,P15,P14
grating,225,2.50,P0|P1|P2|P3|P4|P5|P6|P7|P8|P9|P10|P11|P12|P13|P14|P15,0.831024,9,P6,P15,P14,P10,P0,P15,P13,P6,P15,P14,P10,P0,P15,P14,P7,P0,P15,P11,P0,P15
grating,225,2.50,P0|P1|P2|P3|P4|P5|P6|P7|P8|P9|P10|P11|P12|P13|P14|P15,0.831024,10,P13,P6,P15,P14,P10,P0,P15,P13,P6,P15,P14,P10,P0,P15,P14,P7,P0,P15,P11,P0
grating,225,2.50,P0|P1|P2|P3|P4|P5|P6|P7|P8|P9|P10|P11|P12|P13|P14|P15,0.831024,11,P15,P13,P6,P15,P14,P10,P0,P15,P13,P6,P15,P14,P10,P0,P15,P14,P7,P0,P15,P11
grating,225,2.50,P0|P1|P2|P3|P4|P5|P6|P7|P8|P9|P10|P11|P12|P13|P14|P15,0.831024,12,P0,P15,P13,P6,P15,P14,P10,P0,P15,P13,P6,P15,P14,P10,P0,P15,P14,P7,P0,P15
grating,225,2.50,P0|P1|P2|P3|P4|P5|P6|P7|P8|P9|P10|P11|P12|P13|P14|P15,0.831024,13,P9,P0,P15,P13,P6,P15,P14,P10,P0,P15,P13,P6,P15,P14,P10,P0,P15,P14,P7,P0
grating,225,2.50,P0|P1|P2|P3|P4|P5|P6|P7|P8|P9|P10|P11|P12|P13|P14|P15,0.831024,14,P14,P9,P0,P15,P13,P6,P15,P14,P10,P0,P15,P13,P6,P15,P14,P10,P0,P15,P14,P7
grating,225,2.50,P0|P1|P2|P3|P4|P5|P6|P7|P8|P9|P10|P11|P12|P13|P14|P15,0.831024,15,P15,P14,P9,P0,P15,P13,P6,P15,P14,P10,P0,P15,P13,P6,P15,P14,P10,P0,P15,P14
grating,225,2.50,P0|P1|P2|P3|P4|P5|P6|P7|P8|P9|P10|P11|P12|P13|P14|P15,0.831024,16,P5,P15,P14,P9,P0,P15,P13,P6,P15,P14,P10,P0,P15,P13,P6,P15,P14,P10,P0,P15
grating,225,2.50,P0|P1|P2|P3|P4|P5|P6|P7|P8|P9|P10|P11|P12|P13|P14|P15,0.831024,17,P13,P5,P15,P14,P9,P0,P15,P13,P6,P15,P14,P10,P0,P15,P13,P6,P15,P14,P10,P0
grating,225,2.50,P0|P1|P2|P3|P4|P5|P6|P7|P8|P9|P10|P11|P12|P13|P14|P15,0.831024,18,P15,P13,P5,P15,P14,P9,P0,P15,P13,P6,P15,P14,P10,P0,P15,P13,P6,P15,P14,P10
grating,225,2.50,P0|P1|P2|P3|P4|P5|P6|P7|P8|P9|P10|P11|P12|P13|P14|P15,0.831024,19,P0,P15,P13,P5,P15,P14,P9,P0,P15,P13,P6,P15,P14,P10,P0,P15,P13,P6,P15,P14
grating,45,2.60,P0|P1|P2|P3|P4|P5|P6|P7|P8|P9|P10|P11|P12|P13|P14|P15,0.831037,0,P15,P6,P13,P15,P0,P8,P14,P15,P0,P11,P15,P15,P6,P13,P15,P0,P8,P14,P15,P0
grating,45,2.60,P0|P1|P2|P3|P4|P5|P6|P7|P8|P9|P10|P11|P12|P13|P14|P15,0.831037,1,P15,P15,P6,P13,P15,P0,P8,P14,P15,P0,P11,P15,P15,P6,P13,P15,P0,P8,P14,P15
grating,45,2.60,P0|P1|P2|P3|P4|P5|P6|P7|P8|P9|P10|P11|P12|P13|P14|P15,0.831037,2,P11,P15,P15,P6,P13,P15,P0,P8,P14,P15,P0,P11,P15,P15,P6,P13,P15,P0,P8,P14
grating,45,2.60,P0|P1|P2|P3|P4|P5|P6|P7|P8|P9|P10|P11|P12|P13|P14|P15,0.831037,3,P0,P11,P15,P15,P6,P13,P15,P0,P8,P14,P15,P0,P11,P15,P15,P6,P13,P15,P0,P8
grating,45,2.60,P0|P1|P2|P3|P4|P5|P6|P7|P8|P9|P10|P11|P12|P13|P14|P15,0.831037,4,P15,P0,P11,P15,P15,P6,P13,P15,P0,P8,P14,P15,P0,P11,P15,P15,P6,P13,P15,P0
grating,45,2.60,P0|P1|P2|P3|P4|P5|P6|P7|P8|P9|P10|P11|P12|P13|P14|P15,0.831037,5,P14,P15,P0,P11,P15,P15,P6,P13,P15,P0,P8,P14,P15,P0,P11,P15,P15,P6,P13,P15
grating,45,2.60,P0|P1|P2|P3|P4|P5|P6|P7|P8|P9|P10|P11|P12|P13|P14|P15,0.831037,6,P9,P14,P15,P0,P11,P15,P15,P6,P13,P15,P0,P8,P14,P15,P0,P11,P15,P15,P6,P13
grating,45,2.60,P0|P1|P2|P3|P4|P5|P6|P7|P8|P9|P10|P11|P12|P13|P14|P15,0.831037,7,P0,P9,P14,P15,P0,P11,P15,P15,P6,P13,P15,P0,P8,P14,P15,P0,P11,P15,P15,P6
grating,45,2.60,P0|P1|P2|P3|P4|P5|P6|P7|P8|P9|P10|P11|P12|P13|P14|P15,0.831037,8,P15,P0,P9,P14,P15,P0,P11,P15,P15,P6,P13,P15,P0,P8,P14,P15,P0,P11,P15,P15
grating,45,2.60,P0|P1|P2|P3|P4|P5|P6|P7|P8|P9|P10|P11|P12|P13|P14|P15,0.831037,9,P13,P15,P0,P9,P14,P15,P0,P11,P15,P15,P6,P13,P15,P0,P8,P14,P15,P0,P11,P15
grating,45,2.60,P0|P1|P2|P3|P4|P5|P6|P7|P8|P9|P10|P11|P12|P13|P14|P15,0.831037,10,P7,P13,P15,P0,P9,P14,P15,P0,P11,P15,P15,P6,P13,P15,P0,P8,P14,P15,P0,P11
grating,45,2.60,P0|P1|P2|P3|P4|P5|P6|P7|P8|P9|P10|P11|P12|P13|P14|P15,0.831037,11,P0,P7,P13,P15,P0,P9,P14,P15,P0,P11,P15,P15,P6,P13,P15,P0,P8,P14,P15,P0
grating,45,2.60,P0|P1|P2|P3|P4|P5|P6|P7|P8|P9|P10|P11|P12|P13|P14|P15,0.831037,12,P15,P0,P7,P13,P15,P0,P9,P14,P15,P0,P11,P15,P15,P6,P13,P15,P0,P8,P14,P15
grating,45,2.60,P0|P1|P2|P3|P4|P5|P6|P7|P8|P9|P10|P11|P12|P13|P14|P15,0.831037,13,P11,P15,P0,P7,P13,P15,P0,P9,P14,P15,P0,P11,P15,P15,P6,P13,P15,P0,P8,P14
grating,45,2.60,P0|P1|P2|P3|P4|P5|P6|P7|P8|P9|P10|P11|P12|P13|P14|P15,0.831037,14,P1,P11,P15,P0,P7,P13,P15,P0,P9,P14,P15,P0,P11,P15,P15,P6,P13,P15,P0,P8
grating,45,2.60,P0|P1|P2|P3|P4|P5|P6|P7|P8|P9|P10|P11|P12|P13|P14|P15,0.831037,15,P15,P1,P11,P15,P0,P7,P13,P15,P0,P9,P14,P15,P0,P11,P15,P15,P6,P13,P15,P0
grating,45,2.60,P0|P1|P2|P3|P4|P5|P6|P7|P8|P9|P10|P11|P12|P13|P14|P15,0.831037,16,P14,P15,P1,P11,P15,P0,P7,P13,P15,P0,P9,P14,P15,P0,P11,P15,P15,P6,P13,P15
grating,45,2.60,P0|P1|P2|P3|P4|P5|P6|P7|P8|P9|P10|P11|P12|P13|P14|P15,0.831037,17,P9,P14,P15,P1,P11,P15,P0,P7,P13,P15,P0,P9,P14,P15,P0,P11,P15,P15,P6,P13
grating,45,2.60,P0|P1|P2|P3|P4|P5|P6|P7|P8|P9|P10|P11|P12|P13|P14|P15,0.831037,18,P0,P9,P14,P15,P1,P11,P15,P0,P7,P13,P15,P0,P9,P14,P15,P0,P11,P15,P15,P6
grating,45,2.60,P0|P1|P2|P3|P4|P5|P6|P7|P8|P9|P10|P11|P12|P13|P14|P15,0.831037,19,P15,P0,P9,P14,P15,P1,P11,P15,P0,P7,P13,P15,P0,P9,P14,P15,P0,P11,P15,P15
grating,225,2.60,P0|P1|P2|P3|P4|P5|P6|P7|P8|P9|P10|P11|P12|P13|P14|P15,0.831037,0,P15,P15,P11,P0,P15,P14,P9,P0,P15,P13,P7,P0,P15,P11,P1,P15,P14,P9,P0,P15
grating,225,2.60,P0|P1|P2|P3|P4|P5|P6|P7|P8|P9|P10|P11|P12|P13|P14|P15,0.831037,1,P6,P15,P15,P11,P0,P15,P14,P9,P0,P15,P13,P7,P0,P15,P11,P1,P15,P14,P9,P0
grating,225,2.60,P0|P1|P2|P3|P4|P5|P6|P7|P8|P9|P10|P11|P12|P13|P14|P15,0.831037,2,P13,P6,P15,P15,P11,P0,P15,P14,P9,P0,P15,P13,P7,P0,P15,P11,P1,P15,P14,P9
grating,225,2.60,P0|P1|P2|P3|P4|P5|P6|P7|P8|P9|P10|P11|P12|P13|P14|P15,0.831037,3,P15,P13,P6,P15,P15,P11,P0,P15,P14,P9,P0,P15,P13,P7,P0,P15,P11,P1,P15,P14
grating,225,2.60,P0|P1|P2|P3|P4|P5|P6|P7|P8|P9|P10|P11|P12|P13|P14|P15,0.831037,4,P0,P15,P13,P6,P15,P15,P11,P0,P15,P14,P9,P0,P15,P13,P7,P0,P15,P11,P1,P15
grating,225,2.60,P0|P1|P2|P3|P4|P5|P6|P7|P8|P9|P10|P11|P12|P13|P14|P15,0.831037,5,P8,P0,P15,P13,P6,P15,P15,P11,P0,P15,P14,P9,P0,P15,P13,P7,P0,P15,P11,P1
grating,225,2.60,P0|P1|P2|P3|P4|P5|P6|P7|P8|P9|P10|P11|P12|P13|P14|P15,0.831037,6,P14,P8,P0,P15,P13,P6,P15,P15,P11,P0,P15,P14,P9,P0,P15,P13,P7,P0,P15,P11
grating,225,2.60,P0|P1|P2|P3|P4|P5|P6|P7|P8|P9|P10|P11|P12|P13|P14|P15,0.831037,7,P15,P14,P8,P0,P15,P13,P6,P15,P15,P11,P0,P15,P14,P9,P0,P15,P13,P7,P0,P15
grating,225,2.60,P0|P1|P2|P3|P4|P5|P6|P7|P8|P9|P10|P11|P12|P13|P14|P15,0.831037,8,P0,P15,P14,P8,P0,P15,P13,P6,P15,P15,P11,P0,P15,P14,P9,P0,P15,P13,P7,P0
grating,225,2.60,P0|P1|P2|P3|P4|P5|P6|P7|P8|P9|P10|P11|P12|P13|P14|P15,0.831037,9,P11,P0,P15,P14,P8,P0,P15,P13,P6,P15,P15,P11,P0,P15,P14,P9,P0,P15,P13,P7
grating,225,2.60,P0|P1|P2|P3|P4|P5|P6|P7|P8|P9|P10|P11|P12|P13|P14|P15,0.831037,10,P15,P11,P0,P15,P14,P8,P0,P15,P13,P6,P15,P15,P11,P0,P15,P14,P9,P0,P15,P13
grating,225,2.60,P0|P1|P2|P3|P4|P5|P6|P7|P8|P9|P10|P11|P12|P13|P14|P15,0.831037,11,P15,P15,P11,P0,P15,P14,P8,P0,P15,P13,P6,P15,P15,P11,P0,P15,P14,P9,P0,P15
grating,225,2.60,P0|P1|P2|P3|P4|P5|P6|P7|P8|P9|P10|P11|P12|P13|P14|P15,0.831037,12,P6,P15,P15,P11,P0,P15,P14,P8,P0,P15,P13,P6,P15,P15,P11,P0,P15,P14,P9,P0
grating,225,2.60,P0|P1|P2|P3|P4|P5|P6|P7|P8|P9|P10|P11|P12|P13|P14|P15,0.831037,13,P13,P6,P15,P15,P11,P0,P15,P14,P8,P0,P15,P13,P6,P15,P15,P11,P0,P15,P14,P9
grating,225,2.60,P0|P1|P2|P3|P4|P5|P6|P7|P8|P9|P10|P11|P12|P13|P14|P15,0.831037,14,P15,P13,P6,P15,P15,P11,P0,P15,P14,P8,P0,P15,P13,P6,P15,P15,P11,P0,P15,P14
grating,225,2.60,P0|P1|P2|P3|P4|P5|P6|P7|P8|P9|P10|P11|P12|P13|P14|P15,0.831037,15,P0,P15,P13,P6,P15,P15,P11,P0,P15,P14,P8,P0,P15,P13,P6,P15,P15,P11,P0,P15
grating,225,2.60,P0|P1|P2|P3|P4|P5|P6|P7|P8|P9|P10|P11|P12|P13|P14|P15,0.831037,16,P8,P0,P15,P13,P6,P15,P15,P11,P0,P15,P14,P8,P0,P15,P13,P6,P15,P15,P11,P0
grating,225,2.60,P0|P1|P2|P3|P4|P5|P6|P7|P8|P9|P10|P11|P12|P13|P14|P15,0.831037,17,P14,P8,P0,P15,P13,P6,P15,P15,P11,P0,P15,P14,P8,P0,P15,P13,P6,P15,P15,P11
grating,225,2.60,P0|P1|P2|P3|P4|P5|P6|P7|P8|P9|P10|P11|P12|P13|P14|P15,0.831037,18,P15,P14,P8,P0,P15,P13,P6,P15,P15,P11,P0,P15,P14,P8,P0,P15,P13,P6,P15,P15
grating,225,2.60,P0|P1|P2|P3|P4|P5|P6|P7|P8|P9|P10|P11|P12|P13|P14|P15,0.831037,19,P0,P15,P14,P8,P0,P15,P13,P6,P15,P15,P11,P0,P15,P14,P8,P0,P15,P13,P6,P15
grating,45,2.70,P0|P1|P2|P3|P4|P5|P6|P7|P8|P9|P10|P11|P12|P13|P14|P15,0.831173,0,P10,P14,P15,P0,P11,P14,P15,P5,P12,P15,P0,P6,P13,P15,P0,P7,P14,P15,P0,P9
grating,45,2.70,P0|P1|P2|P3|P4|P5|P6|P7|P8|P9|P10|P11|P12|P13|P14|P15,0.831173,1,P0,P10,P14,P15,P0,P11,P14,P15,P5,P12,P15,P0,P6,P13,P15,P0,P7,P14,P15,P0
grating,45,2.70,P0|P1|P2|P3|P4|P5|P6|P7|P8|P9|P10|P11|P12|P13|P14|P15,0.831173,2,P15,P0,P10,P14,P15,P0,P11,P14,P15,P5,P12,P15,P0,P6,P13,P15,P0,P7,P14,P15
grating,45,2.70,P0|P1|P2|P3|P4|P5|P6|P7|P8|P9|P10|P11|P12|P13|P14|P15,0.831173,3,P14,P15,P0,P10,P14,P15,P0,P11,P14,P15,P5,P12,P15,P0,P6,P13,P15,P0,P7,P14
grating,45,2.70,P0|P1|P2|P3|P4|P5|P6|P7|P8|P9|P10|P11|P12|P13|P14|P15,0.831173,4,P8,P14,P15,P0,P10,P14,P15,P0,P11,P14,P15,P5,P12,P15,P0,P6,P13,P15,P0,P7
grating,45,2.70,P0|P1|P2|P3|P4|P5|P6|P7|P8|P9|P10|P11|P12|P13|P14|P15,0.831173,5,P0,P8,P14,P15,P0,P10,P14,P15,P0,P11,P14,P15,P5,P12,P15,P0,P6,P13,P15,P0
grating,45,2.70,P0|P1|P2|P3|P4|P5|P6|P7|P8|P9|P10|P11|P12|P13|P14|P15,0.831173,6,P15,P0,P8,P14,P15,P0,P10,P14,P15,P0,P11,P14,P15,P5,P12,P15,P0,P6,P13,P15
grating,45,2.70,P0|P1|P2|P3|P4|P5|P6|P7|P8|P9|P10|P11|P12|P13|P14|P15,0.831173,7,P13,P15,P0,P8,P14,P15,P0,P10,P14,P15,P0,P11,P14,P15,P5,P12,P15,P0,P6,P13
grating,45,2.70,P0|P1|P2|P3|P4|P5|P6|P7|P8|P9|P10|P11|P12|P13|P14|P15,0.831173,8,P7,P13,P15,P0,P8,P14,P15,P0,P10,P14,P15,P0,P11,P14,P15,P5,P12,P15,P0,P6
grating,45,2.70,P0|P1|P2|P3|P4|P5|P6|P7|P8|P9|P10|P11|P12|P13|P14|P15,0.831173,9,P0,P7,P13,P15,P0,P8,P14,P15,P0,P10,P14,P15,P0,P11,P14,P15,P5,P12,P15,P0
grating,45,2.70,P0|P1|P2|P3|P4|P5|P6|P7|P8|P9|P10|P11|P12|P13|P14|P15,0.831173,10,P15,P0,P7,P13,P15,P0,P8,P14,P15,P0,P10,P14,P15,P0,P11,P14,P15,P5,P12,P15
grating,45,2.70,P0|P1|P2|P3|P4|P5|P6|P7|P8|P9|P10|P11|P12|P13|P14|P15,0.831173,11,P13,P15,P0,P7,P13,P15,P0,P8,P14,P15,P0,P10,P14,P15,P0,P11,P14,P15,P5,P12
grating,45,2.70,P0|P1|P2|P3|P4|P5|P6|P7|P8|P9|P10|P11|P12|P13|P14|P15,0.831173,12,P6,P13,P15,P0,P7,P13,P15,P0,P8,P14,P15,P0,P10,P14,P15,P0,P11,P14,P15,P5
grating,45,2.70,P0|P1|P2|P3|P4|P5|P6|P7|P8|P9|P10|P11|P12|P13|P14|P15,0.831173,13,P15,P6,P13,P15,P0,P7,P13,P15,P0,P8,P14,P15,P0,P10,P14,P15,P0,P11,P14,P15
grating,45,2.70,P0|P1|P2|P3|P4|P5|P6|P7|P8|P9|P10|P11|P12|P13|P14|P15,0.831173,14,P15,P15,P6,P13,P15,P0,P7,P13,P15,P0,P8,P14,P15,P0,P10,P14,P15,P0,P11,P14
grating,45,2.70,P0|P1|P2|P3|P4|P5|P6|P7|P8|P9|P10|P11|P12|P13|P14|P15,0.831173,15,P11,P15,P15,P6,P13,P15,P0,P7,P13,P15,P0,P8,P14,P15,P0,P10,P14,P15,P0,P11
grating,45,2.70,P0|P1|P2|P3|P4|P5|P6|P7|P8|P9|P10|P11|P12|P13|P14|P15,0.831173,16,P3,P11,P15,P15,P6,P13,P15,P0,P7,P13,P15,P0,P8,P14,P15,P0,P10,P14,P15,P0
grating,45,2.70,P0|P1|P2|P3|P4|P5|P6|P7|P8|P9|P10|P11|P12|P13|P14|P15,0.831173,17,P15,P3,P11,P15,P15,P6,P13,P15,P0,P7,P13,P15,P0,P8,P14,P15,P0,P10,P14,P15
grating,45,2.70,P0|P1|P2|P3|P4|P5|P6|P7|P8|P9|P10|P11|P12|P13|P14|P15,0.831173,18,P14,P15,P3,P11,P15,P15,P6,P13,P15,P0,P7,P13,P15,P0,P8,P14,P15,P0,P10,P14
grating,45,2.70,P0|P1|P2|P3|P4|P5|P6|P7|P8|P9|P10|P11|P12|P13|P14|P15,0.831173,19,P10,P14,P15,P3,P11,P15,P15,P6,P13,P15,P0,P7,P13,P15,P0,P8,P14,P15,P0,P10
grating,225,2.70,P0|P1|P2|P3|P4|P5|P6|P7|P8|P9|P10|P11|P12|P13|P14|P15,0.831173,0,P10,P0,P15,P14,P8,P0,P15,P13,P7,P0,P15,P13,P6,P15,P15,P11,P3,P15,P14,P10
grating,225,2.70,P0|P1|P2|P3|P4|P5|P6|P7|P8|P9|P10|P11|P12|P13|P14|P15,0.831173,1,P14,P10,P0,P15,P14,P8,P0,P15,P13,P7,P0,P15,P13,P6,P15,P15,P11,P3,P15,P14
grating,225,2.70,P0|P1|P2|P3|P4|P5|P6|P7|P8|P9|P10|P11|P12|P13|P14|P15,0.831173,2,P15,P14,P10,P0,P15,P14,P8,P0,P15,P13,P7,P0,P15,P13,P6,P15,P15,P11,P3,P15
grating,225,2.70,P0|P1|P2|P3|P4|P5|P6|P7|P8|P9|P10|P11|P12|P13|P14|P15,0.831173,3,P0,P15,P14,P10,P0,P15,P14,P8,P0,P15,P13,P7,P0,P15,P13,P6,P15,P15,P11,P3
grating,225,2.70,P0|P1|P2|P3|P4|P5|P6|P7|P8|P9|P10|P11|P12|P13|P14|P15,0.831173,4,P11,P0,P15,P14,P10,P0,P15,P14,P8,P0,P15,P13,P7,P0,P15,P13,P6,P15,P15,P11
grating,225,2.70,P0|P1|P2|P3|P4|P5|P6|P7|P8|P9|P10|P11|P12|P13|P14|P15,0.831173,5,P14,P11,P0,P15,P14,P10,P0,P15,P14,P8,P0,P15,P13,P7,P0,P15,P13,P6,P15,P15
grating,225,2.70,P0|P1|P2|P3|P4|P5|P6|P7|P8|P9|P10|P11|P12|P13|P14|P15,0.831173,6,P15,P14,P11,P0,P15,P14,P10,P0,P15,P14,P8,P0,P15,P13,P7,P0,P15,P13,P6,P15
grating,225,2.70,P0|P1|P2|P3|P4|P5|P6|P7|P8|P9|P10|P11|P12|P13|P14|P15,0.831173,7,P5,P15,P14,P11,P0,P15,P14,P10,P0,P15,P14,P8,P0,P15,P13,P7,P0,P15,P13,P6
grating,225,2.70,P0|P1|P2|P3|P4|P5|P6|P7|P8|P9|P10|P11|P12|P13|P14|P15,0.831173,8,P12,P5,P15,P14,P11,P0,P15,P14,P10,P0,P15,P14,P8,P0,P15,P13,P7,P0,P15,P13
grating,225,2.70,P0|P1|P2|P3|P4|P5|P6|P7|P8|P9|P10|P11|P12|P13|P14|P15,0.831173,9,P15,P12,P5,P15,P14,P11,P0,P15,P14,P10,P0,P15,P14,P8,P0,P15,P13,P7,P0,P15
grating,225,2.70,P0|P1|P2|P3|P4|P5|P6|P7|P8|P9|P10|P11|P12|P13|P14|P15,0.831173,10,P0,P15,P12,P5,P15,P14,P11,P0,P15,P14,P10,P0,P15,P14,P8,P0,P15,P13,P7,P0
grating,225,2.70,P0|P1|P2|P3|P4|P5|P6|P7|P8|P9|P10|P11|P12|P13|P14|P15,0.831173,11,P6,P0,P15,P12,P5,P15,P14,P11,P0,P15,P14,P10,P0,P15,P14,P8,P0,P15,P13,P7
grating,225,2.70,P0|P1|P2|P3|P4|P5|P6|P7|P8|P9|P10|P11|P12|P13|P14|P15,0.831173,12,P13,P6,P0,P15,P12,P5,P15,P14,P11,P0,P15,P14,P10,P0,P15,P14,P8,P0,P15,P13
grating,225,2.70,P0|P1|P2|P3|P4|P5|P6|P7|P8|P9|P10|P11|P12|P13|P14|P15,0.831173,13,P15,P13,P6,P0,P15,P12,P5,P15,P14,P11,P0,P15,P14,P10,P0,P15,P14,P8,P0,P15
grating,225,2.70,P0|P1|P2|P3|P4|P5|P6|P7|P8|P9|P10|P11|P12|P13|P14|P15,0.831173,14,P0,P15,P13,P6,P0,P15,P12,P5,P15,P14,P11,P0,P15,P14,P10,P0,P15,P14,P8,P0
grating,225,2.70,P0|P1|P2|P3|P4|P5|P6|P7|P8|P9|P10|P11|P12|P13|P14|P15,0.831173,15,P7,P0,P15,P13,P6,P0,P15,P12,P5,P15,P14,P11,P0,P15,P14,P10,P0,P15,P14,P8
grating,225,2.70,P0|P1|P2|P3|P4|P5|P6|P7|P8|P9|P10|P11|P12|P13|P14|P15,0.831173,16,P14,P7,P0,P15,P13,P6,P0,P15,P12,P5,P15,P14,P11,P0,P15,P14,P10,P0,P15,P14
grating,225,2.70,P0|P1|P2|P3|P4|P5|P6|P7|P8|P9|P10|P11|P12|P13|P14|P15,0.831173,17,P15,P14,P7,P0,P15,P13,P6,P0,P15,P12,P5,P15,P14,P11,P0,P15,P14,P10,P0,P15
grating,225,2.70,P0|P1|P2|P3|P4|P5|P6|P7|P8|P9|P10|P11|P12|P13|P14|P15,0.831173,18,P0,P15,P14,P7,P0,P15,P13,P6,P0,P15,P12,P5,P15,P14,P11,P0,P15,P14,P10,P0
grating,225,2.70,P0|P1|P2|P3|P4|P5|P6|P7|P8|P9|P10|P11|P12|P13|P14|P15,0.831173,19,P9,P0,P15,P14,P7,P0,P15,P13,P6,P0,P15,P12,P5,P15,P14,P11,P0,P15,P14,P10
grating,45,2.80,P0|P1|P2|P3|P4|P5|P6|P7|P8|P9|P10|P11|P12|P13|P14|P15,0.831051,0,P6,P12,P15,P15,P6,P12,P15,P0,P6,P13,P15,P0,P6,P13,P15,P0,P7,P13,P15,P0
grating,45,2.80,P0|P1|P2|P3|P4|P5|P6|P7|P8|P9|P10|P11|P12|P13|P14|P15,0.831051,1,P15,P6,P12,P15,P15,P6,P12,P15,P0,P6,P13,P15,P0,P6,P13,P15,P0,P7,P13,P15
grating,45,2.80,P0|P1|P2|P3|P4|P5|P6|P7|P8|P9|P10|P11|P12|P13|P14|P15,0.831051,2,P15,P15,P6,P12,P15,P15,P6,P12,P15,P0,P6,P13,P15,P0,P6,P13,P15,P0,P7,P13
grating,45,2.80,P0|P1|P2|P3|P4|P5|P6|P7|P8|P9|P10|P11|P12|P13|P14|P15,0.831051,3,P12,P15,P15,P6,P12,P15,P15,P6,P12,P15,P0,P6,P13,P15,P0,P6,P13,P15,P0,P7
grating,45,2.80,P0|P1|P2|P3|P4|P5|P6|P7|P8|P9|P10|P11|P12|P13|P14|P15,0.831051,4,P5,P12,P15,P15,P6,P12,P15,P15,P6,P12,P15,P0,P6,P13,P15,P0,P6,P13,P15,P0
grating,45,2.80,P0|P1|P2|P3|P4|P5|P6|P7|P8|P9|P10|P11|P12|P13|P14|P15,0.831051,5,P15,P5,P12,P15,P15,P6,P12,P15,P15,P6,P12,P15,P0,P6,P13,P15,P0,P6,P13,P15
grating,45,2.80,P0|P1|P2|P3|P4|P5|P6|P7|P8|P9|P10|P11|P12|P13|P14|P15,0.831051,6,P15,P15,P5,P12,P15,P15,P6,P12,P15,P15,P6,P12,P15,P0,P6,P13,P15,P0,P6,P13
grating,45,2.80,P0|P1|P2|P3|P4|P5|P6|P7|P8|P9|P10|P11|P12|P13|P14|P15,0.831051,7,P12,P15,P15,P5,P12,P15,P15,P6,P12,P15,P15,P6,P12,P15,P0,P6,P13,P15,P0,P6
grating,45,2.80,P0|P1|P2|P3|P4|P5|P6|P7|P8|P9|P10|P11|P12|P13|P14|P15,0.831051,8,P5,P12,P15,P15,P5,P12,P15,P15,P6,P12,P15,P15,P6,P12,P15,P0,P6,P13,P15,P0
grating,45,2.80,P0|P1|P2|P3|P4|P5|P6|P7|P8|P9|P10|P11|P12|P13|P14|P15,0.831051,9,P15,P5,P12,P15,P15,P5,P12,P15,P15,P6,P12,P15,P15,P6,P12,P15,P0,P6,P13,P15
grating,45,2.80,P0|P1|P2|P3|P4|P5|P6|P7|P8|P9|P10|P11|P12|P13|P14|P15,0.831051,10,P15,P15,P5,P12,P15,P15,P5,P12,P15,P15,P6,P12,P15,P15,P6,P12,P15,P0,P6,P13
grating,45,2.80,P0|P1|P2|P3|P4|P5|P6|P7|P8|P9|P10|P11|P12|P13|P14|P15,0.831051,11,P11,P15,P15,P5,P12,P15,P15,P5,P12,P15,P15,P6,P12,P15,P15,P6,P12,P15,P0,P6
grating,45,2.80,P0|P1|P2|P3|P4|P5|P6|P7|P8|P9|P10|P11|P12|P13|P14|P15,0.831051,12,P4,P11,P15,P15,P5,P12,P15,P15,P5,P12,P15,P15,P6,P12,P15,P15,P6,P12,P15,P0
grating,45,2.80,P0|P1|P2|P3|P4|P5|P6|P7|P8|P9|P10|P11|P12|P13|P14|P15,0.831051,13,P15,P4,P11,P15,P15,P5,P12,P15,P15,P5,P12,P15,P15,P6,P12,P15,P15,P6,P12,P15
grating,45,2.80,P0|P1|P2|P3|P4|P5|P6|P7|P8|P9|P10|P11|P12|P13|P14|P15,0.831051,14,P14,P15,P4,P11,P15,P15,P5,P12,P15,P15,P5,P12,P15,P15,P6,P12,P15,P15,P6,P12
grating,45,2.80,P0|P1|P2|P3|P4|P5|P6|P7|P8|P9|P10|P11|P12|P13|P14|P15,0.831051,15,P11,P14,P15,P4,P11,P15,P15,P5,P12,P15,P15,P5,P12,P15,P15,P6,P12,P15,P15,P6
grating,45,2.80,P0|P1|P2|P3|P4|P5|P6|P7|P8|P9|P10|P11|P12|P13|P14|P15,0.831051,16,P3,P11,P14,P15,P4,P11,P15,P15,P5,P12,P15,P15,P5,P12,P15,P15,P6,P12,P15,P15
grating,45,2.80,P0|P1|P2|P3|P4|P5|P6|P7|P8|P9|P10|P11|P12|P13|P14|P15,0.831051,17,P15,P3,P11,P14,P15,P4,P11,P15,P15,P5,P12,P15,P15,P5,P12,P15,P15,P6,P12,P15
grating,45,2.80,P0|P1|P2|P3|P4|P5|P6|P7|P8|P9|P10|P11|P12|P13|P14|P15,0.831051,18,P14,P15,P3,P11,P14,P15,P4,P11,P15,P15,P5,P12,P15,P15,P5,P12,P15,P15,P6,P12
grating,45,2.80,P0|P1|P2|P3|P4|P5|P6|P7|P8|P9|P10|P11|P12|P13|P14|P15,0.831051,19,P11,P14,P15,P3,P11,P14,P15,P4,P11,P15,P15,P5,P12,P15,P15,P5,P12,P15,P15,P6
grating,225,2.80,P0|P1|P2|P3|P4|P5|P6|P7|P8|P9|P10|P11|P12|P13|P14|P15,0.831051,0,P6,P15,P15,P12,P5,P15,P15,P12,P5,P15,P15,P11,P4,P15,P14,P11,P3,P15,P14,P11
grating,225,2.80,P0|P1|P2|P3|P4|P5|P6|P7|P8|P9|P10|P11|P12|P13|P14|P15,0.831051,1,P12,P6,P15,P15,P12,P5,P15,P15,P12,P5,P15,P15,P11,P4,P15,P14,P11,P3,P15,P14
grating,225,2.80,P0|P1|P2|P3|P4|P5|P6|P7|P8|P9|P10|P11|P12|P13|P14|P15,0.831051,2,P15,P12,P6,P15,P15,P12,P5,P15,P15,P12,P5,P15,P15,P11,P4,P15,P14,P11,P3,P15
grating,225,2.80,P0|P1|P2|P3|P4|P5|P6|P7|P8|P9|P10|P11|P12|P13|P14|P15,0.831051,3,P15,P15,P12,P6,P15,P15,P12,P5,P15,P15,P12,P5,P15,P15,P11,P4,P15,P14,P11,P3
grating,225,2.80,P0|P1|P2|P3|P4|P5|P6|P7|P8|P9|P10|P11|P12|P13|P14|P15,0.831051,4,P6,P15,P15,P12,P6,P15,P15,P12,P5,P15,P15,P12,P5,P15,P15,P11,P4,P15,P14,P11
grating,225,2.80,P0|P1|P2|P3|P4|P5|P6|P7|P8|P9|P10|P11|P12|P13|P14|P15,0.831051,5,P12,P6,P15,P15,P12,P6,P15,P15,P12,P5,P15,P15,P12,P5,P15,P15,P11,P4,P15,P14
grating,225,2.80,P0|P1|P2|P3|P4|P5|P6|P7|P8|P9|P10|P11|P12|P13|P14|P15,0.831051,6,P15,P12,P6,P15,P15,P12,P6,P15,P15,P12,P5,P15,P15,P12,P5,P15,P15,P11,P4,P15
grating,225,2.80,P0|P1|P2|P3|P4|P5|P6|P7|P8|P9|P10|P11|P12|P13|P14|P15,0.831051,7,P0,P15,P12,P6,P15,P15,P12,P6,P15,P15,P12,P5,P15,P15,P12,P5,P15,P15,P11,P4
grating,225,2.80,P0|P1|P2|P3|P4|P5|P6|P7|P8|P9|P10|P11|P12|P13|P14|P15,0.831051,8,P6,P0,P15,P12,P6,P15,P15,P12,P6,P15,P15,P12,P5,P15,P15,P12,P5,P15,P15,P11
grating,225,2.80,P0|P1|P2|P3|P4|P5|P6|P7|P8|P9|P10|P11|P12|P13|P14|P15,0.831051,9,P13,P6,P0,P15,P12,P6,P15,P15,P12,P6,P15,P15,P12,P5,P15,P15,P12,P5,P15,P15
grating,225,2.80,P0|P1|P2|P3|P4|P5|P6|P7|P8|P9|P10|P11|P12|P13|P14|P15,0.831051,10,P15,P13,P6,P0,P15,P12,P6,P15,P15,P12,P6,P15,P15,P12,P5,P15,P15,P12,P5,P15
grating,225,2.80,P0|P1|P2|P3|P4|P5|P6|P7|P8|P9|P10|P11|P12|P13|P14|P15,0.831051,11,P0,P15,P13,P6,P0,P15,P12,P6,P15,P15,P12,P6,P15,P15,P12,P5,P15,P15,P12,P5
grating,225,2.80,P0|P1|P2|P3|P4|P5|P6|P7|P8|P9|P10|P11|P12|P13|P14|P15,0.831051,12,P6,P0,P15,P13,P6,P0,P15,P12,P6,P15,P15,P12,P6,P15,P15,P12,P5,P15,P15,P12
grating,225,2.80,P0|P1|P2|P3|P4|P5|P6|P7|P8|P9|P10|P11|P12|P13|P14|P15,0.831051,13,P13,P6,P0,P15,P13,P6,P0,P15,P12,P6,P15,P15,P12,P6,P15,P15,P12,P5,P15,P15
grating,225,2.80,P0|P1|P2|P3|P4|P5|P6|P7|P8|P9|P10|P11|P12|P13|P14|P15,0.831051,14,P15,P13,P6,P0,P15,P13,P6,P0,P15,P12,P6,P15,P15,P12,P6,P15,P15,P12,P5,P15
grating,225,2.80,P0|P1|P2|P3|P4|P5|P6|P7|P8|P9|P10|P11|P12|P13|P14|P15,0.831051,15,P0,P15,P13,P6,P0,P15,P13,P6,P0,P15,P12,P6,P15,P15,P12,P6,P15,P15,P12,P5
grating,225,2.80,P0|P1|P2|P3|P4|P5|P6|P7|P8|P9|P10|P11|P12|P13|P14|P15,0.831051,16,P7,P0,P15,P13,P6,P0,P15,P13,P6,P0,P15,P12,P6,P15,P15,P12,P6,P15,P15,P12
grating,225,2.80,P0|P1|P2|P3|P4|P5|P6|P7|P8|P9|P10|P11|P12|P13|P14|P15,0.831051,17,P13,P7,P0,P15,P13,P6,P0,P15,P13,P6,P0,P15,P12,P6,P15,P15,P12,P6,P15,P15
grating,225,2.80,P0|P1|P2|P3|P4|P5|P6|P7|P8|P9|P10|P11|P12|P13|P14|P15,0.831051,18,P15,P13,P7,P0,P15,P13,P6,P0,P15,P13,P6,P0,P15,P12,P6,P15,P15,P12,P6,P15
grating,225,2.80,P0|P1|P2|P3|P4|P5|P6|P7|P8|P9|P10|P11|P12|P13|P14|P15,0.831051,19,P0,P15,P13,P7,P0,P15,P13,P6,P0,P15,P13,P6,P0,P15,P12,P6,P15,P15,P12,P6
grating,45,2.90,P0|P1|P2|P3|P4|P5|P6|P7|P8|P9|P10|P11|P12|P13|P14|P15,0.831036,0,P15,P0,P8,P14,P15,P0,P8,P14,P15,P0,P7,P13,P15,P0,P7,P13,P15,P0,P6,P12
grating,45,2.90,P0|P1|P2|P3|P4|P5|P6|P7|P8|P9|P10|P11|P12|P13|P14|P15,0.831036,1,P14,P15,P0,P8,P14,P15,P0,P8,P14,P15,P0,P7,P13,P15,P0,P7,P13,P15,P0,P6
grating,45,2.90,P0|P1|P2|P3|P4|P5|P6|P7|P8|P9|P10|P11|P12|P13|P14|P15,0.831036,2,P9,P14,P15,P0,P8,P14,P15,P0,P8,P14,P15,P0,P7,P13,P15,P0,P7,P13,P15,P0
grating,45,2.90,P0|P1|P2|P3|P4|P5|P6|P7|P8|P9|P10|P11|P12|P13|P14|P15,0.831036,3,P0,P9,P14,P15,P0,P8,P14,P15,P0,P8,P14,P15,P0,P7,P13,P15,P0,P7,P13,P15
grating,45,2.90,P0|P1|P2|P3|P4|P5|P6|P7|P8|P9|P10|P11|P12|P13|P14|P15,0.831036,4,P15,P0,P9,P14,P15,P0,P8,P14,P15,P0,P8,P14,P15,P0,P7,P13,P15,P0,P7,P13
grating,45,2.90,P0|P1|P2|P3|P4|P5|P6|P7|P8|P9|P10|P11|P12|P13|P14|P15,0.831036,5,P14,P15,P0,P9,P14,P15,P0,P8,P14,P15,P0,P8,P14,P15,P0,P7,P13,P15,P0,P7
grating,45,2.90,P0|P1|P2|P3|P4|P5|P6|P7|P8|P9|P10|P11|P12|P13|P14|P15,0.831036,6,P10,P14,P15,P0,P9,P14,P15,P0,P8,P14,P15,P0,P8,P14,P15,P0,P7,P13,P15,P0
grating,45,2.90,P0|P1|P2|P3|P4|P5|P6|P7|P8|P9|P10|P11|P12|P13|P14|P15,0.831036,7,P0,P10,P14,P15,P0,P9,P14,P15,P0,P8,P14,P15,P0,P8,P14,P15,P0,P7,P13,P15
grating,45,2.90,P0|P1|P2|P3|P4|P5|P6|P7|P8|P9|P10|P11|P12|P13|P14|P15,0.831036,8,P15,P0,P10,P14,P15,P0,P9,P14,P15,P0,P8,P14,P15,P0,P8,P14,P15,P0,P7,P13
grating,45,2.90,P0|P1|P2|P3|P4|P5|P6|P7|P8|P9|P10|P11|P12|P13|P14|P15,0.831036,9,P14,P15,P0,P10,P14,P15,P0,P9,P14,P15,P0,P8,P14,P15,P0,P8,P14,P15,P0,P7
grating,45,2.90,P0|P1|P2|P3|P4|P5|P6|P7|P8|P9|P10|P11|P12|P13|P14|P15,0.831036,10,P11,P14,P15,P0,P10,P14,P15,P0,P9,P14,P15,P0,P8,P14,P15,P0,P8,P14,P15,P0
grating,45,2.90,P0|P1|P2|P3|P4|P5|P6|P7|P8|P9|P10|P11|P12|P13|P14|P15,0.831036,11,P1,P11,P14,P15,P0,P10,P14,P15,P0,P9,P14,P15,P0,P8,P14,P15,P0,P8,P14,P15
grating,45,2.90,P0|P1|P2|P3|P4|P5|P6|P7|P8|P9|P10|P11|P12|P13|P14|P15,0.831036,12,P15,P1,P11,P14,P15,P0,P10,P14,P15,P0,P9,P14,P15,P0,P8,P14,P15,P0,P8,P14
grating,45,2.90,P0|P1|P2|P3|P4|P5|P6|P7|P8|P9|P10|P11|P12|P13|P14|P15,0.831036,13,P14,P15,P1,P11,P14,P15,P0,P10,P14,P15,P0,P9,P14,P15,P0,P8,P14,P15,P0,P8
grating,45,2.90,P0|P1|P2|P3|P4|P5|P6|P7|P8|P9|P10|P11|P12|P13|P14|P15,0.831036,14,P11,P14,P15,P1,P11,P14,P15,P0,P10,P14,P15,P0,P9,P14,P15,P0,P8,P14,P15,P0
grating,45,2.90,P0|P1|P2|P3|P4|P5|P6|P7|P8|P9|P10|P11|P12|P13|P14|P15,0.831036,15,P4,P11,P14,P15,P1,P11,P14,P15,P0,P10,P14,P15,P0,P9,P14,P15,P0,P8,P14,P15
grating,45,2.90,P0|P1|P2|P3|P4|P5|P6|P7|P8|P9|P10|P11|P12|P13|P14|P15,0.831036,16,P15,P4,P11,P14,P15,P1,P11,P14,P15,P0,P10,P14,P15,P0,P9,P14,P15,P0,P8,P14
grating,45,2.90,P0|P1|P2|P3|P4|P5|P6|P7|P8|P9|P10|P11|P12|P13|P14|P15,0.831036,17,P15,P15,P4,P11,P14,P15,P1,P11,P14,P15,P0,P10,P14,P15,P0,P9,P14,P15,P0,P8
grating,45,2.90,P0|P1|P2|P3|P4|P5|P6|P7|P8|P9|P10|P11|P12|P13|P14|P15,0.831036,18,P12,P15,P15,P4,P11,P14,P15,P1,P11,P14,P15,P0,P10,P14,P15,P0,P9,P14,P15,P0
grating,45,2.90,P0|P1|P2|P3|P4|P5|P6|P7|P8|P9|P10|P11|P12|P13|P14|P15,0.831036,19,P6,P12,P15,P15,P4,P11,P14,P15,P1,P11,P14,P15,P0,P10,P14,P15,P0,P9,P14,P15
grating,225,2.90,P0|P1|P2|P3|P4|P5|P6|P7|P8|P9|P10|P11|P12|P13|P14|P15,0.831036,0,P15,P14,P9,P0,P15,P14,P10,P0,P15,P14,P11,P1,P15,P14,P11,P4,P15,P15,P12,P6
grating,225,2.90,P0|P1|P2|P3|P4|P5|P6|P7|P8|P9|P10|P11|P12|P13|P14|P15,0.831036,1,P0,P15,P14,P9,P0,P15,P14,P10,P0,P15,P14,P11,P1,P15,P14,P11,P4,P15,P15,P12
grating,225,2.90,P0|P1|P2|P3|P4|P5|P6|P7|P8|P9|P10|P11|P12|P13|P14|P15,0.831036,2,P8,P0,P15,P14,P9,P0,P15,P14,P10,P0,P15,P14,P11,P1,P15,P14,P11,P4,P15,P15
grating,225,2.90,P0|P1|P2|P3|P4|P5|P6|P7|P8|P9|P10|P11|P12|P13|P14|P15,0.831036,3,P14,P8,P0,P15,P14,P9,P0,P15,P14,P10,P0,P15,P14,P11,P1,P15,P14,P11,P4,P15
grating,225,2.90,P0|P1|P2|P3|P4|P5|P6|P7|P8|P9|P10|P11|P12|P13|P14|P15,0.831036,4,P15,P14,P8,P0,P15,P14,P9,P0,P15,P14,P10,P0,P15,P14,P11,P1,P15,P14,P11,P4
grating,225,2.90,P0|P1|P2|P3|P4|P5|P6|P7|P8|P9|P10|P11|P12|P13|P14|P15,0.831036,5,P0,P15,P14,P8,P0,P15,P14,P9,P0,P15,P14,P10,P0,P15,P14,P11,P1,P15,P14,P11
grating,225,2.90,P0|P1|P2|P3|P4|P5|P6|P7|P8|P9|P10|P11|P12|P13|P14|P15,0.831036,6,P8,P0,P15,P14,P8,P0,P15,P14,P9,P0,P15,P14,P10,P0,P15,P14,P11,P1,P15,P14
grating,225,2.90,P0|P1|P2|P3|P4|P5|P6|P7|P8|P9|P10|P11|P12|P13|P14|P15,0.831036,7,P14,P8,P0,P15,P14,P8,P0,P15,P14,P9,P0,P15,P14,P10,P0,P15,P14,P11,P1,P15
grating,225,2.90,P0|P1|P2|P3|P4|P5|P6|P7|P8|P9|P10|P11|P12|P13|P14|P15,0.831036,8,P15,P14,P8,P0,P15,P14,P8,P0,P15,P14,P9,P0,P15,P14,P10,P0,P15,P14,P11,P1
grating,225,2.90,P0|P1|P2|P3|P4|P5|P6|P7|P8|P9|P10|P11|P12|P13|P14|P15,0.831036,9,P0,P15,P14,P8,P0,P15,P14,P8,P0,P15,P14,P9,P0,P15,P14,P10,P0,P15,P14,P11
grating,225,2.90,P0|P1|P2|P3|P4|P5|P6|P7|P8|P9|P10|P11|P12|P13|P14|P15,0.831036,10,P7,P0,P15,P14,P8,P0,P15,P14,P8,P0,P15,P14,P9,P0,P15,P14,P10,P0,P15,P14
grating,225,2.90,P0|P1|P2|P3|P4|P5|P6|P7|P8|P9|P10|P11|P12|P13|P14|P15,0.831036,11,P13,P7,P0,P15,P14,P8,P0,P15,P14,P8,P0,P15,P14,P9,P0,P15,P14,P10,P0,P15
grating,225,2.90,P0|P1|P2|P3|P4|P5|P6|P7|P8|P9|P10|P11|P12|P13|P14|P15,0.831036,12,P15,P13,P7,P0,P15,P14,P8,P0,P15,P14,P8,P0,P15,P14,P9,P0,P15,P14,P10,P0
grating,225,2.90,P0|P1|P2|P3|P4|P5|P6|P7|P8|P9|P10|P11|P12|P13|P14|P15,0.831036,13,P0,P15,P13,P7,P0,P15,P14,P8,P0,P15,P14,P8,P0,P15,P14,P9,P0,P15,P14,P10
grating,225,2.90,P0|P1|P2|P3|P4|P5|P6|P7|P8|P9|P10|P11|P12|P13|P14|P15,0.831036,14,P7,P0,P15,P13,P7,P0,P15,P14,P8,P0,P15,P14,P8,P0,P15,P14,P9,P0,P15,P14
grating,225,2.90,P0|P1|P2|P3|P4|P5|P6|P7|P8|P9|P10|P11|P12|P13|P14|P15,0.831036,15,P13,P7,P0,P15,P13,P7,P0,P15,P14,P8,P0,P15,P14,P8,P0,P15,P14,P9,P0,P15
grating,225,2.90,P0|P1|P2|P3|P4|P5|P6|P7|P8|P9|P10|P11|P12|P13|P14|P15,0.831036,16,P15,P13,P7,P0,P15,P13,P7,P0,P15,P14,P8,P0,P15,P14,P8,P0,P15,P14,P9,P0
grating,225,2.90,P0|P1|P2|P3|P4|P5|P6|P7|P8|P9|P10|P11|P12|P13|P14|P15,0.831036,17,P0,P15,P13,P7,P0,P15,P13,P7,P0,P15,P14,P8,P0,P15,P14,P8,P0,P15,P14,P9
grating,225,2.90,P0|P1|P2|P3|P4|P5|P6|P7|P8|P9|P10|P11|P12|P13|P14|P15,0.831036,18,P6,P0,P15,P13,P7,P0,P15,P13,P7,P0,P15,P14,P8,P0,P15,P14,P8,P0,P15,P14
grating,225,2.90,P0|P1|P2|P3|P4|P5|P6|P7|P8|P9|P10|P11|P12|P13|P14|P15,0.831036,19,P12,P6,P0,P15,P13,P7,P0,P15,P13,P7,P0,P15,P14,P8,P0,P15,P14,P8,P0,P15
grating,45,3.00,P0|P1|P2|P3|P4|P5|P6|P7|P8|P9|P10|P11|P12|P13|P14|P15,0.831037,0,P0,P7,P13,P15,P0,P6,P12,P15,P15,P4,P11,P14,P15,P0,P10,P14,P15,P0,P8,P14
grating,45,3.00,P0|P1|P2|P3|P4|P5|P6|P7|P8|P9|P10|P11|P12|P13|P14|P15,0.831037,1,P15,P0,P7,P13,P15,P0,P6,P12,P15,P15,P4,P11,P14,P15,P0,P10,P14,P15,P0,P8
grating,45,3.00,P0|P1|P2|P3|P4|P5|P6|P7|P8|P9|P10|P11|P12|P13|P14|P15,0.831037,2,P14,P15,P0,P7,P13,P15,P0,P6,P12,P15,P15,P4,P11,P14,P15,P0,P10,P14,P15,P0
grating,45,3.00,P0|P1|P2|P3|P4|P5|P6|P7|P8|P9|P10|P11|P12|P13|P14|P15,0.831037,3,P9,P14,P15,P0,P7,P13,P15,P0,P6,P12,P15,P15,P4,P11,P14,P15,P0,P10,P14,P15
grating,45,3.00,P0|P1|P2|P3|P4|P5|P6|P7|P8|P9|P10|P11|P12|P13|P14|P15,0.831037,4,P0,P9,P14,P15,P0,P7,P13,P15,P0,P6,P12,P15,P15,P4,P11,P14,P15,P0,P10,P14
grating,45,3.00,P0|P1|P2|P3|P4|P5|P6|P7|P8|P9|P10|P11|P12|P13|P14|P15,0.831037,5,P15,P0,P9,P14,P15,P0,P7,P13,P15,P0,P6,P12,P15,P15,P4,P11,P14,P15,P0,P10
grating,45,3.00,P0|P1|P2|P3|P4|P5|P6|P7|P8|P9|P10|P11|P12|P13|P14|P15,0.831037,6,P14,P15,P0,P9,P14,P15,P0,P7,P13,P15,P0,P6,P12,P15,P15,P4,P11,P14,P15,P0
grating,45,3.00,P0|P1|P2|P3|P4|P5|P6|P7|P8|P9|P10|P11|P12|P13|P14|P15,0.831037,7,P11,P14,P15,P0,P9,P14,P15,P0,P7,P13,P15,P0,P6,P12,P15,P15,P4,P11,P14,P15
grating,45,3.00,P0|P1|P2|P3|P4|P5|P6|P7|P8|P9|P10|P11|P12|P13|P14|P15,0.831037,8,P3,P11,P14,P15,P0,P9,P14,P15,P0,P7,P13,P15,P0,P6,P12,P15,P15,P4,P11,P14
grating,45,3.00,P0|P1|P2|P3|P4|P5|P6|P7|P8|P9|P10|P11|P12|P13|P14|P15,0.831037,9,P15,P3,P11,P14,P15,P0,P9,P14,P15,P0,P7,P13,P15,P0,P6,P12,P15,P15,P4,P11
grating,45,3.00,P0|P1|P2|P3|P4|P5|P6|P7|P8|P9|P10|P11|P12|P13|P14|P15,0.831037,10,P15,P15,P3,P11,P14,P15,P0,P9,P14,P15,P0,P7,P13,P15,P0,P6,P12,P15,P15,P4
grating,45,3.00,P0|P1|P2|P3|P4|P5|P6|P7|P8|P9|P10|P11|P12|P13|P14|P15,0.831037,11,P12,P15,P15,P3,P11,P14,P15,P0,P9,P14,P15,P0,P7,P13,P15,P0,P6,P12,P15,P15
grating,45,3.00,P0|P1|P2|P3|P4|P5|P6|P7|P8|P9|P10|P11|P12|P13|P14|P15,0.831037,12,P6,P12,P15,P15,P3,P11,P14,P15,P0,P9,P14,P15,P0,P7,P13,P15,P0,P6,P12,P15
grating,45,3.00,P0|P1|P2|P3|P4|P5|P6|P7|P8|P9|P10|P11|P12|P13|P14|P15,0.831037,13,P0,P6,P12,P15,P15,P3,P11,P14,P15,P0,P9,P14,P15,P0,P7,P13,P15,P0,P6,P12
grating,45,3.00,P0|P1|P2|P3|P4|P5|P6|P7|P8|P9|P10|P11|P12|P13|P14|P15,0.831037,14,P15,P0,P6,P12,P15,P15,P3,P11,P14,P15,P0,P9,P14,P15,P0,P7,P13,P15,P0,P6
grating,45,3.00,P0|P1|P2|P3|P4|P5|P6|P7|P8|P9|P10|P11|P12|P13|P14|P15,0.831037,15,P13,P15,P0,P6,P12,P15,P15,P3,P11,P14,P15,P0,P9,P14,P15,P0,P7,P13,P15,P0
grating,45,3.00,P0|P1|P2|P3|P4|P5|P6|P7|P8|P9|P10|P11|P12|P13|P14|P15,0.831037,16,P7,P13,P15,P0,P6,P12,P15,P15,P3,P11,P14,P15,P0,P9,P14,P15,P0,P7,P13,P15
grating,45,3.00,P0|P1|P2|P3|P4|P5|P6|P7|P8|P9|P10|P11|P12|P13|P14|P15,0.831037,17,P0,P7,P13,P15,P0,P6,P12,P15,P15,P3,P11,P14,P15,P0,P9,P14,P15,P0,P7,P13
grating,45,3.00,P0|P1|P2|P3|P4|P5|P6|P7|P8|P9|P10|P11|P12|P13|P14|P15,0.831037,18,P15,P0,P7,P13,P15,P0,P6,P12,P15,P15,P3,P11,P14,P15,P0,P9,P14,P15,P0,P7
grating,45,3.00,P0|P1|P2|P3|P4|P5|P6|P7|P8|P9|P10|P11|P12|P13|P14|P15,0.831037,19,P14,P15,P0,P7,P13,P15,P0,P6,P12,P15,P15,P3,P11,P14,P15,P0,P9,P14,P15,P0
grating,225,3.00,P0|P1|P2|P3|P4|P5|P6|P7|P8|P9|P10|P11|P12|P13|P14|P15,0.831037,0,P0,P15,P14,P9,P0,P15,P14,P11,P3,P15,P15,P12,P6,P0,P15,P13,P7,P0,P15,P14
grating,225,3.00,P0|P1|P2|P3|P4|P5|P6|P7|P8|P9|P10|P11|P12|P13|P14|P15,0.831037,1,P7,P0,P15,P14,P9,P0,P15,P14,P11,P3,P15,P15,P12,P6,P0,P15,P13,P7,P0,P15
grating,225,3.00,P0|P1|P2|P3|P4|P5|P6|P7|P8|P9|P10|P11|P12|P13|P14|P15,0.831037,2,P13,P7,P0,P15,P14,P9,P0,P15,P14,P11,P3,P15,P15,P12,P6,P0,P15,P13,P7,P0
grating,225,3.00,P0|P1|P2|P3|P4|P5|P6|P7|P8|P9|P10|P11|P12|P13|P14|P15,0.831037,3,P15,P13,P7,P0,P15,P14,P9,P0,P15,P14,P11,P3,P15,P15,P12,P6,P0,P15,P13,P7
grating,225,3.00,P0|P1|P2|P3|P4|P5|P6|P7|P8|P9|P10|P11|P12|P13|P14|P15,0.831037,4,P0,P15,P13,P7,P0,P15,P14,P9,P0,P15,P14,P11,P3,P15,P15,P12,P6,P0,P15,P13
grating,225,3.00,P0|P1|P2|P3|P4|P5|P6|P7|P8|P9|P10|P11|P12|P13|P14|P15,0.831037,5,P6,P0,P15,P13,P7,P0,P15,P14,P9,P0,P15,P14,P11,P3,P15,P15,P12,P6,P0,P15
grating,225,3.00,P0|P1|P2|P3|P4|P5|P6|P7|P8|P9|P10|P11|P12|P13|P14|P15,0.831037,6,P12,P6,P0,P15,P13,P7,P0,P15,P14,P9,P0,P15,P14,P11,P3,P15,P15,P12,P6,P0
grating,225,3.00,P0|P1|P2|P3|P4|P5|P6|P7|P8|P9|P10|P11|P12|P13|P14|P15,0.831037,7,P15,P12,P6,P0,P15,P13,P7,P0,P15,P14,P9,P0,P15,P14,P11,P3,P15,P15,P12,P6
grating,225,3.00,P0|P1|P2|P3|P4|P5|P6|P7|P8|P9|P10|P11|P12|P13|P14|P15,0.831037,8,P15,P15,P12,P6,P0,P15,P13,P7,P0,P15,P14,P9,P0,P15,P14,P11,P3,P15,P15,P12
grating,225,3.00,P0|P1|P2|P3|P4|P5|P6|P7|P8|P9|P10|P11|P12|P13|P14|P15,0.831037,9,P4,P15,P15,P12,P6,P0,P15,P13,P7,P0,P15,P14,P9,P0,P15,P14,P11,P3,P15,P15
grating,225,3.00,P0|P1|P2|P3|P4|P5|P6|P7|P8|P9|P10|P11|P12|P13|P14|P15,0.831037,10,P11,P4,P15,P15,P12,P6,P0,P15,P13,P7,P0,P15,P14,P9,P0,P15,P14,P11,P3,P15
grating,225,3.00,P0|P1|P2|P3|P4|P5|P6|P7|P8|P9|P10|P11|P12|P13|P14|P15,0.831037,11,P14,P11,P4,P15,P15,P12,P6,P0,P15,P13,P7,P0,P15,P14,P9,P0,P15,P14,P11,P3
grating,225,3.00,P0|P1|P2|P3|P4|P5|P6|P7|P8|P9|P10|P11|P12|P13|P14|P15,0.831037,12,P15,P14,P11,P4,P15,P15,P12,P6,P0,P15,P13,P7,P0,P15,P14,P9,P0,P15,P14,P11
grating,225,3.00,P0|P1|P2|P3|P4|P5|P6|P7|P8|P9|P10|P11|P12|P13|P14|P15,0.831037,13,P0,P15,P14,P11,P4,P15,P15,P12,P6,P0,P15,P13,P7,P0,P15,P14,P9,P0,P15,P14
grating,225,3.00,P0|P1|P2|P3|P4|P5|P6|P7|P8|P9|P10|P11|P12|P13|P14|P15,0.831037,14,P10,P0,P15,P14,P11,P4,P15,P15,P12,P6,P0,P15,P13,P7,P0,P15,P14,P9,P0,P15
grating,225,3.00,P0|P1|P2|P3|P4|P5|P6|P7|P8|P9|P10|P11|P12|P13|P14|P15,0.831037,15,P14,P10,P0,P15,P14,P11,P4,P15,P15,P12,P6,P0,P15,P13,P7,P0,P15,P14,P9,P0
grating,225,3.00,P0|P1|P2|P3|P4|P5|P6|P7|P8|P9|P10|P11|P12|P13|P14|P15,0.831037,16,P15,P14,P10,P0,P15,P14,P11,P4,P15,P15,P12,P6,P0,P15,P13,P7,P0,P15,P14,P9
grating,225,3.00,P0|P1|P2|P3|P4|P5|P6|P7|P8|P9|P10|P11|P12|P13|P14|P15,0.831037,17,P0,P15,P14,P10,P0,P15,P14,P11,P4,P15,P15,P12,P6,P0,P15,P13,P7,P0,P15,P14
grating,225,3.00,P0|P1|P2|P3|P4|P5|P6|P7|P8|P9|P10|P11|P12|P13|P14|P15,0.831037,18,P8,P0,P15,P14,P10,P0,P15,P14,P11,P4,P15,P15,P12,P6,P0,P15,P13,P7,P0,P15
grating,225,3.00,P0|P1|P2|P3|P4|P5|P6|P7|P8|P9|P10|P11|P12|P13|P14|P15,0.831037,19,P14,P8,P0,P15,P14,P10,P0,P15,P14,P11,P4,P15,P15,P12,P6,P0,P15,P13,P7,P0
grating,90,1.00,P4,1.000000,0,P4,P4,P4,P4,P4,P4,P4,P4,P4,P4,P4,P4,P4,P4,P4,P4,P4,P4,P4,P4
grating,90,1.00,P4,1.000000,1,P4,P4,P4,P4,P4,P4,P4,P4,P4,P4,P4,P4,P4,P4,P4,P4,P4,P4,P4,P4
grating,90,1.00,P4,1.000000,2,P4,P4,P4,P4,P4,P4,P4,P4,P4,P4,P4,P4,P4,P4,P4,P4,P4,P4,P4,P4
grating,90,1.00,P4,1.000000,3,P4,P4,P4,P4,P4,P4,P4,P4,P4,P4,P4,P4,P4,P4,P4,P4,P4,P4,P4,P4
grating,90,1.00,P4,1.000000,4,P4,P4,P4,P4,P4,P4,P4,P4,P4,P4,P4,P4,P4,P4,P4,P4,P4,P4,P4,P4
grating,90,1.00,P4,1.000000,5,P4,P4,P4,P4,P4,P4,P4,P4,P4,P4,P4,P4,P4,P4,P4,P4,P4,P4,P4,P4
grating,90,1.00,P4,1.000000,6,P4,P4,P4,P4,P4,P4,P4,P4,P4,P4,P4,P4,P4,P4,P4,P4,P4,P4,P4,P4
grating,90,1.00,P4,1.000000,7,P4,P4,P4,P4,P4,P4,P4,P4,P4,P4,P4,P4,P4,P4,P4,P4,P4,P4,P4,P4
grating,90,1.00,P4,1.000000,8,P4,P4,P4,P4,P4,P4,P4,P4,P4,P4,P4,P4,P4,P4,P4,P4,P4,P4,P4,P4
grating,90,1.00,P4,1.000000,9,P4,P4,P4,P4,P4,P4,P4,P4,P4,P4,P4,P4,P4,P4,P4,P4,P4,P4,P4,P4
grating,90,1.00,P4,1.000000,10,P4,P4,P4,P4,P4,P4,P4,P4,P4,P4,P4,P4,P4,P4,P4,P4,P4,P4,P4,P4
grating,90,1.00,P4,1.000000,11,P4,P4,P4,P4,P4,P4,P4,P4,P4,P4,P4,P4,P4,P4,P4,P4,P4,P4,P4,P4
grating,90,1.00,P4,1.000000,12,P4,P4,P4,P4,P4,P4,P4,P4,P4,P4,P4,P4,P4,P4,P4,P4,P4,P4,P4,P4
grating,90,1.00,P4,1.000000,13,P4,P4,P4,P4,P4,P4,P4,P4,P4,P4,P4,P4,P4,P4,P4,P4,P4,P4,P4,P4
grating,90,1.00,P4,1.000000,14,P4,P4,P4,P4,P4,P4,P4,P4,P4,P4,P4,P4,P4,P4,P4,P4,P4,P4,P4,P4
grating,90,1.00,P4,1.000000,15,P4,P4,P4,P4,P4,P4,P4,P4,P4,P4,P4,P4,P4,P4,P4,P4,P4,P4,P4,P4
grating,90,1.00,P4,1.000000,16,P4,P4,P4,P4,P4,P4,P4,P4,P4,P4,P4,P4,P4,P4,P4,P4,P4,P4,P4,P4
grating,90,1.00,P4,1.000000,17,P4,P4,P4,P4,P4,P4,P4,P4,P4,P4,P4,P4,P4,P4,P4,P4,P4,P4,P4,P4
grating,90,1.00,P4,1.000000,18,P4,P4,P4,P4,P4,P4,P4,P4,P4,P4,P4,P4,P4,P4,P4,P4,P4,P4,P4,P4
grating,90,1.00,P4,1.000000,19,P4,P4,P4,P4,P4,P4,P4,P4,P4,P4,P4,P4,P4,P4,P4,P4,P4,P4,P4,P4
grating,270,1.00,P4,1.000000,0,P4,P4,P4,P4,P4,P4,P4,P4,P4,P4,P4,P4,P4,P4,P4,P4,P4,P4,P4,P4
grating,270,1.00,P4,1.000000,1,P4,P4,P4,P4,P4,P4,P4,P4,P4,P4,P4,P4,P4,P4,P4,P4,P4,P4,P4,P4
grating,270,1.00,P4,1.000000,2,P4,P4,P4,P4,P4,P4,P4,P4,P4,P4,P4,P4,P4,P4,P4,P4,P4,P4,P4,P4
grating,270,1.00,P4,1.000000,3,P4,P4,P4,P4,P4,P4,P4,P4,P4,P4,P4,P4,P4,P4,P4,P4,P4,P4,P4,P4
grating,270,1.00,P4,1.000000,4,P4,P4,P4,P4,P4,P4,P4,P4,P4,P4,P4,P4,P4,P4,P4,P4,P4,P4,P4,P4
grating,270,1.00,P4,1.000000,5,P4,P4,P4,P4,P4,P4,P4,P4,P4,P4,P4,P4,P4,P4,P4,P4,P4,P4,P4,P4
grating,270,1.00,P4,1.000000,6,P4,P4,P4,P4,P4,P4,P4,P4,P4,P4,P4,P4,P4,P4,P4,P4,P4,P4,P4,P4
grating,270,1.00,P4,1.000000,7,P4,P4,P4,P4,P4,P4,P4,P4,P4,P4,P4,P4,P4,P4,P4,P4,P4,P4,P4,P4
grating,270,1.00,P4,1.000000,8,P4,P4,P4,P4,P4,P4,P4,P4,P4,P4,P4,P4,P4,P4,P4,P4,P4,P4,P4,P4
grating,270,1.00,P4,1.000000,9,P4,P4,P4,P4,P4,P4,P4,P4,P4,P4,P4,P4,P4,P4,P4,P4,P4,P4,P4,P4
grating,270,1.00,P4,1.000000,10,P4,P4,P4,P4,P4,P4,P4,P4,P4,P4,P4,P4,P4,P4,P4,P4,P4,P4,P4,P4
grating,270,1.00,P4,1.000000,11,P4,P4,P4,P4,P4,P4,P4,P4,P4,P4,P4,P4,P4,P4,P4,P4,P4,P4,P4,P4
grating,270,1.00,P4,1.000000,12,P4,P4,P4,P4,P4,P4,P4,P4,P4,P4,P4,P4,P4,P4,P4,P4,P4,P4,P4,P4
grating,270,1.00,P4,1.000000,13,P4,P4,P4,P4,P4,P4,P4,P4,P4,P4,P4,P4,P4,P4,P4,P4,P4,P4,P4,P4
grating,270,1.00,P4,1.000000,14,P4,P4,P4,P4,P4,P4,P4,P4,P4,P4,P4,P4,P4,P4,P4,P4,P4,P4,P4,P4
grating,270,1.00,P4,1.000000,15,P4,P4,P4,P4,P4,P4,P4,P4,P4,P4,P4,P4,P4,P4,P4,P4,P4,P4,P4,P4
grating,270,1.00,P4,1.000000,16,P4,P4,P4,P4,P4,P4,P4,P4,P4,P4,P4,P4,P4,P4,P4,P4,P4,P4,P4,P4
grating,270,1.00,P4,1.000000,17,P4,P4,P4,P4,P4,P4,P4,P4,P4,P4,P4,P4,P4,P4,P4,P4,P4,P4,P4,P4
grating,270,1.00,P4,1.000000,18,P4,P4,P4,P4,P4,P4,P4,P4,P4,P4,P4,P4,P4,P4,P4,P4,P4,P4,P4,P4
grating,270,1.00,P4,1.000000,19,P4,P4,P4,P4,P4,P4,P4,P4,P4,P4,P4,P4,P4,P4,P4,P4,P4,P4,P4,P4
grating,90,1.10,P0|P5|P7|P10|P12|P14|P15,0.844060,0,P14,P14,P14,P14,P14,P14,P14,P14,P14,P14,P14,P14,P14,P14,P14,P14,P14,P14,P14,P14
grating,90,1.10,P0|P5|P7|P10|P12|P14|P15,0.844060,1,P15,P15,P15,P15,P15,P15,P15,P15,P15,P15,P15,P15,P15,P15,P15,P15,P15,P15,P15,P15
grating,90,1.10,P0|P5|P7|P10|P12|P14|P15,0.844060,2,P15,P15,P15,P15,P15,P15,P15,P15,P15,P15,P15,P15,P15,P15,P15,P15,P15,P15,P15,P15
grating,90,1.10,P0|P5|P7|P10|P12|P14|P15,0.844060,3,P15,P15,P15,P15,P15,P15,P15,P15,P15,P15,P15,P15,P15,P15,P15,P15,P15,P15,P15,P15
grating,90,1.10,P0|P5|P7|P10|P12|P14|P15,0.844060,4,P0,P0,P0,P0,P0,P0,P0,P0,P0,P0,P0,P0,P0,P0,P0,P0,P0,P0,P0,P0
grating,90,1.10,P0|P5|P7|P10|P12|P14|P15,0.844060,5,P0,P0,P0,P0,P0,P0,P0,P0,P0,P0,P0,P0,P0,P0,P0,P0,P0,P0,P0,P0
grating,90,1.10,P0|P5|P7|P10|P12|P14|P15,0.844060,6,P5,P5,P5,P5,P5,P5,P5,P5,P5,P5,P5,P5,P5,P5,P5,P5,P5,P5,P5,P5
grating,90,1.10,P0|P5|P7|P10|P12|P14|P15,0.844060,7,P7,P7,P7,P7,P7,P7,P7,P7,P7,P7,P7,P7,P7,P7,P7,P7,P7,P7,P7,P7
grating,90,1.10,P0|P5|P7|P10|P12|P14|P15,0.844060,8,P10,P10,P10,P10,P10,P10,P10,P10,P10,P10,P10,P10,P10,P10,P10,P10,P10,P10,P10,P10
grating,90,1.10,P0|P5|P7|P10|P12|P14|P15,0.844060,9,P12,P12,P12,P12,P12,P12,P12,P12,P12,P12,P12,P12,P12,P12,P12,P12,P12,P12,P12,P12
grating,90,1.10,P0|P5|P7|P10|P12|P14|P15,0.844060,10,P14,P14,P14,P14,P14,P14,P14,P14,P14,P14,P14,P14,P14,P14,P14,P14,P14,P14,P14,P14
grating,90,1.10,P0|P5|P7|P10|P12|P14|P15,0.844060,11,P14,P14,P14,P14,P14,P14,P14,P14,P14,P14,P14,P14,P14,P14,P14,P14,P14,P14,P14,P14
grating,90,1.10,P0|P5|P7|P10|P12|P14|P15,0.844060,12,P15,P15,P15,P15,P15,P15,P15,P15,P15,P15,P15,P15,P15,P15,P15,P15,P15,P15,P15,P15
grating,90,1.10,P0|P5|P7|P10|P12|P14|P15,0.844060,13,P15,P15,P15,P15,P15,P15,P15,P15,P15,P15,P15,P15,P15,P15,P15,P15,P15,P15,P15,P15
grating,90,1.10,P0|P5|P7|P10|P12|P14|P15,0.844060,14,P15,P15,P15,P15,P15,P15,P15,P15,P15,P15,P15,P15,P15,P15,P15,P15,P15,P15,P15,P15
grating,90,1.10,P0|P5|P7|P10|P12|P14|P15,0.844060,15,P0,P0,P0,P0,P0,P0,P0,P0,P0,P0,P0,P0,P0,P0,P0,P0,P0,P0,P0,P0
grating,90,1.10,P0|P5|P7|P10|P12|P14|P15,0.844060,16,P0,P0,P0,P0,P0,P0,P0,P0,P0,P0,P0,P0,P0,P0,P0,P0,P0,P0,P0,P0
grating,90,1.10,P0|P5|P7|P10|P12|P14|P15,0.844060,17,P5,P5,P5,P5,P5,P5,P5,P5,P5,P5,P5,P5,P5,P5,P5,P5,P5,P5,P5,P5
grating,90,1.10,P0|P5|P7|P10|P12|P14|P15,0.844060,18,P7,P7,P7,P7,P7,P7,P7,P7,P7,P7,P7,P7,P7,P7,P7,P7,P7,P7,P7,P7
grating,90,1.10,P0|P5|P7|P10|P12|P14|P15,0.844060,19,P10,P10,P10,P10,P10,P10,P10,P10,P10,P10,P10,P10,P10,P10,P10,P10,P10,P10,P10,P10
grating,270,1.10,P0|P5|P7|P10|P12|P14|P15,0.844060,0,P10,P10,P10,P10,P10,P10,P10,P10,P10,P10,P10,P10,P10,P10,P10,P10,P10,P10,P10,P10
grating,270,1.10,P0|P5|P7|P10|P12|P14|P15,0.844060,1,P7,P7,P7,P7,P7,P7,P7,P7,P7,P7,P7,P7,P7,P7,P7,P7,P7,P7,P7,P7
grating,270,1.10,P0|P5|P7|P10|P12|P14|P15,0.844060,2,P5,P5,P5,P5,P5,P5,P5,P5,P5,P5,P5,P5,P5,P5,P5,P5,P5,P5,P5,P5
grating,270,1.10,P0|P5|P7|P10|P12|P14|P15,0.844060,3,P0,P0,P0,P0,P0,P0,P0,P0,P0,P0,P0,P0,P0,P0,P0,P0,P0,P0,P0,P0
grating,270,1.10,P0|P5|P7|P10|P12|P14|P15,0.844060,4,P0,P0,P0,P0,P0,P0,P0,P0,P0,P0,P0,P0,P0,P0,P0,P0,P0,P0,P0,P0
grating,270,1.10,P0|P5|P7|P10|P12|P14|P15,0.844060,5,P15,P15,P15,P15,P15,P15,P15,P15,P15,P15,P15,P15,P15,P15,P15,P15,P15,P15,P15,P15
grating,270,1.10,P0|P5|P7|P10|P12|P14|P15,0.844060,6,P15,P15,P15,P15,P15,P15,P15,P15,P15,P15,P15,P15,P15,P15,P15,P15,P15,P15,P15,P15
grating,270,1.10,P0|P5|P7|P10|P12|P14|P15,0.844060,7,P15,P15,P15,P15,P15,P15,P15,P15,P15,P15,P15,P15,P15,P15,P15,P15,P15,P15,P15,P15
grating,270,1.10,P0|P5|P7|P10|P12|P14|P15,0.844060,8,P14,P14,P14,P14,P14,P14,P14,P14,P14,P14,P14,P14,P14,P14,P14,P14,P14,P14,P14,P14
grating,270,1.10,P0|P5|P7|P10|P12|P14|P15,0.844060,9,P14,P14,P14,P14,P14,P14,P14,P14,P14,P14,P14,P14,P14,P14,P14,P14,P14,P14,P14,P14
grating,270,1.10,P0|P5|P7|P10|P12|P14|P15,0.844060,10,P12,P12,P12,P12,P12,P12,P12,P12,P12,P12,P12,P12,P12,P12,P12,P12,P12,P12,P12,P12
grating,270,1.10,P0|P5|P7|P10|P12|P14|P15,0.844060,11,P10,P10,P10,P10,P10,P10,P10,P10,P10,P10,P10,P10,P10,P10,P10,P10,P10,P10,P10,P10
grating,270,1.10,P0|P5|P7|P10|P12|P14|P15,0.844060,12,P7,P7,P7,P7,P7,P7,P7,P7,P7,P7,P7,P7,P7,P7,P7,P7,P7,P7,P7,P7
grating,270,1.10,P0|P5|P7|P10|P12|P14|P15,0.844060,13,P5,P5,P5,P5,P5,P5,P5,P5,P5,P5,P5,P5,P5,P5,P5,P5,P5,P5,P5,P5
grating,270,1.10,P0|P5|P7|P10|P12|P14|P15,0.844060,14,P0,P0,P0,P0,P0,P0,P0,P0,P0,P0,P0,P0,P0,P0,P0,P0,P0,P0,P0,P0
grating,270,1.10,P0|P5|P7|P10|P12|P14|P15,0.844060,15,P0,P0,P0,P0,P0,P0,P0,P0,P0,P0,P0,P0,P0,P0,P0,P0,P0,P0,P0,P0
grating,270,1.10,P0|P5|P7|P10|P12|P14|P15,0.844060,16,P15,P15,P15,P15,P15,P15,P15,P15,P15,P15,P15,P15,P15,P15,P15,P15,P15,P15,P15,P15
grating,270,1.10,P0|P5|P7|P10|P12|P14|P15,0.844060,17,P15,P15,P15,P15,P15,P15,P15,P15,P15,P15,P15,P15,P15,P15,P15,P15,P15,P15,P15,P15
grating,270,1.10,P0|P5|P7|P10|P12|P14|P15,0.844060,18,P15,P15,P15,P15,P15,P15,P15,P15,P15,P15,P15,P15,P15,P15,P15,P15,P15,P15,P15,P15
grating,270,1.10,P0|P5|P7|P10|P12|P14|P15,0.844060,19,P14,P14,P14,P14,P14,P14,P14,P14,P14,P14,P14,P14,P14,P14,P14,P14,P14,P14,P14,P14
grating,90,1.20,P0|P7|P11|P14|P15,0.866345,0,P11,P11,P11,P11,P11,P11,P11,P11,P11,P11,P11,P11,P11,P11,P11,P11,P11,P11,P11,P11
grating,90,1.20,P0|P7|P11|P14|P15,0.866345,1,P14,P14,P14,P14,P14,P14,P14,P14,P14,P14,P14,P14,P14,P14,P14,P14,P14,P14,P14,P14
grating,90,1.20,P0|P7|P11|P14|P15,0.866345,2,P15,P15,P15,P15,P15,P15,P15,P15,P15,P15,P15,P15,P15,P15,P15,P15,P15,P15,P15,P15
grating,90,1.20,P0|P7|P11|P14|P15,0.866345,3,P15,P15,P15,P15,P15,P15,P15,P15,P15,P15,P15,P15,P15,P15,P15,P15,P15,P15,P15,P15
grating,90,1.20,P0|P7|P11|P14|P15,0.866345,4,P0,P0,P0,P0,P0,P0,P0,P0,P0,P0,P0,P0,P0,P0,P0,P0,P0,P0,P0,P0
grating,90,1.20,P0|P7|P11|P14|P15,0.866345,5,P7,P7,P7,P7,P7,P7,P7,P7,P7,P7,P7,P7,P7,P7,P7,P7,P7,P7,P7,P7
grating,90,1.20,P0|P7|P11|P14|P15,0.866345,6,P11,P11,P11,P11,P11,P11,P11,P11,P11,P11,P11,P11,P11,P11,P11,P11,P11,P11,P11,P11
grating,90,1.20,P0|P7|P11|P14|P15,0.866345,7,P14,P14,P14,P14,P14,P14,P14,P14,P14,P14,P14,P14,P14,P14,P14,P14,P14,P14,P14,P14
grating,90,1.20,P0|P7|P11|P14|P15,0.866345,8,P15,P15,P15,P15,P15,P15,P15,P15,P15,P15,P15,P15,P15,P15,P15,P15,P15,P15,P15,P15
grating,90,1.20,P0|P7|P11|P14|P15,0.866345,9,P15,P15,P15,P15,P15,P15,P15,P15,P15,P15,P15,P15,P15,P15,P15,P15,P15,P15,P15,P15
grating,90,1.20,P0|P7|P11|P14|P15,0.866345,10,P0,P0,P0,P0,P0,P0,P0,P0,P0,P0,P0,P0,P0,P0,P0,P0,P0,P0,P0,P0
grating,90,1.20,P0|P7|P11|P14|P15,0.866345,11,P7,P7,P7,P7,P7,P7,P7,P7,P7,P7,P7,P7,P7,P7,P7,P7,P7,P7,P7,P7
grating,90,1.20,P0|P7|P11|P14|P15,0.866345,12,P11,P11,P11,P11,P11,P11,P11,P11,P11,P11,P11,P11,P11,P11,P11,P11,P11,P11,P11,P11
grating,90,1.20,P0|P7|P11|P14|P15,0.866345,13,P14,P14,P14,P14,P14,P14,P14,P14,P14,P14,P14,P14,P14,P14,P14,P14,P14,P14,P14,P14
grating,90,1.20,P0|P7|P11|P14|P15,0.866345,14,P15,P15,P15,P15,P15,P15,P15,P15,P15,P15,P15,P15,P15,P15,P15,P15,P15,P15,P15,P15
grating,90,1.20,P0|P7|P11|P14|P15,0.866345,15,P15,P15,P15,P15,P15,P15,P15,P15,P15,P15,P15,P15,P15,P15,P15,P15,P15,P15,P15,P15
grating,90,1.20,P0|P7|P11|P14|P15,0.866345,16,P0,P0,P0,P0,P0,P0,P0,P0,P0,P0,P0,P0,P0,P0,P0,P0,P0,P0,P0,P0
grating,90,1.20,P0|P7|P11|P14|P15,0.866345,17,P7,P7,P7,P7,P7,P7,P7,P7,P7,P7,P7,P7,P7,P7,P7,P7,P7,P7,P7,P7
grating,90,1.20,P0|P7|P11|P14|P15,0.866345,18,P11,P11,P11,P11,P11,P11,P11,P11,P11,P11,P11,P11,P11,P11,P11,P11,P11,P11,P11,P11
grating,90,1.20,P0|P7|P11|P14|P15,0.866345,19,P14,P14,P14,P14,P14,P14,P14,P14,P14,P14,P14,P14,P14,P14,P14,P14,P14,P14,P14,P14
grating,270,1.20,P0|P7|P11|P14|P15,0.866345,0,P14,P14,P14,P14,P14,P14,P14,P14,P14,P14,P14,P14,P14,P14,P14,P14,P14,P14,P14,P14
grating,270,1.20,P0|P7|P11|P14|P15,0.866345,1,P11,P11,P11,P11,P11,P11,P11,P11,P11,P11,P11,P11,P11,P11,P11,P11,P11,P11,P11,P11
grating,270,1.20,P0|P7|P11|P14|P15,0.866345,2,P7,P7,P7,P7,P7,P7,P7,P7,P7,P7,P7,P7,P7,P7,P7,P7,P7,P7,P7,P7
grating,270,1.20,P0|P7|P11|P14|P15,0.866345,3,P0,P0,P0,P0,P0,P0,P0,P0,P0,P0,P0,P0,P0,P0,P0,P0,P0,P0,P0,P0
grating,270,1.20,P0|P7|P11|P14|P15,0.866345,4,P15,P15,P15,P15,P15,P15,P15,P15,P15,P15,P15,P15,P15,P15,P15,P15,P15,P15,P15,P15
grating,270,1.20,P0|P7|P11|P14|P15,0.866345,5,P15,P15,P15,P15,P15,P15,P15,P15,P15,P15,P15,P15,P15,P15,P15,P15,P15,P15,P15,P15
grating,270,1.20,P0|P7|P11|P14|P15,0.866345,6,P14,P14,P14,P14,P14,P14,P14,P14,P14,P14,P14,P14,P14,P14,P14,P14,P14,P14,P14,P14
grating,270,1.20,P0|P7|P11|P14|P15,0.866345,7,P11,P11,P11,P11,P11,P11,P11,P11,P11,P11,P11,P11,P11,P11,P11,P11,P11,P11,P11,P11
grating,270,1.20,P0|P7|P11|P14|P15,0.866345,8,P7,P7,P7,P7,P7,P7,P7,P7,P7,P7,P7,P7,P7,P7,P7,P7,P7,P7,P7,P7
grating,270,1.20,P0|P7|P11|P14|P15,0.866345,9,P0,P0,P0,P0,P0,P0,P0,P0,P0,P0,P0,P0,P0,P0,P0,P0,P0,P0,P0,P0
grating,270,1.20,P0|P7|P11|P14|P15,0.866345,10,P15,P15,P15,P15,P15,P15,P15,P15,P15,P15,P15,P15,P15,P15,P15,P15,P15,P15,P15,P15
grating,270,1.20,P0|P7|P11|P14|P15,0.866345,11,P15,P15,P15,P15,P15,P15,P15,P15,P15,P15,P15,P15,P15,P15,P15,P15,P15,P15,P15,P15
grating,270,1.20,P0|P7|P11|P14|P15,0.866345,12,P14,P14,P14,P14,P14,P14,P14,P14,P14,P14,P14,P14,P14,P14,P14,P14,P14,P14,P14,P14
grating,270,1.20,P0|P7|P11|P14|P15,0.866345,13,P11,P11,P11,P11,P11,P11,P11,P11,P11,P11,P11,P11,P11,P11,P11,P11,P11,P11,P11,P11
grating,270,1.20,P0|P7|P11|P14|P15,0.866345,14,P7,P7,P7,P7,P7,P7,P7,P7,P7,P7,P7,P7,P7,P7,P7,P7,P7,P7,P7,P7
grating,270,1.20,P0|P7|P11|P14|P15,0.866345,15,P0,P0,P0,P0,P0,P0,P0,P0,P0,P0,P0,P0,P0,P0,P0,P0,P0,P0,P0,P0
grating,270,1.20,P0|P7|P11|P14|P15,0.866345,16,P15,P15,P15,P15,P15,P15,P15,P15,P15,P15,P15,P15,P15,P15,P15,P15,P15,P15,P15,P15
grating,270,1.20,P0|P7|P11|P14|P15,0.866345,17,P15,P15,P15,P15,P15,P15,P15,P15,P15,P15,P15,P15,P15,P15,P15,P15,P15,P15,P15,P15
grating,270,1.20,P0|P7|P11|P14|P15,0.866345,18,P14,P14,P14,P14,P14,P14,P14,P14,P14,P14,P14,P14,P14,P14,P14,P14,P14,P14,P14,P14
grating,270,1.20,P0|P7|P11|P14|P15,0.866345,19,P11,P11,P11,P11,P11,P11,P11,P11,P11,P11,P11,P11,P11,P11,P11,P11,P11,P11,P11,P11
grating,90,1.30,P0|P4|P7|P9|P11|P13|P14|P15,0.838698,0,P11,P11,P11,P11,P11,P11,P11,P11,P11,P11,P11,P11,P11,P11,P11,P11,P11,P11,P11,P11
grating,90,1.30,P0|P4|P7|P9|P11|P13|P14|P15,0.838698,1,P14,P14,P14,P14,P14,P14,P14,P14,P14,P14,P14,P14,P14,P14,P14,P14,P14,P14,P14,P14
grating,90,1.30,P0|P4|P7|P9|P11|P13|P14|P15,0.838698,2,P15,P15,P15,P15,P15,P15,P15,P15,P15,P15,P15,P15,P15,P15,P15,P15,P15,P15,P15,P15
grating,90,1.30,P0|P4|P7|P9|P11|P13|P14|P15,0.838698,3,P0,P0,P0,P0,P0,P0,P0,P0,P0,P0,P0,P0,P0,P0,P0,P0,P0,P0,P0,P0
grating,90,1.30,P0|P4|P7|P9|P11|P13|P14|P15,0.838698,4,P9,P9,P9,P9,P9,P9,P9,P9,P9,P9,P9,P9,P9,P9,P9,P9,P9,P9,P9,P9
grating,90,1.30,P0|P4|P7|P9|P11|P13|P14|P15,0.838698,5,P14,P14,P14,P14,P14,P14,P14,P14,P14,P14,P14,P14,P14,P14,P14,P14,P14,P14,P14,P14
grating,90,1.30,P0|P4|P7|P9|P11|P13|P14|P15,0.838698,6,P15,P15,P15,P15,P15,P15,P15,P15,P15,P15,P15,P15,P15,P15,P15,P15,P15,P15,P15,P15
grating,90,1.30,P0|P4|P7|P9|P11|P13|P14|P15,0.838698,7,P0,P0,P0,P0,P0,P0,P0,P0,P0,P0,P0,P0,P0,P0,P0,P0,P0,P0,P0,P0
grating,90,1.30,P0|P4|P7|P9|P11|P13|P14|P15,0.838698,8,P7,P7,P7,P7,P7,P7,P7,P7,P7,P7,P7,P7,P7,P7,P7,P7,P7,P7,P7,P7
grating,90,1.30,P0|P4|P7|P9|P11|P13|P14|P15,0.838698,9,P13,P13,P13,P13,P13,P13,P13,P13,P13,P13,P13,P13,P13,P13,P13,P13,P13,P13,P13,P13
grating,90,1.30,P0|P4|P7|P9|P11|P13|P14|P15,0.838698,10,P15,P15,P15,P15,P15,P15,P15,P15,P15,P15,P15,P15,P15,P15,P15,P15,P15,P15,P15,P15
grating,90,1.30,P0|P4|P7|P9|P11|P13|P14|P15,0.838698,11,P15,P15,P15,P15,P15,P15,P15,P15,P15,P15,P15,P15,P15,P15,P15,P15,P15,P15,P15,P15
grating,90,1.30,P0|P4|P7|P9|P11|P13|P14|P15,0.838698,12,P4,P4,P4,P4,P4,P4,P4,P4,P4,P4,P4,P4,P4,P4,P4,P4,P4,P4,P4,P4
grating,90,1.30,P0|P4|P7|P9|P11|P13|P14|P15,0.838698,13,P11,P11,P11,P11,P11,P11,P11,P11,P11,P11,P11,P11,P11,P11,P11,P11,P11,P11,P11,P11
grating,90,1.30,P0|P4|P7|P9|P11|P13|P14|P15,0.838698,14,P14,P14,P14,P14,P14,P14,P14,P14,P14,P14,P14,P14,P14,P14,P14,P14,P14,P14,P14,P14
grating,90,1.30,P0|P4|P7|P9|P11|P13|P14|P15,0.838698,15,P15,P15,P15,P15,P15,P15,P15,P15,P15,P15,P15,P15,P15,P15,P15,P15,P15,P15,P15,P15
grating,90,1.30,P0|P4|P7|P9|P11|P13|P14|P15,0.838698,16,P0,P0,P0,P0,P0,P0,P0,P0,P0,P0,P0,P0,P0,P0,P0,P0,P0,P0,P0,P0
grating,90,1.30,P0|P4|P7|P9|P11|P13|P14|P15,0.838698,17,P9,P9,P9,P9,P9,P9,P9,P9,P9,P9,P9,P9,P9,P9,P9,P9,P9,P9,P9,P9
grating,90,1.30,P0|P4|P7|P9|P11|P13|P14|P15,0.838698,18,P14,P14,P14,P14,P14,P14,P14,P14,P14,P14,P14,P14,P14,P14,P14,P14,P14,P14,P14,P14
grating,90,1.30,P0|P4|P7|P9|P11|P13|P14|P15,0.838698,19,P15,P15,P15,P15,P15,P15,P15,P15,P15,P15,P15,P15,P15,P15,P15,P15,P15,P15,P15,P15
grating,270,1.30,P0|P4|P7|P9|P11|P13|P14|P15,0.838698,0,P15,P15,P15,P15,P15,P15,P15,P15,P15,P15,P15,P15,P15,P15,P15,P15,P15,P15,P15,P15
grating,270,1.30,P0|P4|P7|P9|P11|P13|P14|P15,0.838698,1,P14,P14,P14,P14,P14,P14,P14,P14,P14,P14,P14,P14,P14,P14,P14,P14,P14,P14,P14,P14
grating,270,1.30,P0|P4|P7|P9|P11|P13|P14|P15,0.838698,2,P9,P9,P9,P9,P9,P9,P9,P9,P9,P9,P9,P9,P9,P9,P9,P9,P9,P9,P9,P9
grating,270,1.30,P0|P4|P7|P9|P11|P13|P14|P15,0.838698,3,P0,P0,P0,P0,P0,P0,P0,P0,P0,P0,P0,P0,P0,P0,P0,P0,P0,P0,P0,P0
grating,270,1.30,P0|P4|P7|P9|P11|P13|P14|P15,0.838698,4,P15,P15,P15,P15,P15,P15,P15,P15,P15,P15,P15,P15,P15,P15,P15,P15,P15,P15,P15,P15
grating,270,1.30,P0|P4|P7|P9|P11|P13|P14|P15,0.838698,5,P14,P14,P14,P14,P14,P14,P14,P14,P14,P14,P14,P14,P14,P14,P14,P14,P14,P14,P14,P14
grating,270,1.30,P0|P4|P7|P9|P11|P13|P14|P15,0.838698,6,P11,P11,P11,P11,P11,P11,P11,P11,P11,P11,P11,P11,P11,P11,P11,P11,P11,P11,P11,P11
grating,270,1.30,P0|P4|P7|P9|P11|P13|P14|P15,0.838698,7,P4,P4,P4,P4,P4,P4,P4,P4,P4,P4,P4,P4,P4,P4,P4,P4,P4,P4,P4,P4
grating,270,1.30,P0|P4|P7|P9|P11|P13|P14|P15,0.838698,8,P15,P15,P15,P15,P15,P15,P15,P15,P15,P15,P15,P15,P15,P15,P15,P15,P15,P15,P15,P15
grating,270,1.30,P0|P4|P7|P9|P11|P13|P14|P15,0.838698,9,P15,P15,P15,P15,P15,P15,P15,P15,P15,P15,P15,P15,P15,P15,P15,P15,P15,P15,P15,P15
grating,270,1.30,P0|P4|P7|P9|P11|P13|P14|P15,0.838698,10,P13,P13,P13,P13,P13,P13,P13,P13,P13,P13,P13,P13,P13,P13,P13,P13,P13,P13,P13,P13
grating,270,1.30,P0|P4|P7|P9|P11|P13|P14|P15,0.838698,11,P7,P7,P7,P7,P7,P7,P7,P7,P7,P7,P7,P7,P7,P7,P7,P7,P7,P7,P7,P7
grating,270,1.30,P0|P4|P7|P9|P11|P13|P14|P15,0.838698,12,P0,P0,P0,P0,P0,P0,P0,P0,P0,P0,P0,P0,P0,P0,P0,P0,P0,P0,P0,P0
grating,270,1.30,P0|P4|P7|P9|P11|P13|P14|P15,0.838698,13,P15,P15,P15,P15,P15,P15,P15,P15,P15,P15,P15,P15,P15,P15,P15,P15,P15,P15,P15,P15
grating,270,1.30,P0|P4|P7|P9|P11|P13|P14|P15,0.838698,14,P14,P14,P14,P14,P14,P14,P14,P14,P14,P14,P14,P14,P14,P14,P14,P14,P14,P14,P14,P14
grating,270,1.30,P0|P4|P7|P9|P11|P13|P14|P15,0.838698,15,P9,P9,P9,P9,P9,P9,P9,P9,P9,P9,P9,P9,P9,P9,P9,P9,P9,P9,P9,P9
grating,270,1.30,P0|P4|P7|P9|P11|P13|P14|P15,0.838698,16,P0,P0,P0,P0,P0,P0,P0,P0,P0,P0,P0,P0,P0,P0,P0,P0,P0,P0,P0,P0
grating,270,1.30,P0|P4|P7|P9|P11|P13|P14|P15,0.838698,17,P15,P15,P15,P15,P15,P15,P15,P15,P15,P15,P15,P15,P15,P15,P15,P15,P15,P15,P15,P15
grating,270,1.30,P0|P4|P7|P9|P11|P13|P14|P15,0.838698,18,P14,P14,P14,P14,P14,P14,P14,P14,P14,P14,P14,P14,P14,P14,P14,P14,P14,P14,P14,P14
grating,270,1.30,P0|P4|P7|P9|P11|P13|P14|P15,0.838698,19,P11,P11,P11,P11,P11,P11,P11,P11,P11,P11,P11,P11,P11,P11,P11,P11,P11,P11,P11,P11
grating,90,1.40,P0|P4|P8|P12|P14|P15,0.864106,0,P14,P14,P14,P14,P14,P14,P14,P14,P14,P14,P14,P14,P14,P14,P14,P14,P14,P14,P14,P14
grating,90,1.40,P0|P4|P8|P12|P14|P15,0.864106,1,P15,P15,P15,P15,P15,P15,P15,P15,P15,P15,P15,P15,P15,P15,P15,P15,P15,P15,P15,P15
grating,90,1.40,P0|P4|P8|P12|P14|P15,0.864106,2,P4,P4,P4,P4,P4,P4,P4,P4,P4,P4,P4,P4,P4,P4,P4,P4,P4,P4,P4,P4
grating,90,1.40,P0|P4|P8|P12|P14|P15,0.864106,3,P12,P12,P12,P12,P12,P12,P12,P12,P12,P12,P12,P12,P12,P12,P12,P12,P12,P12,P12,P12
grating,90,1.40,P0|P4|P8|P12|P14|P15,0.864106,4,P15,P15,P15,P15,P15,P15,P15,P15,P15,P15,P15,P15,P15,P15,P15,P15,P15,P15,P15,P15
grating,90,1.40,P0|P4|P8|P12|P14|P15,0.864106,5,P0,P0,P0,P0,P0,P0,P0,P0,P0,P0,P0,P0,P0,P0,P0,P0,P0,P0,P0,P0
grating,90,1.40,P0|P4|P8|P12|P14|P15,0.864106,6,P8,P8,P8,P8,P8,P8,P8,P8,P8,P8,P8,P8,P8,P8,P8,P8,P8,P8,P8,P8
grating,90,1.40,P0|P4|P8|P12|P14|P15,0.864106,7,P14,P14,P14,P14,P14,P14,P14,P14,P14,P14,P14,P14,P14,P14,P14,P14,P14,P14,P14,P14
grating,90,1.40,P0|P4|P8|P12|P14|P15,0.864106,8,P15,P15,P15,P15,P15,P15,P15,P15,P15,P15,P15,P15,P15,P15,P15,P15,P15,P15,P15,P15
grating,90,1.40,P0|P4|P8|P12|P14|P15,0.864106,9,P4,P4,P4,P4,P4,P4,P4,P4,P4,P4,P4,P4,P4,P4,P4,P4,P4,P4,P4,P4
grating,90,1.40,P0|P4|P8|P12|P14|P15,0.864106,10,P12,P12,P12,P12,P12,P12,P12,P12,P12,P12,P12,P12,P12,P12,P12,P12,P12,P12,P12,P12
grating,90,1.40,P0|P4|P8|P12|P14|P15,0.864106,11,P15,P15,P15,P15,P15,P15,P15,P15,P15,P15,P15,P15,P15,P15,P15,P15,P15,P15,P15,P15
grating,90,1.40,P0|P4|P8|P12|P14|P15,0.864106,12,P0,P0,P0,P0,P0,P0,P0,P0,P0,P0,P0,P0,P0,P0,P0,P0,P0,P0,P0,P0
grating,90,1.40,P0|P4|P8|P12|P14|P15,0.864106,13,P8,P8,P8,P8,P8,P8,P8,P8,P8,P8,P8,P8,P8,P8,P8,P8,P8,P8,P8,P8
grating,90,1.40,P0|P4|P8|P12|P14|P15,0.864106,14,P14,P14,P14,P14,P14,P14,P14,P14,P14,P14,P14,P14,P14,P14,P14,P14,P14,P14,P14,P14
grating,90,1.40,P0|P4|P8|P12|P14|P15,0.864106,15,P15,P15,P15,P15,P15,P15,P15,P15,P15,P15,P15,P15,P15,P15,P15,P15,P15,P15,P15,P15
grating,90,1.40,P0|P4|P8|P12|P14|P15,0.864106,16,P4,P4,P4,P4,P4,P4,P4,P4,P4,P4,P4,P4,P4,P4,P4,P4,P4,P4,P4,P4
grating,90,1.40,P0|P4|P8|P12|P14|P15,0.864106,17,P12,P12,P12,P12,P12,P12,P12,P12,P12,P12,P12,P12,P12,P12,P12,P12,P12,P12,P12,P12
grating,90,1.40,P0|P4|P8|P12|P14|P15,0.864106,18,P15,P15,P15,P15,P15,P15,P15,P15,P15,P15,P15,P15,P15,P15,P15,P15,P15,P15,P15,P15
grating,90,1.40,P0|P4|P8|P12|P14|P15,0.864106,19,P0,P0,P0,P0,P0,P0,P0,P0,P0,P0,P0,P0,P0,P0,P0,P0,P0,P0,P0,P0
grating,270,1.40,P0|P4|P8|P12|P14|P15,0.864106,0,P0,P0,P0,P0,P0,P0,P0,P0,P0,P0,P0,P0,P0,P0,P0,P0,P0,P0,P0,P0
grating,270,1.40,P0|P4|P8|P12|P14|P15,0.864106,1,P15,P15,P15,P15,P15,P15,P15,P15,P15,P15,P15,P15,P15,P15,P15,P15,P15,P15,P15,P15
grating,270,1.40,P0|P4|P8|P12|P14|P15,0.864106,2,P12,P12,P12,P12,P12,P12,P12,P12,P12,P12,P12,P12,P12,P12,P12,P12,P12,P12,P12,P12
grating,270,1.40,P0|P4|P8|P12|P14|P15,0.864106,3,P4,P4,P4,P4,P4,P4,P4,P4,P4,P4,P4,P4,P4,P4,P4,P4,P4,P4,P4,P4
grating,270,1.40,P0|P4|P8|P12|P14|P15,0.864106,4,P15,P15,P15,P15,P15,P15,P15,P15,P15,P15,P15,P15,P15,P15,P15,P15,P15,P15,P15,P15
grating,270,1.40,P0|P4|P8|P12|P14|P15,0.864106,5,P14,P14,P14,P14,P14,P14,P14,P14,P14,P14,P14,P14,P14,P14,P14,P14,P14,P14,P14,P14
grating,270,1.40,P0|P4|P8|P12|P14|P15,0.864106,6,P8,P8,P8,P8,P8,P8,P8,P8,P8,P8,P8,P8,P8,P8,P8,P8,P8,P8,P8,P8
grating,270,1.40,P0|P4|P8|P12|P14|P15,0.864106,7,P0,P0,P0,P0,P0,P0,P0,P0,P0,P0,P0,P0,P0,P0,P0,P0,P0,P0,P0,P0
grating,270,1.40,P0|P4|P8|P12|P14|P15,0.864106,8,P15,P15,P15,P15,P15,P15,P15,P15,P15,P15,P15,P15,P15,P15,P15,P15,P15,P15,P15,P15
grating,270,1.40,P0|P4|P8|P12|P14|P15,0.864106,9,P12,P12,P12,P12,P12,P12,P12,P12,P12,P12,P12,P12,P12,P12,P12,P12,P12,P12,P12,P12
grating,270,1.40,P0|P4|P8|P12|P14|P15,0.864106,10,P4,P4,P4,P4,P4,P4,P4,P4,P4,P4,P4,P4,P4,P4,P4,P4,P4,P4,P4,P4
grating,270,1.40,P0|P4|P8|P12|P14|P15,0.864106,11,P15,P15,P15,P15,P15,P15,P15,P15,P15,P15,P15,P15,P15,P15,P15,P15,P15,P15,P15,P15
grating,270,1.40,P0|P4|P8|P12|P14|P15,0.864106,12,P14,P14,P14,P14,P14,P14,P14,P14,P14,P14,P14,P14,P14,P14,P14,P14,P14,P14,P14,P14
grating,270,1.40,P0|P4|P8|P12|P14|P15,0.864106,13,P8,P8,P8,P8,P8,P8,P8,P8,P8,P8,P8,P8,P8,P8,P8,P8,P8,P8,P8,P8
grating,270,1.40,P0|P4|P8|P12|P14|P15,0.864106,14,P0,P0,P0,P0,P0,P0,P0,P0,P0,P0,P0,P0,P0,P0,P0,P0,P0,P0,P0,P0
grating,270,1.40,P0|P4|P8|P12|P14|P15,0.864106,15,P15,P15,P15,P15,P15,P15,P15,P15,P15,P15,P15,P15,P15,P15,P15,P15,P15,P15,P15,P15
grating,270,1.40,P0|P4|P8|P12|P14|P15,0.864106,16,P12,P12,P12,P12,P12,P12,P12,P12,P12,P12,P12,P12,P12,P12,P12,P12,P12,P12,P12,P12
grating,270,1.40,P0|P4|P8|P12|P14|P15,0.864106,17,P4,P4,P4,P4,P4,P4,P4,P4,P4,P4,P4,P4,P4,P4,P4,P4,P4,P4,P4,P4
grating,270,1.40,P0|P4|P8|P12|P14|P15,0.864106,18,P15,P15,P15,P15,P15,P15,P15,P15,P15,P15,P15,P15,P15,P15,P15,P15,P15,P15,P15,P15
grating,270,1.40,P0|P4|P8|P12|P14|P15,0.864106,19,P14,P14,P14,P14,P14,P14,P14,P14,P14,P14,P14,P14,P14,P14,P14,P14,P14,P14,P14,P14
grating,90,1.50,P0|P12|P15,0.994879,0,P12,P12,P12,P12,P12,P12,P12,P12,P12,P12,P12,P12,P12,P12,P12,P12,P12,P12,P12,P12
grating,90,1.50,P0|P12|P15,0.994879,1,P15,P15,P15,P15,P15,P15,P15,P15,P15,P15,P15,P15,P15,P15,P15,P15,P15,P15,P15,P15
grating,90,1.50,P0|P12|P15,0.994879,2,P0,P0,P0,P0,P0,P0,P0,P0,P0,P0,P0,P0,P0,P0,P0,P0,P0,P0,P0,P0
grating,90,1.50,P0|P12|P15,0.994879,3,P12,P12,P12,P12,P12,P12,P12,P12,P12,P12,P12,P12,P12,P12,P12,P12,P12,P12,P12,P12
grating,90,1.50,P0|P12|P15,0.994879,4,P15,P15,P15,P15,P15,P15,P15,P15,P15,P15,P15,P15,P15,P15,P15,P15,P15,P15,P15,P15
grating,90,1.50,P0|P12|P15,0.994879,5,P0,P0,P0,P0,P0,P0,P0,P0,P0,P0,P0,P0,P0,P0,P0,P0,P0,P0,P0,P0
grating,90,1.50,P0|P12|P15,0.994879,6,P12,P12,P12,P12,P12,P12,P12,P12,P12,P12,P12,P12,P12,P12,P12,P12,P12,P12,P12,P12
grating,90,1.50,P0|P12|P15,0.994879,7,P15,P15,P15,P15,P15,P15,P15,P15,P15,P15,P15,P15,P15,P15,P15,P15,P15,P15,P15,P15
grating,90,1.50,P0|P12|P15,0.994879,8,P0,P0,P0,P0,P0,P0,P0,P0,P0,P0,P0,P0,P0,P0,P0,P0,P0,P0,P0,P0
grating,90,1.50,P0|P12|P15,0.994879,9,P12,P12,P12,P12,P12,P12,P12,P12,P12,P12,P12,P12,P12,P12,P12,P12,P12,P12,P12,P12
grating,90,1.50,P0|P12|P15,0.994879,10,P15,P15,P15,P15,P15,P15,P15,P15,P15,P15,P15,P15,P15,P15,P15,P15,P15,P15,P15,P15
grating,90,1.50,P0|P12|P15,0.994879,11,P0,P0,P0,P0,P0,P0,P0,P0,P0,P0,P0,P0,P0,P0,P0,P0,P0,P0,P0,P0
grating,90,1.50,P0|P12|P15,0.994879,12,P12,P12,P12,P12,P12,P12,P12,P12,P12,P12,P12,P12,P12,P12,P12,P12,P12,P12,P12,P12
grating,90,1.50,P0|P12|P15,0.994879,13,P15,P15,P15,P15,P15,P15,P15,P15,P15,P15,P15,P15,P15,P15,P15,P15,P15,P15,P15,P15
grating,90,1.50,P0|P12|P15,0.994879,14,P0,P0,P0,P0,P0,P0,P0,P0,P0,P0,P0,P0,P0,P0,P0,P0,P0,P0,P0,P0
grating,90,1.50,P0|P12|P15,0.994879,15,P12,P12,P12,P12,P12,P12,P12,P12,P12,P12,P12,P12,P12,P12,P12,P12,P12,P12,P12,P12
grating,90,1.50,P0|P12|P15,0.994879,16,P15,P15,P15,P15,P15,P15,P15,P15,P15,P15,P15,P15,P15,P15,P15,P15,P15,P15,P15,P15
grating,90,1.50,P0|P12|P15,0.994879,17,P0,P0,P0,P0,P0,P0,P0,P0,P0,P0,P0,P0,P0,P0,P0,P0,P0,P0,P0,P0
grating,90,1.50,P0|P12|P15,0.994879,18,P12,P12,P12,P12,P12,P12,P12,P12,P12,P12,P12,P12,P12,P12,P12,P12,P12,P12,P12,P12
grating,90,1.50,P0|P12|P15,0.994879,19,P15,P15,P15,P15,P15,P15,P15,P15,P15,P15,P15,P15,P15,P15,P15,P15,P15,P15,P15,P15
grating,270,1.50,P0|P12|P15,0.994879,0,P15,P15,P15,P15,P15,P15,P15,P15,P15,P15,P15,P15,P15,P15,P15,P15,P15,P15,P15,P15
grating,270,1.50,P0|P12|P15,0.994879,1,P12,P12,P12,P12,P12,P12,P12,P12,P12,P12,P12,P12,P12,P12,P12,P12,P12,P12,P12,P12
grating,270,1.50,P0|P12|P15,0.994879,2,P0,P0,P0,P0,P0,P0,P0,P0,P0,P0,P0,P0,P0,P0,P0,P0,P0,P0,P0,P0
grating,270,1.50,P0|P12|P15,0.994879,3,P15,P15,P15,P15,P15,P15,P15,P15,P15,P15,P15,P15,P15,P15,P15,P15,P15,P15,P15,P15
grating,270,1.50,P0|P12|P15,0.994879,4,P12,P12,P12,P12,P12,P12,P12,P12,P12,P12,P12,P12,P12,P12,P12,P12,P12,P12,P12,P12
grating,270,1.50,P0|P12|P15,0.994879,5,P0,P0,P0,P0,P0,P0,P0,P0,P0,P0,P0,P0,P0,P0,P0,P0,P0,P0,P0,P0
grating,270,1.50,P0|P12|P15,0.994879,6,P15,P15,P15,P15,P15,P15,P15,P15,P15,P15,P15,P15,P15,P15,P15,P15,P15,P15,P15,P15
grating,270,1.50,P0|P12|P15,0.994879,7,P12,P12,P12,P12,P12,P12,P12,P12,P12,P12,P12,P12,P12,P12,P12,P12,P12,P12,P12,P12
grating,270,1.50,P0|P12|P15,0.994879,8,P0,P0,P0,P0,P0,P0,P0,P0,P0,P0,P0,P0,P0,P0,P0,P0,P0,P0,P0,P0
grating,270,1.50,P0|P12|P15,0.994879,9,P15,P15,P15,P15,P15,P15,P15,P15,P15,P15,P15,P15,P15,P15,P15,P15,P15,P15,P15,P15
grating,270,1.50,P0|P12|P15,0.994879,10,P12,P12,P12,P12,P12,P12,P12,P12,P12,P12,P12,P12,P12,P12,P12,P12,P12,P12,P12,P12
grating,270,1.50,P0|P12|P15,0.994879,11,P0,P0,P0,P0,P0,P0,P0,P0,P0,P0,P0,P0,P0,P0,P0,P0,P0,P0,P0,P0
grating,270,1.50,P0|P12|P15,0.994879,12,P15,P15,P15,P15,P15,P15,P15,P15,P15,P15,P15,P15,P15,P15,P15,P15,P15,P15,P15,P15
grating,270,1.50,P0|P12|P15,0.994879,13,P12,P12,P12,P12,P12,P12,P12,P12,P12,P12,P12,P12,P12,P12,P12,P12,P12,P12,P12,P12
grating,270,1.50,P0|P12|P15,0.994879,14,P0,P0,P0,P0,P0,P0,P0,P0,P0,P0,P0,P0,P0,P0,P0,P0,P0,P0,P0,P0
grating,270,1.50,P0|P12|P15,0.994879,15,P15,P15,P15,P15,P15,P15,P15,P15,P15,P15,P15,P15,P15,P15,P15,P15,P15,P15,P15,P15
grating,270,1.50,P0|P12|P15,0.994879,16,P12,P12,P12,P12,P12,P12,P12,P12,P12,P12,P12,P12,P12,P12,P12,P12,P12,P12,P12,P12
grating,270,1.50,P0|P12|P15,0.994879,17,P0,P0,P0,P0,P0,P0,P0,P0,P0,P0,P0,P0,P0,P0,P0,P0,P0,P0,P0,P0
grating,270,1.50,P0|P12|P15,0.994879,18,P15,P15,P15,P15,P15,P15,P15,P15,P15,P15,P15,P15,P15,P15,P15,P15,P15,P15,P15,P15
grating,270,1.50,P0|P12|P15,0.994879,19,P12,P12,P12,P12,P12,P12,P12,P12,P12,P12,P12,P12,P12,P12,P12,P12,P12,P12,P12,P12
grating,90,1.60,P0|P7|P10|P13|P14|P15,0.848331,0,P13,P13,P13,P13,P13,P13,P13,P13,P13,P13,P13,P13,P13,P13,P13,P13,P13,P13,P13,P13
grating,90,1.60,P0|P7|P10|P13|P14|P15,0.848331,1,P15,P15,P15,P15,P15,P15,P15,P15,P15,P15,P15,P15,P15,P15,P15,P15,P15,P15,P15,P15
grating,90,1.60,P0|P7|P10|P13|P14|P15,0.848331,2,P7,P7,P7,P7,P7,P7,P7,P7,P7,P7,P7,P7,P7,P7,P7,P7,P7,P7,P7,P7
grating,90,1.60,P0|P7|P10|P13|P14|P15,0.848331,3,P14,P14,P14,P14,P14,P14,P14,P14,P14,P14,P14,P14,P14,P14,P14,P14,P14,P14,P14,P14
grating,90,1.60,P0|P7|P10|P13|P14|P15,0.848331,4,P0,P0,P0,P0,P0,P0,P0,P0,P0,P0,P0,P0,P0,P0,P0,P0,P0,P0,P0,P0
grating,90,1.60,P0|P7|P10|P13|P14|P15,0.848331,5,P10,P10,P10,P10,P10,P10,P10,P10,P10,P10,P10,P10,P10,P10,P10,P10,P10,P10,P10,P10
grating,90,1.60,P0|P7|P10|P13|P14|P15,0.848331,6,P15,P15,P15,P15,P15,P15,P15,P15,P15,P15,P15,P15,P15,P15,P15,P15,P15,P15,P15,P15
grating,90,1.60,P0|P7|P10|P13|P14|P15,0.848331,7,P0,P0,P0,P0,P0,P0,P0,P0,P0,P0,P0,P0,P0,P0,P0,P0,P0,P0,P0,P0
grating,90,1.60,P0|P7|P10|P13|P14|P15,0.848331,8,P13,P13,P13,P13,P13,P13,P13,P13,P13,P13,P13,P13,P13,P13,P13,P13,P13,P13,P13,P13
grating,90,1.60,P0|P7|P10|P13|P14|P15,0.848331,9,P15,P15,P15,P15,P15,P15,P15,P15,P15,P15,P15,P15,P15,P15,P15,P15,P15,P15,P15,P15
grating,90,1.60,P0|P7|P10|P13|P14|P15,0.848331,10,P7,P7,P7,P7,P7,P7,P7,P7,P7,P7,P7,P7,P7,P7,P7,P7,P7,P7,P7,P7
grating,90,1.60,P0|P7|P10|P13|P14|P15,0.848331,11,P14,P14,P14,P14,P14,P14,P14,P14,P14,P14,P14,P14,P14,P14,P14,P14,P14,P14,P14,P14
grating,90,1.60,P0|P7|P10|P13|P14|P15,0.848331,12,P0,P0,P0,P0,P0,P0,P0,P0,P0,P0,P0,P0,P0,P0,P0,P0,P0,P0,P0,P0
grating,90,1.60,P0|P7|P10|P13|P14|P15,0.848331,13,P10,P10,P10,P10,P10,P10,P10,P10,P10,P10,P10,P10,P10,P10,P10,P10,P10,P10,P10,P10
grating,90,1.60,P0|P7|P10|P13|P14|P15,0.848331,14,P15,P15,P15,P15,P15,P15,P15,P15,P15,P15,P15,P15,P15,P15,P15,P15,P15,P15,P15,P15
grating,90,1.60,P0|P7|P10|P13|P14|P15,0.848331,15,P0,P0,P0,P0,P0,P0,P0,P0,P0,P0,P0,P0,P0,P0,P0,P0,P0,P0,P0,P0
grating,90,1.60,P0|P7|P10|P13|P14|P15,0.848331,16,P13,P13,P13,P13,P13,P13,P13,P13,P13,P13,P13,P13,P13,P13,P13,P13,P13,P13,P13,P13
grating,90,1.60,P0|P7|P10|P13|P14|P15,0.848331,17,P15,P15,P15,P15,P15,P15,P15,P15,P15,P15,P15,P15,P15,P15,P15,P15,P15,P15,P15,P15
grating,90,1.60,P0|P7|P10|P13|P14|P15,0.848331,18,P7,P7,P7,P7,P7,P7,P7,P7,P7,P7,P7,P7,P7,P7,P7,P7,P7,P7,P7,P7
grating,90,1.60,P0|P7|P10|P13|P14|P15,0.848331,19,P14,P14,P14,P14,P14,P14,P14,P14,P14,P14,P14,P14,P14,P14,P14,P14,P14,P14,P14,P14
grating,270,1.60,P0|P7|P10|P13|P14|P15,0.848331,0,P14,P14,P14,P14,P14,P14,P14,P14,P14,P14,P14,P14,P14,P14,P14,P14,P14,P14,P14,P14
grating,270,1.60,P0|P7|P10|P13|P14|P15,0.848331,1,P7,P7,P7,P7,P7,P7,P7,P7,P7,P7,P7,P7,P7,P7,P7,P7,P7,P7,P7,P7
grating,270,1.60,P0|P7|P10|P13|P14|P15,0.848331,2,P15,P15,P15,P15,P15,P15,P15,P15,P15,P15,P15,P15,P15,P15,P15,P15,P15,P15,P15,P15
grating,270,1.60,P0|P7|P10|P13|P14|P15,0.848331,3,P13,P13,P13,P13,P13,P13,P13,P13,P13,P13,P13,P13,P13,P13,P13,P13,P13,P13,P13,P13
grating,270,1.60,P0|P7|P10|P13|P14|P15,0.848331,4,P0,P0,P0,P0,P0,P0,P0,P0,P0,P0,P0,P0,P0,P0,P0,P0,P0,P0,P0,P0
grating,270,1.60,P0|P7|P10|P13|P14|P15,0.848331,5,P15,P15,P15,P15,P15,P15,P15,P15,P15,P15,P15,P15,P15,P15,P15,P15,P15,P15,P15,P15
grating,270,1.60,P0|P7|P10|P13|P14|P15,0.848331,6,P10,P10,P10,P10,P10,P10,P10,P10,P10,P10,P10,P10,P10,P10,P10,P10,P10,P10,P10,P10
grating,270,1.60,P0|P7|P10|P13|P14|P15,0.848331,7,P0,P0,P0,P0,P0,P0,P0,P0,P0,P0,P0,P0,P0,P0,P0,P0,P0,P0,P0,P0
grating,270,1.60,P0|P7|P10|P13|P14|P15,0.848331,8,P14,P14,P14,P14,P14,P14,P14,P14,P14,P14,P14,P14,P14,P14,P14,P14,P14,P14,P14,P14
grating,270,1.60,P0|P7|P10|P13|P14|P15,0.848331,9,P7,P7,P7,P7,P7,P7,P7,P7,P7,P7,P7,P7,P7,P7,P7,P7,P7,P7,P7,P7
grating,270,1.60,P0|P7|P10|P13|P14|P15,0.848331,10,P15,P15,P15,P15,P15,P15,P15,P15,P15,P15,P15,P15,P15,P15,P15,P15,P15,P15,P15,P15
grating,270,1.60,P0|P7|P10|P13|P14|P15,0.848331,11,P13,P13,P13,P13,P13,P13,P13,P13,P13,P13,P13,P13,P13,P13,P13,P13,P13,P13,P13,P13
grating,270,1.60,P0|P7|P10|P13|P14|P15,0.848331,12,P0,P0,P0,P0,P0,P0,P0,P0,P0,P0,P0,P0,P0,P0,P0,P0,P0,P0,P0,P0
grating,270,1.60,P0|P7|P10|P13|P14|P15,0.848331,13,P15,P15,P15,P15,P15,P15,P15,P15,P15,P15,P15,P15,P15,P15,P15,P15,P15,P15,P15,P15
grating,270,1.60,P0|P7|P10|P13|P14|P15,0.848331,14,P10,P10,P10,P10,P10,P10,P10,P10,P10,P10,P10,P10,P10,P10,P10,P10,P10,P10,P10,P10
grating,270,1.60,P0|P7|P10|P13|P14|P15,0.848331,15,P0,P0,P0,P0,P0,P0,P0,P0,P0,P0,P0,P0,P0,P0,P0,P0,P0,P0,P0,P0
grating,270,1.60,P0|P7|P10|P13|P14|P15,0.848331,16,P14,P14,P14,P14,P14,P14,P14,P14,P14,P14,P14,P14,P14,P14,P14,P14,P14,P14,P14,P14
grating,270,1.60,P0|P7|P10|P13|P14|P15,0.848331,17,P7,P7,P7,P7,P7,P7,P7,P7,P7,P7,P7,P7,P7,P7,P7,P7,P7,P7,P7,P7
grating,270,1.60,P0|P7|P10|P13|P14|P15,0.848331,18,P15,P15,P15,P15,P15,P15,P15,P15,P15,P15,P15,P15,P15,P15,P15,P15,P15,P15,P15,P15
grating,270,1.60,P0|P7|P10|P13|P14|P15,0.848331,19,P13,P13,P13,P13,P13,P13,P13,P13,P13,P13,P13,P13,P13,P13,P13,P13,P13,P13,P13,P13
grating,90,1.70,P0|P3|P6|P7|P9|P11|P12|P13|P14|P15,0.835547,0,P15,P15,P15,P15,P15,P15,P15,P15,P15,P15,P15,P15,P15,P15,P15,P15,P15,P15,P15,P15
grating,90,1.70,P0|P3|P6|P7|P9|P11|P12|P13|P14|P15,0.835547,1,P3,P3,P3,P3,P3,P3,P3,P3,P3,P3,P3,P3,P3,P3,P3,P3,P3,P3,P3,P3
grating,90,1.70,P0|P3|P6|P7|P9|P11|P12|P13|P14|P15,0.835547,2,P14,P14,P14,P14,P14,P14,P14,P14,P14,P14,P14,P14,P14,P14,P14,P14,P14,P14,P14,P14
grating,90,1.70,P0|P3|P6|P7|P9|P11|P12|P13|P14|P15,0.835547,3,P0,P0,P0,P0,P0,P0,P0,P0,P0,P0,P0,P0,P0,P0,P0,P0,P0,P0,P0,P0
grating,90,1.70,P0|P3|P6|P7|P9|P11|P12|P13|P14|P15,0.835547,4,P11,P11,P11,P11,P11,P11,P11,P11,P11,P11,P11,P11,P11,P11,P11,P11,P11,P11,P11,P11
grating,90,1.70,P0|P3|P6|P7|P9|P11|P12|P13|P14|P15,0.835547,5,P15,P15,P15,P15,P15,P15,P15,P15,P15,P15,P15,P15,P15,P15,P15,P15,P15,P15,P15,P15
grating,90,1.70,P0|P3|P6|P7|P9|P11|P12|P13|P14|P15,0.835547,6,P6,P6,P6,P6,P6,P6,P6,P6,P6,P6,P6,P6,P6,P6,P6,P6,P6,P6,P6,P6
grating,90,1.70,P0|P3|P6|P7|P9|P11|P12|P13|P14|P15,0.835547,7,P14,P14,P14,P14,P14,P14,P14,P14,P14,P14,P14,P14,P14,P14,P14,P14,P14,P14,P14,P14
grating,90,1.70,P0|P3|P6|P7|P9|P11|P12|P13|P14|P15,0.835547,8,P0,P0,P0,P0,P0,P0,P0,P0,P0,P0,P0,P0,P0,P0,P0,P0,P0,P0,P0,P0
grating,90,1.70,P0|P3|P6|P7|P9|P11|P12|P13|P14|P15,0.835547,9,P12,P12,P12,P12,P12,P12,P12,P12,P12,P12,P12,P12,P12,P12,P12,P12,P12,P12,P12,P12
grating,90,1.70,P0|P3|P6|P7|P9|P11|P12|P13|P14|P15,0.835547,10,P15,P15,P15,P15,P15,P15,P15,P15,P15,P15,P15,P15,P15,P15,P15,P15,P15,P15,P15,P15
grating,90,1.70,P0|P3|P6|P7|P9|P11|P12|P13|P14|P15,0.835547,11,P7,P7,P7,P7,P7,P7,P7,P7,P7,P7,P7,P7,P7,P7,P7,P7,P7,P7,P7,P7
grating,90,1.70,P0|P3|P6|P7|P9|P11|P12|P13|P14|P15,0.835547,12,P15,P15,P15,P15,P15,P15,P15,P15,P15,P15,P15,P15,P15,P15,P15,P15,P15,P15,P15,P15
grating,90,1.70,P0|P3|P6|P7|P9|P11|P12|P13|P14|P15,0.835547,13,P0,P0,P0,P0,P0,P0,P0,P0,P0,P0,P0,P0,P0,P0,P0,P0,P0,P0,P0,P0
grating,90,1.70,P0|P3|P6|P7|P9|P11|P12|P13|P14|P15,0.835547,14,P13,P13,P13,P13,P13,P13,P13,P13,P13,P13,P13,P13,P13,P13,P13,P13,P13,P13,P13,P13
grating,90,1.70,P0|P3|P6|P7|P9|P11|P12|P13|P14|P15,0.835547,15,P15,P15,P15,P15,P15,P15,P15,P15,P15,P15,P15,P15,P15,P15,P15,P15,P15,P15,P15,P15
grating,90,1.70,P0|P3|P6|P7|P9|P11|P12|P13|P14|P15,0.835547,16,P9,P9,P9,P9,P9,P9,P9,P9,P9,P9,P9,P9,P9,P9,P9,P9,P9,P9,P9,P9
grating,90,1.70,P0|P3|P6|P7|P9|P11|P12|P13|P14|P15,0.835547,17,P15,P15,P15,P15,P15,P15,P15,P15,P15,P15,P15,P15,P15,P15,P15,P15,P15,P15,P15,P15
grating,90,1.70,P0|P3|P6|P7|P9|P11|P12|P13|P14|P15,0.835547,18,P3,P3,P3,P3,P3,P3,P3,P3,P3,P3,P3,P3,P3,P3,P3,P3,P3,P3,P3,P3
grating,90,1.70,P0|P3|P6|P7|P9|P11|P12|P13|P14|P15,0.835547,19,P14,P14,P14,P14,P14,P14,P14,P14,P14,P14,P14,P14,P14,P14,P14,P14,P14,P14,P14,P14
grating,270,1.70,P0|P3|P6|P7|P9|P11|P12|P13|P14|P15,0.835547,0,P14,P14,P14,P14,P14,P14,P14,P14,P14,P14,P14,P14,P14,P14,P14,P14,P14,P14,P14,P14
grating,270,1.70,P0|P3|P6|P7|P9|P11|P12|P13|P14|P15,0.835547,1,P3,P3,P3,P3,P3,P3,P3,P3,P3,P3,P3,P3,P3,P3,P3,P3,P3,P3,P3,P3
grating,270,1.70,P0|P3|P6|P7|P9|P11|P12|P13|P14|P15,0.835547,2,P15,P15,P15,P15,P15,P15,P15,P15,P15,P15,P15,P15,P15,P15,P15,P15,P15,P15,P15,P15
grating,270,1.70,P0|P3|P6|P7|P9|P11|P12|P13|P14|P15,0.835547,3,P9,P9,P9,P9,P9,P9,P9,P9,P9,P9,P9,P9,P9,P9,P9,P9,P9,P9,P9,P9
grating,270,1.70,P0|P3|P6|P7|P9|P11|P12|P13|P14|P15,0.835547,4,P15,P15,P15,P15,P15,P15,P15,P15,P15,P15,P15,P15,P15,P15,P15,P15,P15,P15,P15,P15
grating,270,1.70,P0|P3|P6|P7|P9|P11|P12|P13|P14|P15,0.835547,5,P13,P13,P13,P13,P13,P13,P13,P13,P13,P13,P13,P13,P13,P13,P13,P13,P13,P13,P13,P13
grating,270,1.70,P0|P3|P6|P7|P9|P11|P12|P13|P14|P15,0.835547,6,P0,P0,P0,P0,P0,P0,P0,P0,P0,P0,P0,P0,P0,P0,P0,P0,P0,P0,P0,P0
grating,270,1.70,P0|P3|P6|P7|P9|P11|P12|P13|P14|P15,0.835547,7,P15,P15,P15,P15,P15,P15,P15,P15,P15,P15,P15,P15,P15,P15,P15,P15,P15,P15,P15,P15
grating,270,1.70,P0|P3|P6|P7|P9|P11|P12|P13|P14|P15,0.835547,8,P7,P7,P7,P7,P7,P7,P7,P7,P7,P7,P7,P7,P7,P7,P7,P7,P7,P7,P7,P7
grating,270,1.70,P0|P3|P6|P7|P9|P11|P12|P13|P14|P15,0.835547,9,P15,P15,P15,P15,P15,P15,P15,P15,P15,P15,P15,P15,P15,P15,P15,P15,P15,P15,P15,P15
grating,270,1.70,P0|P3|P6|P7|P9|P11|P12|P13|P14|P15,0.835547,10,P12,P12,P12,P12,P12,P12,P12,P12,P12,P12,P12,P12,P12,P12,P12,P12,P12,P12,P12,P12
grating,270,1.70,P0|P3|P6|P7|P9|P11|P12|P13|P14|P15,0.835547,11,P0,P0,P0,P0,P0,P0,P0,P0,P0,P0,P0,P0,P0,P0,P0,P0,P0,P0,P0,P0
grating,270,1.70,P0|P3|P6|P7|P9|P11|P12|P13|P14|P15,0.835547,12,P14,P14,P14,P14,P14,P14,P14,P14,P14,P14,P14,P14,P14,P14,P14,P14,P14,P14,P14,P14
grating,270,1.70,P0|P3|P6|P7|P9|P11|P12|P13|P14|P15,0.835547,13,P6,P6,P6,P6,P6,P6,P6,P6,P6,P6,P6,P6,P6,P6,P6,P6,P6,P6,P6,P6
grating,270,1.70,P0|P3|P6|P7|P9|P11|P12|P13|P14|P15,0.835547,14,P15,P15,P15,P15,P15,P15,P15,P15,P15,P15,P15,P15,P15,P15,P15,P15,P15,P15,P15,P15
grating,270,1.70,P0|P3|P6|P7|P9|P11|P12|P13|P14|P15,0.835547,15,P11,P11,P11,P11,P11,P11,P11,P11,P11,P11,P11,P11,P11,P11,P11,P11,P11,P11,P11,P11
grating,270,1.70,P0|P3|P6|P7|P9|P11|P12|P13|P14|P15,0.835547,16,P0,P0,P0,P0,P0,P0,P0,P0,P0,P0,P0,P0,P0,P0,P0,P0,P0,P0,P0,P0
grating,270,1.70,P0|P3|P6|P7|P9|P11|P12|P13|P14|P15,0.835547,17,P14,P14,P14,P14,P14,P14,P14,P14,P14,P14,P14,P14,P14,P14,P14,P14,P14,P14,P14,P14
grating,270,1.70,P0|P3|P6|P7|P9|P11|P12|P13|P14|P15,0.835547,18,P3,P3,P3,P3,P3,P3,P3,P3,P3,P3,P3,P3,P3,P3,P3,P3,P3,P3,P3,P3
grating,270,1.70,P0|P3|P6|P7|P9|P11|P12|P13|P14|P15,0.835547,19,P15,P15,P15,P15,P15,P15,P15,P15,P15,P15,P15,P15,P15,P15,P15,P15,P15,P15,P15,P15
grating,90,1.80,P0|P1|P7|P10|P13|P14|P15,0.843439,0,P15,P15,P15,P15,P15,P15,P15,P15,P15,P15,P15,P15,P15,P15,P15,P15,P15,P15,P15,P15
grating,90,1.80,P0|P1|P7|P10|P13|P14|P15,0.843439,1,P1,P1,P1,P1,P1,P1,P1,P1,P1,P1,P1,P1,P1,P1,P1,P1,P1,P1,P1,P1
grating,90,1.80,P0|P1|P7|P10|P13|P14|P15,0.843439,2,P14,P14,P14,P14,P14,P14,P14,P14,P14,P14,P14,P14,P14,P14,P14,P14,P14,P14,P14,P14
grating,90,1.80,P0|P1|P7|P10|P13|P14|P15,0.843439,3,P0,P0,P0,P0,P0,P0,P0,P0,P0,P0,P0,P0,P0,P0,P0,P0,P0,P0,P0,P0
grating,90,1.80,P0|P1|P7|P10|P13|P14|P15,0.843439,4,P13,P13,P13,P13,P13,P13,P13,P13,P13,P13,P13,P13,P13,P13,P13,P13,P13,P13,P13,P13
grating,90,1.80,P0|P1|P7|P10|P13|P14|P15,0.843439,5,P15,P15,P15,P15,P15,P15,P15,P15,P15,P15,P15,P15,P15,P15,P15,P15,P15,P15,P15,P15
grating,90,1.80,P0|P1|P7|P10|P13|P14|P15,0.843439,6,P10,P10,P10,P10,P10,P10,P10,P10,P10,P10,P10,P10,P10,P10,P10,P10,P10,P10,P10,P10
grating,90,1.80,P0|P1|P7|P10|P13|P14|P15,0.843439,7,P15,P15,P15,P15,P15,P15,P15,P15,P15,P15,P15,P15,P15,P15,P15,P15,P15,P15,P15,P15
grating,90,1.80,P0|P1|P7|P10|P13|P14|P15,0.843439,8,P7,P7,P7,P7,P7,P7,P7,P7,P7,P7,P7,P7,P7,P7,P7,P7,P7,P7,P7,P7
grating,90,1.80,P0|P1|P7|P10|P13|P14|P15,0.843439,9,P15,P15,P15,P15,P15,P15,P15,P15,P15,P15,P15,P15,P15,P15,P15,P15,P15,P15,P15,P15
grating,90,1.80,P0|P1|P7|P10|P13|P14|P15,0.843439,10,P1,P1,P1,P1,P1,P1,P1,P1,P1,P1,P1,P1,P1,P1,P1,P1,P1,P1,P1,P1
grating,90,1.80,P0|P1|P7|P10|P13|P14|P15,0.843439,11,P14,P14,P14,P14,P14,P14,P14,P14,P14,P14,P14,P14,P14,P14,P14,P14,P14,P14,P14,P14
grating,90,1.80,P0|P1|P7|P10|P13|P14|P15,0.843439,12,P0,P0,P0,P0,P0,P0,P0,P0,P0,P0,P0,P0,P0,P0,P0,P0,P0,P0,P0,P0
grating,90,1.80,P0|P1|P7|P10|P13|P14|P15,0.843439,13,P13,P13,P13,P13,P13,P13,P13,P13,P13,P13,P13,P13,P13,P13,P13,P13,P13,P13,P13,P13
grating,90,1.80,P0|P1|P7|P10|P13|P14|P15,0.843439,14,P15,P15,P15,P15,P15,P15,P15,P15,P15,P15,P15,P15,P15,P15,P15,P15,P15,P15,P15,P15
grating,90,1.80,P0|P1|P7|P10|P13|P14|P15,0.843439,15,P10,P10,P10,P10,P10,P10,P10,P10,P10,P10,P10,P10,P10,P10,P10,P10,P10,P10,P10,P10
grating,90,1.80,P0|P1|P7|P10|P13|P14|P15,0.843439,16,P15,P15,P15,P15,P15,P15,P15,P15,P15,P15,P15,P15,P15,P15,P15,P15,P15,P15,P15,P15
grating,90,1.80,P0|P1|P7|P10|P13|P14|P15,0.843439,17,P7,P7,P7,P7,P7,P7,P7,P7,P7,P7,P7,P7,P7,P7,P7,P7,P7,P7,P7,P7
grating,90,1.80,P0|P1|P7|P10|P13|P14|P15,0.843439,18,P15,P15,P15,P15,P15,P15,P15,P15,P15,P15,P15,P15,P15,P15,P15,P15,P15,P15,P15,P15
grating,90,1.80,P0|P1|P7|P10|P13|P14|P15,0.843439,19,P1,P1,P1,P1,P1,P1,P1,P1,P1,P1,P1,P1,P1,P1,P1,P1,P1,P1,P1,P1
grating,270,1.80,P0|P1|P7|P10|P13|P14|P15,0.843439,0,P1,P1,P1,P1,P1,P1,P1,P1,P1,P1,P1,P1,P1,P1,P1,P1,P1,P1,P1,P1
grating,270,1.80,P0|P1|P7|P10|P13|P14|P15,0.843439,1,P15,P15,P15,P15,P15,P15,P15,P15,P15,P15,P15,P15,P15,P15,P15,P15,P15,P15,P15,P15
grating,270,1.80,P0|P1|P7|P10|P13|P14|P15,0.843439,2,P7,P7,P7,P7,P7,P7,P7,P7,P7,P7,P7,P7,P7,P7,P7,P7,P7,P7,P7,P7
grating,270,1.80,P0|P1|P7|P10|P13|P14|P15,0.843439,3,P15,P15,P15,P15,P15,P15,P15,P15,P15,P15,P15,P15,P15,P15,P15,P15,P15,P15,P15,P15
grating,270,1.80,P0|P1|P7|P10|P13|P14|P15,0.843439,4,P10,P10,P10,P10,P10,P10,P10,P10,P10,P10,P10,P10,P10,P10,P10,P10,P10,P10,P10,P10
grating,270,1.80,P0|P1|P7|P10|P13|P14|P15,0.843439,5,P15,P15,P15,P15,P15,P15,P15,P15,P15,P15,P15,P15,P15,P15,P15,P15,P15,P15,P15,P15
grating,270,1.80,P0|P1|P7|P10|P13|P14|P15,0.843439,6,P13,P13,P13,P13,P13,P13,P13,P13,P13,P13,P13,P13,P13,P13,P13,P13,P13,P13,P13,P13
grating,270,1.80,P0|P1|P7|P10|P13|P14|P15,0.843439,7,P0,P0,P0,P0,P0,P0,P0,P0,P0,P0,P0,P0,P0,P0,P0,P0,P0,P0,P0,P0
grating,270,1.80,P0|P1|P7|P10|P13|P14|P15,0.843439,8,P14,P14,P14,P14,P14,P14,P14,P14,P14,P14,P14,P14,P14,P14,P14,P14,P14,P14,P14,P14
grating,270,1.80,P0|P1|P7|P10|P13|P14|P15,0.843439,9,P1,P1,P1,P1,P1,P1,P1,P1,P1,P1,P1,P1,P1,P1,P1,P1,P1,P1,P1,P1
grating,270,1.80,P0|P1|P7|P10|P13|P14|P15,0.843439,10,P15,P15,P15,P15,P15,P15,P15,P15,P15,P15,P15,P15,P15,P15,P15,P15,P15,P15,P15,P15
grating,270,1.80,P0|P1|P7|P10|P13|P14|P15,0.843439,11,P7,P7,P7,P7,P7,P7,P7,P7,P7,P7,P7,P7,P7,P7,P7,P7,P7,P7,P7,P7
grating,270,1.80,P0|P1|P7|P10|P13|P14|P15,0.843439,12,P15,P15,P15,P15,P15,P15,P15,P15,P15,P15,P15,P15,P15,P15,P15,P15,P15,P15,P15,P15
grating,270,1.80,P0|P1|P7|P10|P13|P14|P15,0.843439,13,P10,P10,P10,P10,P10,P10,P10,P10,P10,P10,P10,P10,P10,P10,P10,P10,P10,P10,P10,P10
grating,270,1.80,P0|P1|P7|P10|P13|P14|P15,0.843439,14,P15,P15,P15,P15,P15,P15,P15,P15,P15,P15,P15,P15,P15,P15,P15,P15,P15,P15,P15,P15
grating,270,1.80,P0|P1|P7|P10|P13|P14|P15,0.843439,15,P13,P13,P13,P13,P13,P13,P13,P13,P13,P13,P13,P13,P13,P13,P13,P13,P13,P13,P13,P13
grating,270,1.80,P0|P1|P7|P10|P13|P14|P15,0.843439,16,P0,P0,P0,P0,P0,P0,P0,P0,P0,P0,P0,P0,P0,P0,P0,P0,P0,P0,P0,P0
grating,270,1.80,P0|P1|P7|P10|P13|P14|P15,0.843439,17,P14,P14,P14,P14,P14,P14,P14,P14,P14,P14,P14,P14,P14,P14,P14,P14,P14,P14,P14,P14
grating,270,1.80,P0|P1|P7|P10|P13|P14|P15,0.843439,18,P1,P1,P1,P1,P1,P1,P1,P1,P1,P1,P1,P1,P1,P1,P1,P1,P1,P1,P1,P1
grating,270,1.80,P0|P1|P7|P10|P13|P14|P15,0.843439,19,P15,P15,P15,P15,P15,P15,P15,P15,P15,P15,P15,P15,P15,P15,P15,P15,P15,P15,P15,P15
grating,90,1.90,P0|P5|P7|P8|P10|P11|P12|P13|P14|P15,0.833134,0,P0,P0,P0,P0,P0,P0,P0,P0,P0,P0,P0,P0,P0,P0,P0,P0,P0,P0,P0,P0
grating,90,1.90,P0|P5|P7|P8|P10|P11|P12|P13|P14|P15,0.833134,1,P13,P13,P13,P13,P13,P13,P13,P13,P13,P13,P13,P13,P13,P13,P13,P13,P13,P13,P13,P13
grating,90,1.90,P0|P5|P7|P8|P10|P11|P12|P13|P14|P15,0.833134,2,P0,P0,P0,P0,P0,P0,P0,P0,P0,P0,P0,P0,P0,P0,P0,P0,P0,P0,P0,P0
grating,90,1.90,P0|P5|P7|P8|P10|P11|P12|P13|P14|P15,0.833134,3,P12,P12,P12,P12,P12,P12,P12,P12,P12,P12,P12,P12,P12,P12,P12,P12,P12,P12,P12,P12
grating,90,1.90,P0|P5|P7|P8|P10|P11|P12|P13|P14|P15,0.833134,4,P15,P15,P15,P15,P15,P15,P15,P15,P15,P15,P15,P15,P15,P15,P15,P15,P15,P15,P15,P15
grating,90,1.90,P0|P5|P7|P8|P10|P11|P12|P13|P14|P15,0.833134,5,P11,P11,P11,P11,P11,P11,P11,P11,P11,P11,P11,P11,P11,P11,P11,P11,P11,P11,P11,P11
grating,90,1.90,P0|P5|P7|P8|P10|P11|P12|P13|P14|P15,0.833134,6,P15,P15,P15,P15,P15,P15,P15,P15,P15,P15,P15,P15,P15,P15,P15,P15,P15,P15,P15,P15
grating,90,1.90,P0|P5|P7|P8|P10|P11|P12|P13|P14|P15,0.833134,7,P10,P10,P10,P10,P10,P10,P10,P10,P10,P10,P10,P10,P10,P10,P10,P10,P10,P10,P10,P10
grating,90,1.90,P0|P5|P7|P8|P10|P11|P12|P13|P14|P15,0.833134,8,P15,P15,P15,P15,P15,P15,P15,P15,P15,P15,P15,P15,P15,P15,P15,P15,P15,P15,P15,P15
grating,90,1.90,P0|P5|P7|P8|P10|P11|P12|P13|P14|P15,0.833134,9,P8,P8,P8,P8,P8,P8,P8,P8,P8,P8,P8,P8,P8,P8,P8,P8,P8,P8,P8,P8
grating,90,1.90,P0|P5|P7|P8|P10|P11|P12|P13|P14|P15,0.833134,10,P15,P15,P15,P15,P15,P15,P15,P15,P15,P15,P15,P15,P15,P15,P15,P15,P15,P15,P15,P15
grating,90,1.90,P0|P5|P7|P8|P10|P11|P12|P13|P14|P15,0.833134,11,P7,P7,P7,P7,P7,P7,P7,P7,P7,P7,P7,P7,P7,P7,P7,P7,P7,P7,P7,P7
grating,90,1.90,P0|P5|P7|P8|P10|P11|P12|P13|P14|P15,0.833134,12,P15,P15,P15,P15,P15,P15,P15,P15,P15,P15,P15,P15,P15,P15,P15,P15,P15,P15,P15,P15
grating,90,1.90,P0|P5|P7|P8|P10|P11|P12|P13|P14|P15,0.833134,13,P5,P5,P5,P5,P5,P5,P5,P5,P5,P5,P5,P5,P5,P5,P5,P5,P5,P5,P5,P5
grating,90,1.90,P0|P5|P7|P8|P10|P11|P12|P13|P14|P15,0.833134,14,P14,P14,P14,P14,P14,P14,P14,P14,P14,P14,P14,P14,P14,P14,P14,P14,P14,P14,P14,P14
grating,90,1.90,P0|P5|P7|P8|P10|P11|P12|P13|P14|P15,0.833134,15,P0,P0,P0,P0,P0,P0,P0,P0,P0,P0,P0,P0,P0,P0,P0,P0,P0,P0,P0,P0
grating,90,1.90,P0|P5|P7|P8|P10|P11|P12|P13|P14|P15,0.833134,16,P14,P14,P14,P14,P14,P14,P14,P14,P14,P14,P14,P14,P14,P14,P14,P14,P14,P14,P14,P14
grating,90,1.90,P0|P5|P7|P8|P10|P11|P12|P13|P14|P15,0.833134,17,P0,P0,P0,P0,P0,P0,P0,P0,P0,P0,P0,P0,P0,P0,P0,P0,P0,P0,P0,P0
grating,90,1.90,P0|P5|P7|P8|P10|P11|P12|P13|P14|P15,0.833134,18,P14,P14,P14,P14,P14,P14,P14,P14,P14,P14,P14,P14,P14,P14,P14,P14,P14,P14,P14,P14
grating,90,1.90,P0|P5|P7|P8|P10|P11|P12|P13|P14|P15,0.833134,19,P0,P0,P0,P0,P0,P0,P0,P0,P0,P0,P0,P0,P0,P0,P0,P0,P0,P0,P0,P0
grating,270,1.90,P0|P5|P7|P8|P10|P11|P12|P13|P14|P15,0.833134,0,P0,P0,P0,P0,P0,P0,P0,P0,P0,P0,P0,P0,P0,P0,P0,P0,P0,P0,P0,P0
grating,270,1.90,P0|P5|P7|P8|P10|P11|P12|P13|P14|P15,0.833134,1,P14,P14,P14,P14,P14,P14,P14,P14,P14,P14,P14,P14,P14,P14,P14,P14,P14,P14,P14,P14
grating,270,1.90,P0|P5|P7|P8|P10|P11|P12|P13|P14|P15,0.833134,2,P0,P0,P0,P0,P0,P0,P0,P0,P0,P0,P0,P0,P0,P0,P0,P0,P0,P0,P0,P0
grating,270,1.90,P0|P5|P7|P8|P10|P11|P12|P13|P14|P15,0.833134,3,P14,P14,P14,P14,P14,P14,P14,P14,P14,P14,P14,P14,P14,P14,P14,P14,P14,P14,P14,P14
grating,270,1.90,P0|P5|P7|P8|P10|P11|P12|P13|P14|P15,0.833134,4,P0,P0,P0,P0,P0,P0,P0,P0,P0,P0,P0,P0,P0,P0,P0,P0,P0,P0,P0,P0
grating,270,1.90,P0|P5|P7|P8|P10|P11|P12|P13|P14|P15,0.833134,5,P14,P14,P14,P14,P14,P14,P14,P14,P14,P14,P14,P14,P14,P14,P14,P14,P14,P14,P14,P14
grating,270,1.90,P0|P5|P7|P8|P10|P11|P12|P13|P14|P15,0.833134,6,P5,P5,P5,P5,P5,P5,P5,P5,P5,P5,P5,P5,P5,P5,P5,P5,P5,P5,P5,P5
grating,270,1.90,P0|P5|P7|P8|P10|P11|P12|P13|P14|P15,0.833134,7,P15,P15,P15,P15,P15,P15,P15,P15,P15,P15,P15,P15,P15,P15,P15,P15,P15,P15,P15,P15
grating,270,1.90,P0|P5|P7|P8|P10|P11|P12|P13|P14|P15,0.833134,8,P7,P7,P7,P7,P7,P7,P7,P7,P7,P7,P7,P7,P7,P7,P7,P7,P7,P7,P7,P7
grating,270,1.90,P0|P5|P7|P8|P10|P11|P12|P13|P14|P15,0.833134,9,P15,P15,P15,P15,P15,P15,P15,P15,P15,P15,P15,P15,P15,P15,P15,P15,P15,P15,P15,P15
grating,270,1.90,P0|P5|P7|P8|P10|P11|P12|P13|P14|P15,0.833134,10,P8,P8,P8,P8,P8,P8,P8,P8,P8,P8,P8,P8,P8,P8,P8,P8,P8,P8,P8,P8
grating,270,1.90,P0|P5|P7|P8|P10|P11|P12|P13|P14|P15,0.833134,11,P15,P15,P15,P15,P15,P15,P15,P15,P15,P15,P15,P15,P15,P15,P15,P15,P15,P15,P15,P15
grating,270,1.90,P0|P5|P7|P8|P10|P11|P12|P13|P14|P15,0.833134,12,P10,P10,P10,P10,P10,P10,P10,P10,P10,P10,P10,P10,P10,P10,P10,P10,P10,P10,P10,P10
grating,270,1.90,P0|P5|P7|P8|P10|P11|P12|P13|P14|P15,0.833134,13,P15,P15,P15,P15,P15,P15,P15,P15,P15,P15,P15,P15,P15,P15,P15,P15,P15,P15,P15,P15
grating,270,1.90,P0|P5|P7|P8|P10|P11|P12|P13|P14|P15,0.833134,14,P11,P11,P11,P11,P11,P11,P11,P11,P11,P11,P11,P11,P11,P11,P11,P11,P11,P11,P11,P11
grating,270,1.90,P0|P5|P7|P8|P10|P11|P12|P13|P14|P15,0.833134,15,P15,P15,P15,P15,P15,P15,P15,P15,P15,P15,P15,P15,P15,P15,P15,P15,P15,P15,P15,P15
grating,270,1.90,P0|P5|P7|P8|P10|P11|P12|P13|P14|P15,0.833134,16,P12,P12,P12,P12,P12,P12,P12,P12,P12,P12,P12,P12,P12,P12,P12,P12,P12,P12,P12,P12
grating,270,1.90,P0|P5|P7|P8|P10|P11|P12|P13|P14|P15,0.833134,17,P0,P0,P0,P0,P0,P0,P0,P0,P0,P0,P0,P0,P0,P0,P0,P0,P0,P0,P0,P0
grating,270,1.90,P0|P5|P7|P8|P10|P11|P12|P13|P14|P15,0.833134,18,P13,P13,P13,P13,P13,P13,P13,P13,P13,P13,P13,P13,P13,P13,P13,P13,P13,P13,P13,P13
grating,270,1.90,P0|P5|P7|P8|P10|P11|P12|P13|P14|P15,0.833134,19,P0,P0,P0,P0,P0,P0,P0,P0,P0,P0,P0,P0,P0,P0,P0,P0,P0,P0,P0,P0
grating,90,2.00,P7|P15,0.995185,0,P7,P7,P7,P7,P7,P7,P7,P7,P7,P7,P7,P7,P7,P7,P7,P7,P7,P7,P7,P7
grating,90,2.00,P7|P15,0.995185,1,P15,P15,P15,P15,P15,P15,P15,P15,P15,P15,P15,P15,P15,P15,P15,P15,P15,P15,P15,P15
grating,90,2.00,P7|P15,0.995185,2,P7,P7,P7,P7,P7,P7,P7,P7,P7,P7,P7,P7,P7,P7,P7,P7,P7,P7,P7,P7
grating,90,2.00,P7|P15,0.995185,3,P15,P15,P15,P15,P15,P15,P15,P15,P15,P15,P15,P15,P15,P15,P15,P15,P15,P15,P15,P15
grating,90,2.00,P7|P15,0.995185,4,P7,P7,P7,P7,P7,P7,P7,P7,P7,P7,P7,P7,P7,P7,P7,P7,P7,P7,P7,P7
grating,90,2.00,P7|P15,0.995185,5,P15,P15,P15,P15,P15,P15,P15,P15,P15,P15,P15,P15,P15,P15,P15,P15,P15,P15,P15,P15
grating,90,2.00,P7|P15,0.995185,6,P7,P7,P7,P7,P7,P7,P7,P7,P7,P7,P7,P7,P7,P7,P7,P7,P7,P7,P7,P7
grating,90,2.00,P7|P15,0.995185,7,P15,P15,P15,P15,P15,P15,P15,P15,P15,P15,P15,P15,P15,P15,P15,P15,P15,P15,P15,P15
grating,90,2.00,P7|P15,0.995185,8,P7,P7,P7,P7,P7,P7,P7,P7,P7,P7,P7,P7,P7,P7,P7,P7,P7,P7,P7,P7
grating,90,2.00,P7|P15,0.995185,9,P15,P15,P15,P15,P15,P15,P15,P15,P15,P15,P15,P15,P15,P15,P15,P15,P15,P15,P15,P15
grating,90,2.00,P7|P15,0.995185,10,P7,P7,P7,P7,P7,P7,P7,P7,P7,P7,P7,P7,P7,P7,P7,P7,P7,P7,P7,P7
grating,90,2.00,P7|P15,0.995185,11,P15,P15,P15,P15,P15,P15,P15,P15,P15,P15,P15,P15,P15,P15,P15,P15,P15,P15,P15,P15
grating,90,2.00,P7|P15,0.995185,12,P7,P7,P7,P7,P7,P7,P7,P7,P7,P7,P7,P7,P7,P7,P7,P7,P7,P7,P7,P7
grating,90,2.00,P7|P15,0.995185,13,P15,P15,P15,P15,P15,P15,P15,P15,P15,P15,P15,P15,P15,P15,P15,P15,P15,P15,P15,P15
grating,90,2.00,P7|P15,0.995185,14,P7,P7,P7,P7,P7,P7,P7,P7,P7,P7,P7,P7,P7,P7,P7,P7,P7,P7,P7,P7
grating,90,2.00,P7|P15,0.995185,15,P15,P15,P15,P15,P15,P15,P15,P15,P15,P15,P15,P15,P15,P15,P15,P15,P15,P15,P15,P15
grating,90,2.00,P7|P15,0.995185,16,P7,P7,P7,P7,P7,P7,P7,P7,P7,P7,P7,P7,P7,P7,P7,P7,P7,P7,P7,P7
grating,90,2.00,P7|P15,0.995185,17,P15,P15,P15,P15,P15,P15,P15,P15,P15,P15,P15,P15,P15,P15,P15,P15,P15,P15,P15,P15
grating,90,2.00,P7|P15,0.995185,18,P7,P7,P7,P7,P7,P7,P7,P7,P7,P7,P7,P7,P7,P7,P7,P7,P7,P7,P7,P7
grating,90,2.00,P7|P15,0.995185,19,P15,P15,P15,P15,P15,P15,P15,P15,P15,P15,P15,P15,P15,P15,P15,P15,P15,P15,P15,P15
grating,270,2.00,P7|P15,0.995185,0,P15,P15,P15,P15,P15,P15,P15,P15,P15,P15,P15,P15,P15,P15,P15,P15,P15,P15,P15,P15
grating,270,2.00,P7|P15,0.995185,1,P7,P7,P7,P7,P7,P7,P7,P7,P7,P7,P7,P7,P7,P7,P7,P7,P7,P7,P7,P7
grating,270,2.00,P7|P15,0.995185,2,P15,P15,P15,P15,P15,P15,P15,P15,P15,P15,P15,P15,P15,P15,P15,P15,P15,P15,P15,P15
grating,270,2.00,P7|P15,0.995185,3,P7,P7,P7,P7,P7,P7,P7,P7,P7,P7,P7,P7,P7,P7,P7,P7,P7,P7,P7,P7
grating,270,2.00,P7|P15,0.995185,4,P15,P15,P15,P15,P15,P15,P15,P15,P15,P15,P15,P15,P15,P15,P15,P15,P15,P15,P15,P15
grating,270,2.00,P7|P15,0.995185,5,P7,P7,P7,P7,P7,P7,P7,P7,P7,P7,P7,P7,P7,P7,P7,P7,P7,P7,P7,P7
grating,270,2.00,P7|P15,0.995185,6,P15,P15,P15,P15,P15,P15,P15,P15,P15,P15,P15,P15,P15,P15,P15,P15,P15,P15,P15,P15
grating,270,2.00,P7|P15,0.995185,7,P7,P7,P7,P7,P7,P7,P7,P7,P7,P7,P7,P7,P7,P7,P7,P7,P7,P7,P7,P7
grating,270,2.00,P7|P15,0.995185,8,P15,P15,P15,P15,P15,P15,P15,P15,P15,P15,P15,P15,P15,P15,P15,P15,P15,P15,P15,P15
grating,270,2.00,P7|P15,0.995185,9,P7,P7,P7,P7,P7,P7,P7,P7,P7,P7,P7,P7,P7,P7,P7,P7,P7,P7,P7,P7
grating,270,2.00,P7|P15,0.995185,10,P15,P15,P15,P15,P15,P15,P15,P15,P15,P15,P15,P15,P15,P15,P15,P15,P15,P15,P15,P15
grating,270,2.00,P7|P15,0.995185,11,P7,P7,P7,P7,P7,P7,P7,P7,P7,P7,P7,P7,P7,P7,P7,P7,P7,P7,P7,P7
grating,270,2.00,P7|P15,0.995185,12,P15,P15,P15,P15,P15,P15,P15,P15,P15,P15,P15,P15,P15,P15,P15,P15,P15,P15,P15,P15
grating,270,2.00,P7|P15,0.995185,13,P7,P7,P7,P7,P7,P7,P7,P7,P7,P7,P7,P7,P7,P7,P7,P7,P7,P7,P7,P7
grating,270,2.00,P7|P15,0.995185,14,P15,P15,P15,P15,P15,P15,P15,P15,P15,P15,P15,P15,P15,P15,P15,P15,P15,P15,P15,P15
grating,270,2.00,P7|P15,0.995185,15,P7,P7,P7,P7,P7,P7,P7,P7,P7,P7,P7,P7,P7,P7,P7,P7,P7,P7,P7,P7
grating,270,2.00,P7|P15,0.995185,16,P15,P15,P15,P15,P15,P15,P15,P15,P15,P15,P15,P15,P15,P15,P15,P15,P15,P15,P15,P15
grating,270,2.00,P7|P15,0.995185,17,P7,P7,P7,P7,P7,P7,P7,P7,P7,P7,P7,P7,P7,P7,P7,P7,P7,P7,P7,P7
grating,270,2.00,P7|P15,0.995185,18,P15,P15,P15,P15,P15,P15,P15,P15,P15,P15,P15,P15,P15,P15,P15,P15,P15,P15,P15,P15
grating,270,2.00,P7|P15,0.995185,19,P7,P7,P7,P7,P7,P7,P7,P7,P7,P7,P7,P7,P7,P7,P7,P7,P7,P7,P7,P7
grating,90,2.10,P0|P4|P6|P7|P8|P10|P11|P12|P13|P14|P15,0.836301,0,P0,P0,P0,P0,P0,P0,P0,P0,P0,P0,P0,P0,P0,P0,P0,P0,P0,P0,P0,P0
grating,90,2.10,P0|P4|P6|P7|P8|P10|P11|P12|P13|P14|P15,0.836301,1,P14,P14,P14,P14,P14,P14,P14,P14,P14,P14,P14,P14,P14,P14,P14,P14,P14,P14,P14,P14
grating,90,2.10,P0|P4|P6|P7|P8|P10|P11|P12|P13|P14|P15,0.836301,2,P0,P0,P0,P0,P0,P0,P0,P0,P0,P0,P0,P0,P0,P0,P0,P0,P0,P0,P0,P0
grating,90,2.10,P0|P4|P6|P7|P8|P10|P11|P12|P13|P14|P15,0.836301,3,P14,P14,P14,P14,P14,P14,P14,P14,P14,P14,P14,P14,P14,P14,P14,P14,P14,P14,P14,P14
grating,90,2.10,P0|P4|P6|P7|P8|P10|P11|P12|P13|P14|P15,0.836301,4,P4,P4,P4,P4,P4,P4,P4,P4,P4,P4,P4,P4,P4,P4,P4,P4,P4,P4,P4,P4
grating,90,2.10,P0|P4|P6|P7|P8|P10|P11|P12|P13|P14|P15,0.836301,5,P15,P15,P15,P15,P15,P15,P15,P15,P15,P15,P15,P15,P15,P15,P15,P15,P15,P15,P15,P15
grating,90,2.10,P0|P4|P6|P7|P8|P10|P11|P12|P13|P14|P15,0.836301,6,P6,P6,P6,P6,P6,P6,P6,P6,P6,P6,P6,P6,P6,P6,P6,P6,P6,P6,P6,P6
grating,90,2.10,P0|P4|P6|P7|P8|P10|P11|P12|P13|P14|P15,0.836301,7,P15,P15,P15,P15,P15,P15,P15,P15,P15,P15,P15,P15,P15,P15,P15,P15,P15,P15,P15,P15
grating,90,2.10,P0|P4|P6|P7|P8|P10|P11|P12|P13|P14|P15,0.836301,8,P7,P7,P7,P7,P7,P7,P7,P7,P7,P7,P7,P7,P7,P7,P7,P7,P7,P7,P7,P7
grating,90,2.10,P0|P4|P6|P7|P8|P10|P11|P12|P13|P14|P15,0.836301,9,P15,P15,P15,P15,P15,P15,P15,P15,P15,P15,P15,P15,P15,P15,P15,P15,P15,P15,P15,P15
grating,90,2.10,P0|P4|P6|P7|P8|P10|P11|P12|P13|P14|P15,0.836301,10,P8,P8,P8,P8,P8,P8,P8,P8,P8,P8,P8,P8,P8,P8,P8,P8,P8,P8,P8,P8
grating,90,2.10,P0|P4|P6|P7|P8|P10|P11|P12|P13|P14|P15,0.836301,11,P15,P15,P15,P15,P15,P15,P15,P15,P15,P15,P15,P15,P15,P15,P15,P15,P15,P15,P15,P15
grating,90,2.10,P0|P4|P6|P7|P8|P10|P11|P12|P13|P14|P15,0.836301,12,P10,P10,P10,P10,P10,P10,P10,P10,P10,P10,P10,P10,P10,P10,P10,P10,P10,P10,P10,P10
grating,90,2.10,P0|P4|P6|P7|P8|P10|P11|P12|P13|P14|P15,0.836301,13,P15,P15,P15,P15,P15,P15,P15,P15,P15,P15,P15,P15,P15,P15,P15,P15,P15,P15,P15,P15
grating,90,2.10,P0|P4|P6|P7|P8|P10|P11|P12|P13|P14|P15,0.836301,14,P11,P11,P11,P11,P11,P11,P11,P11,P11,P11,P11,P11,P11,P11,P11,P11,P11,P11,P11,P11
grating,90,2.10,P0|P4|P6|P7|P8|P10|P11|P12|P13|P14|P15,0.836301,15,P15,P15,P15,P15,P15,P15,P15,P15,P15,P15,P15,P15,P15,P15,P15,P15,P15,P15,P15,P15
grating,90,2.10,P0|P4|P6|P7|P8|P10|P11|P12|P13|P14|P15,0.836301,16,P12,P12,P12,P12,P12,P12,P12,P12,P12,P12,P12,P12,P12,P12,P12,P12,P12,P12,P12,P12
grating,90,2.10,P0|P4|P6|P7|P8|P10|P11|P12|P13|P14|P15,0.836301,17,P0,P0,P0,P0,P0,P0,P0,P0,P0,P0,P0,P0,P0,P0,P0,P0,P0,P0,P0,P0
grating,90,2.10,P0|P4|P6|P7|P8|P10|P11|P12|P13|P14|P15,0.836301,18,P13,P13,P13,P13,P13,P13,P13,P13,P13,P13,P13,P13,P13,P13,P13,P13,P13,P13,P13,P13
grating,90,2.10,P0|P4|P6|P7|P8|P10|P11|P12|P13|P14|P15,0.836301,19,P0,P0,P0,P0,P0,P0,P0,P0,P0,P0,P0,P0,P0,P0,P0,P0,P0,P0,P0,P0
grating,270,2.10,P0|P4|P6|P7|P8|P10|P11|P12|P13|P14|P15,0.836301,0,P0,P0,P0,P0,P0,P0,P0,P0,P0,P0,P0,P0,P0,P0,P0,P0,P0,P0,P0,P0
grating,270,2.10,P0|P4|P6|P7|P8|P10|P11|P12|P13|P14|P15,0.836301,1,P13,P13,P13,P13,P13,P13,P13,P13,P13,P13,P13,P13,P13,P13,P13,P13,P13,P13,P13,P13
grating,270,2.10,P0|P4|P6|P7|P8|P10|P11|P12|P13|P14|P15,0.836301,2,P0,P0,P0,P0,P0,P0,P0,P0,P0,P0,P0,P0,P0,P0,P0,P0,P0,P0,P0,P0
grating,270,2.10,P0|P4|P6|P7|P8|P10|P11|P12|P13|P14|P15,0.836301,3,P12,P12,P12,P12,P12,P12,P12,P12,P12,P12,P12,P12,P12,P12,P12,P12,P12,P12,P12,P12
grating,270,2.10,P0|P4|P6|P7|P8|P10|P11|P12|P13|P14|P15,0.836301,4,P15,P15,P15,P15,P15,P15,P15,P15,P15,P15,P15,P15,P15,P15,P15,P15,P15,P15,P15,P15
grating,270,2.10,P0|P4|P6|P7|P8|P10|P11|P12|P13|P14|P15,0.836301,5,P11,P11,P11,P11,P11,P11,P11,P11,P11,P11,P11,P11,P11,P11,P11,P11,P11,P11,P11,P11
grating,270,2.10,P0|P4|P6|P7|P8|P10|P11|P12|P13|P14|P15,0.836301,6,P15,P15,P15,P15,P15,P15,P15,P15,P15,P15,P15,P15,P15,P15,P15,P15,P15,P15,P15,P15
grating,270,2.10,P0|P4|P6|P7|P8|P10|P11|P12|P13|P14|P15,0.836301,7,P10,P10,P10,P10,P10,P10,P10,P10,P10,P10,P10,P10,P10,P10,P10,P10,P10,P10,P10,P10
grating,270,2.10,P0|P4|P6|P7|P8|P10|P11|P12|P13|P14|P15,0.836301,8,P15,P15,P15,P15,P15,P15,P15,P15,P15,P15,P15,P15,P15,P15,P15,P15,P15,P15,P15,P15
grating,270,2.10,P0|P4|P6|P7|P8|P10|P11|P12|P13|P14|P15,0.836301,9,P8,P8,P8,P8,P8,P8,P8,P8,P8,P8,P8,P8,P8,P8,P8,P8,P8,P8,P8,P8
grating,270,2.10,P0|P4|P6|P7|P8|P10|P11|P12|P13|P14|P15,0.836301,10,P15,P15,P15,P15,P15,P15,P15,P15,P15,P15,P15,P15,P15,P15,P15,P15,P15,P15,P15,P15
grating,270,2.10,P0|P4|P6|P7|P8|P10|P11|P12|P13|P14|P15,0.836301,11,P7,P7,P7,P7,P7,P7,P7,P7,P7,P7,P7,P7,P7,P7,P7,P7,P7,P7,P7,P7
grating,270,2.10,P0|P4|P6|P7|P8|P10|P11|P12|P13|P14|P15,0.836301,12,P15,P15,P15,P15,P15,P15,P15,P15,P15,P15,P15,P15,P15,P15,P15,P15,P15,P15,P15,P15
grating,270,2.10,P0|P4|P6|P7|P8|P10|P11|P12|P13|P14|P15,0.836301,13,P6,P6,P6,P6,P6,P6,P6,P6,P6,P6,P6,P6,P6,P6,P6,P6,P6,P6,P6,P6
grating,270,2.10,P0|P4|P6|P7|P8|P10|P11|P12|P13|P14|P15,0.836301,14,P15,P15,P15,P15,P15,P15,P15,P15,P15,P15,P15,P15,P15,P15,P15,P15,P15,P15,P15,P15
grating,270,2.10,P0|P4|P6|P7|P8|P10|P11|P12|P13|P14|P15,0.836301,15,P4,P4,P4,P4,P4,P4,P4,P4,P4,P4,P4,P4,P4,P4,P4,P4,P4,P4,P4,P4
grating,270,2.10,P0|P4|P6|P7|P8|P10|P11|P12|P13|P14|P15,0.836301,16,P14,P14,P14,P14,P14,P14,P14,P14,P14,P14,P14,P14,P14,P14,P14,P14,P14,P14,P14,P14
grating,270,2.10,P0|P4|P6|P7|P8|P10|P11|P12|P13|P14|P15,0.836301,17,P0,P0,P0,P0,P0,P0,P0,P0,P0,P0,P0,P0,P0,P0,P0,P0,P0,P0,P0,P0
grating,270,2.10,P0|P4|P6|P7|P8|P10|P11|P12|P13|P14|P15,0.836301,18,P14,P14,P14,P14,P14,P14,P14,P14,P14,P14,P14,P14,P14,P14,P14,P14,P14,P14,P14,P14
grating,270,2.10,P0|P4|P6|P7|P8|P10|P11|P12|P13|P14|P15,0.836301,19,P0,P0,P0,P0,P0,P0,P0,P0,P0,P0,P0,P0,P0,P0,P0,P0,P0,P0,P0,P0
grating,90,2.20,P0|P5|P7|P10|P12|P14|P15,0.843959,0,P7,P7,P7,P7,P7,P7,P7,P7,P7,P7,P7,P7,P7,P7,P7,P7,P7,P7,P7,P7
grating,90,2.20,P0|P5|P7|P10|P12|P14|P15,0.843959,1,P15,P15,P15,P15,P15,P15,P15,P15,P15,P15,P15,P15,P15,P15,P15,P15,P15,P15,P15,P15
grating,90,2.20,P0|P5|P7|P10|P12|P14|P15,0.843959,2,P10,P10,P10,P10,P10,P10,P10,P10,P10,P10,P10,P10,P10,P10,P10,P10,P10,P10,P10,P10
grating,90,2.20,P0|P5|P7|P10|P12|P14|P15,0.843959,3,P15,P15,P15,P15,P15,P15,P15,P15,P15,P15,P15,P15,P15,P15,P15,P15,P15,P15,P15,P15
grating,90,2.20,P0|P5|P7|P10|P12|P14|P15,0.843959,4,P12,P12,P12,P12,P12,P12,P12,P12,P12,P12,P12,P12,P12,P12,P12,P12,P12,P12,P12,P12
grating,90,2.20,P0|P5|P7|P10|P12|P14|P15,0.843959,5,P0,P0,P0,P0,P0,P0,P0,P0,P0,P0,P0,P0,P0,P0,P0,P0,P0,P0,P0,P0
grating,90,2.20,P0|P5|P7|P10|P12|P14|P15,0.843959,6,P14,P14,P14,P14,P14,P14,P14,P14,P14,P14,P14,P14,P14,P14,P14,P14,P14,P14,P14,P14
grating,90,2.20,P0|P5|P7|P10|P12|P14|P15,0.843959,7,P0,P0,P0,P0,P0,P0,P0,P0,P0,P0,P0,P0,P0,P0,P0,P0,P0,P0,P0,P0
grating,90,2.20,P0|P5|P7|P10|P12|P14|P15,0.843959,8,P14,P14,P14,P14,P14,P14,P14,P14,P14,P14,P14,P14,P14,P14,P14,P14,P14,P14,P14,P14
grating,90,2.20,P0|P5|P7|P10|P12|P14|P15,0.843959,9,P5,P5,P5,P5,P5,P5,P5,P5,P5,P5,P5,P5,P5,P5,P5,P5,P5,P5,P5,P5
grating,90,2.20,P0|P5|P7|P10|P12|P14|P15,0.843959,10,P15,P15,P15,P15,P15,P15,P15,P15,P15,P15,P15,P15,P15,P15,P15,P15,P15,P15,P15,P15
grating,90,2.20,P0|P5|P7|P10|P12|P14|P15,0.843959,11,P7,P7,P7,P7,P7,P7,P7,P7,P7,P7,P7,P7,P7,P7,P7,P7,P7,P7,P7,P7
grating,90,2.20,P0|P5|P7|P10|P12|P14|P15,0.843959,12,P15,P15,P15,P15,P15,P15,P15,P15,P15,P15,P15,P15,P15,P15,P15,P15,P15,P15,P15,P15
grating,90,2.20,P0|P5|P7|P10|P12|P14|P15,0.843959,13,P10,P10,P10,P10,P10,P10,P10,P10,P10,P10,P10,P10,P10,P10,P10,P10,P10,P10,P10,P10
grating,90,2.20,P0|P5|P7|P10|P12|P14|P15,0.843959,14,P15,P15,P15,P15,P15,P15,P15,P15,P15,P15,P15,P15,P15,P15,P15,P15,P15,P15,P15,P15
grating,90,2.20,P0|P5|P7|P10|P12|P14|P15,0.843959,15,P12,P12,P12,P12,P12,P12,P12,P12,P12,P12,P12,P12,P12,P12,P12,P12,P12,P12,P12,P12
grating,90,2.20,P0|P5|P7|P10|P12|P14|P15,0.843959,16,P0,P0,P0,P0,P0,P0,P0,P0,P0,P0,P0,P0,P0,P0,P0,P0,P0,P0,P0,P0
grating,90,2.20,P0|P5|P7|P10|P12|P14|P15,0.843959,17,P14,P14,P14,P14,P14,P14,P14,P14,P14,P14,P14,P14,P14,P14,P14,P14,P14,P14,P14,P14
grating,90,2.20,P0|P5|P7|P10|P12|P14|P15,0.843959,18,P0,P0,P0,P0,P0,P0,P0,P0,P0,P0,P0,P0,P0,P0,P0,P0,P0,P0,P0,P0
grating,90,2.20,P0|P5|P7|P10|P12|P14|P15,0.843959,19,P14,P14,P14,P14,P14,P14,P14,P14,P14,P14,P14,P14,P14,P14,P14,P14,P14,P14,P14,P14
grating,270,2.20,P0|P5|P7|P10|P12|P14|P15,0.843959,0,P14,P14,P14,P14,P14,P14,P14,P14,P14,P14,P14,P14,P14,P14,P14,P14,P14,P14,P14,P14
grating,270,2.20,P0|P5|P7|P10|P12|P14|P15,0.843959,1,P0,P0,P0,P0,P0,P0,P0,P0,P0,P0,P0,P0,P0,P0,P0,P0,P0,P0,P0,P0
grating,270,2.20,P0|P5|P7|P10|P12|P14|P15,0.843959,2,P14,P14,P14,P14,P14,P14,P14,P14,P14,P14,P14,P14,P14,P14,P14,P14,P14,P14,P14,P14
grating,270,2.20,P0|P5|P7|P10|P12|P14|P15,0.843959,3,P0,P0,P0,P0,P0,P0,P0,P0,P0,P0,P0,P0,P0,P0,P0,P0,P0,P0,P0,P0
grating,270,2.20,P0|P5|P7|P10|P12|P14|P15,0.843959,4,P12,P12,P12,P12,P12,P12,P12,P12,P12,P12,P12,P12,P12,P12,P12,P12,P12,P12,P12,P12
grating,270,2.20,P0|P5|P7|P10|P12|P14|P15,0.843959,5,P15,P15,P15,P15,P15,P15,P15,P15,P15,P15,P15,P15,P15,P15,P15,P15,P15,P15,P15,P15
grating,270,2.20,P0|P5|P7|P10|P12|P14|P15,0.843959,6,P10,P10,P10,P10,P10,P10,P10,P10,P10,P10,P10,P10,P10,P10,P10,P10,P10,P10,P10,P10
grating,270,2.20,P0|P5|P7|P10|P12|P14|P15,0.843959,7,P15,P15,P15,P15,P15,P15,P15,P15,P15,P15,P15,P15,P15,P15,P15,P15,P15,P15,P15,P15
grating,270,2.20,P0|P5|P7|P10|P12|P14|P15,0.843959,8,P7,P7,P7,P7,P7,P7,P7,P7,P7,P7,P7,P7,P7,P7,P7,P7,P7,P7,P7,P7
grating,270,2.20,P0|P5|P7|P10|P12|P14|P15,0.843959,9,P15,P15,P15,P15,P15,P15,P15,P15,P15,P15,P15,P15,P15,P15,P15,P15,P15,P15,P15,P15
grating,270,2.20,P0|P5|P7|P10|P12|P14|P15,0.843959,10,P5,P5,P5,P5,P5,P5,P5,P5,P5,P5,P5,P5,P5,P5,P5,P5,P5,P5,P5,P5
grating,270,2.20,P0|P5|P7|P10|P12|P14|P15,0.843959,11,P14,P14,P14,P14,P14,P14,P14,P14,P14,P14,P14,P14,P14,P14,P14,P14,P14,P14,P14,P14
grating,270,2.20,P0|P5|P7|P10|P12|P14|P15,0.843959,12,P0,P0,P0,P0,P0,P0,P0,P0,P0,P0,P0,P0,P0,P0,P0,P0,P0,P0,P0,P0
grating,270,2.20,P0|P5|P7|P10|P12|P14|P15,0.843959,13,P14,P14,P14,P14,P14,P14,P14,P14,P14,P14,P14,P14,P14,P14,P14,P14,P14,P14,P14,P14
grating,270,2.20,P0|P5|P7|P10|P12|P14|P15,0.843959,14,P0,P0,P0,P0,P0,P0,P0,P0,P0,P0,P0,P0,P0,P0,P0,P0,P0,P0,P0,P0
grating,270,2.20,P0|P5|P7|P10|P12|P14|P15,0.843959,15,P12,P12,P12,P12,P12,P12,P12,P12,P12,P12,P12,P12,P12,P12,P12,P12,P12,P12,P12,P12
grating,270,2.20,P0|P5|P7|P10|P12|P14|P15,0.843959,16,P15,P15,P15,P15,P15,P15,P15,P15,P15,P15,P15,P15,P15,P15,P15,P15,P15,P15,P15,P15
grating,270,2.20,P0|P5|P7|P10|P12|P14|P15,0.843959,17,P10,P10,P10,P10,P10,P10,P10,P10,P10,P10,P10,P10,P10,P10,P10,P10,P10,P10,P10,P10
grating,270,2.20,P0|P5|P7|P10|P12|P14|P15,0.843959,18,P15,P15,P15,P15,P15,P15,P15,P15,P15,P15,P15,P15,P15,P15,P15,P15,P15,P15,P15,P15
grating,270,2.20,P0|P5|P7|P10|P12|P14|P15,0.843959,19,P7,P7,P7,P7,P7,P7,P7,P7,P7,P7,P7,P7,P7,P7,P7,P7,P7,P7,P7,P7
grating,90,2.30,P0|P4|P6|P7|P8|P9|P11|P12|P13|P14|P15,0.832908,0,P14,P14,P14,P14,P14,P14,P14,P14,P14,P14,P14,P14,P14,P14,P14,P14,P14,P14,P14,P14
grating,90,2.30,P0|P4|P6|P7|P8|P9|P11|P12|P13|P14|P15,0.832908,1,P6,P6,P6,P6,P6,P6,P6,P6,P6,P6,P6,P6,P6,P6,P6,P6,P6,P6,P6,P6
grating,90,2.30,P0|P4|P6|P7|P8|P9|P11|P12|P13|P14|P15,0.832908,2,P15,P15,P15,P15,P15,P15,P15,P15,P15,P15,P15,P15,P15,P15,P15,P15,P15,P15,P15,P15
grating,90,2.30,P0|P4|P6|P7|P8|P9|P11|P12|P13|P14|P15,0.832908,3,P9,P9,P9,P9,P9,P9,P9,P9,P9,P9,P9,P9,P9,P9,P9,P9,P9,P9,P9,P9
grating,90,2.30,P0|P4|P6|P7|P8|P9|P11|P12|P13|P14|P15,0.832908,4,P15,P15,P15,P15,P15,P15,P15,P15,P15,P15,P15,P15,P15,P15,P15,P15,P15,P15,P15,P15
grating,90,2.30,P0|P4|P6|P7|P8|P9|P11|P12|P13|P14|P15,0.832908,5,P13,P13,P13,P13,P13,P13,P13,P13,P13,P13,P13,P13,P13,P13,P13,P13,P13,P13,P13,P13
grating,90,2.30,P0|P4|P6|P7|P8|P9|P11|P12|P13|P14|P15,0.832908,6,P0,P0,P0,P0,P0,P0,P0,P0,P0,P0,P0,P0,P0,P0,P0,P0,P0,P0,P0,P0
grating,90,2.30,P0|P4|P6|P7|P8|P9|P11|P12|P13|P14|P15,0.832908,7,P14,P14,P14,P14,P14,P14,P14,P14,P14,P14,P14,P14,P14,P14,P14,P14,P14,P14,P14,P14
grating,90,2.30,P0|P4|P6|P7|P8|P9|P11|P12|P13|P14|P15,0.832908,8,P4,P4,P4,P4,P4,P4,P4,P4,P4,P4,P4,P4,P4,P4,P4,P4,P4,P4,P4,P4
grating,90,2.30,P0|P4|P6|P7|P8|P9|P11|P12|P13|P14|P15,0.832908,9,P15,P15,P15,P15,P15,P15,P15,P15,P15,P15,P15,P15,P15,P15,P15,P15,P15,P15,P15,P15
grating,90,2.30,P0|P4|P6|P7|P8|P9|P11|P12|P13|P14|P15,0.832908,10,P8,P8,P8,P8,P8,P8,P8,P8,P8,P8,P8,P8,P8,P8,P8,P8,P8,P8,P8,P8
grating,90,2.30,P0|P4|P6|P7|P8|P9|P11|P12|P13|P14|P15,0.832908,11,P15,P15,P15,P15,P15,P15,P15,P15,P15,P15,P15,P15,P15,P15,P15,P15,P15,P15,P15,P15
grating,90,2.30,P0|P4|P6|P7|P8|P9|P11|P12|P13|P14|P15,0.832908,12,P12,P12,P12,P12,P12,P12,P12,P12,P12,P12,P12,P12,P12,P12,P12,P12,P12,P12,P12,P12
grating,90,2.30,P0|P4|P6|P7|P8|P9|P11|P12|P13|P14|P15,0.832908,13,P0,P0,P0,P0,P0,P0,P0,P0,P0,P0,P0,P0,P0,P0,P0,P0,P0,P0,P0,P0
grating,90,2.30,P0|P4|P6|P7|P8|P9|P11|P12|P13|P14|P15,0.832908,14,P14,P14,P14,P14,P14,P14,P14,P14,P14,P14,P14,P14,P14,P14,P14,P14,P14,P14,P14,P14
grating,90,2.30,P0|P4|P6|P7|P8|P9|P11|P12|P13|P14|P15,0.832908,15,P0,P0,P0,P0,P0,P0,P0,P0,P0,P0,P0,P0,P0,P0,P0,P0,P0,P0,P0,P0
grating,90,2.30,P0|P4|P6|P7|P8|P9|P11|P12|P13|P14|P15,0.832908,16,P15,P15,P15,P15,P15,P15,P15,P15,P15,P15,P15,P15,P15,P15,P15,P15,P15,P15,P15,P15
grating,90,2.30,P0|P4|P6|P7|P8|P9|P11|P12|P13|P14|P15,0.832908,17,P7,P7,P7,P7,P7,P7,P7,P7,P7,P7,P7,P7,P7,P7,P7,P7,P7,P7,P7,P7
grating,90,2.30,P0|P4|P6|P7|P8|P9|P11|P12|P13|P14|P15,0.832908,18,P15,P15,P15,P15,P15,P15,P15,P15,P15,P15,P15,P15,P15,P15,P15,P15,P15,P15,P15,P15
grating,90,2.30,P0|P4|P6|P7|P8|P9|P11|P12|P13|P14|P15,0.832908,19,P11,P11,P11,P11,P11,P11,P11,P11,P11,P11,P11,P11,P11,P11,P11,P11,P11,P11,P11,P11
grating,270,2.30,P0|P4|P6|P7|P8|P9|P11|P12|P13|P14|P15,0.832908,0,P11,P11,P11,P11,P11,P11,P11,P11,P11,P11,P11,P11,P11,P11,P11,P11,P11,P11,P11,P11
grating,270,2.30,P0|P4|P6|P7|P8|P9|P11|P12|P13|P14|P15,0.832908,1,P15,P15,P15,P15,P15,P15,P15,P15,P15,P15,P15,P15,P15,P15,P15,P15,P15,P15,P15,P15
grating,270,2.30,P0|P4|P6|P7|P8|P9|P11|P12|P13|P14|P15,0.832908,2,P7,P7,P7,P7,P7,P7,P7,P7,P7,P7,P7,P7,P7,P7,P7,P7,P7,P7,P7,P7
grating,270,2.30,P0|P4|P6|P7|P8|P9|P11|P12|P13|P14|P15,0.832908,3,P15,P15,P15,P15,P15,P15,P15,P15,P15,P15,P15,P15,P15,P15,P15,P15,P15,P15,P15,P15
grating,270,2.30,P0|P4|P6|P7|P8|P9|P11|P12|P13|P14|P15,0.832908,4,P0,P0,P0,P0,P0,P0,P0,P0,P0,P0,P0,P0,P0,P0,P0,P0,P0,P0,P0,P0
grating,270,2.30,P0|P4|P6|P7|P8|P9|P11|P12|P13|P14|P15,0.832908,5,P14,P14,P14,P14,P14,P14,P14,P14,P14,P14,P14,P14,P14,P14,P14,P14,P14,P14,P14,P14
grating,270,2.30,P0|P4|P6|P7|P8|P9|P11|P12|P13|P14|P15,0.832908,6,P0,P0,P0,P0,P0,P0,P0,P0,P0,P0,P0,P0,P0,P0,P0,P0,P0,P0,P0,P0
grating,270,2.30,P0|P4|P6|P7|P8|P9|P11|P12|P13|P14|P15,0.832908,7,P12,P12,P12,P12,P12,P12,P12,P12,P12,P12,P12,P12,P12,P12,P12,P12,P12,P12,P12,P12
grating,270,2.30,P0|P4|P6|P7|P8|P9|P11|P12|P13|P14|P15,0.832908,8,P15,P15,P15,P15,P15,P15,P15,P15,P15,P15,P15,P15,P15,P15,P15,P15,P15,P15,P15,P15
grating,270,2.30,P0|P4|P6|P7|P8|P9|P11|P12|P13|P14|P15,0.832908,9,P8,P8,P8,P8,P8,P8,P8,P8,P8,P8,P8,P8,P8,P8,P8,P8,P8,P8,P8,P8
grating,270,2.30,P0|P4|P6|P7|P8|P9|P11|P12|P13|P14|P15,0.832908,10,P15,P15,P15,P15,P15,P15,P15,P15,P15,P15,P15,P15,P15,P15,P15,P15,P15,P15,P15,P15
grating,270,2.30,P0|P4|P6|P7|P8|P9|P11|P12|P13|P14|P15,0.832908,11,P4,P4,P4,P4,P4,P4,P4,P4,P4,P4,P4,P4,P4,P4,P4,P4,P4,P4,P4,P4
grating,270,2.30,P0|P4|P6|P7|P8|P9|P11|P12|P13|P14|P15,0.832908,12,P14,P14,P14,P14,P14,P14,P14,P14,P14,P14,P14,P14,P14,P14,P14,P14,P14,P14,P14,P14
grating,270,2.30,P0|P4|P6|P7|P8|P9|P11|P12|P13|P14|P15,0.832908,13,P0,P0,P0,P0,P0,P0,P0,P0,P0,P0,P0,P0,P0,P0,P0,P0,P0,P0,P0,P0
grating,270,2.30,P0|P4|P6|P7|P8|P9|P11|P12|P13|P14|P15,0.832908,14,P13,P13,P13,P13,P13,P13,P13,P13,P13,P13,P13,P13,P13,P13,P13,P13,P13,P13,P13,P13
grating,270,2.30,P0|P4|P6|P7|P8|P9|P11|P12|P13|P14|P15,0.832908,15,P15,P15,P15,P15,P15,P15,P15,P15,P15,P15,P15,P15,P15,P15,P15,P15,P15,P15,P15,P15
grating,270,2.30,P0|P4|P6|P7|P8|P9|P11|P12|P13|P14|P15,0.832908,16,P9,P9,P9,P9,P9,P9,P9,P9,P9,P9,P9,P9,P9,P9,P9,P9,P9,P9,P9,P9
grating,270,2.30,P0|P4|P6|P7|P8|P9|P11|P12|P13|P14|P15,0.832908,17,P15,P15,P15,P15,P15,P15,P15,P15,P15,P15,P15,P15,P15,P15,P15,P15,P15,P15,P15,P15
grating,270,2.30,P0|P4|P6|P7|P8|P9|P11|P12|P13|P14|P15,0.832908,18,P6,P6,P6,P6,P6,P6,P6,P6,P6,P6,P6,P6,P6,P6,P6,P6,P6,P6,P6,P6
grating,270,2.30,P0|P4|P6|P7|P8|P9|P11|P12|P13|P14|P15,0.832908,19,P14,P14,P14,P14,P14,P14,P14,P14,P14,P14,P14,P14,P14,P14,P14,P14,P14,P14,P14,P14
grating,90,2.40,P0|P3|P7|P9|P11|P13|P14|P15,0.835850,0,P15,P15,P15,P15,P15,P15,P15,P15,P15,P15,P15,P15,P15,P15,P15,P15,P15,P15,P15,P15
grating,90,2.40,P0|P3|P7|P9|P11|P13|P14|P15,0.835850,1,P9,P9,P9,P9,P9,P9,P9,P9,P9,P9,P9,P9,P9,P9,P9,P9,P9,P9,P9,P9
grating,90,2.40,P0|P3|P7|P9|P11|P13|P14|P15,0.835850,2,P15,P15,P15,P15,P15,P15,P15,P15,P15,P15,P15,P15,P15,P15,P15,P15,P15,P15,P15,P15
grating,90,2.40,P0|P3|P7|P9|P11|P13|P14|P15,0.835850,3,P13,P13,P13,P13,P13,P13,P13,P13,P13,P13,P13,P13,P13,P13,P13,P13,P13,P13,P13,P13
grating,90,2.40,P0|P3|P7|P9|P11|P13|P14|P15,0.835850,4,P0,P0,P0,P0,P0,P0,P0,P0,P0,P0,P0,P0,P0,P0,P0,P0,P0,P0,P0,P0
grating,90,2.40,P0|P3|P7|P9|P11|P13|P14|P15,0.835850,5,P14,P14,P14,P14,P14,P14,P14,P14,P14,P14,P14,P14,P14,P14,P14,P14,P14,P14,P14,P14
grating,90,2.40,P0|P3|P7|P9|P11|P13|P14|P15,0.835850,6,P7,P7,P7,P7,P7,P7,P7,P7,P7,P7,P7,P7,P7,P7,P7,P7,P7,P7,P7,P7
grating,90,2.40,P0|P3|P7|P9|P11|P13|P14|P15,0.835850,7,P15,P15,P15,P15,P15,P15,P15,P15,P15,P15,P15,P15,P15,P15,P15,P15,P15,P15,P15,P15
grating,90,2.40,P0|P3|P7|P9|P11|P13|P14|P15,0.835850,8,P11,P11,P11,P11,P11,P11,P11,P11,P11,P11,P11,P11,P11,P11,P11,P11,P11,P11,P11,P11
grating,90,2.40,P0|P3|P7|P9|P11|P13|P14|P15,0.835850,9,P0,P0,P0,P0,P0,P0,P0,P0,P0,P0,P0,P0,P0,P0,P0,P0,P0,P0,P0,P0
grating,90,2.40,P0|P3|P7|P9|P11|P13|P14|P15,0.835850,10,P14,P14,P14,P14,P14,P14,P14,P14,P14,P14,P14,P14,P14,P14,P14,P14,P14,P14,P14,P14
grating,90,2.40,P0|P3|P7|P9|P11|P13|P14|P15,0.835850,11,P3,P3,P3,P3,P3,P3,P3,P3,P3,P3,P3,P3,P3,P3,P3,P3,P3,P3,P3,P3
grating,90,2.40,P0|P3|P7|P9|P11|P13|P14|P15,0.835850,12,P15,P15,P15,P15,P15,P15,P15,P15,P15,P15,P15,P15,P15,P15,P15,P15,P15,P15,P15,P15
grating,90,2.40,P0|P3|P7|P9|P11|P13|P14|P15,0.835850,13,P9,P9,P9,P9,P9,P9,P9,P9,P9,P9,P9,P9,P9,P9,P9,P9,P9,P9,P9,P9
grating,90,2.40,P0|P3|P7|P9|P11|P13|P14|P15,0.835850,14,P15,P15,P15,P15,P15,P15,P15,P15,P15,P15,P15,P15,P15,P15,P15,P15,P15,P15,P15,P15
grating,90,2.40,P0|P3|P7|P9|P11|P13|P14|P15,0.835850,15,P13,P13,P13,P13,P13,P13,P13,P13,P13,P13,P13,P13,P13,P13,P13,P13,P13,P13,P13,P13
grating,90,2.40,P0|P3|P7|P9|P11|P13|P14|P15,0.835850,16,P0,P0,P0,P0,P0,P0,P0,P0,P0,P0,P0,P0,P0,P0,P0,P0,P0,P0,P0,P0
grating,90,2.40,P0|P3|P7|P9|P11|P13|P14|P15,0.835850,17,P14,P14,P14,P14,P14,P14,P14,P14,P14,P14,P14,P14,P14,P14,P14,P14,P14,P14,P14,P14
grating,90,2.40,P0|P3|P7|P9|P11|P13|P14|P15,0.835850,18,P7,P7,P7,P7,P7,P7,P7,P7,P7,P7,P7,P7,P7,P7,P7,P7,P7,P7,P7,P7
grating,90,2.40,P0|P3|P7|P9|P11|P13|P14|P15,0.835850,19,P15,P15,P15,P15,P15,P15,P15,P15,P15,P15,P15,P15,P15,P15,P15,P15,P15,P15,P15,P15
grating,270,2.40,P0|P3|P7|P9|P11|P13|P14|P15,0.835850,0,P15,P15,P15,P15,P15,P15,P15,P15,P15,P15,P15,P15,P15,P15,P15,P15,P15,P15,P15,P15
grating,270,2.40,P0|P3|P7|P9|P11|P13|P14|P15,0.835850,1,P7,P7,P7,P7,P7,P7,P7,P7,P7,P7,P7,P7,P7,P7,P7,P7,P7,P7,P7,P7
grating,270,2.40,P0|P3|P7|P9|P11|P13|P14|P15,0.835850,2,P14,P14,P14,P14,P14,P14,P14,P14,P14,P14,P14,P14,P14,P14,P14,P14,P14,P14,P14,P14
grating,270,2.40,P0|P3|P7|P9|P11|P13|P14|P15,0.835850,3,P0,P0,P0,P0,P0,P0,P0,P0,P0,P0,P0,P0,P0,P0,P0,P0,P0,P0,P0,P0
grating,270,2.40,P0|P3|P7|P9|P11|P13|P14|P15,0.835850,4,P13,P13,P13,P13,P13,P13,P13,P13,P13,P13,P13,P13,P13,P13,P13,P13,P13,P13,P13,P13
grating,270,2.40,P0|P3|P7|P9|P11|P13|P14|P15,0.835850,5,P15,P15,P15,P15,P15,P15,P15,P15,P15,P15,P15,P15,P15,P15,P15,P15,P15,P15,P15,P15
grating,270,2.40,P0|P3|P7|P9|P11|P13|P14|P15,0.835850,6,P9,P9,P9,P9,P9,P9,P9,P9,P9,P9,P9,P9,P9,P9,P9,P9,P9,P9,P9,P9
grating,270,2.40,P0|P3|P7|P9|P11|P13|P14|P15,0.835850,7,P15,P15,P15,P15,P15,P15,P15,P15,P15,P15,P15,P15,P15,P15,P15,P15,P15,P15,P15,P15
grating,270,2.40,P0|P3|P7|P9|P11|P13|P14|P15,0.835850,8,P3,P3,P3,P3,P3,P3,P3,P3,P3,P3,P3,P3,P3,P3,P3,P3,P3,P3,P3,P3
grating,270,2.40,P0|P3|P7|P9|P11|P13|P14|P15,0.835850,9,P14,P14,P14,P14,P14,P14,P14,P14,P14,P14,P14,P14,P14,P14,P14,P14,P14,P14,P14,P14
grating,270,2.40,P0|P3|P7|P9|P11|P13|P14|P15,0.835850,10,P0,P0,P0,P0,P0,P0,P0,P0,P0,P0,P0,P0,P0,P0,P0,P0,P0,P0,P0,P0
grating,270,2.40,P0|P3|P7|P9|P11|P13|P14|P15,0.835850,11,P11,P11,P11,P11,P11,P11,P11,P11,P11,P11,P11,P11,P11,P11,P11,P11,P11,P11,P11,P11
grating,270,2.40,P0|P3|P7|P9|P11|P13|P14|P15,0.835850,12,P15,P15,P15,P15,P15,P15,P15,P15,P15,P15,P15,P15,P15,P15,P15,P15,P15,P15,P15,P15
grating,270,2.40,P0|P3|P7|P9|P11|P13|P14|P15,0.835850,13,P7,P7,P7,P7,P7,P7,P7,P7,P7,P7,P7,P7,P7,P7,P7,P7,P7,P7,P7,P7
grating,270,2.40,P0|P3|P7|P9|P11|P13|P14|P15,0.835850,14,P14,P14,P14,P14,P14,P14,P14,P14,P14,P14,P14,P14,P14,P14,P14,P14,P14,P14,P14,P14
grating,270,2.40,P0|P3|P7|P9|P11|P13|P14|P15,0.835850,15,P0,P0,P0,P0,P0,P0,P0,P0,P0,P0,P0,P0,P0,P0,P0,P0,P0,P0,P0,P0
grating,270,2.40,P0|P3|P7|P9|P11|P13|P14|P15,0.835850,16,P13,P13,P13,P13,P13,P13,P13,P13,P13,P13,P13,P13,P13,P13,P13,P13,P13,P13,P13,P13
grating,270,2.40,P0|P3|P7|P9|P11|P13|P14|P15,0.835850,17,P15,P15,P15,P15,P15,P15,P15,P15,P15,P15,P15,P15,P15,P15,P15,P15,P15,P15,P15,P15
grating,270,2.40,P0|P3|P7|P9|P11|P13|P14|P15,0.835850,18,P9,P9,P9,P9,P9,P9,P9,P9,P9,P9,P9,P9,P9,P9,P9,P9,P9,P9,P9,P9
grating,270,2.40,P0|P3|P7|P9|P11|P13|P14|P15,0.835850,19,P15,P15,P15,P15,P15,P15,P15,P15,P15,P15,P15,P15,P15,P15,P15,P15,P15,P15,P15,P15
grating,90,2.50,P0|P6|P11|P14|P15,0.857736,0,P0,P0,P0,P0,P0,P0,P0,P0,P0,P0,P0,P0,P0,P0,P0,P0,P0,P0,P0,P0
grating,90,2.50,P0|P6|P11|P14|P15,0.857736,1,P14,P14,P14,P14,P14,P14,P14,P14,P14,P14,P14,P14,P14,P14,P14,P14,P14,P14,P14,P14
grating,90,2.50,P0|P6|P11|P14|P15,0.857736,2,P6,P6,P6,P6,P6,P6,P6,P6,P6,P6,P6,P6,P6,P6,P6,P6,P6,P6,P6,P6
grating,90,2.50,P0|P6|P11|P14|P15,0.857736,3,P15,P15,P15,P15,P15,P15,P15,P15,P15,P15,P15,P15,P15,P15,P15,P15,P15,P15,P15,P15
grating,90,2.50,P0|P6|P11|P14|P15,0.857736,4,P11,P11,P11,P11,P11,P11,P11,P11,P11,P11,P11,P11,P11,P11,P11,P11,P11,P11,P11,P11
grating,90,2.50,P0|P6|P11|P14|P15,0.857736,5,P0,P0,P0,P0,P0,P0,P0,P0,P0,P0,P0,P0,P0,P0,P0,P0,P0,P0,P0,P0
grating,90,2.50,P0|P6|P11|P14|P15,0.857736,6,P14,P14,P14,P14,P14,P14,P14,P14,P14,P14,P14,P14,P14,P14,P14,P14,P14,P14,P14,P14
grating,90,2.50,P0|P6|P11|P14|P15,0.857736,7,P6,P6,P6,P6,P6,P6,P6,P6,P6,P6,P6,P6,P6,P6,P6,P6,P6,P6,P6,P6
grating,90,2.50,P0|P6|P11|P14|P15,0.857736,8,P15,P15,P15,P15,P15,P15,P15,P15,P15,P15,P15,P15,P15,P15,P15,P15,P15,P15,P15,P15
grating,90,2.50,P0|P6|P11|P14|P15,0.857736,9,P11,P11,P11,P11,P11,P11,P11,P11,P11,P11,P11,P11,P11,P11,P11,P11,P11,P11,P11,P11
grating,90,2.50,P0|P6|P11|P14|P15,0.857736,10,P0,P0,P0,P0,P0,P0,P0,P0,P0,P0,P0,P0,P0,P0,P0,P0,P0,P0,P0,P0
grating,90,2.50,P0|P6|P11|P14|P15,0.857736,11,P14,P14,P14,P14,P14,P14,P14,P14,P14,P14,P14,P14,P14,P14,P14,P14,P14,P14,P14,P14
grating,90,2.50,P0|P6|P11|P14|P15,0.857736,12,P6,P6,P6,P6,P6,P6,P6,P6,P6,P6,P6,P6,P6,P6,P6,P6,P6,P6,P6,P6
grating,90,2.50,P0|P6|P11|P14|P15,0.857736,13,P15,P15,P15,P15,P15,P15,P15,P15,P15,P15,P15,P15,P15,P15,P15,P15,P15,P15,P15,P15
grating,90,2.50,P0|P6|P11|P14|P15,0.857736,14,P11,P11,P11,P11,P11,P11,P11,P11,P11,P11,P11,P11,P11,P11,P11,P11,P11,P11,P11,P11
grating,90,2.50,P0|P6|P11|P14|P15,0.857736,15,P0,P0,P0,P0,P0,P0,P0,P0,P0,P0,P0,P0,P0,P0,P0,P0,P0,P0,P0,P0
grating,90,2.50,P0|P6|P11|P14|P15,0.857736,16,P14,P14,P14,P14,P14,P14,P14,P14,P14,P14,P14,P14,P14,P14,P14,P14,P14,P14,P14,P14
grating,90,2.50,P0|P6|P11|P14|P15,0.857736,17,P6,P6,P6,P6,P6,P6,P6,P6,P6,P6,P6,P6,P6,P6,P6,P6,P6,P6,P6,P6
grating,90,2.50,P0|P6|P11|P14|P15,0.857736,18,P15,P15,P15,P15,P15,P15,P15,P15,P15,P15,P15,P15,P15,P15,P15,P15,P15,P15,P15,P15
grating,90,2.50,P0|P6|P11|P14|P15,0.857736,19,P11,P11,P11,P11,P11,P11,P11,P11,P11,P11,P11,P11,P11,P11,P11,P11,P11,P11,P11,P11
grating,270,2.50,P0|P6|P11|P14|P15,0.857736,0,P11,P11,P11,P11,P11,P11,P11,P11,P11,P11,P11,P11,P11,P11,P11,P11,P11,P11,P11,P11
grating,270,2.50,P0|P6|P11|P14|P15,0.857736,1,P15,P15,P15,P15,P15,P15,P15,P15,P15,P15,P15,P15,P15,P15,P15,P15,P15,P15,P15,P15
grating,270,2.50,P0|P6|P11|P14|P15,0.857736,2,P6,P6,P6,P6,P6,P6,P6,P6,P6,P6,P6,P6,P6,P6,P6,P6,P6,P6,P6,P6
grating,270,2.50,P0|P6|P11|P14|P15,0.857736,3,P14,P14,P14,P14,P14,P14,P14,P14,P14,P14,P14,P14,P14,P14,P14,P14,P14,P14,P14,P14
grating,270,2.50,P0|P6|P11|P14|P15,0.857736,4,P0,P0,P0,P0,P0,P0,P0,P0,P0,P0,P0,P0,P0,P0,P0,P0,P0,P0,P0,P0
grating,270,2.50,P0|P6|P11|P14|P15,0.857736,5,P11,P11,P11,P11,P11,P11,P11,P11,P11,P11,P11,P11,P11,P11,P11,P11,P11,P11,P11,P11
grating,270,2.50,P0|P6|P11|P14|P15,0.857736,6,P15,P15,P15,P15,P15,P15,P15,P15,P15,P15,P15,P15,P15,P15,P15,P15,P15,P15,P15,P15
grating,270,2.50,P0|P6|P11|P14|P15,0.857736,7,P6,P6,P6,P6,P6,P6,P6,P6,P6,P6,P6,P6,P6,P6,P6,P6,P6,P6,P6,P6
grating,270,2.50,P0|P6|P11|P14|P15,0.857736,8,P14,P14,P14,P14,P14,P14,P14,P14,P14,P14,P14,P14,P14,P14,P14,P14,P14,P14,P14,P14
grating,270,2.50,P0|P6|P11|P14|P15,0.857736,9,P0,P0,P0,P0,P0,P0,P0,P0,P0,P0,P0,P0,P0,P0,P0,P0,P0,P0,P0,P0
grating,270,2.50,P0|P6|P11|P14|P15,0.857736,10,P11,P11,P11,P11,P11,P11,P11,P11,P11,P11,P11,P11,P11,P11,P11,P11,P11,P11,P11,P11
grating,270,2.50,P0|P6|P11|P14|P15,0.857736,11,P15,P15,P15,P15,P15,P15,P15,P15,P15,P15,P15,P15,P15,P15,P15,P15,P15,P15,P15,P15
grating,270,2.50,P0|P6|P11|P14|P15,0.857736,12,P6,P6,P6,P6,P6,P6,P6,P6,P6,P6,P6,P6,P6,P6,P6,P6,P6,P6,P6,P6
grating,270,2.50,P0|P6|P11|P14|P15,0.857736,13,P14,P14,P14,P14,P14,P14,P14,P14,P14,P14,P14,P14,P14,P14,P14,P14,P14,P14,P14,P14
grating,270,2.50,P0|P6|P11|P14|P15,0.857736,14,P0,P0,P0,P0,P0,P0,P0,P0,P0,P0,P0,P0,P0,P0,P0,P0,P0,P0,P0,P0
grating,270,2.50,P0|P6|P11|P14|P15,0.857736,15,P11,P11,P11,P11,P11,P11,P11,P11,P11,P11,P11,P11,P11,P11,P11,P11,P11,P11,P11,P11
grating,270,2.50,P0|P6|P11|P14|P15,0.857736,16,P15,P15,P15,P15,P15,P15,P15,P15,P15,P15,P15,P15,P15,P15,P15,P15,P15,P15,P15,P15
grating,270,2.50,P0|P6|P11|P14|P15,0.857736,17,P6,P6,P6,P6,P6,P6,P6,P6,P6,P6,P6,P6,P6,P6,P6,P6,P6,P6,P6,P6
grating,270,2.50,P0|P6|P11|P14|P15,0.857736,18,P14,P14,P14,P14,P14,P14,P14,P14,P14,P14,P14,P14,P14,P14,P14,P14,P14,P14,P14,P14
grating,270,2.50,P0|P6|P11|P14|P15,0.857736,19,P0,P0,P0,P0,P0,P0,P0,P0,P0,P0,P0,P0,P0,P0,P0,P0,P0,P0,P0,P0
grating,90,2.60,P0|P4|P7|P9|P11|P13|P14|P15,0.838417,0,P14,P14,P14,P14,P14,P14,P14,P14,P14,P14,P14,P14,P14,P14,P14,P14,P14,P14,P14,P14
grating,90,2.60,P0|P4|P7|P9|P11|P13|P14|P15,0.838417,1,P7,P7,P7,P7,P7,P7,P7,P7,P7,P7,P7,P7,P7,P7,P7,P7,P7,P7,P7,P7
grating,90,2.60,P0|P4|P7|P9|P11|P13|P14|P15,0.838417,2,P15,P15,P15,P15,P15,P15,P15,P15,P15,P15,P15,P15,P15,P15,P15,P15,P15,P15,P15,P15
grating,90,2.60,P0|P4|P7|P9|P11|P13|P14|P15,0.838417,3,P13,P13,P13,P13,P13,P13,P13,P13,P13,P13,P13,P13,P13,P13,P13,P13,P13,P13,P13,P13
grating,90,2.60,P0|P4|P7|P9|P11|P13|P14|P15,0.838417,4,P0,P0,P0,P0,P0,P0,P0,P0,P0,P0,P0,P0,P0,P0,P0,P0,P0,P0,P0,P0
grating,90,2.60,P0|P4|P7|P9|P11|P13|P14|P15,0.838417,5,P15,P15,P15,P15,P15,P15,P15,P15,P15,P15,P15,P15,P15,P15,P15,P15,P15,P15,P15,P15
grating,90,2.60,P0|P4|P7|P9|P11|P13|P14|P15,0.838417,6,P9,P9,P9,P9,P9,P9,P9,P9,P9,P9,P9,P9,P9,P9,P9,P9,P9,P9,P9,P9
grating,90,2.60,P0|P4|P7|P9|P11|P13|P14|P15,0.838417,7,P15,P15,P15,P15,P15,P15,P15,P15,P15,P15,P15,P15,P15,P15,P15,P15,P15,P15,P15,P15
grating,90,2.60,P0|P4|P7|P9|P11|P13|P14|P15,0.838417,8,P14,P14,P14,P14,P14,P14,P14,P14,P14,P14,P14,P14,P14,P14,P14,P14,P14,P14,P14,P14
grating,90,2.60,P0|P4|P7|P9|P11|P13|P14|P15,0.838417,9,P4,P4,P4,P4,P4,P4,P4,P4,P4,P4,P4,P4,P4,P4,P4,P4,P4,P4,P4,P4
grating,90,2.60,P0|P4|P7|P9|P11|P13|P14|P15,0.838417,10,P15,P15,P15,P15,P15,P15,P15,P15,P15,P15,P15,P15,P15,P15,P15,P15,P15,P15,P15,P15
grating,90,2.60,P0|P4|P7|P9|P11|P13|P14|P15,0.838417,11,P11,P11,P11,P11,P11,P11,P11,P11,P11,P11,P11,P11,P11,P11,P11,P11,P11,P11,P11,P11
grating,90,2.60,P0|P4|P7|P9|P11|P13|P14|P15,0.838417,12,P0,P0,P0,P0,P0,P0,P0,P0,P0,P0,P0,P0,P0,P0,P0,P0,P0,P0,P0,P0
grating,90,2.60,P0|P4|P7|P9|P11|P13|P14|P15,0.838417,13,P14,P14,P14,P14,P14,P14,P14,P14,P14,P14,P14,P14,P14,P14,P14,P14,P14,P14,P14,P14
grating,90,2.60,P0|P4|P7|P9|P11|P13|P14|P15,0.838417,14,P7,P7,P7,P7,P7,P7,P7,P7,P7,P7,P7,P7,P7,P7,P7,P7,P7,P7,P7,P7
grating,90,2.60,P0|P4|P7|P9|P11|P13|P14|P15,0.838417,15,P15,P15,P15,P15,P15,P15,P15,P15,P15,P15,P15,P15,P15,P15,P15,P15,P15,P15,P15,P15
grating,90,2.60,P0|P4|P7|P9|P11|P13|P14|P15,0.838417,16,P13,P13,P13,P13,P13,P13,P13,P13,P13,P13,P13,P13,P13,P13,P13,P13,P13,P13,P13,P13
grating,90,2.60,P0|P4|P7|P9|P11|P13|P14|P15,0.838417,17,P0,P0,P0,P0,P0,P0,P0,P0,P0,P0,P0,P0,P0,P0,P0,P0,P0,P0,P0,P0
grating,90,2.60,P0|P4|P7|P9|P11|P13|P14|P15,0.838417,18,P15,P15,P15,P15,P15,P15,P15,P15,P15,P15,P15,P15,P15,P15,P15,P15,P15,P15,P15,P15
grating,90,2.60,P0|P4|P7|P9|P11|P13|P14|P15,0.838417,19,P9,P9,P9,P9,P9,P9,P9,P9,P9,P9,P9,P9,P9,P9,P9,P9,P9,P9,P9,P9
grating,270,2.60,P0|P4|P7|P9|P11|P13|P14|P15,0.838417,0,P9,P9,P9,P9,P9,P9,P9,P9,P9,P9,P9,P9,P9,P9,P9,P9,P9,P9,P9,P9
grating,270,2.60,P0|P4|P7|P9|P11|P13|P14|P15,0.838417,1,P15,P15,P15,P15,P15,P15,P15,P15,P15,P15,P15,P15,P15,P15,P15,P15,P15,P15,P15,P15
grating,270,2.60,P0|P4|P7|P9|P11|P13|P14|P15,0.838417,2,P0,P0,P0,P0,P0,P0,P0,P0,P0,P0,P0,P0,P0,P0,P0,P0,P0,P0,P0,P0
grating,270,2.60,P0|P4|P7|P9|P11|P13|P14|P15,0.838417,3,P13,P13,P13,P13,P13,P13,P13,P13,P13,P13,P13,P13,P13,P13,P13,P13,P13,P13,P13,P13
grating,270,2.60,P0|P4|P7|P9|P11|P13|P14|P15,0.838417,4,P15,P15,P15,P15,P15,P15,P15,P15,P15,P15,P15,P15,P15,P15,P15,P15,P15,P15,P15,P15
grating,270,2.60,P0|P4|P7|P9|P11|P13|P14|P15,0.838417,5,P7,P7,P7,P7,P7,P7,P7,P7,P7,P7,P7,P7,P7,P7,P7,P7,P7,P7,P7,P7
grating,270,2.60,P0|P4|P7|P9|P11|P13|P14|P15,0.838417,6,P14,P14,P14,P14,P14,P14,P14,P14,P14,P14,P14,P14,P14,P14,P14,P14,P14,P14,P14,P14
grating,270,2.60,P0|P4|P7|P9|P11|P13|P14|P15,0.838417,7,P0,P0,P0,P0,P0,P0,P0,P0,P0,P0,P0,P0,P0,P0,P0,P0,P0,P0,P0,P0
grating,270,2.60,P0|P4|P7|P9|P11|P13|P14|P15,0.838417,8,P11,P11,P11,P11,P11,P11,P11,P11,P11,P11,P11,P11,P11,P11,P11,P11,P11,P11,P11,P11
grating,270,2.60,P0|P4|P7|P9|P11|P13|P14|P15,0.838417,9,P15,P15,P15,P15,P15,P15,P15,P15,P15,P15,P15,P15,P15,P15,P15,P15,P15,P15,P15,P15
grating,270,2.60,P0|P4|P7|P9|P11|P13|P14|P15,0.838417,10,P4,P4,P4,P4,P4,P4,P4,P4,P4,P4,P4,P4,P4,P4,P4,P4,P4,P4,P4,P4
grating,270,2.60,P0|P4|P7|P9|P11|P13|P14|P15,0.838417,11,P14,P14,P14,P14,P14,P14,P14,P14,P14,P14,P14,P14,P14,P14,P14,P14,P14,P14,P14,P14
grating,270,2.60,P0|P4|P7|P9|P11|P13|P14|P15,0.838417,12,P15,P15,P15,P15,P15,P15,P15,P15,P15,P15,P15,P15,P15,P15,P15,P15,P15,P15,P15,P15
grating,270,2.60,P0|P4|P7|P9|P11|P13|P14|P15,0.838417,13,P9,P9,P9,P9,P9,P9,P9,P9,P9,P9,P9,P9,P9,P9,P9,P9,P9,P9,P9,P9
grating,270,2.60,P0|P4|P7|P9|P11|P13|P14|P15,0.838417,14,P15,P15,P15,P15,P15,P15,P15,P15,P15,P15,P15,P15,P15,P15,P15,P15,P15,P15,P15,P15
grating,270,2.60,P0|P4|P7|P9|P11|P13|P14|P15,0.838417,15,P0,P0,P0,P0,P0,P0,P0,P0,P0,P0,P0,P0,P0,P0,P0,P0,P0,P0,P0,P0
grating,270,2.60,P0|P4|P7|P9|P11|P13|P14|P15,0.838417,16,P13,P13,P13,P13,P13,P13,P13,P13,P13,P13,P13,P13,P13,P13,P13,P13,P13,P13,P13,P13
grating,270,2.60,P0|P4|P7|P9|P11|P13|P14|P15,0.838417,17,P15,P15,P15,P15,P15,P15,P15,P15,P15,P15,P15,P15,P15,P15,P15,P15,P15,P15,P15,P15
grating,270,2.60,P0|P4|P7|P9|P11|P13|P14|P15,0.838417,18,P7,P7,P7,P7,P7,P7,P7,P7,P7,P7,P7,P7,P7,P7,P7,P7,P7,P7,P7,P7
grating,270,2.60,P0|P4|P7|P9|P11|P13|P14|P15,0.838417,19,P14,P14,P14,P14,P14,P14,P14,P14,P14,P14,P14,P14,P14,P14,P14,P14,P14,P14,P14,P14
grating,90,2.70,P0|P4|P6|P7|P8|P10|P11|P12|P13|P14|P15,0.833417,0,P15,P15,P15,P15,P15,P15,P15,P15,P15,P15,P15,P15,P15,P15,P15,P15,P15,P15,P15,P15
grating,90,2.70,P0|P4|P6|P7|P8|P10|P11|P12|P13|P14|P15,0.833417,1,P12,P12,P12,P12,P12,P12,P12,P12,P12,P12,P12,P12,P12,P12,P12,P12,P12,P12,P12,P12
grating,90,2.70,P0|P4|P6|P7|P8|P10|P11|P12|P13|P14|P15,0.833417,2,P0,P0,P0,P0,P0,P0,P0,P0,P0,P0,P0,P0,P0,P0,P0,P0,P0,P0,P0,P0
grating,90,2.70,P0|P4|P6|P7|P8|P10|P11|P12|P13|P14|P15,0.833417,3,P15,P15,P15,P15,P15,P15,P15,P15,P15,P15,P15,P15,P15,P15,P15,P15,P15,P15,P15,P15
grating,90,2.70,P0|P4|P6|P7|P8|P10|P11|P12|P13|P14|P15,0.833417,4,P8,P8,P8,P8,P8,P8,P8,P8,P8,P8,P8,P8,P8,P8,P8,P8,P8,P8,P8,P8
grating,90,2.70,P0|P4|P6|P7|P8|P10|P11|P12|P13|P14|P15,0.833417,5,P15,P15,P15,P15,P15,P15,P15,P15,P15,P15,P15,P15,P15,P15,P15,P15,P15,P15,P15,P15
grating,90,2.70,P0|P4|P6|P7|P8|P10|P11|P12|P13|P14|P15,0.833417,6,P14,P14,P14,P14,P14,P14,P14,P14,P14,P14,P14,P14,P14,P14,P14,P14,P14,P14,P14,P14
grating,90,2.70,P0|P4|P6|P7|P8|P10|P11|P12|P13|P14|P15,0.833417,7,P6,P6,P6,P6,P6,P6,P6,P6,P6,P6,P6,P6,P6,P6,P6,P6,P6,P6,P6,P6
grating,90,2.70,P0|P4|P6|P7|P8|P10|P11|P12|P13|P14|P15,0.833417,8,P15,P15,P15,P15,P15,P15,P15,P15,P15,P15,P15,P15,P15,P15,P15,P15,P15,P15,P15,P15
grating,90,2.70,P0|P4|P6|P7|P8|P10|P11|P12|P13|P14|P15,0.833417,9,P12,P12,P12,P12,P12,P12,P12,P12,P12,P12,P12,P12,P12,P12,P12,P12,P12,P12,P12,P12
grating,90,2.70,P0|P4|P6|P7|P8|P10|P11|P12|P13|P14|P15,0.833417,10,P0,P0,P0,P0,P0,P0,P0,P0,P0,P0,P0,P0,P0,P0,P0,P0,P0,P0,P0,P0
grating,90,2.70,P0|P4|P6|P7|P8|P10|P11|P12|P13|P14|P15,0.833417,11,P15,P15,P15,P15,P15,P15,P15,P15,P15,P15,P15,P15,P15,P15,P15,P15,P15,P15,P15,P15
grating,90,2.70,P0|P4|P6|P7|P8|P10|P11|P12|P13|P14|P15,0.833417,12,P10,P10,P10,P10,P10,P10,P10,P10,P10,P10,P10,P10,P10,P10,P10,P10,P10,P10,P10,P10
grating,90,2.70,P0|P4|P6|P7|P8|P10|P11|P12|P13|P14|P15,0.833417,13,P0,P0,P0,P0,P0,P0,P0,P0,P0,P0,P0,P0,P0,P0,P0,P0,P0,P0,P0,P0
grating,90,2.70,P0|P4|P6|P7|P8|P10|P11|P12|P13|P14|P15,0.833417,14,P14,P14,P14,P14,P14,P14,P14,P14,P14,P14,P14,P14,P14,P14,P14,P14,P14,P14,P14,P14
grating,90,2.70,P0|P4|P6|P7|P8|P10|P11|P12|P13|P14|P15,0.833417,15,P7,P7,P7,P7,P7,P7,P7,P7,P7,P7,P7,P7,P7,P7,P7,P7,P7,P7,P7,P7
grating,90,2.70,P0|P4|P6|P7|P8|P10|P11|P12|P13|P14|P15,0.833417,16,P15,P15,P15,P15,P15,P15,P15,P15,P15,P15,P15,P15,P15,P15,P15,P15,P15,P15,P15,P15
grating,90,2.70,P0|P4|P6|P7|P8|P10|P11|P12|P13|P14|P15,0.833417,17,P13,P13,P13,P13,P13,P13,P13,P13,P13,P13,P13,P13,P13,P13,P13,P13,P13,P13,P13,P13
grating,90,2.70,P0|P4|P6|P7|P8|P10|P11|P12|P13|P14|P15,0.833417,18,P0,P0,P0,P0,P0,P0,P0,P0,P0,P0,P0,P0,P0,P0,P0,P0,P0,P0,P0,P0
grating,90,2.70,P0|P4|P6|P7|P8|P10|P11|P12|P13|P14|P15,0.833417,19,P15,P15,P15,P15,P15,P15,P15,P15,P15,P15,P15,P15,P15,P15,P15,P15,P15,P15,P15,P15
grating,270,2.70,P0|P4|P6|P7|P8|P10|P11|P12|P13|P14|P15,0.833417,0,P15,P15,P15,P15,P15,P15,P15,P15,P15,P15,P15,P15,P15,P15,P15,P15,P15,P15,P15,P15
grating,270,2.70,P0|P4|P6|P7|P8|P10|P11|P12|P13|P14|P15,0.833417,1,P0,P0,P0,P0,P0,P0,P0,P0,P0,P0,P0,P0,P0,P0,P0,P0,P0,P0,P0,P0
grating,270,2.70,P0|P4|P6|P7|P8|P10|P11|P12|P13|P14|P15,0.833417,2,P13,P13,P13,P13,P13,P13,P13,P13,P13,P13,P13,P13,P13,P13,P13,P13,P13,P13,P13,P13
grating,270,2.70,P0|P4|P6|P7|P8|P10|P11|P12|P13|P14|P15,0.833417,3,P15,P15,P15,P15,P15,P15,P15,P15,P15,P15,P15,P15,P15,P15,P15,P15,P15,P15,P15,P15
grating,270,2.70,P0|P4|P6|P7|P8|P10|P11|P12|P13|P14|P15,0.833417,4,P7,P7,P7,P7,P7,P7,P7,P7,P7,P7,P7,P7,P7,P7,P7,P7,P7,P7,P7,P7
grating,270,2.70,P0|P4|P6|P7|P8|P10|P11|P12|P13|P14|P15,0.833417,5,P14,P14,P14,P14,P14,P14,P14,P14,P14,P14,P14,P14,P14,P14,P14,P14,P14,P14,P14,P14
grating,270,2.70,P0|P4|P6|P7|P8|P10|P11|P12|P13|P14|P15,0.833417,6,P0,P0,P0,P0,P0,P0,P0,P0,P0,P0,P0,P0,P0,P0,P0,P0,P0,P0,P0,P0
grating,270,2.70,P0|P4|P6|P7|P8|P10|P11|P12|P13|P14|P15,0.833417,7,P10,P10,P10,P10,P10,P10,P10,P10,P10,P10,P10,P10,P10,P10,P10,P10,P10,P10,P10,P10
grating,270,2.70,P0|P4|P6|P7|P8|P10|P11|P12|P13|P14|P15,0.833417,8,P15,P15,P15,P15,P15,P15,P15,P15,P15,P15,P15,P15,P15,P15,P15,P15,P15,P15,P15,P15
grating,270,2.70,P0|P4|P6|P7|P8|P10|P11|P12|P13|P14|P15,0.833417,9,P0,P0,P0,P0,P0,P0,P0,P0,P0,P0,P0,P0,P0,P0,P0,P0,P0,P0,P0,P0
grating,270,2.70,P0|P4|P6|P7|P8|P10|P11|P12|P13|P14|P15,0.833417,10,P12,P12,P12,P12,P12,P12,P12,P12,P12,P12,P12,P12,P12,P12,P12,P12,P12,P12,P12,P12
grating,270,2.70,P0|P4|P6|P7|P8|P10|P11|P12|P13|P14|P15,0.833417,11,P15,P15,P15,P15,P15,P15,P15,P15,P15,P15,P15,P15,P15,P15,P15,P15,P15,P15,P15,P15
grating,270,2.70,P0|P4|P6|P7|P8|P10|P11|P12|P13|P14|P15,0.833417,12,P6,P6,P6,P6,P6,P6,P6,P6,P6,P6,P6,P6,P6,P6,P6,P6,P6,P6,P6,P6
grating,270,2.70,P0|P4|P6|P7|P8|P10|P11|P12|P13|P14|P15,0.833417,13,P14,P14,P14,P14,P14,P14,P14,P14,P14,P14,P14,P14,P14,P14,P14,P14,P14,P14,P14,P14
grating,270,2.70,P0|P4|P6|P7|P8|P10|P11|P12|P13|P14|P15,0.833417,14,P15,P15,P15,P15,P15,P15,P15,P15,P15,P15,P15,P15,P15,P15,P15,P15,P15,P15,P15,P15
grating,270,2.70,P0|P4|P6|P7|P8|P10|P11|P12|P13|P14|P15,0.833417,15,P8,P8,P8,P8,P8,P8,P8,P8,P8,P8,P8,P8,P8,P8,P8,P8,P8,P8,P8,P8
grating,270,2.70,P0|P4|P6|P7|P8|P10|P11|P12|P13|P14|P15,0.833417,16,P15,P15,P15,P15,P15,P15,P15,P15,P15,P15,P15,P15,P15,P15,P15,P15,P15,P15,P15,P15
grating,270,2.70,P0|P4|P6|P7|P8|P10|P11|P12|P13|P14|P15,0.833417,17,P0,P0,P0,P0,P0,P0,P0,P0,P0,P0,P0,P0,P0,P0,P0,P0,P0,P0,P0,P0
grating,270,2.70,P0|P4|P6|P7|P8|P10|P11|P12|P13|P14|P15,0.833417,18,P12,P12,P12,P12,P12,P12,P12,P12,P12,P12,P12,P12,P12,P12,P12,P12,P12,P12,P12,P12
grating,270,2.70,P0|P4|P6|P7|P8|P10|P11|P12|P13|P14|P15,0.833417,19,P15,P15,P15,P15,P15,P15,P15,P15,P15,P15,P15,P15,P15,P15,P15,P15,P15,P15,P15,P15
grating,90,2.80,P0|P6|P7|P10|P11|P13|P14|P15,0.839864,0,P6,P6,P6,P6,P6,P6,P6,P6,P6,P6,P6,P6,P6,P6,P6,P6,P6,P6,P6,P6
grating,90,2.80,P0|P6|P7|P10|P11|P13|P14|P15,0.839864,1,P15,P15,P15,P15,P15,P15,P15,P15,P15,P15,P15,P15,P15,P15,P15,P15,P15,P15,P15,P15
grating,90,2.80,P0|P6|P7|P10|P11|P13|P14|P15,0.839864,2,P13,P13,P13,P13,P13,P13,P13,P13,P13,P13,P13,P13,P13,P13,P13,P13,P13,P13,P13,P13
grating,90,2.80,P0|P6|P7|P10|P11|P13|P14|P15,0.839864,3,P0,P0,P0,P0,P0,P0,P0,P0,P0,P0,P0,P0,P0,P0,P0,P0,P0,P0,P0,P0
grating,90,2.80,P0|P6|P7|P10|P11|P13|P14|P15,0.839864,4,P15,P15,P15,P15,P15,P15,P15,P15,P15,P15,P15,P15,P15,P15,P15,P15,P15,P15,P15,P15
grating,90,2.80,P0|P6|P7|P10|P11|P13|P14|P15,0.839864,5,P11,P11,P11,P11,P11,P11,P11,P11,P11,P11,P11,P11,P11,P11,P11,P11,P11,P11,P11,P11
grating,90,2.80,P0|P6|P7|P10|P11|P13|P14|P15,0.839864,6,P0,P0,P0,P0,P0,P0,P0,P0,P0,P0,P0,P0,P0,P0,P0,P0,P0,P0,P0,P0
grating,90,2.80,P0|P6|P7|P10|P11|P13|P14|P15,0.839864,7,P15,P15,P15,P15,P15,P15,P15,P15,P15,P15,P15,P15,P15,P15,P15,P15,P15,P15,P15,P15
grating,90,2.80,P0|P6|P7|P10|P11|P13|P14|P15,0.839864,8,P10,P10,P10,P10,P10,P10,P10,P10,P10,P10,P10,P10,P10,P10,P10,P10,P10,P10,P10,P10
grating,90,2.80,P0|P6|P7|P10|P11|P13|P14|P15,0.839864,9,P0,P0,P0,P0,P0,P0,P0,P0,P0,P0,P0,P0,P0,P0,P0,P0,P0,P0,P0,P0
grating,90,2.80,P0|P6|P7|P10|P11|P13|P14|P15,0.839864,10,P14,P14,P14,P14,P14,P14,P14,P14,P14,P14,P14,P14,P14,P14,P14,P14,P14,P14,P14,P14
grating,90,2.80,P0|P6|P7|P10|P11|P13|P14|P15,0.839864,11,P7,P7,P7,P7,P7,P7,P7,P7,P7,P7,P7,P7,P7,P7,P7,P7,P7,P7,P7,P7
grating,90,2.80,P0|P6|P7|P10|P11|P13|P14|P15,0.839864,12,P15,P15,P15,P15,P15,P15,P15,P15,P15,P15,P15,P15,P15,P15,P15,P15,P15,P15,P15,P15
grating,90,2.80,P0|P6|P7|P10|P11|P13|P14|P15,0.839864,13,P14,P14,P14,P14,P14,P14,P14,P14,P14,P14,P14,P14,P14,P14,P14,P14,P14,P14,P14,P14
grating,90,2.80,P0|P6|P7|P10|P11|P13|P14|P15,0.839864,14,P6,P6,P6,P6,P6,P6,P6,P6,P6,P6,P6,P6,P6,P6,P6,P6,P6,P6,P6,P6
grating,90,2.80,P0|P6|P7|P10|P11|P13|P14|P15,0.839864,15,P15,P15,P15,P15,P15,P15,P15,P15,P15,P15,P15,P15,P15,P15,P15,P15,P15,P15,P15,P15
grating,90,2.80,P0|P6|P7|P10|P11|P13|P14|P15,0.839864,16,P13,P13,P13,P13,P13,P13,P13,P13,P13,P13,P13,P13,P13,P13,P13,P13,P13,P13,P13,P13
grating,90,2.80,P0|P6|P7|P10|P11|P13|P14|P15,0.839864,17,P0,P0,P0,P0,P0,P0,P0,P0,P0,P0,P0,P0,P0,P0,P0,P0,P0,P0,P0,P0
grating,90,2.80,P0|P6|P7|P10|P11|P13|P14|P15,0.839864,18,P15,P15,P15,P15,P15,P15,P15,P15,P15,P15,P15,P15,P15,P15,P15,P15,P15,P15,P15,P15
grating,90,2.80,P0|P6|P7|P10|P11|P13|P14|P15,0.839864,19,P11,P11,P11,P11,P11,P11,P11,P11,P11,P11,P11,P11,P11,P11,P11,P11,P11,P11,P11,P11
grating,270,2.80,P0|P6|P7|P10|P11|P13|P14|P15,0.839864,0,P11,P11,P11,P11,P11,P11,P11,P11,P11,P11,P11,P11,P11,P11,P11,P11,P11,P11,P11,P11
grating,270,2.80,P0|P6|P7|P10|P11|P13|P14|P15,0.839864,1,P15,P15,P15,P15,P15,P15,P15,P15,P15,P15,P15,P15,P15,P15,P15,P15,P15,P15,P15,P15
grating,270,2.80,P0|P6|P7|P10|P11|P13|P14|P15,0.839864,2,P0,P0,P0,P0,P0,P0,P0,P0,P0,P0,P0,P0,P0,P0,P0,P0,P0,P0,P0,P0
grating,270,2.80,P0|P6|P7|P10|P11|P13|P14|P15,0.839864,3,P13,P13,P13,P13,P13,P13,P13,P13,P13,P13,P13,P13,P13,P13,P13,P13,P13,P13,P13,P13
grating,270,2.80,P0|P6|P7|P10|P11|P13|P14|P15,0.839864,4,P15,P15,P15,P15,P15,P15,P15,P15,P15,P15,P15,P15,P15,P15,P15,P15,P15,P15,P15,P15
grating,270,2.80,P0|P6|P7|P10|P11|P13|P14|P15,0.839864,5,P6,P6,P6,P6,P6,P6,P6,P6,P6,P6,P6,P6,P6,P6,P6,P6,P6,P6,P6,P6
grating,270,2.80,P0|P6|P7|P10|P11|P13|P14|P15,0.839864,6,P14,P14,P14,P14,P14,P14,P14,P14,P14,P14,P14,P14,P14,P14,P14,P14,P14,P14,P14,P14
grating,270,2.80,P0|P6|P7|P10|P11|P13|P14|P15,0.839864,7,P15,P15,P15,P15,P15,P15,P15,P15,P15,P15,P15,P15,P15,P15,P15,P15,P15,P15,P15,P15
grating,270,2.80,P0|P6|P7|P10|P11|P13|P14|P15,0.839864,8,P7,P7,P7,P7,P7,P7,P7,P7,P7,P7,P7,P7,P7,P7,P7,P7,P7,P7,P7,P7
grating,270,2.80,P0|P6|P7|P10|P11|P13|P14|P15,0.839864,9,P14,P14,P14,P14,P14,P14,P14,P14,P14,P14,P14,P14,P14,P14,P14,P14,P14,P14,P14,P14
grating,270,2.80,P0|P6|P7|P10|P11|P13|P14|P15,0.839864,10,P0,P0,P0,P0,P0,P0,P0,P0,P0,P0,P0,P0,P0,P0,P0,P0,P0,P0,P0,P0
grating,270,2.80,P0|P6|P7|P10|P11|P13|P14|P15,0.839864,11,P10,P10,P10,P10,P10,P10,P10,P10,P10,P10,P10,P10,P10,P10,P10,P10,P10,P10,P10,P10
grating,270,2.80,P0|P6|P7|P10|P11|P13|P14|P15,0.839864,12,P15,P15,P15,P15,P15,P15,P15,P15,P15,P15,P15,P15,P15,P15,P15,P15,P15,P15,P15,P15
grating,270,2.80,P0|P6|P7|P10|P11|P13|P14|P15,0.839864,13,P0,P0,P0,P0,P0,P0,P0,P0,P0,P0,P0,P0,P0,P0,P0,P0,P0,P0,P0,P0
grating,270,2.80,P0|P6|P7|P10|P11|P13|P14|P15,0.839864,14,P11,P11,P11,P11,P11,P11,P11,P11,P11,P11,P11,P11,P11,P11,P11,P11,P11,P11,P11,P11
grating,270,2.80,P0|P6|P7|P10|P11|P13|P14|P15,0.839864,15,P15,P15,P15,P15,P15,P15,P15,P15,P15,P15,P15,P15,P15,P15,P15,P15,P15,P15,P15,P15
grating,270,2.80,P0|P6|P7|P10|P11|P13|P14|P15,0.839864,16,P0,P0,P0,P0,P0,P0,P0,P0,P0,P0,P0,P0,P0,P0,P0,P0,P0,P0,P0,P0
grating,270,2.80,P0|P6|P7|P10|P11|P13|P14|P15,0.839864,17,P13,P13,P13,P13,P13,P13,P13,P13,P13,P13,P13,P13,P13,P13,P13,P13,P13,P13,P13,P13
grating,270,2.80,P0|P6|P7|P10|P11|P13|P14|P15,0.839864,18,P15,P15,P15,P15,P15,P15,P15,P15,P15,P15,P15,P15,P15,P15,P15,P15,P15,P15,P15,P15
grating,270,2.80,P0|P6|P7|P10|P11|P13|P14|P15,0.839864,19,P6,P6,P6,P6,P6,P6,P6,P6,P6,P6,P6,P6,P6,P6,P6,P6,P6,P6,P6,P6
grating,90,2.90,P0|P5|P6|P7|P8|P10|P11|P12|P13|P14|P15,0.833807,0,P0,P0,P0,P0,P0,P0,P0,P0,P0,P0,P0,P0,P0,P0,P0,P0,P0,P0,P0,P0
grating,90,2.90,P0|P5|P6|P7|P8|P10|P11|P12|P13|P14|P15,0.833807,1,P15,P15,P15,P15,P15,P15,P15,P15,P15,P15,P15,P15,P15,P15,P15,P15,P15,P15,P15,P15
grating,90,2.90,P0|P5|P6|P7|P8|P10|P11|P12|P13|P14|P15,0.833807,2,P11,P11,P11,P11,P11,P11,P11,P11,P11,P11,P11,P11,P11,P11,P11,P11,P11,P11,P11,P11
grating,90,2.90,P0|P5|P6|P7|P8|P10|P11|P12|P13|P14|P15,0.833807,3,P0,P0,P0,P0,P0,P0,P0,P0,P0,P0,P0,P0,P0,P0,P0,P0,P0,P0,P0,P0
grating,90,2.90,P0|P5|P6|P7|P8|P10|P11|P12|P13|P14|P15,0.833807,4,P15,P15,P15,P15,P15,P15,P15,P15,P15,P15,P15,P15,P15,P15,P15,P15,P15,P15,P15,P15
grating,90,2.90,P0|P5|P6|P7|P8|P10|P11|P12|P13|P14|P15,0.833807,5,P10,P10,P10,P10,P10,P10,P10,P10,P10,P10,P10,P10,P10,P10,P10,P10,P10,P10,P10,P10
grating,90,2.90,P0|P5|P6|P7|P8|P10|P11|P12|P13|P14|P15,0.833807,6,P0,P0,P0,P0,P0,P0,P0,P0,P0,P0,P0,P0,P0,P0,P0,P0,P0,P0,P0,P0
grating,90,2.90,P0|P5|P6|P7|P8|P10|P11|P12|P13|P14|P15,0.833807,7,P14,P14,P14,P14,P14,P14,P14,P14,P14,P14,P14,P14,P14,P14,P14,P14,P14,P14,P14,P14
grating,90,2.90,P0|P5|P6|P7|P8|P10|P11|P12|P13|P14|P15,0.833807,8,P8,P8,P8,P8,P8,P8,P8,P8,P8,P8,P8,P8,P8,P8,P8,P8,P8,P8,P8,P8
grating,90,2.90,P0|P5|P6|P7|P8|P10|P11|P12|P13|P14|P15,0.833807,9,P0,P0,P0,P0,P0,P0,P0,P0,P0,P0,P0,P0,P0,P0,P0,P0,P0,P0,P0,P0
grating,90,2.90,P0|P5|P6|P7|P8|P10|P11|P12|P13|P14|P15,0.833807,10,P14,P14,P14,P14,P14,P14,P14,P14,P14,P14,P14,P14,P14,P14,P14,P14,P14,P14,P14,P14
grating,90,2.90,P0|P5|P6|P7|P8|P10|P11|P12|P13|P14|P15,0.833807,11,P7,P7,P7,P7,P7,P7,P7,P7,P7,P7,P7,P7,P7,P7,P7,P7,P7,P7,P7,P7
grating,90,2.90,P0|P5|P6|P7|P8|P10|P11|P12|P13|P14|P15,0.833807,12,P15,P15,P15,P15,P15,P15,P15,P15,P15,P15,P15,P15,P15,P15,P15,P15,P15,P15,P15,P15
grating,90,2.90,P0|P5|P6|P7|P8|P10|P11|P12|P13|P14|P15,0.833807,13,P14,P14,P14,P14,P14,P14,P14,P14,P14,P14,P14,P14,P14,P14,P14,P14,P14,P14,P14,P14
grating,90,2.90,P0|P5|P6|P7|P8|P10|P11|P12|P13|P14|P15,0.833807,14,P7,P7,P7,P7,P7,P7,P7,P7,P7,P7,P7,P7,P7,P7,P7,P7,P7,P7,P7,P7
grating,90,2.90,P0|P5|P6|P7|P8|P10|P11|P12|P13|P14|P15,0.833807,15,P15,P15,P15,P15,P15,P15,P15,P15,P15,P15,P15,P15,P15,P15,P15,P15,P15,P15,P15,P15
grating,90,2.90,P0|P5|P6|P7|P8|P10|P11|P12|P13|P14|P15,0.833807,16,P14,P14,P14,P14,P14,P14,P14,P14,P14,P14,P14,P14,P14,P14,P14,P14,P14,P14,P14,P14
grating,90,2.90,P0|P5|P6|P7|P8|P10|P11|P12|P13|P14|P15,0.833807,17,P6,P6,P6,P6,P6,P6,P6,P6,P6,P6,P6,P6,P6,P6,P6,P6,P6,P6,P6,P6
grating,90,2.90,P0|P5|P6|P7|P8|P10|P11|P12|P13|P14|P15,0.833807,18,P15,P15,P15,P15,P15,P15,P15,P15,P15,P15,P15,P15,P15,P15,P15,P15,P15,P15,P15,P15
grating,90,2.90,P0|P5|P6|P7|P8|P10|P11|P12|P13|P14|P15,0.833807,19,P13,P13,P13,P13,P13,P13,P13,P13,P13,P13,P13,P13,P13,P13,P13,P13,P13,P13,P13,P13
grating,270,2.90,P0|P5|P6|P7|P8|P10|P11|P12|P13|P14|P15,0.833807,0,P13,P13,P13,P13,P13,P13,P13,P13,P13,P13,P13,P13,P13,P13,P13,P13,P13,P13,P13,P13
grating,270,2.90,P0|P5|P6|P7|P8|P10|P11|P12|P13|P14|P15,0.833807,1,P15,P15,P15,P15,P15,P15,P15,P15,P15,P15,P15,P15,P15,P15,P15,P15,P15,P15,P15,P15
grating,270,2.90,P0|P5|P6|P7|P8|P10|P11|P12|P13|P14|P15,0.833807,2,P6,P6,P6,P6,P6,P6,P6,P6,P6,P6,P6,P6,P6,P6,P6,P6,P6,P6,P6,P6
grating,270,2.90,P0|P5|P6|P7|P8|P10|P11|P12|P13|P14|P15,0.833807,3,P14,P14,P14,P14,P14,P14,P14,P14,P14,P14,P14,P14,P14,P14,P14,P14,P14,P14,P14,P14
grating,270,2.90,P0|P5|P6|P7|P8|P10|P11|P12|P13|P14|P15,0.833807,4,P15,P15,P15,P15,P15,P15,P15,P15,P15,P15,P15,P15,P15,P15,P15,P15,P15,P15,P15,P15
grating,270,2.90,P0|P5|P6|P7|P8|P10|P11|P12|P13|P14|P15,0.833807,5,P7,P7,P7,P7,P7,P7,P7,P7,P7,P7,P7,P7,P7,P7,P7,P7,P7,P7,P7,P7
grating,270,2.90,P0|P5|P6|P7|P8|P10|P11|P12|P13|P14|P15,0.833807,6,P14,P14,P14,P14,P14,P14,P14,P14,P14,P14,P14,P14,P14,P14,P14,P14,P14,P14,P14,P14
grating,270,2.90,P0|P5|P6|P7|P8|P10|P11|P12|P13|P14|P15,0.833807,7,P15,P15,P15,P15,P15,P15,P15,P15,P15,P15,P15,P15,P15,P15,P15,P15,P15,P15,P15,P15
grating,270,2.90,P0|P5|P6|P7|P8|P10|P11|P12|P13|P14|P15,0.833807,8,P7,P7,P7,P7,P7,P7,P7,P7,P7,P7,P7,P7,P7,P7,P7,P7,P7,P7,P7,P7
grating,270,2.90,P0|P5|P6|P7|P8|P10|P11|P12|P13|P14|P15,0.833807,9,P14,P14,P14,P14,P14,P14,P14,P14,P14,P14,P14,P14,P14,P14,P14,P14,P14,P14,P14,P14
grating,270,2.90,P0|P5|P6|P7|P8|P10|P11|P12|P13|P14|P15,0.833807,10,P0,P0,P0,P0,P0,P0,P0,P0,P0,P0,P0,P0,P0,P0,P0,P0,P0,P0,P0,P0
grating,270,2.90,P0|P5|P6|P7|P8|P10|P11|P12|P13|P14|P15,0.833807,11,P8,P8,P8,P8,P8,P8,P8,P8,P8,P8,P8,P8,P8,P8,P8,P8,P8,P8,P8,P8
grating,270,2.90,P0|P5|P6|P7|P8|P10|P11|P12|P13|P14|P15,0.833807,12,P14,P14,P14,P14,P14,P14,P14,P14,P14,P14,P14,P14,P14,P14,P14,P14,P14,P14,P14,P14
grating,270,2.90,P0|P5|P6|P7|P8|P10|P11|P12|P13|P14|P15,0.833807,13,P0,P0,P0,P0,P0,P0,P0,P0,P0,P0,P0,P0,P0,P0,P0,P0,P0,P0,P0,P0
grating,270,2.90,P0|P5|P6|P7|P8|P10|P11|P12|P13|P14|P15,0.833807,14,P10,P10,P10,P10,P10,P10,P10,P10,P10,P10,P10,P10,P10,P10,P10,P10,P10,P10,P10,P10
grating,270,2.90,P0|P5|P6|P7|P8|P10|P11|P12|P13|P14|P15,0.833807,15,P15,P15,P15,P15,P15,P15,P15,P15,P15,P15,P15,P15,P15,P15,P15,P15,P15,P15,P15,P15
grating,270,2.90,P0|P5|P6|P7|P8|P10|P11|P12|P13|P14|P15,0.833807,16,P0,P0,P0,P0,P0,P0,P0,P0,P0,P0,P0,P0,P0,P0,P0,P0,P0,P0,P0,P0
grating,270,2.90,P0|P5|P6|P7|P8|P10|P11|P12|P13|P14|P15,0.833807,17,P11,P11,P11,P11,P11,P11,P11,P11,P11,P11,P11,P11,P11,P11,P11,P11,P11,P11,P11,P11
grating,270,2.90,P0|P5|P6|P7|P8|P10|P11|P12|P13|P14|P15,0.833807,18,P15,P15,P15,P15,P15,P15,P15,P15,P15,P15,P15,P15,P15,P15,P15,P15,P15,P15,P15,P15
grating,270,2.90,P0|P5|P6|P7|P8|P10|P11|P12|P13|P14|P15,0.833807,19,P0,P0,P0,P0,P0,P0,P0,P0,P0,P0,P0,P0,P0,P0,P0,P0,P0,P0,P0,P0
grating,90,3.00,P0|P12|P15,0.994879,0,P15,P15,P15,P15,P15,P15,P15,P15,P15,P15,P15,P15,P15,P15,P15,P15,P15,P15,P15,P15
grating,90,3.00,P0|P12|P15,0.994879,1,P12,P12,P12,P12,P12,P12,P12,P12,P12,P12,P12,P12,P12,P12,P12,P12,P12,P12,P12,P12
grating,90,3.00,P0|P12|P15,0.994879,2,P0,P0,P0,P0,P0,P0,P0,P0,P0,P0,P0,P0,P0,P0,P0,P0,P0,P0,P0,P0
grating,90,3.00,P0|P12|P15,0.994879,3,P15,P15,P15,P15,P15,P15,P15,P15,P15,P15,P15,P15,P15,P15,P15,P15,P15,P15,P15,P15
grating,90,3.00,P0|P12|P15,0.994879,4,P12,P12,P12,P12,P12,P12,P12,P12,P12,P12,P12,P12,P12,P12,P12,P12,P12,P12,P12,P12
grating,90,3.00,P0|P12|P15,0.994879,5,P0,P0,P0,P0,P0,P0,P0,P0,P0,P0,P0,P0,P0,P0,P0,P0,P0,P0,P0,P0
grating,90,3.00,P0|P12|P15,0.994879,6,P15,P15,P15,P15,P15,P15,P15,P15,P15,P15,P15,P15,P15,P15,P15,P15,P15,P15,P15,P15
grating,90,3.00,P0|P12|P15,0.994879,7,P12,P12,P12,P12,P12,P12,P12,P12,P12,P12,P12,P12,P12,P12,P12,P12,P12,P12,P12,P12
grating,90,3.00,P0|P12|P15,0.994879,8,P0,P0,P0,P0,P0,P0,P0,P0,P0,P0,P0,P0,P0,P0,P0,P0,P0,P0,P0,P0
grating,90,3.00,P0|P12|P15,0.994879,9,P15,P15,P15,P15,P15,P15,P15,P15,P15,P15,P15,P15,P15,P15,P15,P15,P15,P15,P15,P15
grating,90,3.00,P0|P12|P15,0.994879,10,P12,P12,P12,P12,P12,P12,P12,P12,P12,P12,P12,P12,P12,P12,P12,P12,P12,P12,P12,P12
grating,90,3.00,P0|P12|P15,0.994879,11,P0,P0,P0,P0,P0,P0,P0,P0,P0,P0,P0,P0,P0,P0,P0,P0,P0,P0,P0,P0
grating,90,3.00,P0|P12|P15,0.994879,12,P15,P15,P15,P15,P15,P15,P15,P15,P15,P15,P15,P15,P15,P15,P15,P15,P15,P15,P15,P15
grating,90,3.00,P0|P12|P15,0.994879,13,P12,P12,P12,P12,P12,P12,P12,P12,P12,P12,P12,P12,P12,P12,P12,P12,P12,P12,P12,P12
grating,90,3.00,P0|P12|P15,0.994879,14,P0,P0,P0,P0,P0,P0,P0,P0,P0,P0,P0,P0,P0,P0,P0,P0,P0,P0,P0,P0
grating,90,3.00,P0|P12|P15,0.994879,15,P15,P15,P15,P15,P15,P15,P15,P15,P15,P15,P15,P15,P15,P15,P15,P15,P15,P15,P15,P15
grating,90,3.00,P0|P12|P15,0.994879,16,P12,P12,P12,P12,P12,P12,P12,P12,P12,P12,P12,P12,P12,P12,P12,P12,P12,P12,P12,P12
grating,90,3.00,P0|P12|P15,0.994879,17,P0,P0,P0,P0,P0,P0,P0,P0,P0,P0,P0,P0,P0,P0,P0,P0,P0,P0,P0,P0
grating,90,3.00,P0|P12|P15,0.994879,18,P15,P15,P15,P15,P15,P15,P15,P15,P15,P15,P15,P15,P15,P15,P15,P15,P15,P15,P15,P15
grating,90,3.00,P0|P12|P15,0.994879,19,P12,P12,P12,P12,P12,P12,P12,P12,P12,P12,P12,P12,P12,P12,P12,P12,P12,P12,P12,P12
grating,270,3.00,P0|P12|P15,0.994879,0,P12,P12,P12,P12,P12,P12,P12,P12,P12,P12,P12,P12,P12,P12,P12,P12,P12,P12,P12,P12
grating,270,3.00,P0|P12|P15,0.994879,1,P15,P15,P15,P15,P15,P15,P15,P15,P15,P15,P15,P15,P15,P15,P15,P15,P15,P15,P15,P15
grating,270,3.00,P0|P12|P15,0.994879,2,P0,P0,P0,P0,P0,P0,P0,P0,P0,P0,P0,P0,P0,P0,P0,P0,P0,P0,P0,P0
grating,270,3.00,P0|P12|P15,0.994879,3,P12,P12,P12,P12,P12,P12,P12,P12,P12,P12,P12,P12,P12,P12,P12,P12,P12,P12,P12,P12
grating,270,3.00,P0|P12|P15,0.994879,4,P15,P15,P15,P15,P15,P15,P15,P15,P15,P15,P15,P15,P15,P15,P15,P15,P15,P15,P15,P15
grating,270,3.00,P0|P12|P15,0.994879,5,P0,P0,P0,P0,P0,P0,P0,P0,P0,P0,P0,P0,P0,P0,P0,P0,P0,P0,P0,P0
grating,270,3.00,P0|P12|P15,0.994879,6,P12,P12,P12,P12,P12,P12,P12,P12,P12,P12,P12,P12,P12,P12,P12,P12,P12,P12,P12,P12
grating,270,3.00,P0|P12|P15,0.994879,7,P15,P15,P15,P15,P15,P15,P15,P15,P15,P15,P15,P15,P15,P15,P15,P15,P15,P15,P15,P15
grating,270,3.00,P0|P12|P15,0.994879,8,P0,P0,P0,P0,P0,P0,P0,P0,P0,P0,P0,P0,P0,P0,P0,P0,P0,P0,P0,P0
grating,270,3.00,P0|P12|P15,0.994879,9,P12,P12,P12,P12,P12,P12,P12,P12,P12,P12,P12,P12,P12,P12,P12,P12,P12,P12,P12,P12
grating,270,3.00,P0|P12|P15,0.994879,10,P15,P15,P15,P15,P15,P15,P15,P15,P15,P15,P15,P15,P15,P15,P15,P15,P15,P15,P15,P15
grating,270,3.00,P0|P12|P15,0.994879,11,P0,P0,P0,P0,P0,P0,P0,P0,P0,P0,P0,P0,P0,P0,P0,P0,P0,P0,P0,P0
grating,270,3.00,P0|P12|P15,0.994879,12,P12,P12,P12,P12,P12,P12,P12,P12,P12,P12,P12,P12,P12,P12,P12,P12,P12,P12,P12,P12
grating,270,3.00,P0|P12|P15,0.994879,13,P15,P15,P15,P15,P15,P15,P15,P15,P15,P15,P15,P15,P15,P15,P15,P15,P15,P15,P15,P15
grating,270,3.00,P0|P12|P15,0.994879,14,P0,P0,P0,P0,P0,P0,P0,P0,P0,P0,P0,P0,P0,P0,P0,P0,P0,P0,P0,P0
grating,270,3.00,P0|P12|P15,0.994879,15,P12,P12,P12,P12,P12,P12,P12,P12,P12,P12,P12,P12,P12,P12,P12,P12,P12,P12,P12,P12
grating,270,3.00,P0|P12|P15,0.994879,16,P15,P15,P15,P15,P15,P15,P15,P15,P15,P15,P15,P15,P15,P15,P15,P15,P15,P15,P15,P15
grating,270,3.00,P0|P12|P15,0.994879,17,P0,P0,P0,P0,P0,P0,P0,P0,P0,P0,P0,P0,P0,P0,P0,P0,P0,P0,P0,P0
grating,270,3.00,P0|P12|P15,0.994879,18,P12,P12,P12,P12,P12,P12,P12,P12,P12,P12,P12,P12,P12,P12,P12,P12,P12,P12,P12,P12
grating,270,3.00,P0|P12|P15,0.994879,19,P15,P15,P15,P15,P15,P15,P15,P15,P15,P15,P15,P15,P15,P15,P15,P15,P15,P15,P15,P15
grating,135,1.00,P0|P1|P2|P3|P4|P5|P6|P7|P8|P9|P10|P11|P12|P13|P14|P15,0.831023,0,P0,P8,P14,P15,P5,P13,P15,P0,P10,P14,P15,P6,P13,P15,P0,P11,P15,P0,P7,P14
grating,135,1.00,P0|P1|P2|P3|P4|P5|P6|P7|P8|P9|P10|P11|P12|P13|P14|P15,0.831023,1,P8,P14,P15,P5,P13,P15,P0,P10,P14,P15,P6,P13,P15,P0,P11,P15,P0,P7,P14,P15
grating,135,1.00,P0|P1|P2|P3|P4|P5|P6|P7|P8|P9|P10|P11|P12|P13|P14|P15,0.831023,2,P14,P15,P5,P13,P15,P0,P10,P14,P15,P6,P13,P15,P0,P11,P15,P0,P7,P14,P15,P3
grating,135,1.00,P0|P1|P2|P3|P4|P5|P6|P7|P8|P9|P10|P11|P12|P13|P14|P15,0.831023,3,P15,P5,P13,P15,P0,P10,P14,P15,P6,P13,P15,P0,P11,P15,P0,P7,P14,P15,P3,P12
grating,135,1.00,P0|P1|P2|P3|P4|P5|P6|P7|P8|P9|P10|P11|P12|P13|P14|P15,0.831023,4,P5,P13,P15,P0,P10,P14,P15,P6,P13,P15,P0,P11,P15,P0,P7,P14,P15,P3,P12,P15
grating,135,1.00,P0|P1|P2|P3|P4|P5|P6|P7|P8|P9|P10|P11|P12|P13|P14|P15,0.831023,5,P13,P15,P0,P10,P14,P15,P6,P13,P15,P0,P11,P15,P0,P7,P14,P15,P3,P12,P15,P0
grating,135,1.00,P0|P1|P2|P3|P4|P5|P6|P7|P8|P9|P10|P11|P12|P13|P14|P15,0.831023,6,P15,P0,P10,P14,P15,P6,P13,P15,P0,P11,P15,P0,P7,P14,P15,P3,P12,P15,P0,P9
grating,135,1.00,P0|P1|P2|P3|P4|P5|P6|P7|P8|P9|P10|P11|P12|P13|P14|P15,0.831023,7,P0,P10,P14,P15,P6,P13,P15,P0,P11,P15,P0,P7,P14,P15,P3,P12,P15,P0,P9,P14
grating,135,1.00,P0|P1|P2|P3|P4|P5|P6|P7|P8|P9|P10|P11|P12|P13|P14|P15,0.831023,8,P10,P14,P15,P6,P13,P15,P0,P11,P15,P0,P7,P14,P15,P3,P12,P15,P0,P9,P14,P15
grating,135,1.00,P0|P1|P2|P3|P4|P5|P6|P7|P8|P9|P10|P11|P12|P13|P14|P15,0.831023,9,P14,P15,P6,P13,P15,P0,P11,P15,P0,P7,P14,P15,P3,P12,P15,P0,P9,P14,P15,P6
grating,135,1.00,P0|P1|P2|P3|P4|P5|P6|P7|P8|P9|P10|P11|P12|P13|P14|P15,0.831023,10,P15,P6,P13,P15,P0,P11,P15,P0,P7,P14,P15,P3,P12,P15,P0,P9,P14,P15,P6,P13
grating,135,1.00,P0|P1|P2|P3|P4|P5|P6|P7|P8|P9|P10|P11|P12|P13|P14|P15,0.831023,11,P6,P13,P15,P0,P11,P15,P0,P7,P14,P15,P3,P12,P15,P0,P9,P14,P15,P6,P13,P15
grating,135,1.00,P0|P1|P2|P3|P4|P5|P6|P7|P8|P9|P10|P11|P12|P13|P14|P15,0.831023,12,P13,P15,P0,P11,P15,P0,P7,P14,P15,P3,P12,P15,P0,P9,P14,P15,P6,P13,P15,P0
grating,135,1.00,P0|P1|P2|P3|P4|P5|P6|P7|P8|P9|P10|P11|P12|P13|P14|P15,0.831023,13,P15,P0,P11,P15,P0,P7,P14,P15,P3,P12,P15,P0,P9,P14,P15,P6,P13,P15,P0,P11
grating,135,1.00,P0|P1|P2|P3|P4|P5|P6|P7|P8|P9|P10|P11|P12|P13|P14|P15,0.831023,14,P0,P11,P15,P0,P7,P14,P15,P3,P12,P15,P0,P9,P14,P15,P6,P13,P15,P0,P11,P15
grating,135,1.00,P0|P1|P2|P3|P4|P5|P6|P7|P8|P9|P10|P11|P12|P13|P14|P15,0.831023,15,P11,P15,P0,P7,P14,P15,P3,P12,P15,P0,P9,P14,P15,P6,P13,P15,P0,P11,P15,P0
grating,135,1.00,P0|P1|P2|P3|P4|P5|P6|P7|P8|P9|P10|P11|P12|P13|P14|P15,0.831023,16,P15,P0,P7,P14,P15,P3,P12,P15,P0,P9,P14,P15,P6,P13,P15,P0,P11,P15,P0,P7
grating,135,1.00,P0|P1|P2|P3|P4|P5|P6|P7|P8|P9|P10|P11|P12|P13|P14|P15,0.831023,17,P0,P7,P14,P15,P3,P12,P15,P0,P9,P14,P15,P6,P13,P15,P0,P11,P15,P0,P7,P14
grating,135,1.00,P0|P1|P2|P3|P4|P5|P6|P7|P8|P9|P10|P11|P12|P13|P14|P15,0.831023,18,P7,P14,P15,P3,P12,P15,P0,P9,P14,P15,P6,P13,P15,P0,P11,P15,P0,P7,P14,P15
grating,135,1.00,P0|P1|P2|P3|P4|P5|P6|P7|P8|P9|P10|P11|P12|P13|P14|P15,0.831023,19,P14,P15,P3,P12,P15,P0,P9,P14,P15,P6,P13,P15,P0,P11,P15,P0,P7,P14,P15,P0
grating,315,1.00,P0|P1|P2|P3|P4|P5|P6|P7|P8|P9|P10|P11|P12|P13|P14|P15,0.831023,0,P0,P15,P14,P7,P0,P15,P11,P0,P15,P13,P6,P15,P14,P9,P0,P15,P12,P3,P15,P14
grating,315,1.00,P0|P1|P2|P3|P4|P5|P6|P7|P8|P9|P10|P11|P12|P13|P14|P15,0.831023,1,P15,P14,P7,P0,P15,P11,P0,P15,P13,P6,P15,P14,P9,P0,P15,P12,P3,P15,P14,P7
grating,315,1.00,P0|P1|P2|P3|P4|P5|P6|P7|P8|P9|P10|P11|P12|P13|P14|P15,0.831023,2,P14,P7,P0,P15,P11,P0,P15,P13,P6,P15,P14,P9,P0,P15,P12,P3,P15,P14,P7,P0
grating,315,1.00,P0|P1|P2|P3|P4|P5|P6|P7|P8|P9|P10|P11|P12|P13|P14|P15,0.831023,3,P7,P0,P15,P11,P0,P15,P13,P6,P15,P14,P9,P0,P15,P12,P3,P15,P14,P7,P0,P15
grating,315,1.00,P0|P1|P2|P3|P4|P5|P6|P7|P8|P9|P10|P11|P12|P13|P14|P15,0.831023,4,P0,P15,P11,P0,P15,P13,P6,P15,P14,P9,P0,P15,P12,P3,P15,P14,P7,P0,P15,P11
grating,315,1.00,P0|P1|P2|P3|P4|P5|P6|P7|P8|P9|P10|P11|P12|P13|P14|P15,0.831023,5,P15,P11,P0,P15,P13,P6,P15,P14,P9,P0,P15,P12,P3,P15,P14,P7,P0,P15,P11,P0
grating,315,1.00,P0|P1|P2|P3|P4|P5|P6|P7|P8|P9|P10|P11|P12|P13|P14|P15,0.831023,6,P11,P0,P15,P13,P6,P15,P14,P9,P0,P15,P12,P3,P15,P14,P7,P0,P15,P11,P0,P15
grating,315,1.00,P0|P1|P2|P3|P4|P5|P6|P7|P8|P9|P10|P11|P12|P13|P14|P15,0.831023,7,P0,P15,P13,P6,P15,P14,P9,P0,P15,P12,P3,P15,P14,P7,P0,P15,P11,P0,P15,P13
grating,315,1.00,P0|P1|P2|P3|P4|P5|P6|P7|P8|P9|P10|P11|P12|P13|P14|P15,0.831023,8,P15,P13,P6,P15,P14,P9,P0,P15,P12,P3,P15,P14,P7,P0,P15,P11,P0,P15,P13,P6
grating,315,1.00,P0|P1|P2|P3|P4|P5|P6|P7|P8|P9|P10|P11|P12|P13|P14|P15,0.831023,9,P13,P6,P15,P14,P9,P0,P15,P12,P3,P15,P14,P7,P0,P15,P11,P0,P15,P13,P6,P15
grating,315,1.00,P0|P1|P2|P3|P4|P5|P6|P7|P8|P9|P10|P11|P12|P13|P14|P15,0.831023,10,P6,P15,P14,P9,P0,P15,P12,P3,P15,P14,P7,P0,P15,P11,P0,P15,P13,P6,P15,P14
grating,315,1.00,P0|P1|P2|P3|P4|P5|P6|P7|P8|P9|P10|P11|P12|P13|P14|P15,0.831023,11,P15,P14,P9,P0,P15,P12,P3,P15,P14,P7,P0,P15,P11,P0,P15,P13,P6,P15,P14,P10
grating,315,1.00,P0|P1|P2|P3|P4|P5|P6|P7|P8|P9|P10|P11|P12|P13|P14|P15,0.831023,12,P14,P9,P0,P15,P12,P3,P15,P14,P7,P0,P15,P11,P0,P15,P13,P6,P15,P14,P10,P0
grating,315,1.00,P0|P1|P2|P3|P4|P5|P6|P7|P8|P9|P10|P11|P12|P13|P14|P15,0.831023,13,P9,P0,P15,P12,P3,P15,P14,P7,P0,P15,P11,P0,P15,P13,P6,P15,P14,P10,P0,P15
grating,315,1.00,P0|P1|P2|P3|P4|P5|P6|P7|P8|P9|P10|P11|P12|P13|P14|P15,0.831023,14,P0,P15,P12,P3,P15,P14,P7,P0,P15,P11,P0,P15,P13,P6,P15,P14,P10,P0,P15,P13
grating,315,1.00,P0|P1|P2|P3|P4|P5|P6|P7|P8|P9|P10|P11|P12|P13|P14|P15,0.831023,15,P15,P12,P3,P15,P14,P7,P0,P15,P11,P0,P15,P13,P6,P15,P14,P10,P0,P15,P13,P5
grating,315,1.00,P0|P1|P2|P3|P4|P5|P6|P7|P8|P9|P10|P11|P12|P13|P14|P15,0.831023,16,P12,P3,P15,P14,P7,P0,P15,P11,P0,P15,P13,P6,P15,P14,P10,P0,P15,P13,P5,P15
grating,315,1.00,P0|P1|P2|P3|P4|P5|P6|P7|P8|P9|P10|P11|P12|P13|P14|P15,0.831023,17,P3,P15,P14,P7,P0,P15,P11,P0,P15,P13,P6,P15,P14,P10,P0,P15,P13,P5,P15,P14
grating,315,1.00,P0|P1|P2|P3|P4|P5|P6|P7|P8|P9|P10|P11|P12|P13|P14|P15,0.831023,18,P15,P14,P7,P0,P15,P11,P0,P15,P13,P6,P15,P14,P10,P0,P15,P13,P5,P15,P14,P8
grating,315,1.00,P0|P1|P2|P3|P4|P5|P6|P7|P8|P9|P10|P11|P12|P13|P14|P15,0.831023,19,P14,P7,P0,P15,P11,P0,P15,P13,P6,P15,P14,P10,P0,P15,P13,P5,P15,P14,P8,P0
grating,135,1.10,P0|P1|P2|P3|P4|P5|P6|P7|P8|P9|P10|P11|P12|P13|P14|P15,0.835104,0,P0,P11,P15,P0,P13,P15,P6,P14,P15,P7,P14,P0,P10,P15,P0,P11,P15,P0,P13,P15
grating,135,1.10,P0|P1|P2|P3|P4|P5|P6|P7|P8|P9|P10|P11|P12|P13|P14|P15,0.835104,1,P11,P15,P0,P13,P15,P6,P14,P15,P7,P14,P0,P10,P15,P0,P11,P15,P0,P13,P15,P6
grating,135,1.10,P0|P1|P2|P3|P4|P5|P6|P7|P8|P9|P10|P11|P12|P13|P14|P15,0.835104,2,P15,P0,P13,P15,P6,P14,P15,P7,P14,P0,P10,P15,P0,P11,P15,P0,P13,P15,P6,P14
grating,135,1.10,P0|P1|P2|P3|P4|P5|P6|P7|P8|P9|P10|P11|P12|P13|P14|P15,0.835104,3,P0,P13,P15,P6,P14,P15,P7,P14,P0,P10,P15,P0,P11,P15,P0,P13,P15,P6,P14,P15
grating,135,1.10,P0|P1|P2|P3|P4|P5|P6|P7|P8|P9|P10|P11|P12|P13|P14|P15,0.835104,4,P13,P15,P6,P14,P15,P7,P14,P0,P10,P15,P0,P11,P15,P0,P13,P15,P6,P14,P15,P7
grating,135,1.10,P0|P1|P2|P3|P4|P5|P6|P7|P8|P9|P10|P11|P12|P13|P14|P15,0.835104,5,P15,P6,P14,P15,P7,P14,P0,P10,P15,P0,P11,P15,P0,P13,P15,P6,P14,P15,P7,P14
grating,135,1.10,P0|P1|P2|P3|P4|P5|P6|P7|P8|P9|P10|P11|P12|P13|P14|P15,0.835104,6,P6,P14,P15,P7,P14,P0,P10,P15,P0,P11,P15,P0,P13,P15,P6,P14,P15,P7,P14,P0
grating,135,1.10,P0|P1|P2|P3|P4|P5|P6|P7|P8|P9|P10|P11|P12|P13|P14|P15,0.835104,7,P14,P15,P7,P14,P0,P10,P15,P0,P11,P15,P0,P13,P15,P6,P14,P15,P7,P14,P0,P10
grating,135,1.10,P0|P1|P2|P3|P4|P5|P6|P7|P8|P9|P10|P11|P12|P13|P14|P15,0.835104,8,P15,P7,P14,P0,P10,P15,P0,P11,P15,P0,P13,P15,P6,P14,P15,P7,P14,P0,P10,P15
grating,135,1.10,P0|P1|P2|P3|P4|P5|P6|P7|P8|P9|P10|P11|P12|P13|P14|P15,0.835104,9,P7,P14,P0,P10,P15,P0,P11,P15,P0,P13,P15,P6,P14,P15,P7,P14,P0,P10,P15,P0
grating,135,1.10,P0|P1|P2|P3|P4|P5|P6|P7|P8|P9|P10|P11|P12|P13|P14|P15,0.835104,10,P14,P0,P10,P15,P0,P11,P15,P0,P13,P15,P6,P14,P15,P7,P14,P0,P10,P15,P0,P11
grating,135,1.10,P0|P1|P2|P3|P4|P5|P6|P7|P8|P9|P10|P11|P12|P13|P14|P15,0.835104,11,P0,P10,P15,P0,P11,P15,P0,P13,P15,P6,P14,P15,P7,P14,P0,P10,P15,P0,P11,P15
grating,135,1.10,P0|P1|P2|P3|P4|P5|P6|P7|P8|P9|P10|P11|P12|P13|P14|P15,0.835104,12,P10,P15,P0,P11,P15,P0,P13,P15,P6,P14,P15,P7,P14,P0,P10,P15,P0,P11,P15,P0
grating,135,1.10,P0|P1|P2|P3|P4|P5|P6|P7|P8|P9|P10|P11|P12|P13|P14|P15,0.835104,13,P15,P0,P11,P15,P0,P13,P15,P6,P14,P15,P7,P14,P0,P10,P15,P0,P11,P15,P0,P13
grating,135,1.10,P0|P1|P2|P3|P4|P5|P6|P7|P8|P9|P10|P11|P12|P13|P14|P15,0.835104,14,P0,P11,P15,P0,P13,P15,P6,P14,P15,P7,P14,P0,P10,P15,P0,P11,P15,P0,P13,P15
grating,135,1.10,P0|P1|P2|P3|P4|P5|P6|P7|P8|P9|P10|P11|P12|P13|P14|P15,0.835104,15,P11,P15,P0,P13,P15,P6,P14,P15,P7,P14,P0,P10,P15,P0,P11,P15,P0,P13,P15,P6
grating,135,1.10,P0|P1|P2|P3|P4|P5|P6|P7|P8|P9|P10|P11|P12|P13|P14|P15,0.835104,16,P15,P0,P13,P15,P6,P14,P15,P7,P14,P0,P10,P15,P0,P11,P15,P0,P13,P15,P6,P14
grating,135,1.10,P0|P1|P2|P3|P4|P5|P6|P7|P8|P9|P10|P11|P12|P13|P14|P15,0.835104,17,P0,P13,P15,P6,P14,P15,P7,P14,P0,P10,P15,P0,P11,P15,P0,P13,P15,P6,P14,P15
grating,135,1.10,P0|P1|P2|P3|P4|P5|P6|P7|P8|P9|P10|P11|P12|P13|P14|P15,0.835104,18,P13,P15,P6,P14,P15,P7,P14,P0,P10,P15,P0,P11,P15,P0,P13,P15,P6,P14,P15,P7
grating,135,1.10,P0|P1|P2|P3|P4|P5|P6|P7|P8|P9|P10|P11|P12|P13|P14|P15,0.835104,19,P15,P6,P14,P15,P7,P14,P0,P10,P15,P0,P11,P15,P0,P13,P15,P6,P14,P15,P7,P14
grating,315,1.10,P0|P1|P2|P3|P4|P5|P6|P7|P8|P9|P10|P11|P12|P13|P14|P15,0.835104,0,P14,P7,P15,P14,P6,P15,P13,P0,P15,P11,P0,P15,P10,P0,P14,P7,P15,P14,P6,P15
grating,315,1.10,P0|P1|P2|P3|P4|P5|P6|P7|P8|P9|P10|P11|P12|P13|P14|P15,0.835104,1,P7,P15,P14,P6,P15,P13,P0,P15,P11,P0,P15,P10,P0,P14,P7,P15,P14,P6,P15,P13
grating,315,1.10,P0|P1|P2|P3|P4|P5|P6|P7|P8|P9|P10|P11|P12|P13|P14|P15,0.835104,2,P15,P14,P6,P15,P13,P0,P15,P11,P0,P15,P10,P0,P14,P7,P15,P14,P6,P15,P13,P0
grating,315,1.10,P0|P1|P2|P3|P4|P5|P6|P7|P8|P9|P10|P11|P12|P13|P14|P15,0.835104,3,P14,P6,P15,P13,P0,P15,P11,P0,P15,P10,P0,P14,P7,P15,P14,P6,P15,P13,P0,P15
grating,315,1.10,P0|P1|P2|P3|P4|P5|P6|P7|P8|P9|P10|P11|P12|P13|P14|P15,0.835104,4,P6,P15,P13,P0,P15,P11,P0,P15,P10,P0,P14,P7,P15,P14,P6,P15,P13,P0,P15,P11
grating,315,1.10,P0|P1|P2|P3|P4|P5|P6|P7|P8|P9|P10|P11|P12|P13|P14|P15,0.835104,5,P15,P13,P0,P15,P11,P0,P15,P10,P0,P14,P7,P15,P14,P6,P15,P13,P0,P15,P11,P0
grating,315,1.10,P0|P1|P2|P3|P4|P5|P6|P7|P8|P9|P10|P11|P12|P13|P14|P15,0.835104,6,P13,P0,P15,P11,P0,P15,P10,P0,P14,P7,P15,P14,P6,P15,P13,P0,P15,P11,P0,P15
grating,315,1.10,P0|P1|P2|P3|P4|P5|P6|P7|P8|P9|P10|P11|P12|P13|P14|P15,0.835104,7,P0,P15,P11,P0,P15,P10,P0,P14,P7,P15,P14,P6,P15,P13,P0,P15,P11,P0,P15,P10
grating,315,1.10,P0|P1|P2|P3|P4|P5|P6|P7|P8|P9|P10|P11|P12|P13|P14|P15,0.835104,8,P15,P11,P0,P15,P10,P0,P14,P7,P15,P14,P6,P15,P13,P0,P15,P11,P0,P15,P10,P0
grating,315,1.10,P0|P1|P2|P3|P4|P5|P6|P7|P8|P9|P10|P11|P12|P13|P14|P15,0.835104,9,P11,P0,P15,P10,P0,P14,P7,P15,P14,P6,P15,P13,P0,P15,P11,P0,P15,P10,P0,P14
grating,315,1.10,P0|P1|P2|P3|P4|P5|P6|P7|P8|P9|P10|P11|P12|P13|P14|P15,0.835104,10,P0,P15,P10,P0,P14,P7,P15,P14,P6,P15,P13,P0,P15,P11,P0,P15,P10,P0,P14,P7
grating,315,1.10,P0|P1|P2|P3|P4|P5|P6|P7|P8|P9|P10|P11|P12|P13|P14|P15,0.835104,11,P15,P10,P0,P14,P7,P15,P14,P6,P15,P13,P0,P15,P11,P0,P15,P10,P0,P14,P7,P15
grating,315,1.10,P0|P1|P2|P3|P4|P5|P6|P7|P8|P9|P10|P11|P12|P13|P14|P15,0.835104,12,P10,P0,P14,P7,P15,P14,P6,P15,P13,P0,P15,P11,P0,P15,P10,P0,P14,P7,P15,P14
grating,315,1.10,P0|P1|P2|P3|P4|P5|P6|P7|P8|P9|P10|P11|P12|P13|P14|P15,0.835104,13,P0,P14,P7,P15,P14,P6,P15,P13,P0,P15,P11,P0,P15,P10,P0,P14,P7,P15,P14,P6
grating,315,1.10,P0|P1|P2|P3|P4|P5|P6|P7|P8|P9|P10|P11|P12|P13|P14|P15,0.835104,14,P14,P7,P15,P14,P6,P15,P13,P0,P15,P11,P0,P15,P10,P0,P14,P7,P15,P14,P6,P15
grating,315,1.10,P0|P1|P2|P3|P4|P5|P6|P7|P8|P9|P10|P11|P12|P13|P14|P15,0.835104,15,P7,P15,P14,P6,P15,P13,P0,P15,P11,P0,P15,P10,P0,P14,P7,P15,P14,P6,P15,P13
grating,315,1.10,P0|P1|P2|P3|P4|P5|P6|P7|P8|P9|P10|P11|P12|P13|P14|P15,0.835104,16,P15,P14,P6,P15,P13,P0,P15,P11,P0,P15,P10,P0,P14,P7,P15,P14,P6,P15,P13,P0
grating,315,1.10,P0|P1|P2|P3|P4|P5|P6|P7|P8|P9|P10|P11|P12|P13|P14|P15,0.835104,17,P14,P6,P15,P13,P0,P15,P11,P0,P15,P10,P0,P14,P7,P15,P14,P6,P15,P13,P0,P15
grating,315,1.10,P0|P1|P2|P3|P4|P5|P6|P7|P8|P9|P10|P11|P12|P13|P14|P15,0.835104,18,P6,P15,P13,P0,P15,P11,P0,P15,P10,P0,P14,P7,P15,P14,P6,P15,P13,P0,P15,P11
grating,315,1.10,P0|P1|P2|P3|P4|P5|P6|P7|P8|P9|P10|P11|P12|P13|P14|P15,0.835104,19,P15,P13,P0,P15,P11,P0,P15,P10,P0,P14,P7,P15,P14,P6,P15,P13,P0,P15,P11,P0
grating,135,1.20,P0|P1|P2|P3|P4|P5|P6|P7|P8|P9|P10|P11|P12|P13|P14|P15,0.831031,0,P7,P14,P0,P13,P15,P8,P15,P0,P14,P15,P10,P15,P4,P14,P0,P11,P15,P6,P14,P0
grating,135,1.20,P0|P1|P2|P3|P4|P5|P6|P7|P8|P9|P10|P11|P12|P13|P14|P15,0.831031,1,P14,P0,P13,P15,P8,P15,P0,P14,P15,P10,P15,P4,P14,P0,P11,P15,P6,P14,P0,P12
grating,135,1.20,P0|P1|P2|P3|P4|P5|P6|P7|P8|P9|P10|P11|P12|P13|P14|P15,0.831031,2,P0,P13,P15,P8,P15,P0,P14,P15,P10,P15,P4,P14,P0,P11,P15,P6,P14,P0,P12,P15
grating,135,1.20,P0|P1|P2|P3|P4|P5|P6|P7|P8|P9|P10|P11|P12|P13|P14|P15,0.831031,3,P13,P15,P8,P15,P0,P14,P15,P10,P15,P4,P14,P0,P11,P15,P6,P14,P0,P12,P15,P7
grating,135,1.20,P0|P1|P2|P3|P4|P5|P6|P7|P8|P9|P10|P11|P12|P13|P14|P15,0.831031,4,P15,P8,P15,P0,P14,P15,P10,P15,P4,P14,P0,P11,P15,P6,P14,P0,P12,P15,P7,P15
grating,135,1.20,P0|P1|P2|P3|P4|P5|P6|P7|P8|P9|P10|P11|P12|P13|P14|P15,0.831031,5,P8,P15,P0,P14,P15,P10,P15,P4,P14,P0,P11,P15,P6,P14,P0,P12,P15,P7,P15,P0
grating,135,1.20,P0|P1|P2|P3|P4|P5|P6|P7|P8|P9|P10|P11|P12|P13|P14|P15,0.831031,6,P15,P0,P14,P15,P10,P15,P4,P14,P0,P11,P15,P6,P14,P0,P12,P15,P7,P15,P0,P13
grating,135,1.20,P0|P1|P2|P3|P4|P5|P6|P7|P8|P9|P10|P11|P12|P13|P14|P15,0.831031,7,P0,P14,P15,P10,P15,P4,P14,P0,P11,P15,P6,P14,P0,P12,P15,P7,P15,P0,P13,P15
grating,135,1.20,P0|P1|P2|P3|P4|P5|P6|P7|P8|P9|P10|P11|P12|P13|P14|P15,0.831031,8,P14,P15,P10,P15,P4,P14,P0,P11,P15,P6,P14,P0,P12,P15,P7,P15,P0,P13,P15,P9
grating,135,1.20,P0|P1|P2|P3|P4|P5|P6|P7|P8|P9|P10|P11|P12|P13|P14|P15,0.831031,9,P15,P10,P15,P4,P14,P0,P11,P15,P6,P14,P0,P12,P15,P7,P15,P0,P13,P15,P9,P15
grating,135,1.20,P0|P1|P2|P3|P4|P5|P6|P7|P8|P9|P10|P11|P12|P13|P14|P15,0.831031,10,P10,P15,P4,P14,P0,P11,P15,P6,P14,P0,P12,P15,P7,P15,P0,P13,P15,P9,P15,P3
grating,135,1.20,P0|P1|P2|P3|P4|P5|P6|P7|P8|P9|P10|P11|P12|P13|P14|P15,0.831031,11,P15,P4,P14,P0,P11,P15,P6,P14,P0,P12,P15,P7,P15,P0,P13,P15,P9,P15,P3,P14
grating,135,1.20,P0|P1|P2|P3|P4|P5|P6|P7|P8|P9|P10|P11|P12|P13|P14|P15,0.831031,12,P4,P14,P0,P11,P15,P6,P14,P0,P12,P15,P7,P15,P0,P13,P15,P9,P15,P3,P14,P0
grating,135,1.20,P0|P1|P2|P3|P4|P5|P6|P7|P8|P9|P10|P11|P12|P13|P14|P15,0.831031,13,P14,P0,P11,P15,P6,P14,P0,P12,P15,P7,P15,P0,P13,P15,P9,P15,P3,P14,P0,P11
grating,135,1.20,P0|P1|P2|P3|P4|P5|P6|P7|P8|P9|P10|P11|P12|P13|P14|P15,0.831031,14,P0,P11,P15,P6,P14,P0,P12,P15,P7,P15,P0,P13,P15,P9,P15,P3,P14,P0,P11,P15
grating,135,1.20,P0|P1|P2|P3|P4|P5|P6|P7|P8|P9|P10|P11|P12|P13|P14|P15,0.831031,15,P11,P15,P6,P14,P0,P12,P15,P7,P15,P0,P13,P15,P9,P15,P3,P14,P0,P11,P15,P6
grating,135,1.20,P0|P1|P2|P3|P4|P5|P6|P7|P8|P9|P10|P11|P12|P13|P14|P15,0.831031,16,P15,P6,P14,P0,P12,P15,P7,P15,P0,P13,P15,P9,P15,P3,P14,P0,P11,P15,P6,P14
grating,135,1.20,P0|P1|P2|P3|P4|P5|P6|P7|P8|P9|P10|P11|P12|P13|P14|P15,0.831031,17,P6,P14,P0,P12,P15,P7,P15,P0,P13,P15,P9,P15,P3,P14,P0,P11,P15,P6,P14,P0
grating,135,1.20,P0|P1|P2|P3|P4|P5|P6|P7|P8|P9|P10|P11|P12|P13|P14|P15,0.831031,18,P14,P0,P12,P15,P7,P15,P0,P13,P15,P9,P15,P3,P14,P0,P11,P15,P6,P14,P0,P12
grating,135,1.20,P0|P1|P2|P3|P4|P5|P6|P7|P8|P9|P10|P11|P12|P13|P14|P15,0.831031,19,P0,P12,P15,P7,P15,P0,P13,P15,P9,P15,P3,P14,P0,P11,P15,P6,P14,P0,P12,P15
grating,315,1.20,P0|P1|P2|P3|P4|P5|P6|P7|P8|P9|P10|P11|P12|P13|P14|P15,0.831031,0,P15,P12,P0,P14,P6,P15,P11,P0,P14,P3,P15,P9,P15,P13,P0,P15,P7,P15,P12,P0
grating,315,1.20,P0|P1|P2|P3|P4|P5|P6|P7|P8|P9|P10|P11|P12|P13|P14|P15,0.831031,1,P12,P0,P14,P6,P15,P11,P0,P14,P3,P15,P9,P15,P13,P0,P15,P7,P15,P12,P0,P14
grating,315,1.20,P0|P1|P2|P3|P4|P5|P6|P7|P8|P9|P10|P11|P12|P13|P14|P15,0.831031,2,P0,P14,P6,P15,P11,P0,P14,P3,P15,P9,P15,P13,P0,P15,P7,P15,P12,P0,P14,P6
grating,315,1.20,P0|P1|P2|P3|P4|P5|P6|P7|P8|P9|P10|P11|P12|P13|P14|P15,0.831031,3,P14,P6,P15,P11,P0,P14,P3,P15,P9,P15,P13,P0,P15,P7,P15,P12,P0,P14,P6,P15
grating,315,1.20,P0|P1|P2|P3|P4|P5|P6|P7|P8|P9|P10|P11|P12|P13|P14|P15,0.831031,4,P6,P15,P11,P0,P14,P3,P15,P9,P15,P13,P0,P15,P7,P15,P12,P0,P14,P6,P15,P11
grating,315,1.20,P0|P1|P2|P3|P4|P5|P6|P7|P8|P9|P10|P11|P12|P13|P14|P15,0.831031,5,P15,P11,P0,P14,P3,P15,P9,P15,P13,P0,P15,P7,P15,P12,P0,P14,P6,P15,P11,P0
grating,315,1.20,P0|P1|P2|P3|P4|P5|P6|P7|P8|P9|P10|P11|P12|P13|P14|P15,0.831031,6,P11,P0,P14,P3,P15,P9,P15,P13,P0,P15,P7,P15,P12,P0,P14,P6,P15,P11,P0,P14
grating,315,1.20,P0|P1|P2|P3|P4|P5|P6|P7|P8|P9|P10|P11|P12|P13|P14|P15,0.831031,7,P0,P14,P3,P15,P9,P15,P13,P0,P15,P7,P15,P12,P0,P14,P6,P15,P11,P0,P14,P4
grating,315,1.20,P0|P1|P2|P3|P4|P5|P6|P7|P8|P9|P10|P11|P12|P13|P14|P15,0.831031,8,P14,P3,P15,P9,P15,P13,P0,P15,P7,P15,P12,P0,P14,P6,P15,P11,P0,P14,P4,P15
grating,315,1.20,P0|P1|P2|P3|P4|P5|P6|P7|P8|P9|P10|P11|P12|P13|P14|P15,0.831031,9,P3,P15,P9,P15,P13,P0,P15,P7,P15,P12,P0,P14,P6,P15,P11,P0,P14,P4,P15,P10
grating,315,1.20,P0|P1|P2|P3|P4|P5|P6|P7|P8|P9|P10|P11|P12|P13|P14|P15,0.831031,10,P15,P9,P15,P13,P0,P15,P7,P15,P12,P0,P14,P6,P15,P11,P0,P14,P4,P15,P10,P15
grating,315,1.20,P0|P1|P2|P3|P4|P5|P6|P7|P8|P9|P10|P11|P12|P13|P14|P15,0.831031,11,P9,P15,P13,P0,P15,P7,P15,P12,P0,P14,P6,P15,P11,P0,P14,P4,P15,P10,P15,P14
grating,315,1.20,P0|P1|P2|P3|P4|P5|P6|P7|P8|P9|P10|P11|P12|P13|P14|P15,0.831031,12,P15,P13,P0,P15,P7,P15,P12,P0,P14,P6,P15,P11,P0,P14,P4,P15,P10,P15,P14,P0
grating,315,1.20,P0|P1|P2|P3|P4|P5|P6|P7|P8|P9|P10|P11|P12|P13|P14|P15,0.831031,13,P13,P0,P15,P7,P15,P12,P0,P14,P6,P15,P11,P0,P14,P4,P15,P10,P15,P14,P0,P15
grating,315,1.20,P0|P1|P2|P3|P4|P5|P6|P7|P8|P9|P10|P11|P12|P13|P14|P15,0.831031,14,P0,P15,P7,P15,P12,P0,P14,P6,P15,P11,P0,P14,P4,P15,P10,P15,P14,P0,P15,P8
grating,315,1.20,P0|P1|P2|P3|P4|P5|P6|P7|P8|P9|P10|P11|P12|P13|P14|P15,0.831031,15,P15,P7,P15,P12,P0,P14,P6,P15,P11,P0,P14,P4,P15,P10,P15,P14,P0,P15,P8,P15
grating,315,1.20,P0|P1|P2|P3|P4|P5|P6|P7|P8|P9|P10|P11|P12|P13|P14|P15,0.831031,16,P7,P15,P12,P0,P14,P6,P15,P11,P0,P14,P4,P15,P10,P15,P14,P0,P15,P8,P15,P13
grating,315,1.20,P0|P1|P2|P3|P4|P5|P6|P7|P8|P9|P10|P11|P12|P13|P14|P15,0.831031,17,P15,P12,P0,P14,P6,P15,P11,P0,P14,P4,P15,P10,P15,P14,P0,P15,P8,P15,P13,P0
grating,315,1.20,P0|P1|P2|P3|P4|P5|P6|P7|P8|P9|P10|P11|P12|P13|P14|P15,0.831031,18,P12,P0,P14,P6,P15,P11,P0,P14,P4,P15,P10,P15,P14,P0,P15,P8,P15,P13,P0,P14
grating,315,1.20,P0|P1|P2|P3|P4|P5|P6|P7|P8|P9|P10|P11|P12|P13|P14|P15,0.831031,19,P0,P14,P6,P15,P11,P0,P14,P4,P15,P10,P15,P14,P0,P15,P8,P15,P13,P0,P14,P7
grating,135,1.30,P0|P1|P2|P3|P4|P5|P6|P7|P8|P9|P10|P11|P12|P13|P14|P15,0.831025,0,P10,P15,P8,P15,P6,P14,P0,P14,P0,P13,P15,P11,P15,P8,P15,P6,P15,P0,P14,P0
grating,135,1.30,P0|P1|P2|P3|P4|P5|P6|P7|P8|P9|P10|P11|P12|P13|P14|P15,0.831025,1,P15,P8,P15,P6,P14,P0,P14,P0,P13,P15,P11,P15,P8,P15,P6,P15,P0,P14,P0,P13
grating,135,1.30,P0|P1|P2|P3|P4|P5|P6|P7|P8|P9|P10|P11|P12|P13|P14|P15,0.831025,2,P8,P15,P6,P14,P0,P14,P0,P13,P15,P11,P15,P8,P15,P6,P15,P0,P14,P0,P13,P15
grating,135,1.30,P0|P1|P2|P3|P4|P5|P6|P7|P8|P9|P10|P11|P12|P13|P14|P15,0.831025,3,P15,P6,P14,P0,P14,P0,P13,P15,P11,P15,P8,P15,P6,P15,P0,P14,P0,P13,P15,P11
grating,135,1.30,P0|P1|P2|P3|P4|P5|P6|P7|P8|P9|P10|P11|P12|P13|P14|P15,0.831025,4,P6,P14,P0,P14,P0,P13,P15,P11,P15,P8,P15,P6,P15,P0,P14,P0,P13,P15,P11,P15
grating,135,1.30,P0|P1|P2|P3|P4|P5|P6|P7|P8|P9|P10|P11|P12|P13|P14|P15,0.831025,5,P14,P0,P14,P0,P13,P15,P11,P15,P8,P15,P6,P15,P0,P14,P0,P13,P15,P11,P15,P9
grating,135,1.30,P0|P1|P2|P3|P4|P5|P6|P7|P8|P9|P10|P11|P12|P13|P14|P15,0.831025,6,P0,P14,P0,P13,P15,P11,P15,P8,P15,P6,P15,P0,P14,P0,P13,P15,P11,P15,P9,P15
grating,135,1.30,P0|P1|P2|P3|P4|P5|P6|P7|P8|P9|P10|P11|P12|P13|P14|P15,0.831025,7,P14,P0,P13,P15,P11,P15,P8,P15,P6,P15,P0,P14,P0,P13,P15,P11,P15,P9,P15,P7
grating,135,1.30,P0|P1|P2|P3|P4|P5|P6|P7|P8|P9|P10|P11|P12|P13|P14|P15,0.831025,8,P0,P13,P15,P11,P15,P8,P15,P6,P15,P0,P14,P0,P13,P15,P11,P15,P9,P15,P7,P15
grating,135,1.30,P0|P1|P2|P3|P4|P5|P6|P7|P8|P9|P10|P11|P12|P13|P14|P15,0.831025,9,P13,P15,P11,P15,P8,P15,P6,P15,P0,P14,P0,P13,P15,P11,P15,P9,P15,P7,P15,P2
grating,135,1.30,P0|P1|P2|P3|P4|P5|P6|P7|P8|P9|P10|P11|P12|P13|P14|P15,0.831025,10,P15,P11,P15,P8,P15,P6,P15,P0,P14,P0,P13,P15,P11,P15,P9,P15,P7,P15,P2,P14
grating,135,1.30,P0|P1|P2|P3|P4|P5|P6|P7|P8|P9|P10|P11|P12|P13|P14|P15,0.831025,11,P11,P15,P8,P15,P6,P15,P0,P14,P0,P13,P15,P11,P15,P9,P15,P7,P15,P2,P14,P0
grating,135,1.30,P0|P1|P2|P3|P4|P5|P6|P7|P8|P9|P10|P11|P12|P13|P14|P15,0.831025,12,P15,P8,P15,P6,P15,P0,P14,P0,P13,P15,P11,P15,P9,P15,P7,P15,P2,P14,P0,P13
grating,135,1.30,P0|P1|P2|P3|P4|P5|P6|P7|P8|P9|P10|P11|P12|P13|P14|P15,0.831025,13,P8,P15,P6,P15,P0,P14,P0,P13,P15,P11,P15,P9,P15,P7,P15,P2,P14,P0,P13,P0
grating,135,1.30,P0|P1|P2|P3|P4|P5|P6|P7|P8|P9|P10|P11|P12|P13|P14|P15,0.831025,14,P15,P6,P15,P0,P14,P0,P13,P15,P11,P15,P9,P15,P7,P15,P2,P14,P0,P13,P0,P12
grating,135,1.30,P0|P1|P2|P3|P4|P5|P6|P7|P8|P9|P10|P11|P12|P13|P14|P15,0.831025,15,P6,P15,P0,P14,P0,P13,P15,P11,P15,P9,P15,P7,P15,P2,P14,P0,P13,P0,P12,P15
grating,135,1.30,P0|P1|P2|P3|P4|P5|P6|P7|P8|P9|P10|P11|P12|P13|P14|P15,0.831025,16,P15,P0,P14,P0,P13,P15,P11,P15,P9,P15,P7,P15,P2,P14,P0,P13,P0,P12,P15,P9
grating,135,1.30,P0|P1|P2|P3|P4|P5|P6|P7|P8|P9|P10|P11|P12|P13|P14|P15,0.831025,17,P0,P14,P0,P13,P15,P11,P15,P9,P15,P7,P15,P2,P14,P0,P13,P0,P12,P15,P9,P15
grating,135,1.30,P0|P1|P2|P3|P4|P5|P6|P7|P8|P9|P10|P11|P12|P13|P14|P15,0.831025,18,P14,P0,P13,P15,P11,P15,P9,P15,P7,P15,P2,P14,P0,P13,P0,P12,P15,P9,P15,P7
grating,135,1.30,P0|P1|P2|P3|P4|P5|P6|P7|P8|P9|P10|P11|P12|P13|P14|P15,0.831025,19,P0,P13,P15,P11,P15,P9,P15,P7,P15,P2,P14,P0,P13,P0,P12,P15,P9,P15,P7,P15
grating,315,1.30,P0|P1|P2|P3|P4|P5|P6|P7|P8|P9|P10|P11|P12|P13|P14|P15,0.831025,0,P15,P7,P15,P9,P15,P12,P0,P13,P0,P14,P2,P15,P7,P15,P9,P15,P11,P15,P13,P0
grating,315,1.30,P0|P1|P2|P3|P4|P5|P6|P7|P8|P9|P10|P11|P12|P13|P14|P15,0.831025,1,P7,P15,P9,P15,P12,P0,P13,P0,P14,P2,P15,P7,P15,P9,P15,P11,P15,P13,P0,P14
grating,315,1.30,P0|P1|P2|P3|P4|P5|P6|P7|P8|P9|P10|P11|P12|P13|P14|P15,0.831025,2,P15,P9,P15,P12,P0,P13,P0,P14,P2,P15,P7,P15,P9,P15,P11,P15,P13,P0,P14,P0
grating,315,1.30,P0|P1|P2|P3|P4|P5|P6|P7|P8|P9|P10|P11|P12|P13|P14|P15,0.831025,3,P9,P15,P12,P0,P13,P0,P14,P2,P15,P7,P15,P9,P15,P11,P15,P13,P0,P14,P0,P15
grating,315,1.30,P0|P1|P2|P3|P4|P5|P6|P7|P8|P9|P10|P11|P12|P13|P14|P15,0.831025,4,P15,P12,P0,P13,P0,P14,P2,P15,P7,P15,P9,P15,P11,P15,P13,P0,P14,P0,P15,P6
grating,315,1.30,P0|P1|P2|P3|P4|P5|P6|P7|P8|P9|P10|P11|P12|P13|P14|P15,0.831025,5,P12,P0,P13,P0,P14,P2,P15,P7,P15,P9,P15,P11,P15,P13,P0,P14,P0,P15,P6,P15
grating,315,1.30,P0|P1|P2|P3|P4|P5|P6|P7|P8|P9|P10|P11|P12|P13|P14|P15,0.831025,6,P0,P13,P0,P14,P2,P15,P7,P15,P9,P15,P11,P15,P13,P0,P14,P0,P15,P6,P15,P8
grating,315,1.30,P0|P1|P2|P3|P4|P5|P6|P7|P8|P9|P10|P11|P12|P13|P14|P15,0.831025,7,P13,P0,P14,P2,P15,P7,P15,P9,P15,P11,P15,P13,P0,P14,P0,P15,P6,P15,P8,P15
grating,315,1.30,P0|P1|P2|P3|P4|P5|P6|P7|P8|P9|P10|P11|P12|P13|P14|P15,0.831025,8,P0,P14,P2,P15,P7,P15,P9,P15,P11,P15,P13,P0,P14,P0,P15,P6,P15,P8,P15,P11
grating,315,1.30,P0|P1|P2|P3|P4|P5|P6|P7|P8|P9|P10|P11|P12|P13|P14|P15,0.831025,9,P14,P2,P15,P7,P15,P9,P15,P11,P15,P13,P0,P14,P0,P15,P6,P15,P8,P15,P11,P15
grating,315,1.30,P0|P1|P2|P3|P4|P5|P6|P7|P8|P9|P10|P11|P12|P13|P14|P15,0.831025,10,P2,P15,P7,P15,P9,P15,P11,P15,P13,P0,P14,P0,P15,P6,P15,P8,P15,P11,P15,P13
grating,315,1.30,P0|P1|P2|P3|P4|P5|P6|P7|P8|P9|P10|P11|P12|P13|P14|P15,0.831025,11,P15,P7,P15,P9,P15,P11,P15,P13,P0,P14,P0,P15,P6,P15,P8,P15,P11,P15,P13,P0
grating,315,1.30,P0|P1|P2|P3|P4|P5|P6|P7|P8|P9|P10|P11|P12|P13|P14|P15,0.831025,12,P7,P15,P9,P15,P11,P15,P13,P0,P14,P0,P15,P6,P15,P8,P15,P11,P15,P13,P0,P14
grating,315,1.30,P0|P1|P2|P3|P4|P5|P6|P7|P8|P9|P10|P11|P12|P13|P14|P15,0.831025,13,P15,P9,P15,P11,P15,P13,P0,P14,P0,P15,P6,P15,P8,P15,P11,P15,P13,P0,P14,P0
grating,315,1.30,P0|P1|P2|P3|P4|P5|P6|P7|P8|P9|P10|P11|P12|P13|P14|P15,0.831025,14,P9,P15,P11,P15,P13,P0,P14,P0,P15,P6,P15,P8,P15,P11,P15,P13,P0,P14,P0,P14
grating,315,1.30,P0|P1|P2|P3|P4|P5|P6|P7|P8|P9|P10|P11|P12|P13|P14|P15,0.831025,15,P15,P11,P15,P13,P0,P14,P0,P15,P6,P15,P8,P15,P11,P15,P13,P0,P14,P0,P14,P6
grating,315,1.30,P0|P1|P2|P3|P4|P5|P6|P7|P8|P9|P10|P11|P12|P13|P14|P15,0.831025,16,P11,P15,P13,P0,P14,P0,P15,P6,P15,P8,P15,P11,P15,P13,P0,P14,P0,P14,P6,P15
grating,315,1.30,P0|P1|P2|P3|P4|P5|P6|P7|P8|P9|P10|P11|P12|P13|P14|P15,0.831025,17,P15,P13,P0,P14,P0,P15,P6,P15,P8,P15,P11,P15,P13,P0,P14,P0,P14,P6,P15,P8
grating,315,1.30,P0|P1|P2|P3|P4|P5|P6|P7|P8|P9|P10|P11|P12|P13|P14|P15,0.831025,18,P13,P0,P14,P0,P15,P6,P15,P8,P15,P11,P15,P13,P0,P14,P0,P14,P6,P15,P8,P15
grating,315,1.30,P0|P1|P2|P3|P4|P5|P6|P7|P8|P9|P10|P11|P12|P13|P14|P15,0.831025,19,P0,P14,P0,P15,P6,P15,P8,P15,P11,P15,P13,P0,P14,P0,P14,P6,P15,P8,P15,P10
grating,135,1.40,P0|P1|P2|P3|P4|P5|P6|P7|P8|P9|P10|P11|P12|P13|P14|P15,0.831080,0,P14,P0,P14,P0,P14,P0,P14,P0,P13,P0,P13,P0,P13,P0,P13,P0,P13,P0,P12,P0
grating,135,1.40,P0|P1|P2|P3|P4|P5|P6|P7|P8|P9|P10|P11|P12|P13|P14|P15,0.831080,1,P0,P14,P0,P14,P0,P14,P0,P13,P0,P13,P0,P13,P0,P13,P0,P13,P0,P12,P0,P12
grating,135,1.40,P0|P1|P2|P3|P4|P5|P6|P7|P8|P9|P10|P11|P12|P13|P14|P15,0.831080,2,P14,P0,P14,P0,P14,P0,P13,P0,P13,P0,P13,P0,P13,P0,P13,P0,P12,P0,P12,P15
grating,135,1.40,P0|P1|P2|P3|P4|P5|P6|P7|P8|P9|P10|P11|P12|P13|P14|P15,0.831080,3,P0,P14,P0,P14,P0,P13,P0,P13,P0,P13,P0,P13,P0,P13,P0,P12,P0,P12,P15,P12
grating,135,1.40,P0|P1|P2|P3|P4|P5|P6|P7|P8|P9|P10|P11|P12|P13|P14|P15,0.831080,4,P14,P0,P14,P0,P13,P0,P13,P0,P13,P0,P13,P0,P13,P0,P12,P0,P12,P15,P12,P15
grating,135,1.40,P0|P1|P2|P3|P4|P5|P6|P7|P8|P9|P10|P11|P12|P13|P14|P15,0.831080,5,P0,P14,P0,P13,P0,P13,P0,P13,P0,P13,P0,P13,P0,P12,P0,P12,P15,P12,P15,P12
grating,135,1.40,P0|P1|P2|P3|P4|P5|P6|P7|P8|P9|P10|P11|P12|P13|P14|P15,0.831080,6,P14,P0,P13,P0,P13,P0,P13,P0,P13,P0,P13,P0,P12,P0,P12,P15,P12,P15,P12,P15
grating,135,1.40,P0|P1|P2|P3|P4|P5|P6|P7|P8|P9|P10|P11|P12|P13|P14|P15,0.831080,7,P0,P13,P0,P13,P0,P13,P0,P13,P0,P13,P0,P12,P0,P12,P15,P12,P15,P12,P15,P12
grating,135,1.40,P0|P1|P2|P3|P4|P5|P6|P7|P8|P9|P10|P11|P12|P13|P14|P15,0.831080,8,P13,P0,P13,P0,P13,P0,P13,P0,P13,P0,P12,P0,P12,P15,P12,P15,P12,P15,P12,P15
grating,135,1.40,P0|P1|P2|P3|P4|P5|P6|P7|P8|P9|P10|P11|P12|P13|P14|P15,0.831080,9,P0,P13,P0,P13,P0,P13,P0,P13,P0,P12,P0,P12,P15,P12,P15,P12,P15,P12,P15,P11
grating,135,1.40,P0|P1|P2|P3|P4|P5|P6|P7|P8|P9|P10|P11|P12|P13|P14|P15,0.831080,10,P13,P0,P13,P0,P13,P0,P13,P0,P12,P0,P12,P15,P12,P15,P12,P15,P12,P15,P11,P15
grating,135,1.40,P0|P1|P2|P3|P4|P5|P6|P7|P8|P9|P10|P11|P12|P13|P14|P15,0.831080,11,P0,P13,P0,P13,P0,P13,P0,P12,P0,P12,P15,P12,P15,P12,P15,P12,P15,P11,P15,P11
grating,135,1.40,P0|P1|P2|P3|P4|P5|P6|P7|P8|P9|P10|P11|P12|P13|P14|P15,0.831080,12,P13,P0,P13,P0,P13,P0,P12,P0,P12,P15,P12,P15,P12,P15,P12,P15,P11,P15,P11,P15
grating,135,1.40,P0|P1|P2|P3|P4|P5|P6|P7|P8|P9|P10|P11|P12|P13|P14|P15,0.831080,13,P0,P13,P0,P13,P0,P12,P0,P12,P15,P12,P15,P12,P15,P12,P15,P11,P15,P11,P15,P11
grating,135,1.40,P0|P1|P2|P3|P4|P5|P6|P7|P8|P9|P10|P11|P12|P13|P14|P15,0.831080,14,P13,P0,P13,P0,P12,P0,P12,P15,P12,P15,P12,P15,P12,P15,P11,P15,P11,P15,P11,P15
grating,135,1.40,P0|P1|P2|P3|P4|P5|P6|P7|P8|P9|P10|P11|P12|P13|P14|P15,0.831080,15,P0,P13,P0,P12,P0,P12,P15,P12,P15,P12,P15,P12,P15,P11,P15,P11,P15,P11,P15,P11
grating,135,1.40,P0|P1|P2|P3|P4|P5|P6|P7|P8|P9|P10|P11|P12|P13|P14|P15,0.831080,16,P13,P0,P12,P0,P12,P15,P12,P15,P12,P15,P12,P15,P11,P15,P11,P15,P11,P15,P11,P15
grating,135,1.40,P0|P1|P2|P3|P4|P5|P6|P7|P8|P9|P10|P11|P12|P13|P14|P15,0.831080,17,P0,P12,P0,P12,P15,P12,P15,P12,P15,P12,P15,P11,P15,P11,P15,P11,P15,P11,P15,P10
grating,135,1.40,P0|P1|P2|P3|P4|P5|P6|P7|P8|P9|P10|P11|P12|P13|P14|P15,0.831080,18,P12,P0,P12,P15,P12,P15,P12,P15,P12,P15,P11,P15,P11,P15,P11,P15,P11,P15,P10,P15
grating,135,1.40,P0|P1|P2|P3|P4|P5|P6|P7|P8|P9|P10|P11|P12|P13|P14|P15,0.831080,19,P0,P12,P15,P12,P15,P12,P15,P12,P15,P11,P15,P11,P15,P11,P15,P11,P15,P10,P15,P10
grating,315,1.40,P0|P1|P2|P3|P4|P5|P6|P7|P8|P9|P10|P11|P12|P13|P14|P15,0.831080,0,P10,P15,P10,P15,P11,P15,P11,P15,P11,P15,P11,P15,P12,P15,P12,P15,P12,P15,P12,P0
grating,315,1.40,P0|P1|P2|P3|P4|P5|P6|P7|P8|P9|P10|P11|P12|P13|P14|P15,0.831080,1,P15,P10,P15,P11,P15,P11,P15,P11,P15,P11,P15,P12,P15,P12,P15,P12,P15,P12,P0,P12
grating,315,1.40,P0|P1|P2|P3|P4|P5|P6|P7|P8|P9|P10|P11|P12|P13|P14|P15,0.831080,2,P10,P15,P11,P15,P11,P15,P11,P15,P11,P15,P12,P15,P12,P15,P12,P15,P12,P0,P12,P0
grating,315,1.40,P0|P1|P2|P3|P4|P5|P6|P7|P8|P9|P10|P11|P12|P13|P14|P15,0.831080,3,P15,P11,P15,P11,P15,P11,P15,P11,P15,P12,P15,P12,P15,P12,P15,P12,P0,P12,P0,P13
grating,315,1.40,P0|P1|P2|P3|P4|P5|P6|P7|P8|P9|P10|P11|P12|P13|P14|P15,0.831080,4,P11,P15,P11,P15,P11,P15,P11,P15,P12,P15,P12,P15,P12,P15,P12,P0,P12,P0,P13,P0
grating,315,1.40,P0|P1|P2|P3|P4|P5|P6|P7|P8|P9|P10|P11|P12|P13|P14|P15,0.831080,5,P15,P11,P15,P11,P15,P11,P15,P12,P15,P12,P15,P12,P15,P12,P0,P12,P0,P13,P0,P13
grating,315,1.40,P0|P1|P2|P3|P4|P5|P6|P7|P8|P9|P10|P11|P12|P13|P14|P15,0.831080,6,P11,P15,P11,P15,P11,P15,P12,P15,P12,P15,P12,P15,P12,P0,P12,P0,P13,P0,P13,P0
grating,315,1.40,P0|P1|P2|P3|P4|P5|P6|P7|P8|P9|P10|P11|P12|P13|P14|P15,0.831080,7,P15,P11,P15,P11,P15,P12,P15,P12,P15,P12,P15,P12,P0,P12,P0,P13,P0,P13,P0,P13
grating,315,1.40,P0|P1|P2|P3|P4|P5|P6|P7|P8|P9|P10|P11|P12|P13|P14|P15,0.831080,8,P11,P15,P11,P15,P12,P15,P12,P15,P12,P15,P12,P0,P12,P0,P13,P0,P13,P0,P13,P0
grating,315,1.40,P0|P1|P2|P3|P4|P5|P6|P7|P8|P9|P10|P11|P12|P13|P14|P15,0.831080,9,P15,P11,P15,P12,P15,P12,P15,P12,P15,P12,P0,P12,P0,P13,P0,P13,P0,P13,P0,P13
grating,315,1.40,P0|P1|P2|P3|P4|P5|P6|P7|P8|P9|P10|P11|P12|P13|P14|P15,0.831080,10,P11,P15,P12,P15,P12,P15,P12,P15,P12,P0,P12,P0,P13,P0,P13,P0,P13,P0,P13,P0
grating,315,1.40,P0|P1|P2|P3|P4|P5|P6|P7|P8|P9|P10|P11|P12|P13|P14|P15,0.831080,11,P15,P12,P15,P12,P15,P12,P15,P12,P0,P12,P0,P13,P0,P13,P0,P13,P0,P13,P0,P13
grating,315,1.40,P0|P1|P2|P3|P4|P5|P6|P7|P8|P9|P10|P11|P12|P13|P14|P15,0.831080,12,P12,P15,P12,P15,P12,P15,P12,P0,P12,P0,P13,P0,P13,P0,P13,P0,P13,P0,P13,P0
grating,315,1.40,P0|P1|P2|P3|P4|P5|P6|P7|P8|P9|P10|P11|P12|P13|P14|P15,0.831080,13,P15,P12,P15,P12,P15,P12,P0,P12,P0,P13,P0,P13,P0,P13,P0,P13,P0,P13,P0,P14
grating,315,1.40,P0|P1|P2|P3|P4|P5|P6|P7|P8|P9|P10|P11|P12|P13|P14|P15,0.831080,14,P12,P15,P12,P15,P12,P0,P12,P0,P13,P0,P13,P0,P13,P0,P13,P0,P13,P0,P14,P0
grating,315,1.40,P0|P1|P2|P3|P4|P5|P6|P7|P8|P9|P10|P11|P12|P13|P14|P15,0.831080,15,P15,P12,P15,P12,P0,P12,P0,P13,P0,P13,P0,P13,P0,P13,P0,P13,P0,P14,P0,P14
grating,315,1.40,P0|P1|P2|P3|P4|P5|P6|P7|P8|P9|P10|P11|P12|P13|P14|P15,0.831080,16,P12,P15,P12,P0,P12,P0,P13,P0,P13,P0,P13,P0,P13,P0,P13,P0,P14,P0,P14,P0
grating,315,1.40,P0|P1|P2|P3|P4|P5|P6|P7|P8|P9|P10|P11|P12|P13|P14|P15,0.831080,17,P15,P12,P0,P12,P0,P13,P0,P13,P0,P13,P0,P13,P0,P13,P0,P14,P0,P14,P0,P14
grating,315,1.40,P0|P1|P2|P3|P4|P5|P6|P7|P8|P9|P10|P11|P12|P13|P14|P15,0.831080,18,P12,P0,P12,P0,P13,P0,P13,P0,P13,P0,P13,P0,P13,P0,P14,P0,P14,P0,P14,P0
grating,315,1.40,P0|P1|P2|P3|P4|P5|P6|P7|P8|P9|P10|P11|P12|P13|P14|P15,0.831080,19,P0,P12,P0,P13,P0,P13,P0,P13,P0,P13,P0,P13,P0,P14,P0,P14,P0,P14,P0,P14
grating,135,1.50,P0|P1|P2|P3|P4|P5|P6|P7|P8|P9|P10|P11|P12|P13|P14|P15,0.831031,0,P3,P15,P6,P15,P7,P15,P9,P15,P11,P15,P12,P0,P13,P0,P14,P0,P14,P1,P15,P6
grating,135,1.50,P0|P1|P2|P3|P4|P5|P6|P7|P8|P9|P10|P11|P12|P13|P14|P15,0.831031,1,P15,P6,P15,P7,P15,P9,P15,P11,P15,P12,P0,P13,P0,P14,P0,P14,P1,P15,P6,P15
grating,135,1.50,P0|P1|P2|P3|P4|P5|P6|P7|P8|P9|P10|P11|P12|P13|P14|P15,0.831031,2,P6,P15,P7,P15,P9,P15,P11,P15,P12,P0,P13,P0,P14,P0,P14,P1,P15,P6,P15,P7
grating,135,1.50,P0|P1|P2|P3|P4|P5|P6|P7|P8|P9|P10|P11|P12|P13|P14|P15,0.831031,3,P15,P7,P15,P9,P15,P11,P15,P12,P0,P13,P0,P14,P0,P14,P1,P15,P6,P15,P7,P15
grating,135,1.50,P0|P1|P2|P3|P4|P5|P6|P7|P8|P9|P10|P11|P12|P13|P14|P15,0.831031,4,P7,P15,P9,P15,P11,P15,P12,P0,P13,P0,P14,P0,P14,P1,P15,P6,P15,P7,P15,P8
grating,135,1.50,P0|P1|P2|P3|P4|P5|P6|P7|P8|P9|P10|P11|P12|P13|P14|P15,0.831031,5,P15,P9,P15,P11,P15,P12,P0,P13,P0,P14,P0,P14,P1,P15,P6,P15,P7,P15,P8,P15
grating,135,1.50,P0|P1|P2|P3|P4|P5|P6|P7|P8|P9|P10|P11|P12|P13|P14|P15,0.831031,6,P9,P15,P11,P15,P12,P0,P13,P0,P14,P0,P14,P1,P15,P6,P15,P7,P15,P8,P15,P10
grating,135,1.50,P0|P1|P2|P3|P4|P5|P6|P7|P8|P9|P10|P11|P12|P13|P14|P15,0.831031,7,P15,P11,P15,P12,P0,P13,P0,P14,P0,P14,P1,P15,P6,P15,P7,P15,P8,P15,P10,P15
grating,135,1.50,P0|P1|P2|P3|P4|P5|P6|P7|P8|P9|P10|P11|P12|P13|P14|P15,0.831031,8,P11,P15,P12,P0,P13,P0,P14,P0,P14,P1,P15,P6,P15,P7,P15,P8,P15,P10,P15,P12
grating,135,1.50,P0|P1|P2|P3|P4|P5|P6|P7|P8|P9|P10|P11|P12|P13|P14|P15,0.831031,9,P15,P12,P0,P13,P0,P14,P0,P14,P1,P15,P6,P15,P7,P15,P8,P15,P10,P15,P12,P15
grating,135,1.50,P0|P1|P2|P3|P4|P5|P6|P7|P8|P9|P10|P11|P12|P13|P14|P15,0.831031,10,P12,P0,P13,P0,P14,P0,P14,P1,P15,P6,P15,P7,P15,P8,P15,P10,P15,P12,P15,P13
grating,135,1.50,P0|P1|P2|P3|P4|P5|P6|P7|P8|P9|P10|P11|P12|P13|P14|P15,0.831031,11,P0,P13,P0,P14,P0,P14,P1,P15,P6,P15,P7,P15,P8,P15,P10,P15,P12,P15,P13,P0
grating,135,1.50,P0|P1|P2|P3|P4|P5|P6|P7|P8|P9|P10|P11|P12|P13|P14|P15,0.831031,12,P13,P0,P14,P0,P14,P1,P15,P6,P15,P7,P15,P8,P15,P10,P15,P12,P15,P13,P0,P14
grating,135,1.50,P0|P1|P2|P3|P4|P5|P6|P7|P8|P9|P10|P11|P12|P13|P14|P15,0.831031,13,P0,P14,P0,P14,P1,P15,P6,P15,P7,P15,P8,P15,P10,P15,P12,P15,P13,P0,P14,P0
grating,135,1.50,P0|P1|P2|P3|P4|P5|P6|P7|P8|P9|P10|P11|P12|P13|P14|P15,0.831031,14,P14,P0,P14,P1,P15,P6,P15,P7,P15,P8,P15,P10,P15,P12,P15,P13,P0,P14,P0,P14
grating,135,1.50,P0|P1|P2|P3|P4|P5|P6|P7|P8|P9|P10|P11|P12|P13|P14|P15,0.831031,15,P0,P14,P1,P15,P6,P15,P7,P15,P8,P15,P10,P15,P12,P15,P13,P0,P14,P0,P14,P0
grating,135,1.50,P0|P1|P2|P3|P4|P5|P6|P7|P8|P9|P10|P11|P12|P13|P14|P15,0.831031,16,P14,P1,P15,P6,P15,P7,P15,P8,P15,P10,P15,P12,P15,P13,P0,P14,P0,P14,P0,P14
grating,135,1.50,P0|P1|P2|P3|P4|P5|P6|P7|P8|P9|P10|P11|P12|P13|P14|P15,0.831031,17,P1,P15,P6,P15,P7,P15,P8,P15,P10,P15,P12,P15,P13,P0,P14,P0,P14,P0,P14,P5
grating,135,1.50,P0|P1|P2|P3|P4|P5|P6|P7|P8|P9|P10|P11|P12|P13|P14|P15,0.831031,18,P15,P6,P15,P7,P15,P8,P15,P10,P15,P12,P15,P13,P0,P14,P0,P14,P0,P14,P5,P15
grating,135,1.50,P0|P1|P2|P3|P4|P5|P6|P7|P8|P9|P10|P11|P12|P13|P14|P15,0.831031,19,P6,P15,P7,P15,P8,P15,P10,P15,P12,P15,P13,P0,P14,P0,P14,P0,P14,P5,P15,P7
grating,315,1.50,P0|P1|P2|P3|P4|P5|P6|P7|P8|P9|P10|P11|P12|P13|P14|P15,0.831031,0,P7,P15,P5,P14,P0,P14,P0,P14,P0,P13,P15,P12,P15,P10,P15,P8,P15,P7,P15,P6
grating,315,1.50,P0|P1|P2|P3|P4|P5|P6|P7|P8|P9|P10|P11|P12|P13|P14|P15,0.831031,1,P15,P5,P14,P0,P14,P0,P14,P0,P13,P15,P12,P15,P10,P15,P8,P15,P7,P15,P6,P15
grating,315,1.50,P0|P1|P2|P3|P4|P5|P6|P7|P8|P9|P10|P11|P12|P13|P14|P15,0.831031,2,P5,P14,P0,P14,P0,P14,P0,P13,P15,P12,P15,P10,P15,P8,P15,P7,P15,P6,P15,P1
grating,315,1.50,P0|P1|P2|P3|P4|P5|P6|P7|P8|P9|P10|P11|P12|P13|P14|P15,0.831031,3,P14,P0,P14,P0,P14,P0,P13,P15,P12,P15,P10,P15,P8,P15,P7,P15,P6,P15,P1,P14
grating,315,1.50,P0|P1|P2|P3|P4|P5|P6|P7|P8|P9|P10|P11|P12|P13|P14|P15,0.831031,4,P0,P14,P0,P14,P0,P13,P15,P12,P15,P10,P15,P8,P15,P7,P15,P6,P15,P1,P14,P0
grating,315,1.50,P0|P1|P2|P3|P4|P5|P6|P7|P8|P9|P10|P11|P12|P13|P14|P15,0.831031,5,P14,P0,P14,P0,P13,P15,P12,P15,P10,P15,P8,P15,P7,P15,P6,P15,P1,P14,P0,P14
grating,315,1.50,P0|P1|P2|P3|P4|P5|P6|P7|P8|P9|P10|P11|P12|P13|P14|P15,0.831031,6,P0,P14,P0,P13,P15,P12,P15,P10,P15,P8,P15,P7,P15,P6,P15,P1,P14,P0,P14,P0
grating,315,1.50,P0|P1|P2|P3|P4|P5|P6|P7|P8|P9|P10|P11|P12|P13|P14|P15,0.831031,7,P14,P0,P13,P15,P12,P15,P10,P15,P8,P15,P7,P15,P6,P15,P1,P14,P0,P14,P0,P13
grating,315,1.50,P0|P1|P2|P3|P4|P5|P6|P7|P8|P9|P10|P11|P12|P13|P14|P15,0.831031,8,P0,P13,P15,P12,P15,P10,P15,P8,P15,P7,P15,P6,P15,P1,P14,P0,P14,P0,P13,P0
grating,315,1.50,P0|P1|P2|P3|P4|P5|P6|P7|P8|P9|P10|P11|P12|P13|P14|P15,0.831031,9,P13,P15,P12,P15,P10,P15,P8,P15,P7,P15,P6,P15,P1,P14,P0,P14,P0,P13,P0,P12
grating,315,1.50,P0|P1|P2|P3|P4|P5|P6|P7|P8|P9|P10|P11|P12|P13|P14|P15,0.831031,10,P15,P12,P15,P10,P15,P8,P15,P7,P15,P6,P15,P1,P14,P0,P14,P0,P13,P0,P12,P15
grating,315,1.50,P0|P1|P2|P3|P4|P5|P6|P7|P8|P9|P10|P11|P12|P13|P14|P15,0.831031,11,P12,P15,P10,P15,P8,P15,P7,P15,P6,P15,P1,P14,P0,P14,P0,P13,P0,P12,P15,P11
grating,315,1.50,P0|P1|P2|P3|P4|P5|P6|P7|P8|P9|P10|P11|P12|P13|P14|P15,0.831031,12,P15,P10,P15,P8,P15,P7,P15,P6,P15,P1,P14,P0,P14,P0,P13,P0,P12,P15,P11,P15
grating,315,1.50,P0|P1|P2|P3|P4|P5|P6|P7|P8|P9|P10|P11|P12|P13|P14|P15,0.831031,13,P10,P15,P8,P15,P7,P15,P6,P15,P1,P14,P0,P14,P0,P13,P0,P12,P15,P11,P15,P9
grating,315,1.50,P0|P1|P2|P3|P4|P5|P6|P7|P8|P9|P10|P11|P12|P13|P14|P15,0.831031,14,P15,P8,P15,P7,P15,P6,P15,P1,P14,P0,P14,P0,P13,P0,P12,P15,P11,P15,P9,P15
grating,315,1.50,P0|P1|P2|P3|P4|P5|P6|P7|P8|P9|P10|P11|P12|P13|P14|P15,0.831031,15,P8,P15,P7,P15,P6,P15,P1,P14,P0,P14,P0,P13,P0,P12,P15,P11,P15,P9,P15,P7
grating,315,1.50,P0|P1|P2|P3|P4|P5|P6|P7|P8|P9|P10|P11|P12|P13|P14|P15,0.831031,16,P15,P7,P15,P6,P15,P1,P14,P0,P14,P0,P13,P0,P12,P15,P11,P15,P9,P15,P7,P15
grating,315,1.50,P0|P1|P2|P3|P4|P5|P6|P7|P8|P9|P10|P11|P12|P13|P14|P15,0.831031,17,P7,P15,P6,P15,P1,P14,P0,P14,P0,P13,P0,P12,P15,P11,P15,P9,P15,P7,P15,P6
grating,315,1.50,P0|P1|P2|P3|P4|P5|P6|P7|P8|P9|P10|P11|P12|P13|P14|P15,0.831031,18,P15,P6,P15,P1,P14,P0,P14,P0,P13,P0,P12,P15,P11,P15,P9,P15,P7,P15,P6,P15
grating,315,1.50,P0|P1|P2|P3|P4|P5|P6|P7|P8|P9|P10|P11|P12|P13|P14|P15,0.831031,19,P6,P15,P1,P14,P0,P14,P0,P13,P0,P12,P15,P11,P15,P9,P15,P7,P15,P6,P15,P3
grating,135,1.60,P0|P1|P2|P3|P4|P5|P6|P7|P8|P9|P10|P11|P12|P13|P14|P15,0.831026,0,P14,P0,P14,P6,P15,P8,P15,P12,P0,P14,P0,P14,P6,P15,P9,P15,P12,P0,P14,P0
grating,135,1.60,P0|P1|P2|P3|P4|P5|P6|P7|P8|P9|P10|P11|P12|P13|P14|P15,0.831026,1,P0,P14,P6,P15,P8,P15,P12,P0,P14,P0,P14,P6,P15,P9,P15,P12,P0,P14,P0,P15
grating,135,1.60,P0|P1|P2|P3|P4|P5|P6|P7|P8|P9|P10|P11|P12|P13|P14|P15,0.831026,2,P14,P6,P15,P8,P15,P12,P0,P14,P0,P14,P6,P15,P9,P15,P12,P0,P14,P0,P15,P7
grating,135,1.60,P0|P1|P2|P3|P4|P5|P6|P7|P8|P9|P10|P11|P12|P13|P14|P15,0.831026,3,P6,P15,P8,P15,P12,P0,P14,P0,P14,P6,P15,P9,P15,P12,P0,P14,P0,P15,P7,P15
grating,135,1.60,P0|P1|P2|P3|P4|P5|P6|P7|P8|P9|P10|P11|P12|P13|P14|P15,0.831026,4,P15,P8,P15,P12,P0,P14,P0,P14,P6,P15,P9,P15,P12,P0,P14,P0,P15,P7,P15,P10
grating,135,1.60,P0|P1|P2|P3|P4|P5|P6|P7|P8|P9|P10|P11|P12|P13|P14|P15,0.831026,5,P8,P15,P12,P0,P14,P0,P14,P6,P15,P9,P15,P12,P0,P14,P0,P15,P7,P15,P10,P15
grating,135,1.60,P0|P1|P2|P3|P4|P5|P6|P7|P8|P9|P10|P11|P12|P13|P14|P15,0.831026,6,P15,P12,P0,P14,P0,P14,P6,P15,P9,P15,P12,P0,P14,P0,P15,P7,P15,P10,P15,P13
grating,135,1.60,P0|P1|P2|P3|P4|P5|P6|P7|P8|P9|P10|P11|P12|P13|P14|P15,0.831026,7,P12,P0,P14,P0,P14,P6,P15,P9,P15,P12,P0,P14,P0,P15,P7,P15,P10,P15,P13,P0
grating,135,1.60,P0|P1|P2|P3|P4|P5|P6|P7|P8|P9|P10|P11|P12|P13|P14|P15,0.831026,8,P0,P14,P0,P14,P6,P15,P9,P15,P12,P0,P14,P0,P15,P7,P15,P10,P15,P13,P0,P14
grating,135,1.60,P0|P1|P2|P3|P4|P5|P6|P7|P8|P9|P10|P11|P12|P13|P14|P15,0.831026,9,P14,P0,P14,P6,P15,P9,P15,P12,P0,P14,P0,P15,P7,P15,P10,P15,P13,P0,P14,P2
grating,135,1.60,P0|P1|P2|P3|P4|P5|P6|P7|P8|P9|P10|P11|P12|P13|P14|P15,0.831026,10,P0,P14,P6,P15,P9,P15,P12,P0,P14,P0,P15,P7,P15,P10,P15,P13,P0,P14,P2,P15
grating,135,1.60,P0|P1|P2|P3|P4|P5|P6|P7|P8|P9|P10|P11|P12|P13|P14|P15,0.831026,11,P14,P6,P15,P9,P15,P12,P0,P14,P0,P15,P7,P15,P10,P15,P13,P0,P14,P2,P15,P7
grating,135,1.60,P0|P1|P2|P3|P4|P5|P6|P7|P8|P9|P10|P11|P12|P13|P14|P15,0.831026,12,P6,P15,P9,P15,P12,P0,P14,P0,P15,P7,P15,P10,P15,P13,P0,P14,P2,P15,P7,P15
grating,135,1.60,P0|P1|P2|P3|P4|P5|P6|P7|P8|P9|P10|P11|P12|P13|P14|P15,0.831026,13,P15,P9,P15,P12,P0,P14,P0,P15,P7,P15,P10,P15,P13,P0,P14,P2,P15,P7,P15,P11
grating,135,1.60,P0|P1|P2|P3|P4|P5|P6|P7|P8|P9|P10|P11|P12|P13|P14|P15,0.831026,14,P9,P15,P12,P0,P14,P0,P15,P7,P15,P10,P15,P13,P0,P14,P2,P15,P7,P15,P11,P15
grating,135,1.60,P0|P1|P2|P3|P4|P5|P6|P7|P8|P9|P10|P11|P12|P13|P14|P15,0.831026,15,P15,P12,P0,P14,P0,P15,P7,P15,P10,P15,P13,P0,P14,P2,P15,P7,P15,P11,P15,P13
grating,135,1.60,P0|P1|P2|P3|P4|P5|P6|P7|P8|P9|P10|P11|P12|P13|P14|P15,0.831026,16,P12,P0,P14,P0,P15,P7,P15,P10,P15,P13,P0,P14,P2,P15,P7,P15,P11,P15,P13,P0
grating,135,1.60,P0|P1|P2|P3|P4|P5|P6|P7|P8|P9|P10|P11|P12|P13|P14|P15,0.831026,17,P0,P14,P0,P15,P7,P15,P10,P15,P13,P0,P14,P2,P15,P7,P15,P11,P15,P13,P0,P14
grating,135,1.60,P0|P1|P2|P3|P4|P5|P6|P7|P8|P9|P10|P11|P12|P13|P14|P15,0.831026,18,P14,P0,P15,P7,P15,P10,P15,P13,P0,P14,P2,P15,P7,P15,P11,P15,P13,P0,P14,P5
grating,135,1.60,P0|P1|P2|P3|P4|P5|P6|P7|P8|P9|P10|P11|P12|P13|P14|P15,0.831026,19,P0,P15,P7,P15,P10,P15,P13,P0,P14,P2,P15,P7,P15,P11,P15,P13,P0,P14,P5,P15
grating,315,1.60,P0|P1|P2|P3|P4|P5|P6|P7|P8|P9|P10|P11|P12|P13|P14|P15,0.831026,0,P15,P5,P14,P0,P13,P15,P11,P15,P7,P15,P2,P14,P0,P13,P15,P10,P15,P7,P15,P0
grating,315,1.60,P0|P1|P2|P3|P4|P5|P6|P7|P8|P9|P10|P11|P12|P13|P14|P15,0.831026,1,P5,P14,P0,P13,P15,P11,P15,P7,P15,P2,P14,P0,P13,P15,P10,P15,P7,P15,P0,P14
grating,315,1.60,P0|P1|P2|P3|P4|P5|P6|P7|P8|P9|P10|P11|P12|P13|P14|P15,0.831026,2,P14,P0,P13,P15,P11,P15,P7,P15,P2,P14,P0,P13,P15,P10,P15,P7,P15,P0,P14,P0
grating,315,1.60,P0|P1|P2|P3|P4|P5|P6|P7|P8|P9|P10|P11|P12|P13|P14|P15,0.831026,3,P0,P13,P15,P11,P15,P7,P15,P2,P14,P0,P13,P15,P10,P15,P7,P15,P0,P14,P0,P12
grating,315,1.60,P0|P1|P2|P3|P4|P5|P6|P7|P8|P9|P10|P11|P12|P13|P14|P15,0.831026,4,P13,P15,P11,P15,P7,P15,P2,P14,P0,P13,P15,P10,P15,P7,P15,P0,P14,P0,P12,P15
grating,315,1.60,P0|P1|P2|P3|P4|P5|P6|P7|P8|P9|P10|P11|P12|P13|P14|P15,0.831026,5,P15,P11,P15,P7,P15,P2,P14,P0,P13,P15,P10,P15,P7,P15,P0,P14,P0,P12,P15,P9
grating,315,1.60,P0|P1|P2|P3|P4|P5|P6|P7|P8|P9|P10|P11|P12|P13|P14|P15,0.831026,6,P11,P15,P7,P15,P2,P14,P0,P13,P15,P10,P15,P7,P15,P0,P14,P0,P12,P15,P9,P15
grating,315,1.60,P0|P1|P2|P3|P4|P5|P6|P7|P8|P9|P10|P11|P12|P13|P14|P15,0.831026,7,P15,P7,P15,P2,P14,P0,P13,P15,P10,P15,P7,P15,P0,P14,P0,P12,P15,P9,P15,P6
grating,315,1.60,P0|P1|P2|P3|P4|P5|P6|P7|P8|P9|P10|P11|P12|P13|P14|P15,0.831026,8,P7,P15,P2,P14,P0,P13,P15,P10,P15,P7,P15,P0,P14,P0,P12,P15,P9,P15,P6,P14
grating,315,1.60,P0|P1|P2|P3|P4|P5|P6|P7|P8|P9|P10|P11|P12|P13|P14|P15,0.831026,9,P15,P2,P14,P0,P13,P15,P10,P15,P7,P15,P0,P14,P0,P12,P15,P9,P15,P6,P14,P0
grating,315,1.60,P0|P1|P2|P3|P4|P5|P6|P7|P8|P9|P10|P11|P12|P13|P14|P15,0.831026,10,P2,P14,P0,P13,P15,P10,P15,P7,P15,P0,P14,P0,P12,P15,P9,P15,P6,P14,P0,P14
grating,315,1.60,P0|P1|P2|P3|P4|P5|P6|P7|P8|P9|P10|P11|P12|P13|P14|P15,0.831026,11,P14,P0,P13,P15,P10,P15,P7,P15,P0,P14,P0,P12,P15,P9,P15,P6,P14,P0,P14,P0
grating,315,1.60,P0|P1|P2|P3|P4|P5|P6|P7|P8|P9|P10|P11|P12|P13|P14|P15,0.831026,12,P0,P13,P15,P10,P15,P7,P15,P0,P14,P0,P12,P15,P9,P15,P6,P14,P0,P14,P0,P12
grating,315,1.60,P0|P1|P2|P3|P4|P5|P6|P7|P8|P9|P10|P11|P12|P13|P14|P15,0.831026,13,P13,P15,P10,P15,P7,P15,P0,P14,P0,P12,P15,P9,P15,P6,P14,P0,P14,P0,P12,P15
grating,315,1.60,P0|P1|P2|P3|P4|P5|P6|P7|P8|P9|P10|P11|P12|P13|P14|P15,0.831026,14,P15,P10,P15,P7,P15,P0,P14,P0,P12,P15,P9,P15,P6,P14,P0,P14,P0,P12,P15,P8
grating,315,1.60,P0|P1|P2|P3|P4|P5|P6|P7|P8|P9|P10|P11|P12|P13|P14|P15,0.831026,15,P10,P15,P7,P15,P0,P14,P0,P12,P15,P9,P15,P6,P14,P0,P14,P0,P12,P15,P8,P15
grating,315,1.60,P0|P1|P2|P3|P4|P5|P6|P7|P8|P9|P10|P11|P12|P13|P14|P15,0.831026,16,P15,P7,P15,P0,P14,P0,P12,P15,P9,P15,P6,P14,P0,P14,P0,P12,P15,P8,P15,P6
grating,315,1.60,P0|P1|P2|P3|P4|P5|P6|P7|P8|P9|P10|P11|P12|P13|P14|P15,0.831026,17,P7,P15,P0,P14,P0,P12,P15,P9,P15,P6,P14,P0,P14,P0,P12,P15,P8,P15,P6,P14
grating,315,1.60,P0|P1|P2|P3|P4|P5|P6|P7|P8|P9|P10|P11|P12|P13|P14|P15,0.831026,18,P15,P0,P14,P0,P12,P15,P9,P15,P6,P14,P0,P14,P0,P12,P15,P8,P15,P6,P14,P0
grating,315,1.60,P0|P1|P2|P3|P4|P5|P6|P7|P8|P9|P10|P11|P12|P13|P14|P15,0.831026,19,P0,P14,P0,P12,P15,P9,P15,P6,P14,P0,P14,P0,P12,P15,P8,P15,P6,P14,P0,P14
grating,135,1.70,P0|P1|P2|P3|P4|P5|P6|P7|P8|P9|P10|P11|P12|P13|P14|P15,0.831027,0,P0,P15,P7,P15,P12,P0,P14,P5,P15,P10,P15,P14,P0,P15,P7,P15,P12,P0,P14,P6
grating,135,1.70,P0|P1|P2|P3|P4|P5|P6|P7|P8|P9|P10|P11|P12|P13|P14|P15,0.831027,1,P15,P7,P15,P12,P0,P14,P5,P15,P10,P15,P14,P0,P15,P7,P15,P12,P0,P14,P6,P15
grating,135,1.70,P0|P1|P2|P3|P4|P5|P6|P7|P8|P9|P10|P11|P12|P13|P14|P15,0.831027,2,P7,P15,P12,P0,P14,P5,P15,P10,P15,P14,P0,P15,P7,P15,P12,P0,P14,P6,P15,P10
grating,135,1.70,P0|P1|P2|P3|P4|P5|P6|P7|P8|P9|P10|P11|P12|P13|P14|P15,0.831027,3,P15,P12,P0,P14,P5,P15,P10,P15,P14,P0,P15,P7,P15,P12,P0,P14,P6,P15,P10,P15
grating,135,1.70,P0|P1|P2|P3|P4|P5|P6|P7|P8|P9|P10|P11|P12|P13|P14|P15,0.831027,4,P12,P0,P14,P5,P15,P10,P15,P14,P0,P15,P7,P15,P12,P0,P14,P6,P15,P10,P15,P14
grating,135,1.70,P0|P1|P2|P3|P4|P5|P6|P7|P8|P9|P10|P11|P12|P13|P14|P15,0.831027,5,P0,P14,P5,P15,P10,P15,P14,P0,P15,P7,P15,P12,P0,P14,P6,P15,P10,P15,P14,P0
grating,135,1.70,P0|P1|P2|P3|P4|P5|P6|P7|P8|P9|P10|P11|P12|P13|P14|P15,0.831027,6,P14,P5,P15,P10,P15,P14,P0,P15,P7,P15,P12,P0,P14,P6,P15,P10,P15,P14,P0,P15
grating,135,1.70,P0|P1|P2|P3|P4|P5|P6|P7|P8|P9|P10|P11|P12|P13|P14|P15,0.831027,7,P5,P15,P10,P15,P14,P0,P15,P7,P15,P12,P0,P14,P6,P15,P10,P15,P14,P0,P15,P8
grating,135,1.70,P0|P1|P2|P3|P4|P5|P6|P7|P8|P9|P10|P11|P12|P13|P14|P15,0.831027,8,P15,P10,P15,P14,P0,P15,P7,P15,P12,P0,P14,P6,P15,P10,P15,P14,P0,P15,P8,P15
grating,135,1.70,P0|P1|P2|P3|P4|P5|P6|P7|P8|P9|P10|P11|P12|P13|P14|P15,0.831027,9,P10,P15,P14,P0,P15,P7,P15,P12,P0,P14,P6,P15,P10,P15,P14,P0,P15,P8,P15,P12
grating,135,1.70,P0|P1|P2|P3|P4|P5|P6|P7|P8|P9|P10|P11|P12|P13|P14|P15,0.831027,10,P15,P14,P0,P15,P7,P15,P12,P0,P14,P6,P15,P10,P15,P14,P0,P15,P8,P15,P12,P0
grating,135,1.70,P0|P1|P2|P3|P4|P5|P6|P7|P8|P9|P10|P11|P12|P13|P14|P15,0.831027,11,P14,P0,P15,P7,P15,P12,P0,P14,P6,P15,P10,P15,P14,P0,P15,P8,P15,P12,P0,P14
grating,135,1.70,P0|P1|P2|P3|P4|P5|P6|P7|P8|P9|P10|P11|P12|P13|P14|P15,0.831027,12,P0,P15,P7,P15,P12,P0,P14,P6,P15,P10,P15,P14,P0,P15,P8,P15,P12,P0,P14,P6
grating,135,1.70,P0|P1|P2|P3|P4|P5|P6|P7|P8|P9|P10|P11|P12|P13|P14|P15,0.831027,13,P15,P7,P15,P12,P0,P14,P6,P15,P10,P15,P14,P0,P15,P8,P15,P12,P0,P14,P6,P15
grating,135,1.70,P0|P1|P2|P3|P4|P5|P6|P7|P8|P9|P10|P11|P12|P13|P14|P15,0.831027,14,P7,P15,P12,P0,P14,P6,P15,P10,P15,P14,P0,P15,P8,P15,P12,P0,P14,P6,P15,P10
grating,135,1.70,P0|P1|P2|P3|P4|P5|P6|P7|P8|P9|P10|P11|P12|P13|P14|P15,0.831027,15,P15,P12,P0,P14,P6,P15,P10,P15,P14,P0,P15,P8,P15,P12,P0,P14,P6,P15,P10,P0
grating,135,1.70,P0|P1|P2|P3|P4|P5|P6|P7|P8|P9|P10|P11|P12|P13|P14|P15,0.831027,16,P12,P0,P14,P6,P15,P10,P15,P14,P0,P15,P8,P15,P12,P0,P14,P6,P15,P10,P0,P14
grating,135,1.70,P0|P1|P2|P3|P4|P5|P6|P7|P8|P9|P10|P11|P12|P13|P14|P15,0.831027,17,P0,P14,P6,P15,P10,P15,P14,P0,P15,P8,P15,P12,P0,P14,P6,P15,P10,P0,P14,P0
grating,135,1.70,P0|P1|P2|P3|P4|P5|P6|P7|P8|P9|P10|P11|P12|P13|P14|P15,0.831027,18,P14,P6,P15,P10,P15,P14,P0,P15,P8,P15,P12,P0,P14,P6,P15,P10,P0,P14,P0,P15
grating,135,1.70,P0|P1|P2|P3|P4|P5|P6|P7|P8|P9|P10|P11|P12|P13|P14|P15,0.831027,19,P6,P15,P10,P15,P14,P0,P15,P8,P15,P12,P0,P14,P6,P15,P10,P0,P14,P0,P15,P8
grating,315,1.70,P0|P1|P2|P3|P4|P5|P6|P7|P8|P9|P10|P11|P12|P13|P14|P15,0.831027,0,P8,P15,P0,P14,P0,P10,P15,P6,P14,P0,P12,P15,P8,P15,P0,P14,P15,P10,P15,P6
grating,315,1.70,P0|P1|P2|P3|P4|P5|P6|P7|P8|P9|P10|P11|P12|P13|P14|P15,0.831027,1,P15,P0,P14,P0,P10,P15,P6,P14,P0,P12,P15,P8,P15,P0,P14,P15,P10,P15,P6,P14
grating,315,1.70,P0|P1|P2|P3|P4|P5|P6|P7|P8|P9|P10|P11|P12|P13|P14|P15,0.831027,2,P0,P14,P0,P10,P15,P6,P14,P0,P12,P15,P8,P15,P0,P14,P15,P10,P15,P6,P14,P0
grating,315,1.70,P0|P1|P2|P3|P4|P5|P6|P7|P8|P9|P10|P11|P12|P13|P14|P15,0.831027,3,P14,P0,P10,P15,P6,P14,P0,P12,P15,P8,P15,P0,P14,P15,P10,P15,P6,P14,P0,P12
grating,315,1.70,P0|P1|P2|P3|P4|P5|P6|P7|P8|P9|P10|P11|P12|P13|P14|P15,0.831027,4,P0,P10,P15,P6,P14,P0,P12,P15,P8,P15,P0,P14,P15,P10,P15,P6,P14,P0,P12,P15
grating,315,1.70,P0|P1|P2|P3|P4|P5|P6|P7|P8|P9|P10|P11|P12|P13|P14|P15,0.831027,5,P10,P15,P6,P14,P0,P12,P15,P8,P15,P0,P14,P15,P10,P15,P6,P14,P0,P12,P15,P7
grating,315,1.70,P0|P1|P2|P3|P4|P5|P6|P7|P8|P9|P10|P11|P12|P13|P14|P15,0.831027,6,P15,P6,P14,P0,P12,P15,P8,P15,P0,P14,P15,P10,P15,P6,P14,P0,P12,P15,P7,P15
grating,315,1.70,P0|P1|P2|P3|P4|P5|P6|P7|P8|P9|P10|P11|P12|P13|P14|P15,0.831027,7,P6,P14,P0,P12,P15,P8,P15,P0,P14,P15,P10,P15,P6,P14,P0,P12,P15,P7,P15,P0
grating,315,1.70,P0|P1|P2|P3|P4|P5|P6|P7|P8|P9|P10|P11|P12|P13|P14|P15,0.831027,8,P14,P0,P12,P15,P8,P15,P0,P14,P15,P10,P15,P6,P14,P0,P12,P15,P7,P15,P0,P14
grating,315,1.70,P0|P1|P2|P3|P4|P5|P6|P7|P8|P9|P10|P11|P12|P13|P14|P15,0.831027,9,P0,P12,P15,P8,P15,P0,P14,P15,P10,P15,P6,P14,P0,P12,P15,P7,P15,P0,P14,P15
grating,315,1.70,P0|P1|P2|P3|P4|P5|P6|P7|P8|P9|P10|P11|P12|P13|P14|P15,0.831027,10,P12,P15,P8,P15,P0,P14,P15,P10,P15,P6,P14,P0,P12,P15,P7,P15,P0,P14,P15,P10
grating,315,1.70,P0|P1|P2|P3|P4|P5|P6|P7|P8|P9|P10|P11|P12|P13|P14|P15,0.831027,11,P15,P8,P15,P0,P14,P15,P10,P15,P6,P14,P0,P12,P15,P7,P15,P0,P14,P15,P10,P15
grating,315,1.70,P0|P1|P2|P3|P4|P5|P6|P7|P8|P9|P10|P11|P12|P13|P14|P15,0.831027,12,P8,P15,P0,P14,P15,P10,P15,P6,P14,P0,P12,P15,P7,P15,P0,P14,P15,P10,P15,P5
grating,315,1.70,P0|P1|P2|P3|P4|P5|P6|P7|P8|P9|P10|P11|P12|P13|P14|P15,0.831027,13,P15,P0,P14,P15,P10,P15,P6,P14,P0,P12,P15,P7,P15,P0,P14,P15,P10,P15,P5,P14
grating,315,1.70,P0|P1|P2|P3|P4|P5|P6|P7|P8|P9|P10|P11|P12|P13|P14|P15,0.831027,14,P0,P14,P15,P10,P15,P6,P14,P0,P12,P15,P7,P15,P0,P14,P15,P10,P15,P5,P14,P0
grating,315,1.70,P0|P1|P2|P3|P4|P5|P6|P7|P8|P9|P10|P11|P12|P13|P14|P15,0.831027,15,P14,P15,P10,P15,P6,P14,P0,P12,P15,P7,P15,P0,P14,P15,P10,P15,P5,P14,P0,P12
grating,315,1.70,P0|P1|P2|P3|P4|P5|P6|P7|P8|P9|P10|P11|P12|P13|P14|P15,0.831027,16,P15,P10,P15,P6,P14,P0,P12,P15,P7,P15,P0,P14,P15,P10,P15,P5,P14,P0,P12,P15
grating,315,1.70,P0|P1|P2|P3|P4|P5|P6|P7|P8|P9|P10|P11|P12|P13|P14|P15,0.831027,17,P10,P15,P6,P14,P0,P12,P15,P7,P15,P0,P14,P15,P10,P15,P5,P14,P0,P12,P15,P7
grating,315,1.70,P0|P1|P2|P3|P4|P5|P6|P7|P8|P9|P10|P11|P12|P13|P14|P15,0.831027,18,P15,P6,P14,P0,P12,P15,P7,P15,P0,P14,P15,P10,P15,P5,P14,P0,P12,P15,P7,P15
grating,315,1.70,P0|P1|P2|P3|P4|P5|P6|P7|P8|P9|P10|P11|P12|P13|P14|P15,0.831027,19,P6,P14,P0,P12,P15,P7,P15,P0,P14,P15,P10,P15,P5,P14,P0,P12,P15,P7,P15,P0
grating,135,1.80,P0|P1|P2|P3|P4|P5|P6|P7|P8|P9|P10|P11|P12|P13|P14|P15,0.831561,0,P15,P9,P15,P14,P2,P15,P10,P0,P14,P5,P15,P11,P0,P14,P6,P15,P12,P0,P14,P7
grating,135,1.80,P0|P1|P2|P3|P4|P5|P6|P7|P8|P9|P10|P11|P12|P13|P14|P15,0.831561,1,P9,P15,P14,P2,P15,P10,P0,P14,P5,P15,P11,P0,P14,P6,P15,P12,P0,P14,P7,P15
grating,135,1.80,P0|P1|P2|P3|P4|P5|P6|P7|P8|P9|P10|P11|P12|P13|P14|P15,0.831561,2,P15,P14,P2,P15,P10,P0,P14,P5,P15,P11,P0,P14,P6,P15,P12,P0,P14,P7,P15,P13
grating,135,1.80,P0|P1|P2|P3|P4|P5|P6|P7|P8|P9|P10|P11|P12|P13|P14|P15,0.831561,3,P14,P2,P15,P10,P0,P14,P5,P15,P11,P0,P14,P6,P15,P12,P0,P14,P7,P15,P13,P0
grating,135,1.80,P0|P1|P2|P3|P4|P5|P6|P7|P8|P9|P10|P11|P12|P13|P14|P15,0.831561,4,P2,P15,P10,P0,P14,P5,P15,P11,P0,P14,P6,P15,P12,P0,P14,P7,P15,P13,P0,P15
grating,135,1.80,P0|P1|P2|P3|P4|P5|P6|P7|P8|P9|P10|P11|P12|P13|P14|P15,0.831561,5,P15,P10,P0,P14,P5,P15,P11,P0,P14,P6,P15,P12,P0,P14,P7,P15,P13,P0,P15,P8
grating,135,1.80,P0|P1|P2|P3|P4|P5|P6|P7|P8|P9|P10|P11|P12|P13|P14|P15,0.831561,6,P10,P0,P14,P5,P15,P11,P0,P14,P6,P15,P12,P0,P14,P7,P15,P13,P0,P15,P8,P15
grating,135,1.80,P0|P1|P2|P3|P4|P5|P6|P7|P8|P9|P10|P11|P12|P13|P14|P15,0.831561,7,P0,P14,P5,P15,P11,P0,P14,P6,P15,P12,P0,P14,P7,P15,P13,P0,P15,P8,P15,P13
grating,135,1.80,P0|P1|P2|P3|P4|P5|P6|P7|P8|P9|P10|P11|P12|P13|P14|P15,0.831561,8,P14,P5,P15,P11,P0,P14,P6,P15,P12,P0,P14,P7,P15,P13,P0,P15,P8,P15,P13,P0
grating,135,1.80,P0|P1|P2|P3|P4|P5|P6|P7|P8|P9|P10|P11|P12|P13|P14|P15,0.831561,9,P5,P15,P11,P0,P14,P6,P15,P12,P0,P14,P7,P15,P13,P0,P15,P8,P15,P13,P0,P15
grating,135,1.80,P0|P1|P2|P3|P4|P5|P6|P7|P8|P9|P10|P11|P12|P13|P14|P15,0.831561,10,P15,P11,P0,P14,P6,P15,P12,P0,P14,P7,P15,P13,P0,P15,P8,P15,P13,P0,P15,P9
grating,135,1.80,P0|P1|P2|P3|P4|P5|P6|P7|P8|P9|P10|P11|P12|P13|P14|P15,0.831561,11,P11,P0,P14,P6,P15,P12,P0,P14,P7,P15,P13,P0,P15,P8,P15,P13,P0,P15,P9,P15
grating,135,1.80,P0|P1|P2|P3|P4|P5|P6|P7|P8|P9|P10|P11|P12|P13|P14|P15,0.831561,12,P0,P14,P6,P15,P12,P0,P14,P7,P15,P13,P0,P15,P8,P15,P13,P0,P15,P9,P15,P14
grating,135,1.80,P0|P1|P2|P3|P4|P5|P6|P7|P8|P9|P10|P11|P12|P13|P14|P15,0.831561,13,P14,P6,P15,P12,P0,P14,P7,P15,P13,P0,P15,P8,P15,P13,P0,P15,P9,P15,P14,P3
grating,135,1.80,P0|P1|P2|P3|P4|P5|P6|P7|P8|P9|P10|P11|P12|P13|P14|P15,0.831561,14,P6,P15,P12,P0,P14,P7,P15,P13,P0,P15,P8,P15,P13,P0,P15,P9,P15,P14,P3,P15
grating,135,1.80,P0|P1|P2|P3|P4|P5|P6|P7|P8|P9|P10|P11|P12|P13|P14|P15,0.831561,15,P15,P12,P0,P14,P7,P15,P13,P0,P15,P8,P15,P13,P0,P15,P9,P15,P14,P3,P15,P10
grating,135,1.80,P0|P1|P2|P3|P4|P5|P6|P7|P8|P9|P10|P11|P12|P13|P14|P15,0.831561,16,P12,P0,P14,P7,P15,P13,P0,P15,P8,P15,P13,P0,P15,P9,P15,P14,P3,P15,P10,P0
grating,135,1.80,P0|P1|P2|P3|P4|P5|P6|P7|P8|P9|P10|P11|P12|P13|P14|P15,0.831561,17,P0,P14,P7,P15,P13,P0,P15,P8,P15,P13,P0,P15,P9,P15,P14,P3,P15,P10,P0,P14
grating,135,1.80,P0|P1|P2|P3|P4|P5|P6|P7|P8|P9|P10|P11|P12|P13|P14|P15,0.831561,18,P14,P7,P15,P13,P0,P15,P8,P15,P13,P0,P15,P9,P15,P14,P3,P15,P10,P0,P14,P5
grating,135,1.80,P0|P1|P2|P3|P4|P5|P6|P7|P8|P9|P10|P11|P12|P13|P14|P15,0.831561,19,P7,P15,P13,P0,P15,P8,P15,P13,P0,P15,P9,P15,P14,P3,P15,P10,P0,P14,P5,P15
grating,315,1.80,P0|P1|P2|P3|P4|P5|P6|P7|P8|P9|P10|P11|P12|P13|P14|P15,0.831561,0,P15,P5,P14,P0,P10,P15,P3,P14,P15,P9,P15,P0,P13,P15,P8,P15,P0,P13,P15,P7
grating,315,1.80,P0|P1|P2|P3|P4|P5|P6|P7|P8|P9|P10|P11|P12|P13|P14|P15,0.831561,1,P5,P14,P0,P10,P15,P3,P14,P15,P9,P15,P0,P13,P15,P8,P15,P0,P13,P15,P7,P14
grating,315,1.80,P0|P1|P2|P3|P4|P5|P6|P7|P8|P9|P10|P11|P12|P13|P14|P15,0.831561,2,P14,P0,P10,P15,P3,P14,P15,P9,P15,P0,P13,P15,P8,P15,P0,P13,P15,P7,P14,P0
grating,315,1.80,P0|P1|P2|P3|P4|P5|P6|P7|P8|P9|P10|P11|P12|P13|P14|P15,0.831561,3,P0,P10,P15,P3,P14,P15,P9,P15,P0,P13,P15,P8,P15,P0,P13,P15,P7,P14,P0,P12
grating,315,1.80,P0|P1|P2|P3|P4|P5|P6|P7|P8|P9|P10|P11|P12|P13|P14|P15,0.831561,4,P10,P15,P3,P14,P15,P9,P15,P0,P13,P15,P8,P15,P0,P13,P15,P7,P14,P0,P12,P15
grating,315,1.80,P0|P1|P2|P3|P4|P5|P6|P7|P8|P9|P10|P11|P12|P13|P14|P15,0.831561,5,P15,P3,P14,P15,P9,P15,P0,P13,P15,P8,P15,P0,P13,P15,P7,P14,P0,P12,P15,P6
grating,315,1.80,P0|P1|P2|P3|P4|P5|P6|P7|P8|P9|P10|P11|P12|P13|P14|P15,0.831561,6,P3,P14,P15,P9,P15,P0,P13,P15,P8,P15,P0,P13,P15,P7,P14,P0,P12,P15,P6,P14
grating,315,1.80,P0|P1|P2|P3|P4|P5|P6|P7|P8|P9|P10|P11|P12|P13|P14|P15,0.831561,7,P14,P15,P9,P15,P0,P13,P15,P8,P15,P0,P13,P15,P7,P14,P0,P12,P15,P6,P14,P0
grating,315,1.80,P0|P1|P2|P3|P4|P5|P6|P7|P8|P9|P10|P11|P12|P13|P14|P15,0.831561,8,P15,P9,P15,P0,P13,P15,P8,P15,P0,P13,P15,P7,P14,P0,P12,P15,P6,P14,P0,P11
grating,315,1.80,P0|P1|P2|P3|P4|P5|P6|P7|P8|P9|P10|P11|P12|P13|P14|P15,0.831561,9,P9,P15,P0,P13,P15,P8,P15,P0,P13,P15,P7,P14,P0,P12,P15,P6,P14,P0,P11,P15
grating,315,1.80,P0|P1|P2|P3|P4|P5|P6|P7|P8|P9|P10|P11|P12|P13|P14|P15,0.831561,10,P15,P0,P13,P15,P8,P15,P0,P13,P15,P7,P14,P0,P12,P15,P6,P14,P0,P11,P15,P5
grating,315,1.80,P0|P1|P2|P3|P4|P5|P6|P7|P8|P9|P10|P11|P12|P13|P14|P15,0.831561,11,P0,P13,P15,P8,P15,P0,P13,P15,P7,P14,P0,P12,P15,P6,P14,P0,P11,P15,P5,P14
grating,315,1.80,P0|P1|P2|P3|P4|P5|P6|P7|P8|P9|P10|P11|P12|P13|P14|P15,0.831561,12,P13,P15,P8,P15,P0,P13,P15,P7,P14,P0,P12,P15,P6,P14,P0,P11,P15,P5,P14,P0
grating,315,1.80,P0|P1|P2|P3|P4|P5|P6|P7|P8|P9|P10|P11|P12|P13|P14|P15,0.831561,13,P15,P8,P15,P0,P13,P15,P7,P14,P0,P12,P15,P6,P14,P0,P11,P15,P5,P14,P0,P10
grating,315,1.80,P0|P1|P2|P3|P4|P5|P6|P7|P8|P9|P10|P11|P12|P13|P14|P15,0.831561,14,P8,P15,P0,P13,P15,P7,P14,P0,P12,P15,P6,P14,P0,P11,P15,P5,P14,P0,P10,P15
grating,315,1.80,P0|P1|P2|P3|P4|P5|P6|P7|P8|P9|P10|P11|P12|P13|P14|P15,0.831561,15,P15,P0,P13,P15,P7,P14,P0,P12,P15,P6,P14,P0,P11,P15,P5,P14,P0,P10,P15,P2
grating,315,1.80,P0|P1|P2|P3|P4|P5|P6|P7|P8|P9|P10|P11|P12|P13|P14|P15,0.831561,16,P0,P13,P15,P7,P14,P0,P12,P15,P6,P14,P0,P11,P15,P5,P14,P0,P10,P15,P2,P14
grating,315,1.80,P0|P1|P2|P3|P4|P5|P6|P7|P8|P9|P10|P11|P12|P13|P14|P15,0.831561,17,P13,P15,P7,P14,P0,P12,P15,P6,P14,P0,P11,P15,P5,P14,P0,P10,P15,P2,P14,P15
grating,315,1.80,P0|P1|P2|P3|P4|P5|P6|P7|P8|P9|P10|P11|P12|P13|P14|P15,0.831561,18,P15,P7,P14,P0,P12,P15,P6,P14,P0,P11,P15,P5,P14,P0,P10,P15,P2,P14,P15,P9
grating,315,1.80,P0|P1|P2|P3|P4|P5|P6|P7|P8|P9|P10|P11|P12|P13|P14|P15,0.831561,19,P7,P14,P0,P12,P15,P6,P14,P0,P11,P15,P5,P14,P0,P10,P15,P2,P14,P15,P9,P15
grating,135,1.90,P0|P1|P2|P3|P4|P5|P6|P7|P8|P9|P10|P11|P12|P13|P14|P15,0.831023,0,P12,P0,P15,P10,P0,P14,P7,P15,P13,P0,P15,P10,P0,P14,P7,P15,P13,P0,P15,P11
grating,135,1.90,P0|P1|P2|P3|P4|P5|P6|P7|P8|P9|P10|P11|P12|P13|P14|P15,0.831023,1,P0,P15,P10,P0,P14,P7,P15,P13,P0,P15,P10,P0,P14,P7,P15,P13,P0,P15,P11,P0
grating,135,1.90,P0|P1|P2|P3|P4|P5|P6|P7|P8|P9|P10|P11|P12|P13|P14|P15,0.831023,2,P15,P10,P0,P14,P7,P15,P13,P0,P15,P10,P0,P14,P7,P15,P13,P0,P15,P11,P0,P14
grating,135,1.90,P0|P1|P2|P3|P4|P5|P6|P7|P8|P9|P10|P11|P12|P13|P14|P15,0.831023,3,P10,P0,P14,P7,P15,P13,P0,P15,P10,P0,P14,P7,P15,P13,P0,P15,P11,P0,P14,P7
grating,135,1.90,P0|P1|P2|P3|P4|P5|P6|P7|P8|P9|P10|P11|P12|P13|P14|P15,0.831023,4,P0,P14,P7,P15,P13,P0,P15,P10,P0,P14,P7,P15,P13,P0,P15,P11,P0,P14,P7,P15
grating,135,1.90,P0|P1|P2|P3|P4|P5|P6|P7|P8|P9|P10|P11|P12|P13|P14|P15,0.831023,5,P14,P7,P15,P13,P0,P15,P10,P0,P14,P7,P15,P13,P0,P15,P11,P0,P14,P7,P15,P14
grating,135,1.90,P0|P1|P2|P3|P4|P5|P6|P7|P8|P9|P10|P11|P12|P13|P14|P15,0.831023,6,P7,P15,P13,P0,P15,P10,P0,P14,P7,P15,P13,P0,P15,P11,P0,P14,P7,P15,P14,P3
grating,135,1.90,P0|P1|P2|P3|P4|P5|P6|P7|P8|P9|P10|P11|P12|P13|P14|P15,0.831023,7,P15,P13,P0,P15,P10,P0,P14,P7,P15,P13,P0,P15,P11,P0,P14,P7,P15,P14,P3,P15
grating,135,1.90,P0|P1|P2|P3|P4|P5|P6|P7|P8|P9|P10|P11|P12|P13|P14|P15,0.831023,8,P13,P0,P15,P10,P0,P14,P7,P15,P13,P0,P15,P11,P0,P14,P7,P15,P14,P3,P15,P11
grating,135,1.90,P0|P1|P2|P3|P4|P5|P6|P7|P8|P9|P10|P11|P12|P13|P14|P15,0.831023,9,P0,P15,P10,P0,P14,P7,P15,P13,P0,P15,P11,P0,P14,P7,P15,P14,P3,P15,P11,P0
grating,135,1.90,P0|P1|P2|P3|P4|P5|P6|P7|P8|P9|P10|P11|P12|P13|P14|P15,0.831023,10,P15,P10,P0,P14,P7,P15,P13,P0,P15,P11,P0,P14,P7,P15,P14,P3,P15,P11,P0,P15
grating,135,1.90,P0|P1|P2|P3|P4|P5|P6|P7|P8|P9|P10|P11|P12|P13|P14|P15,0.831023,11,P10,P0,P14,P7,P15,P13,P0,P15,P11,P0,P14,P7,P15,P14,P3,P15,P11,P0,P15,P8
grating,135,1.90,P0|P1|P2|P3|P4|P5|P6|P7|P8|P9|P10|P11|P12|P13|P14|P15,0.831023,12,P0,P14,P7,P15,P13,P0,P15,P11,P0,P14,P7,P15,P14,P3,P15,P11,P0,P15,P8,P15
grating,135,1.90,P0|P1|P2|P3|P4|P5|P6|P7|P8|P9|P10|P11|P12|P13|P14|P15,0.831023,13,P14,P7,P15,P13,P0,P15,P11,P0,P14,P7,P15,P14,P3,P15,P11,P0,P15,P8,P15,P14
grating,135,1.90,P0|P1|P2|P3|P4|P5|P6|P7|P8|P9|P10|P11|P12|P13|P14|P15,0.831023,14,P7,P15,P13,P0,P15,P11,P0,P14,P7,P15,P14,P3,P15,P11,P0,P15,P8,P15,P14,P5
grating,135,1.90,P0|P1|P2|P3|P4|P5|P6|P7|P8|P9|P10|P11|P12|P13|P14|P15,0.831023,15,P15,P13,P0,P15,P11,P0,P14,P7,P15,P14,P3,P15,P11,P0,P15,P8,P15,P14,P5,P15
grating,135,1.90,P0|P1|P2|P3|P4|P5|P6|P7|P8|P9|P10|P11|P12|P13|P14|P15,0.831023,16,P13,P0,P15,P11,P0,P14,P7,P15,P14,P3,P15,P11,P0,P15,P8,P15,P14,P5,P15,P12
grating,135,1.90,P0|P1|P2|P3|P4|P5|P6|P7|P8|P9|P10|P11|P12|P13|P14|P15,0.831023,17,P0,P15,P11,P0,P14,P7,P15,P14,P3,P15,P11,P0,P15,P8,P15,P14,P5,P15,P12,P0
grating,135,1.90,P0|P1|P2|P3|P4|P5|P6|P7|P8|P9|P10|P11|P12|P13|P14|P15,0.831023,18,P15,P11,P0,P14,P7,P15,P14,P3,P15,P11,P0,P15,P8,P15,P14,P5,P15,P12,P0,P15
grating,135,1.90,P0|P1|P2|P3|P4|P5|P6|P7|P8|P9|P10|P11|P12|P13|P14|P15,0.831023,19,P11,P0,P14,P7,P15,P14,P3,P15,P11,P0,P15,P8,P15,P14,P5,P15,P12,P0,P15,P9
grating,315,1.90,P0|P1|P2|P3|P4|P5|P6|P7|P8|P9|P10|P11|P12|P13|P14|P15,0.831023,0,P9,P15,P0,P12,P15,P5,P14,P15,P8,P15,P0,P11,P15,P3,P14,P15,P7,P14,P0,P11
grating,315,1.90,P0|P1|P2|P3|P4|P5|P6|P7|P8|P9|P10|P11|P12|P13|P14|P15,0.831023,1,P15,P0,P12,P15,P5,P14,P15,P8,P15,P0,P11,P15,P3,P14,P15,P7,P14,P0,P11,P15
grating,315,1.90,P0|P1|P2|P3|P4|P5|P6|P7|P8|P9|P10|P11|P12|P13|P14|P15,0.831023,2,P0,P12,P15,P5,P14,P15,P8,P15,P0,P11,P15,P3,P14,P15,P7,P14,P0,P11,P15,P0
grating,315,1.90,P0|P1|P2|P3|P4|P5|P6|P7|P8|P9|P10|P11|P12|P13|P14|P15,0.831023,3,P12,P15,P5,P14,P15,P8,P15,P0,P11,P15,P3,P14,P15,P7,P14,P0,P11,P15,P0,P13
grating,315,1.90,P0|P1|P2|P3|P4|P5|P6|P7|P8|P9|P10|P11|P12|P13|P14|P15,0.831023,4,P15,P5,P14,P15,P8,P15,P0,P11,P15,P3,P14,P15,P7,P14,P0,P11,P15,P0,P13,P15
grating,315,1.90,P0|P1|P2|P3|P4|P5|P6|P7|P8|P9|P10|P11|P12|P13|P14|P15,0.831023,5,P5,P14,P15,P8,P15,P0,P11,P15,P3,P14,P15,P7,P14,P0,P11,P15,P0,P13,P15,P7
grating,315,1.90,P0|P1|P2|P3|P4|P5|P6|P7|P8|P9|P10|P11|P12|P13|P14|P15,0.831023,6,P14,P15,P8,P15,P0,P11,P15,P3,P14,P15,P7,P14,P0,P11,P15,P0,P13,P15,P7,P14
grating,315,1.90,P0|P1|P2|P3|P4|P5|P6|P7|P8|P9|P10|P11|P12|P13|P14|P15,0.831023,7,P15,P8,P15,P0,P11,P15,P3,P14,P15,P7,P14,P0,P11,P15,P0,P13,P15,P7,P14,P0
grating,315,1.90,P0|P1|P2|P3|P4|P5|P6|P7|P8|P9|P10|P11|P12|P13|P14|P15,0.831023,8,P8,P15,P0,P11,P15,P3,P14,P15,P7,P14,P0,P11,P15,P0,P13,P15,P7,P14,P0,P10
grating,315,1.90,P0|P1|P2|P3|P4|P5|P6|P7|P8|P9|P10|P11|P12|P13|P14|P15,0.831023,9,P15,P0,P11,P15,P3,P14,P15,P7,P14,P0,P11,P15,P0,P13,P15,P7,P14,P0,P10,P15
grating,315,1.90,P0|P1|P2|P3|P4|P5|P6|P7|P8|P9|P10|P11|P12|P13|P14|P15,0.831023,10,P0,P11,P15,P3,P14,P15,P7,P14,P0,P11,P15,P0,P13,P15,P7,P14,P0,P10,P15,P0
grating,315,1.90,P0|P1|P2|P3|P4|P5|P6|P7|P8|P9|P10|P11|P12|P13|P14|P15,0.831023,11,P11,P15,P3,P14,P15,P7,P14,P0,P11,P15,P0,P13,P15,P7,P14,P0,P10,P15,P0,P13
grating,315,1.90,P0|P1|P2|P3|P4|P5|P6|P7|P8|P9|P10|P11|P12|P13|P14|P15,0.831023,12,P15,P3,P14,P15,P7,P14,P0,P11,P15,P0,P13,P15,P7,P14,P0,P10,P15,P0,P13,P15
grating,315,1.90,P0|P1|P2|P3|P4|P5|P6|P7|P8|P9|P10|P11|P12|P13|P14|P15,0.831023,13,P3,P14,P15,P7,P14,P0,P11,P15,P0,P13,P15,P7,P14,P0,P10,P15,P0,P13,P15,P7
grating,315,1.90,P0|P1|P2|P3|P4|P5|P6|P7|P8|P9|P10|P11|P12|P13|P14|P15,0.831023,14,P14,P15,P7,P14,P0,P11,P15,P0,P13,P15,P7,P14,P0,P10,P15,P0,P13,P15,P7,P14
grating,315,1.90,P0|P1|P2|P3|P4|P5|P6|P7|P8|P9|P10|P11|P12|P13|P14|P15,0.831023,15,P15,P7,P14,P0,P11,P15,P0,P13,P15,P7,P14,P0,P10,P15,P0,P13,P15,P7,P14,P0
grating,315,1.90,P0|P1|P2|P3|P4|P5|P6|P7|P8|P9|P10|P11|P12|P13|P14|P15,0.831023,16,P7,P14,P0,P11,P15,P0,P13,P15,P7,P14,P0,P10,P15,P0,P13,P15,P7,P14,P0,P10
grating,315,1.90,P0|P1|P2|P3|P4|P5|P6|P7|P8|P9|P10|P11|P12|P13|P14|P15,0.831023,17,P14,P0,P11,P15,P0,P13,P15,P7,P14,P0,P10,P15,P0,P13,P15,P7,P14,P0,P10,P15
grating,315,1.90,P0|P1|P2|P3|P4|P5|P6|P7|P8|P9|P10|P11|P12|P13|P14|P15,0.831023,18,P0,P11,P15,P0,P13,P15,P7,P14,P0,P10,P15,P0,P13,P15,P7,P14,P0,P10,P15,P0
grating,315,1.90,P0|P1|P2|P3|P4|P5|P6|P7|P8|P9|P10|P11|P12|P13|P14|P15,0.831023,19,P11,P15,P0,P13,P15,P7,P14,P0,P10,P15,P0,P13,P15,P7,P14,P0,P10,P15,P0,P12
grating,135,2.00,P0|P1|P2|P3|P4|P5|P6|P7|P8|P9|P10|P11|P12|P13|P14|P15,0.831034,0,P14,P4,P15,P12,P0,P15,P11,P0,P15,P10,P0,P14,P7,P15,P14,P6,P15,P13,P3,P15
grating,135,2.00,P0|P1|P2|P3|P4|P5|P6|P7|P8|P9|P10|P11|P12|P13|P14|P15,0.831034,1,P4,P15,P12,P0,P15,P11,P0,P15,P10,P0,P14,P7,P15,P14,P6,P15,P13,P3,P15,P12
grating,135,2.00,P0|P1|P2|P3|P4|P5|P6|P7|P8|P9|P10|P11|P12|P13|P14|P15,0.831034,2,P15,P12,P0,P15,P11,P0,P15,P10,P0,P14,P7,P15,P14,P6,P15,P13,P3,P15,P12,P0
grating,135,2.00,P0|P1|P2|P3|P4|P5|P6|P7|P8|P9|P10|P11|P12|P13|P14|P15,0.831034,3,P12,P0,P15,P11,P0,P15,P10,P0,P14,P7,P15,P14,P6,P15,P13,P3,P15,P12,P0,P15
grating,135,2.00,P0|P1|P2|P3|P4|P5|P6|P7|P8|P9|P10|P11|P12|P13|P14|P15,0.831034,4,P0,P15,P11,P0,P15,P10,P0,P14,P7,P15,P14,P6,P15,P13,P3,P15,P12,P0,P15,P11
grating,135,2.00,P0|P1|P2|P3|P4|P5|P6|P7|P8|P9|P10|P11|P12|P13|P14|P15,0.831034,5,P15,P11,P0,P15,P10,P0,P14,P7,P15,P14,P6,P15,P13,P3,P15,P12,P0,P15,P11,P0
grating,135,2.00,P0|P1|P2|P3|P4|P5|P6|P7|P8|P9|P10|P11|P12|P13|P14|P15,0.831034,6,P11,P0,P15,P10,P0,P14,P7,P15,P14,P6,P15,P13,P3,P15,P12,P0,P15,P11,P0,P15
grating,135,2.00,P0|P1|P2|P3|P4|P5|P6|P7|P8|P9|P10|P11|P12|P13|P14|P15,0.831034,7,P0,P15,P10,P0,P14,P7,P15,P14,P6,P15,P13,P3,P15,P12,P0,P15,P11,P0,P15,P9
grating,135,2.00,P0|P1|P2|P3|P4|P5|P6|P7|P8|P9|P10|P11|P12|P13|P14|P15,0.831034,8,P15,P10,P0,P14,P7,P15,P14,P6,P15,P13,P3,P15,P12,P0,P15,P11,P0,P15,P9,P0
grating,135,2.00,P0|P1|P2|P3|P4|P5|P6|P7|P8|P9|P10|P11|P12|P13|P14|P15,0.831034,9,P10,P0,P14,P7,P15,P14,P6,P15,P13,P3,P15,P12,P0,P15,P11,P0,P15,P9,P0,P14
grating,135,2.00,P0|P1|P2|P3|P4|P5|P6|P7|P8|P9|P10|P11|P12|P13|P14|P15,0.831034,10,P0,P14,P7,P15,P14,P6,P15,P13,P3,P15,P12,P0,P15,P11,P0,P15,P9,P0,P14,P7
grating,135,2.00,P0|P1|P2|P3|P4|P5|P6|P7|P8|P9|P10|P11|P12|P13|P14|P15,0.831034,11,P14,P7,P15,P14,P6,P15,P13,P3,P15,P12,P0,P15,P11,P0,P15,P9,P0,P14,P7,P15
grating,135,2.00,P0|P1|P2|P3|P4|P5|P6|P7|P8|P9|P10|P11|P12|P13|P14|P15,0.831034,12,P7,P15,P14,P6,P15,P13,P3,P15,P12,P0,P15,P11,P0,P15,P9,P0,P14,P7,P15,P14
grating,135,2.00,P0|P1|P2|P3|P4|P5|P6|P7|P8|P9|P10|P11|P12|P13|P14|P15,0.831034,13,P15,P14,P6,P15,P13,P3,P15,P12,P0,P15,P11,P0,P15,P9,P0,P14,P7,P15,P14,P6
grating,135,2.00,P0|P1|P2|P3|P4|P5|P6|P7|P8|P9|P10|P11|P12|P13|P14|P15,0.831034,14,P14,P6,P15,P13,P3,P15,P12,P0,P15,P11,P0,P15,P9,P0,P14,P7,P15,P14,P6,P15
grating,135,2.00,P0|P1|P2|P3|P4|P5|P6|P7|P8|P9|P10|P11|P12|P13|P14|P15,0.831034,15,P6,P15,P13,P3,P15,P12,P0,P15,P11,P0,P15,P9,P0,P14,P7,P15,P14,P6,P15,P13
grating,135,2.00,P0|P1|P2|P3|P4|P5|P6|P7|P8|P9|P10|P11|P12|P13|P14|P15,0.831034,16,P15,P13,P3,P15,P12,P0,P15,P11,P0,P15,P9,P0,P14,P7,P15,P14,P6,P15,P13,P2
grating,135,2.00,P0|P1|P2|P3|P4|P5|P6|P7|P8|P9|P10|P11|P12|P13|P14|P15,0.831034,17,P13,P3,P15,P12,P0,P15,P11,P0,P15,P9,P0,P14,P7,P15,P14,P6,P15,P13,P2,P15
grating,135,2.00,P0|P1|P2|P3|P4|P5|P6|P7|P8|P9|P10|P11|P12|P13|P14|P15,0.831034,18,P3,P15,P12,P0,P15,P11,P0,P15,P9,P0,P14,P7,P15,P14,P6,P15,P13,P2,P15,P12
grating,135,2.00,P0|P1|P2|P3|P4|P5|P6|P7|P8|P9|P10|P11|P12|P13|P14|P15,0.831034,19,P15,P12,P0,P15,P11,P0,P15,P9,P0,P14,P7,P15,P14,P6,P15,P13,P2,P15,P12,P0
grating,315,2.00,P0|P1|P2|P3|P4|P5|P6|P7|P8|P9|P10|P11|P12|P13|P14|P15,0.831034,0,P0,P12,P15,P2,P13,P15,P6,P14,P15,P7,P14,P0,P9,P15,P0,P11,P15,P0,P12,P15
grating,315,2.00,P0|P1|P2|P3|P4|P5|P6|P7|P8|P9|P10|P11|P12|P13|P14|P15,0.831034,1,P12,P15,P2,P13,P15,P6,P14,P15,P7,P14,P0,P9,P15,P0,P11,P15,P0,P12,P15,P3
grating,315,2.00,P0|P1|P2|P3|P4|P5|P6|P7|P8|P9|P10|P11|P12|P13|P14|P15,0.831034,2,P15,P2,P13,P15,P6,P14,P15,P7,P14,P0,P9,P15,P0,P11,P15,P0,P12,P15,P3,P13
grating,315,2.00,P0|P1|P2|P3|P4|P5|P6|P7|P8|P9|P10|P11|P12|P13|P14|P15,0.831034,3,P2,P13,P15,P6,P14,P15,P7,P14,P0,P9,P15,P0,P11,P15,P0,P12,P15,P3,P13,P15
grating,315,2.00,P0|P1|P2|P3|P4|P5|P6|P7|P8|P9|P10|P11|P12|P13|P14|P15,0.831034,4,P13,P15,P6,P14,P15,P7,P14,P0,P9,P15,P0,P11,P15,P0,P12,P15,P3,P13,P15,P6
grating,315,2.00,P0|P1|P2|P3|P4|P5|P6|P7|P8|P9|P10|P11|P12|P13|P14|P15,0.831034,5,P15,P6,P14,P15,P7,P14,P0,P9,P15,P0,P11,P15,P0,P12,P15,P3,P13,P15,P6,P14
grating,315,2.00,P0|P1|P2|P3|P4|P5|P6|P7|P8|P9|P10|P11|P12|P13|P14|P15,0.831034,6,P6,P14,P15,P7,P14,P0,P9,P15,P0,P11,P15,P0,P12,P15,P3,P13,P15,P6,P14,P15
grating,315,2.00,P0|P1|P2|P3|P4|P5|P6|P7|P8|P9|P10|P11|P12|P13|P14|P15,0.831034,7,P14,P15,P7,P14,P0,P9,P15,P0,P11,P15,P0,P12,P15,P3,P13,P15,P6,P14,P15,P7
grating,315,2.00,P0|P1|P2|P3|P4|P5|P6|P7|P8|P9|P10|P11|P12|P13|P14|P15,0.831034,8,P15,P7,P14,P0,P9,P15,P0,P11,P15,P0,P12,P15,P3,P13,P15,P6,P14,P15,P7,P14
grating,315,2.00,P0|P1|P2|P3|P4|P5|P6|P7|P8|P9|P10|P11|P12|P13|P14|P15,0.831034,9,P7,P14,P0,P9,P15,P0,P11,P15,P0,P12,P15,P3,P13,P15,P6,P14,P15,P7,P14,P0
grating,315,2.00,P0|P1|P2|P3|P4|P5|P6|P7|P8|P9|P10|P11|P12|P13|P14|P15,0.831034,10,P14,P0,P9,P15,P0,P11,P15,P0,P12,P15,P3,P13,P15,P6,P14,P15,P7,P14,P0,P10
grating,315,2.00,P0|P1|P2|P3|P4|P5|P6|P7|P8|P9|P10|P11|P12|P13|P14|P15,0.831034,11,P0,P9,P15,P0,P11,P15,P0,P12,P15,P3,P13,P15,P6,P14,P15,P7,P14,P0,P10,P15
grating,315,2.00,P0|P1|P2|P3|P4|P5|P6|P7|P8|P9|P10|P11|P12|P13|P14|P15,0.831034,12,P9,P15,P0,P11,P15,P0,P12,P15,P3,P13,P15,P6,P14,P15,P7,P14,P0,P10,P15,P0
grating,315,2.00,P0|P1|P2|P3|P4|P5|P6|P7|P8|P9|P10|P11|P12|P13|P14|P15,0.831034,13,P15,P0,P11,P15,P0,P12,P15,P3,P13,P15,P6,P14,P15,P7,P14,P0,P10,P15,P0,P11
grating,315,2.00,P0|P1|P2|P3|P4|P5|P6|P7|P8|P9|P10|P11|P12|P13|P14|P15,0.831034,14,P0,P11,P15,P0,P12,P15,P3,P13,P15,P6,P14,P15,P7,P14,P0,P10,P15,P0,P11,P15
grating,315,2.00,P0|P1|P2|P3|P4|P5|P6|P7|P8|P9|P10|P11|P12|P13|P14|P15,0.831034,15,P11,P15,P0,P12,P15,P3,P13,P15,P6,P14,P15,P7,P14,P0,P10,P15,P0,P11,P15,P0
grating,315,2.00,P0|P1|P2|P3|P4|P5|P6|P7|P8|P9|P10|P11|P12|P13|P14|P15,0.831034,16,P15,P0,P12,P15,P3,P13,P15,P6,P14,P15,P7,P14,P0,P10,P15,P0,P11,P15,P0,P12
grating,315,2.00,P0|P1|P2|P3|P4|P5|P6|P7|P8|P9|P10|P11|P12|P13|P14|P15,0.831034,17,P0,P12,P15,P3,P13,P15,P6,P14,P15,P7,P14,P0,P10,P15,P0,P11,P15,P0,P12,P15
grating,315,2.00,P0|P1|P2|P3|P4|P5|P6|P7|P8|P9|P10|P11|P12|P13|P14|P15,0.831034,18,P12,P15,P3,P13,P15,P6,P14,P15,P7,P14,P0,P10,P15,P0,P11,P15,P0,P12,P15,P4
grating,315,2.00,P0|P1|P2|P3|P4|P5|P6|P7|P8|P9|P10|P11|P12|P13|P14|P15,0.831034,19,P15,P3,P13,P15,P6,P14,P15,P7,P14,P0,P10,P15,P0,P11,P15,P0,P12,P15,P4,P14
grating,135,2.10,P0|P1|P2|P3|P4|P5|P6|P7|P8|P9|P10|P11|P12|P13|P14|P15,0.831072,0,P15,P10,P0,P15,P10,P0,P15,P10,P0,P15,P9,P0,P14,P9,P0,P14,P8,P0,P14,P8
grating,135,2.10,P0|P1|P2|P3|P4|P5|P6|P7|P8|P9|P10|P11|P12|P13|P14|P15,0.831072,1,P10,P0,P15,P10,P0,P15,P10,P0,P15,P9,P0,P14,P9,P0,P14,P8,P0,P14,P8,P0
grating,135,2.10,P0|P1|P2|P3|P4|P5|P6|P7|P8|P9|P10|P11|P12|P13|P14|P15,0.831072,2,P0,P15,P10,P0,P15,P10,P0,P15,P9,P0,P14,P9,P0,P14,P8,P0,P14,P8,P0,P14
grating,135,2.10,P0|P1|P2|P3|P4|P5|P6|P7|P8|P9|P10|P11|P12|P13|P14|P15,0.831072,3,P15,P10,P0,P15,P10,P0,P15,P9,P0,P14,P9,P0,P14,P8,P0,P14,P8,P0,P14,P8
grating,135,2.10,P0|P1|P2|P3|P4|P5|P6|P7|P8|P9|P10|P11|P12|P13|P14|P15,0.831072,4,P10,P0,P15,P10,P0,P15,P9,P0,P14,P9,P0,P14,P8,P0,P14,P8,P0,P14,P8,P15
grating,135,2.10,P0|P1|P2|P3|P4|P5|P6|P7|P8|P9|P10|P11|P12|P13|P14|P15,0.831072,5,P0,P15,P10,P0,P15,P9,P0,P14,P9,P0,P14,P8,P0,P14,P8,P0,P14,P8,P15,P14
grating,135,2.10,P0|P1|P2|P3|P4|P5|P6|P7|P8|P9|P10|P11|P12|P13|P14|P15,0.831072,6,P15,P10,P0,P15,P9,P0,P14,P9,P0,P14,P8,P0,P14,P8,P0,P14,P8,P15,P14,P8
grating,135,2.10,P0|P1|P2|P3|P4|P5|P6|P7|P8|P9|P10|P11|P12|P13|P14|P15,0.831072,7,P10,P0,P15,P9,P0,P14,P9,P0,P14,P8,P0,P14,P8,P0,P14,P8,P15,P14,P8,P15
grating,135,2.10,P0|P1|P2|P3|P4|P5|P6|P7|P8|P9|P10|P11|P12|P13|P14|P15,0.831072,8,P0,P15,P9,P0,P14,P9,P0,P14,P8,P0,P14,P8,P0,P14,P8,P15,P14,P8,P15,P14
grating,135,2.10,P0|P1|P2|P3|P4|P5|P6|P7|P8|P9|P10|P11|P12|P13|P14|P15,0.831072,9,P15,P9,P0,P14,P9,P0,P14,P8,P0,P14,P8,P0,P14,P8,P15,P14,P8,P15,P14,P7
grating,135,2.10,P0|P1|P2|P3|P4|P5|P6|P7|P8|P9|P10|P11|P12|P13|P14|P15,0.831072,10,P9,P0,P14,P9,P0,P14,P8,P0,P14,P8,P0,P14,P8,P15,P14,P8,P15,P14,P7,P15
grating,135,2.10,P0|P1|P2|P3|P4|P5|P6|P7|P8|P9|P10|P11|P12|P13|P14|P15,0.831072,11,P0,P14,P9,P0,P14,P8,P0,P14,P8,P0,P14,P8,P15,P14,P8,P15,P14,P7,P15,P14
grating,135,2.10,P0|P1|P2|P3|P4|P5|P6|P7|P8|P9|P10|P11|P12|P13|P14|P15,0.831072,12,P14,P9,P0,P14,P8,P0,P14,P8,P0,P14,P8,P15,P14,P8,P15,P14,P7,P15,P14,P7
grating,135,2.10,P0|P1|P2|P3|P4|P5|P6|P7|P8|P9|P10|P11|P12|P13|P14|P15,0.831072,13,P9,P0,P14,P8,P0,P14,P8,P0,P14,P8,P15,P14,P8,P15,P14,P7,P15,P14,P7,P15
grating,135,2.10,P0|P1|P2|P3|P4|P5|P6|P7|P8|P9|P10|P11|P12|P13|P14|P15,0.831072,14,P0,P14,P8,P0,P14,P8,P0,P14,P8,P15,P14,P8,P15,P14,P7,P15,P14,P7,P15,P14
grating,135,2.10,P0|P1|P2|P3|P4|P5|P6|P7|P8|P9|P10|P11|P12|P13|P14|P15,0.831072,15,P14,P8,P0,P14,P8,P0,P14,P8,P15,P14,P8,P15,P14,P7,P15,P14,P7,P15,P14,P7
grating,135,2.10,P0|P1|P2|P3|P4|P5|P6|P7|P8|P9|P10|P11|P12|P13|P14|P15,0.831072,16,P8,P0,P14,P8,P0,P14,P8,P15,P14,P8,P15,P14,P7,P15,P14,P7,P15,P14,P7,P15
grating,135,2.10,P0|P1|P2|P3|P4|P5|P6|P7|P8|P9|P10|P11|P12|P13|P14|P15,0.831072,17,P0,P14,P8,P0,P14,P8,P15,P14,P8,P15,P14,P7,P15,P14,P7,P15,P14,P7,P15,P14
grating,135,2.10,P0|P1|P2|P3|P4|P5|P6|P7|P8|P9|P10|P11|P12|P13|P14|P15,0.831072,18,P14,P8,P0,P14,P8,P15,P14,P8,P15,P14,P7,P15,P14,P7,P15,P14,P7,P15,P14,P7
grating,135,2.10,P0|P1|P2|P3|P4|P5|P6|P7|P8|P9|P10|P11|P12|P13|P14|P15,0.831072,19,P8,P0,P14,P8,P15,P14,P8,P15,P14,P7,P15,P14,P7,P15,P14,P7,P15,P14,P7,P15
grating,315,2.10,P0|P1|P2|P3|P4|P5|P6|P7|P8|P9|P10|P11|P12|P13|P14|P15,0.831072,0,P15,P7,P14,P15,P7,P14,P15,P7,P14,P15,P7,P14,P15,P8,P14,P15,P8,P14,P0,P8
grating,315,2.10,P0|P1|P2|P3|P4|P5|P6|P7|P8|P9|P10|P11|P12|P13|P14|P15,0.831072,1,P7,P14,P15,P7,P14,P15,P7,P14,P15,P7,P14,P15,P8,P14,P15,P8,P14,P0,P8,P14
grating,315,2.10,P0|P1|P2|P3|P4|P5|P6|P7|P8|P9|P10|P11|P12|P13|P14|P15,0.831072,2,P14,P15,P7,P14,P15,P7,P14,P15,P7,P14,P15,P8,P14,P15,P8,P14,P0,P8,P14,P0
grating,315,2.10,P0|P1|P2|P3|P4|P5|P6|P7|P8|P9|P10|P11|P12|P13|P14|P15,0.831072,3,P15,P7,P14,P15,P7,P14,P15,P7,P14,P15,P8,P14,P15,P8,P14,P0,P8,P14,P0,P8
grating,315,2.10,P0|P1|P2|P3|P4|P5|P6|P7|P8|P9|P10|P11|P12|P13|P14|P15,0.831072,4,P7,P14,P15,P7,P14,P15,P7,P14,P15,P8,P14,P15,P8,P14,P0,P8,P14,P0,P8,P14
grating,315,2.10,P0|P1|P2|P3|P4|P5|P6|P7|P8|P9|P10|P11|P12|P13|P14|P15,0.831072,5,P14,P15,P7,P14,P15,P7,P14,P15,P8,P14,P15,P8,P14,P0,P8,P14,P0,P8,P14,P0
grating,315,2.10,P0|P1|P2|P3|P4|P5|P6|P7|P8|P9|P10|P11|P12|P13|P14|P15,0.831072,6,P15,P7,P14,P15,P7,P14,P15,P8,P14,P15,P8,P14,P0,P8,P14,P0,P8,P14,P0,P9
grating,315,2.10,P0|P1|P2|P3|P4|P5|P6|P7|P8|P9|P10|P11|P12|P13|P14|P15,0.831072,7,P7,P14,P15,P7,P14,P15,P8,P14,P15,P8,P14,P0,P8,P14,P0,P8,P14,P0,P9,P14
grating,315,2.10,P0|P1|P2|P3|P4|P5|P6|P7|P8|P9|P10|P11|P12|P13|P14|P15,0.831072,8,P14,P15,P7,P14,P15,P8,P14,P15,P8,P14,P0,P8,P14,P0,P8,P14,P0,P9,P14,P0
grating,315,2.10,P0|P1|P2|P3|P4|P5|P6|P7|P8|P9|P10|P11|P12|P13|P14|P15,0.831072,9,P15,P7,P14,P15,P8,P14,P15,P8,P14,P0,P8,P14,P0,P8,P14,P0,P9,P14,P0,P9
grating,315,2.10,P0|P1|P2|P3|P4|P5|P6|P7|P8|P9|P10|P11|P12|P13|P14|P15,0.831072,10,P7,P14,P15,P8,P14,P15,P8,P14,P0,P8,P14,P0,P8,P14,P0,P9,P14,P0,P9,P15
grating,315,2.10,P0|P1|P2|P3|P4|P5|P6|P7|P8|P9|P10|P11|P12|P13|P14|P15,0.831072,11,P14,P15,P8,P14,P15,P8,P14,P0,P8,P14,P0,P8,P14,P0,P9,P14,P0,P9,P15,P0
grating,315,2.10,P0|P1|P2|P3|P4|P5|P6|P7|P8|P9|P10|P11|P12|P13|P14|P15,0.831072,12,P15,P8,P14,P15,P8,P14,P0,P8,P14,P0,P8,P14,P0,P9,P14,P0,P9,P15,P0,P10
grating,315,2.10,P0|P1|P2|P3|P4|P5|P6|P7|P8|P9|P10|P11|P12|P13|P14|P15,0.831072,13,P8,P14,P15,P8,P14,P0,P8,P14,P0,P8,P14,P0,P9,P14,P0,P9,P15,P0,P10,P15
grating,315,2.10,P0|P1|P2|P3|P4|P5|P6|P7|P8|P9|P10|P11|P12|P13|P14|P15,0.831072,14,P14,P15,P8,P14,P0,P8,P14,P0,P8,P14,P0,P9,P14,P0,P9,P15,P0,P10,P15,P0
grating,315,2.10,P0|P1|P2|P3|P4|P5|P6|P7|P8|P9|P10|P11|P12|P13|P14|P15,0.831072,15,P15,P8,P14,P0,P8,P14,P0,P8,P14,P0,P9,P14,P0,P9,P15,P0,P10,P15,P0,P10
grating,315,2.10,P0|P1|P2|P3|P4|P5|P6|P7|P8|P9|P10|P11|P12|P13|P14|P15,0.831072,16,P8,P14,P0,P8,P14,P0,P8,P14,P0,P9,P14,P0,P9,P15,P0,P10,P15,P0,P10,P15
grating,315,2.10,P0|P1|P2|P3|P4|P5|P6|P7|P8|P9|P10|P11|P12|P13|P14|P15,0.831072,17,P14,P0,P8,P14,P0,P8,P14,P0,P9,P14,P0,P9,P15,P0,P10,P15,P0,P10,P15,P0
grating,315,2.10,P0|P1|P2|P3|P4|P5|P6|P7|P8|P9|P10|P11|P12|P13|P14|P15,0.831072,18,P0,P8,P14,P0,P8,P14,P0,P9,P14,P0,P9,P15,P0,P10,P15,P0,P10,P15,P0,P10
grating,315,2.10,P0|P1|P2|P3|P4|P5|P6|P7|P8|P9|P10|P11|P12|P13|P14|P15,0.831072,19,P8,P14,P0,P8,P14,P0,P9,P14,P0,P9,P15,P0,P10,P15,P0,P10,P15,P0,P10,P15
grating,135,2.20,P0|P1|P2|P3|P4|P5|P6|P7|P8|P9|P10|P11|P12|P13|P14|P15,0.832060,0,P14,P7,P15,P14,P8,P0,P14,P9,P0,P15,P10,P0,P15,P11,P0,P15,P12,P0,P15,P13
grating,135,2.20,P0|P1|P2|P3|P4|P5|P6|P7|P8|P9|P10|P11|P12|P13|P14|P15,0.832060,1,P7,P15,P14,P8,P0,P14,P9,P0,P15,P10,P0,P15,P11,P0,P15,P12,P0,P15,P13,P2
grating,135,2.20,P0|P1|P2|P3|P4|P5|P6|P7|P8|P9|P10|P11|P12|P13|P14|P15,0.832060,2,P15,P14,P8,P0,P14,P9,P0,P15,P10,P0,P15,P11,P0,P15,P12,P0,P15,P13,P2,P15
grating,135,2.20,P0|P1|P2|P3|P4|P5|P6|P7|P8|P9|P10|P11|P12|P13|P14|P15,0.832060,3,P14,P8,P0,P14,P9,P0,P15,P10,P0,P15,P11,P0,P15,P12,P0,P15,P13,P2,P15,P13
grating,135,2.20,P0|P1|P2|P3|P4|P5|P6|P7|P8|P9|P10|P11|P12|P13|P14|P15,0.832060,4,P8,P0,P14,P9,P0,P15,P10,P0,P15,P11,P0,P15,P12,P0,P15,P13,P2,P15,P13,P5
grating,135,2.20,P0|P1|P2|P3|P4|P5|P6|P7|P8|P9|P10|P11|P12|P13|P14|P15,0.832060,5,P0,P14,P9,P0,P15,P10,P0,P15,P11,P0,P15,P12,P0,P15,P13,P2,P15,P13,P5,P15
grating,135,2.20,P0|P1|P2|P3|P4|P5|P6|P7|P8|P9|P10|P11|P12|P13|P14|P15,0.832060,6,P14,P9,P0,P15,P10,P0,P15,P11,P0,P15,P12,P0,P15,P13,P2,P15,P13,P5,P15,P14
grating,135,2.20,P0|P1|P2|P3|P4|P5|P6|P7|P8|P9|P10|P11|P12|P13|P14|P15,0.832060,7,P9,P0,P15,P10,P0,P15,P11,P0,P15,P12,P0,P15,P13,P2,P15,P13,P5,P15,P14,P6
grating,135,2.20,P0|P1|P2|P3|P4|P5|P6|P7|P8|P9|P10|P11|P12|P13|P14|P15,0.832060,8,P0,P15,P10,P0,P15,P11,P0,P15,P12,P0,P15,P13,P2,P15,P13,P5,P15,P14,P6,P15
grating,135,2.20,P0|P1|P2|P3|P4|P5|P6|P7|P8|P9|P10|P11|P12|P13|P14|P15,0.832060,9,P15,P10,P0,P15,P11,P0,P15,P12,P0,P15,P13,P2,P15,P13,P5,P15,P14,P6,P15,P14
grating,135,2.20,P0|P1|P2|P3|P4|P5|P6|P7|P8|P9|P10|P11|P12|P13|P14|P15,0.832060,10,P10,P0,P15,P11,P0,P15,P12,P0,P15,P13,P2,P15,P13,P5,P15,P14,P6,P15,P14,P7
grating,135,2.20,P0|P1|P2|P3|P4|P5|P6|P7|P8|P9|P10|P11|P12|P13|P14|P15,0.832060,11,P0,P15,P11,P0,P15,P12,P0,P15,P13,P2,P15,P13,P5,P15,P14,P6,P15,P14,P7,P15
grating,135,2.20,P0|P1|P2|P3|P4|P5|P6|P7|P8|P9|P10|P11|P12|P13|P14|P15,0.832060,12,P15,P11,P0,P15,P12,P0,P15,P13,P2,P15,P13,P5,P15,P14,P6,P15,P14,P7,P15,P14
grating,135,2.20,P0|P1|P2|P3|P4|P5|P6|P7|P8|P9|P10|P11|P12|P13|P14|P15,0.832060,13,P11,P0,P15,P12,P0,P15,P13,P2,P15,P13,P5,P15,P14,P6,P15,P14,P7,P15,P14,P8
grating,135,2.20,P0|P1|P2|P3|P4|P5|P6|P7|P8|P9|P10|P11|P12|P13|P14|P15,0.832060,14,P0,P15,P12,P0,P15,P13,P2,P15,P13,P5,P15,P14,P6,P15,P14,P7,P15,P14,P8,P0
grating,135,2.20,P0|P1|P2|P3|P4|P5|P6|P7|P8|P9|P10|P11|P12|P13|P14|P15,0.832060,15,P15,P12,P0,P15,P13,P2,P15,P13,P5,P15,P14,P6,P15,P14,P7,P15,P14,P8,P0,P14
grating,135,2.20,P0|P1|P2|P3|P4|P5|P6|P7|P8|P9|P10|P11|P12|P13|P14|P15,0.832060,16,P12,P0,P15,P13,P2,P15,P13,P5,P15,P14,P6,P15,P14,P7,P15,P14,P8,P0,P14,P9
grating,135,2.20,P0|P1|P2|P3|P4|P5|P6|P7|P8|P9|P10|P11|P12|P13|P14|P15,0.832060,17,P0,P15,P13,P2,P15,P13,P5,P15,P14,P6,P15,P14,P7,P15,P14,P8,P0,P14,P9,P0
grating,135,2.20,P0|P1|P2|P3|P4|P5|P6|P7|P8|P9|P10|P11|P12|P13|P14|P15,0.832060,18,P15,P13,P2,P15,P13,P5,P15,P14,P6,P15,P14,P7,P15,P14,P8,P0,P14,P9,P0,P15
grating,135,2.20,P0|P1|P2|P3|P4|P5|P6|P7|P8|P9|P10|P11|P12|P13|P14|P15,0.832060,19,P13,P2,P15,P13,P5,P15,P14,P6,P15,P14,P7,P15,P14,P8,P0,P14,P9,P0,P15,P10
grating,315,2.20,P0|P1|P2|P3|P4|P5|P6|P7|P8|P9|P10|P11|P12|P13|P14|P15,0.832060,0,P10,P15,P0,P9,P14,P0,P8,P14,P15,P7,P14,P15,P6,P14,P15,P5,P13,P15,P2,P13
grating,315,2.20,P0|P1|P2|P3|P4|P5|P6|P7|P8|P9|P10|P11|P12|P13|P14|P15,0.832060,1,P15,P0,P9,P14,P0,P8,P14,P15,P7,P14,P15,P6,P14,P15,P5,P13,P15,P2,P13,P15
grating,315,2.20,P0|P1|P2|P3|P4|P5|P6|P7|P8|P9|P10|P11|P12|P13|P14|P15,0.832060,2,P0,P9,P14,P0,P8,P14,P15,P7,P14,P15,P6,P14,P15,P5,P13,P15,P2,P13,P15,P0
grating,315,2.20,P0|P1|P2|P3|P4|P5|P6|P7|P8|P9|P10|P11|P12|P13|P14|P15,0.832060,3,P9,P14,P0,P8,P14,P15,P7,P14,P15,P6,P14,P15,P5,P13,P15,P2,P13,P15,P0,P12
grating,315,2.20,P0|P1|P2|P3|P4|P5|P6|P7|P8|P9|P10|P11|P12|P13|P14|P15,0.832060,4,P14,P0,P8,P14,P15,P7,P14,P15,P6,P14,P15,P5,P13,P15,P2,P13,P15,P0,P12,P15
grating,315,2.20,P0|P1|P2|P3|P4|P5|P6|P7|P8|P9|P10|P11|P12|P13|P14|P15,0.832060,5,P0,P8,P14,P15,P7,P14,P15,P6,P14,P15,P5,P13,P15,P2,P13,P15,P0,P12,P15,P0
grating,315,2.20,P0|P1|P2|P3|P4|P5|P6|P7|P8|P9|P10|P11|P12|P13|P14|P15,0.832060,6,P8,P14,P15,P7,P14,P15,P6,P14,P15,P5,P13,P15,P2,P13,P15,P0,P12,P15,P0,P11
grating,315,2.20,P0|P1|P2|P3|P4|P5|P6|P7|P8|P9|P10|P11|P12|P13|P14|P15,0.832060,7,P14,P15,P7,P14,P15,P6,P14,P15,P5,P13,P15,P2,P13,P15,P0,P12,P15,P0,P11,P15
grating,315,2.20,P0|P1|P2|P3|P4|P5|P6|P7|P8|P9|P10|P11|P12|P13|P14|P15,0.832060,8,P15,P7,P14,P15,P6,P14,P15,P5,P13,P15,P2,P13,P15,P0,P12,P15,P0,P11,P15,P0
grating,315,2.20,P0|P1|P2|P3|P4|P5|P6|P7|P8|P9|P10|P11|P12|P13|P14|P15,0.832060,9,P7,P14,P15,P6,P14,P15,P5,P13,P15,P2,P13,P15,P0,P12,P15,P0,P11,P15,P0,P10
grating,315,2.20,P0|P1|P2|P3|P4|P5|P6|P7|P8|P9|P10|P11|P12|P13|P14|P15,0.832060,10,P14,P15,P6,P14,P15,P5,P13,P15,P2,P13,P15,P0,P12,P15,P0,P11,P15,P0,P10,P15
grating,315,2.20,P0|P1|P2|P3|P4|P5|P6|P7|P8|P9|P10|P11|P12|P13|P14|P15,0.832060,11,P15,P6,P14,P15,P5,P13,P15,P2,P13,P15,P0,P12,P15,P0,P11,P15,P0,P10,P15,P0
grating,315,2.20,P0|P1|P2|P3|P4|P5|P6|P7|P8|P9|P10|P11|P12|P13|P14|P15,0.832060,12,P6,P14,P15,P5,P13,P15,P2,P13,P15,P0,P12,P15,P0,P11,P15,P0,P10,P15,P0,P9
grating,315,2.20,P0|P1|P2|P3|P4|P5|P6|P7|P8|P9|P10|P11|P12|P13|P14|P15,0.832060,13,P14,P15,P5,P13,P15,P2,P13,P15,P0,P12,P15,P0,P11,P15,P0,P10,P15,P0,P9,P14
grating,315,2.20,P0|P1|P2|P3|P4|P5|P6|P7|P8|P9|P10|P11|P12|P13|P14|P15,0.832060,14,P15,P5,P13,P15,P2,P13,P15,P0,P12,P15,P0,P11,P15,P0,P10,P15,P0,P9,P14,P0
grating,315,2.20,P0|P1|P2|P3|P4|P5|P6|P7|P8|P9|P10|P11|P12|P13|P14|P15,0.832060,15,P5,P13,P15,P2,P13,P15,P0,P12,P15,P0,P11,P15,P0,P10,P15,P0,P9,P14,P0,P8
grating,315,2.20,P0|P1|P2|P3|P4|P5|P6|P7|P8|P9|P10|P11|P12|P13|P14|P15,0.832060,16,P13,P15,P2,P13,P15,P0,P12,P15,P0,P11,P15,P0,P10,P15,P0,P9,P14,P0,P8,P14
grating,315,2.20,P0|P1|P2|P3|P4|P5|P6|P7|P8|P9|P10|P11|P12|P13|P14|P15,0.832060,17,P15,P2,P13,P15,P0,P12,P15,P0,P11,P15,P0,P10,P15,P0,P9,P14,P0,P8,P14,P15
grating,315,2.20,P0|P1|P2|P3|P4|P5|P6|P7|P8|P9|P10|P11|P12|P13|P14|P15,0.832060,18,P2,P13,P15,P0,P12,P15,P0,P11,P15,P0,P10,P15,P0,P9,P14,P0,P8,P14,P15,P7
grating,315,2.20,P0|P1|P2|P3|P4|P5|P6|P7|P8|P9|P10|P11|P12|P13|P14|P15,0.832060,19,P13,P15,P0,P12,P15,P0,P11,P15,P0,P10,P15,P0,P9,P14,P0,P8,P14,P15,P7,P14
grating,135,2.30,P0|P1|P2|P3|P4|P5|P6|P7|P8|P9|P10|P11|P12|P13|P14|P15,0.831079,0,P15,P14,P7,P15,P14,P8,P0,P15,P11,P0,P15,P13,P3,P15,P14,P7,P15,P14,P8,P0
grating,135,2.30,P0|P1|P2|P3|P4|P5|P6|P7|P8|P9|P10|P11|P12|P13|P14|P15,0.831079,1,P14,P7,P15,P14,P8,P0,P15,P11,P0,P15,P13,P3,P15,P14,P7,P15,P14,P8,P0,P15
grating,135,2.30,P0|P1|P2|P3|P4|P5|P6|P7|P8|P9|P10|P11|P12|P13|P14|P15,0.831079,2,P7,P15,P14,P8,P0,P15,P11,P0,P15,P13,P3,P15,P14,P7,P15,P14,P8,P0,P15,P11
grating,135,2.30,P0|P1|P2|P3|P4|P5|P6|P7|P8|P9|P10|P11|P12|P13|P14|P15,0.831079,3,P15,P14,P8,P0,P15,P11,P0,P15,P13,P3,P15,P14,P7,P15,P14,P8,P0,P15,P11,P0
grating,135,2.30,P0|P1|P2|P3|P4|P5|P6|P7|P8|P9|P10|P11|P12|P13|P14|P15,0.831079,4,P14,P8,P0,P15,P11,P0,P15,P13,P3,P15,P14,P7,P15,P14,P8,P0,P15,P11,P0,P15
grating,135,2.30,P0|P1|P2|P3|P4|P5|P6|P7|P8|P9|P10|P11|P12|P13|P14|P15,0.831079,5,P8,P0,P15,P11,P0,P15,P13,P3,P15,P14,P7,P15,P14,P8,P0,P15,P11,P0,P15,P13
grating,135,2.30,P0|P1|P2|P3|P4|P5|P6|P7|P8|P9|P10|P11|P12|P13|P14|P15,0.831079,6,P0,P15,P11,P0,P15,P13,P3,P15,P14,P7,P15,P14,P8,P0,P15,P11,P0,P15,P13,P4
grating,135,2.30,P0|P1|P2|P3|P4|P5|P6|P7|P8|P9|P10|P11|P12|P13|P14|P15,0.831079,7,P15,P11,P0,P15,P13,P3,P15,P14,P7,P15,P14,P8,P0,P15,P11,P0,P15,P13,P4,P15
grating,135,2.30,P0|P1|P2|P3|P4|P5|P6|P7|P8|P9|P10|P11|P12|P13|P14|P15,0.831079,8,P11,P0,P15,P13,P3,P15,P14,P7,P15,P14,P8,P0,P15,P11,P0,P15,P13,P4,P15,P14
grating,135,2.30,P0|P1|P2|P3|P4|P5|P6|P7|P8|P9|P10|P11|P12|P13|P14|P15,0.831079,9,P0,P15,P13,P3,P15,P14,P7,P15,P14,P8,P0,P15,P11,P0,P15,P13,P4,P15,P14,P7
grating,135,2.30,P0|P1|P2|P3|P4|P5|P6|P7|P8|P9|P10|P11|P12|P13|P14|P15,0.831079,10,P15,P13,P3,P15,P14,P7,P15,P14,P8,P0,P15,P11,P0,P15,P13,P4,P15,P14,P7,P15
grating,135,2.30,P0|P1|P2|P3|P4|P5|P6|P7|P8|P9|P10|P11|P12|P13|P14|P15,0.831079,11,P13,P3,P15,P14,P7,P15,P14,P8,P0,P15,P11,P0,P15,P13,P4,P15,P14,P7,P15,P14
grating,135,2.30,P0|P1|P2|P3|P4|P5|P6|P7|P8|P9|P10|P11|P12|P13|P14|P15,0.831079,12,P3,P15,P14,P7,P15,P14,P8,P0,P15,P11,P0,P15,P13,P4,P15,P14,P7,P15,P14,P9
grating,135,2.30,P0|P1|P2|P3|P4|P5|P6|P7|P8|P9|P10|P11|P12|P13|P14|P15,0.831079,13,P15,P14,P7,P15,P14,P8,P0,P15,P11,P0,P15,P13,P4,P15,P14,P7,P15,P14,P9,P0
grating,135,2.30,P0|P1|P2|P3|P4|P5|P6|P7|P8|P9|P10|P11|P12|P13|P14|P15,0.831079,14,P14,P7,P15,P14,P8,P0,P15,P11,P0,P15,P13,P4,P15,P14,P7,P15,P14,P9,P0,P15
grating,135,2.30,P0|P1|P2|P3|P4|P5|P6|P7|P8|P9|P10|P11|P12|P13|P14|P15,0.831079,15,P7,P15,P14,P8,P0,P15,P11,P0,P15,P13,P4,P15,P14,P7,P15,P14,P9,P0,P15,P11
grating,135,2.30,P0|P1|P2|P3|P4|P5|P6|P7|P8|P9|P10|P11|P12|P13|P14|P15,0.831079,16,P15,P14,P8,P0,P15,P11,P0,P15,P13,P4,P15,P14,P7,P15,P14,P9,P0,P15,P11,P0
grating,135,2.30,P0|P1|P2|P3|P4|P5|P6|P7|P8|P9|P10|P11|P12|P13|P14|P15,0.831079,17,P14,P8,P0,P15,P11,P0,P15,P13,P4,P15,P14,P7,P15,P14,P9,P0,P15,P11,P0,P15
grating,135,2.30,P0|P1|P2|P3|P4|P5|P6|P7|P8|P9|P10|P11|P12|P13|P14|P15,0.831079,18,P8,P0,P15,P11,P0,P15,P13,P4,P15,P14,P7,P15,P14,P9,P0,P15,P11,P0,P15,P13
grating,135,2.30,P0|P1|P2|P3|P4|P5|P6|P7|P8|P9|P10|P11|P12|P13|P14|P15,0.831079,19,P0,P15,P11,P0,P15,P13,P4,P15,P14,P7,P15,P14,P9,P0,P15,P11,P0,P15,P13,P4
grating,315,2.30,P0|P1|P2|P3|P4|P5|P6|P7|P8|P9|P10|P11|P12|P13|P14|P15,0.831079,0,P4,P13,P15,P0,P11,P15,P0,P9,P14,P15,P7,P14,P15,P4,P13,P15,P0,P11,P15,P0
grating,315,2.30,P0|P1|P2|P3|P4|P5|P6|P7|P8|P9|P10|P11|P12|P13|P14|P15,0.831079,1,P13,P15,P0,P11,P15,P0,P9,P14,P15,P7,P14,P15,P4,P13,P15,P0,P11,P15,P0,P8
grating,315,2.30,P0|P1|P2|P3|P4|P5|P6|P7|P8|P9|P10|P11|P12|P13|P14|P15,0.831079,2,P15,P0,P11,P15,P0,P9,P14,P15,P7,P14,P15,P4,P13,P15,P0,P11,P15,P0,P8,P14
grating,315,2.30,P0|P1|P2|P3|P4|P5|P6|P7|P8|P9|P10|P11|P12|P13|P14|P15,0.831079,3,P0,P11,P15,P0,P9,P14,P15,P7,P14,P15,P4,P13,P15,P0,P11,P15,P0,P8,P14,P15
grating,315,2.30,P0|P1|P2|P3|P4|P5|P6|P7|P8|P9|P10|P11|P12|P13|P14|P15,0.831079,4,P11,P15,P0,P9,P14,P15,P7,P14,P15,P4,P13,P15,P0,P11,P15,P0,P8,P14,P15,P7
grating,315,2.30,P0|P1|P2|P3|P4|P5|P6|P7|P8|P9|P10|P11|P12|P13|P14|P15,0.831079,5,P15,P0,P9,P14,P15,P7,P14,P15,P4,P13,P15,P0,P11,P15,P0,P8,P14,P15,P7,P14
grating,315,2.30,P0|P1|P2|P3|P4|P5|P6|P7|P8|P9|P10|P11|P12|P13|P14|P15,0.831079,6,P0,P9,P14,P15,P7,P14,P15,P4,P13,P15,P0,P11,P15,P0,P8,P14,P15,P7,P14,P15
grating,315,2.30,P0|P1|P2|P3|P4|P5|P6|P7|P8|P9|P10|P11|P12|P13|P14|P15,0.831079,7,P9,P14,P15,P7,P14,P15,P4,P13,P15,P0,P11,P15,P0,P8,P14,P15,P7,P14,P15,P3
grating,315,2.30,P0|P1|P2|P3|P4|P5|P6|P7|P8|P9|P10|P11|P12|P13|P14|P15,0.831079,8,P14,P15,P7,P14,P15,P4,P13,P15,P0,P11,P15,P0,P8,P14,P15,P7,P14,P15,P3,P13
grating,315,2.30,P0|P1|P2|P3|P4|P5|P6|P7|P8|P9|P10|P11|P12|P13|P14|P15,0.831079,9,P15,P7,P14,P15,P4,P13,P15,P0,P11,P15,P0,P8,P14,P15,P7,P14,P15,P3,P13,P15
grating,315,2.30,P0|P1|P2|P3|P4|P5|P6|P7|P8|P9|P10|P11|P12|P13|P14|P15,0.831079,10,P7,P14,P15,P4,P13,P15,P0,P11,P15,P0,P8,P14,P15,P7,P14,P15,P3,P13,P15,P0
grating,315,2.30,P0|P1|P2|P3|P4|P5|P6|P7|P8|P9|P10|P11|P12|P13|P14|P15,0.831079,11,P14,P15,P4,P13,P15,P0,P11,P15,P0,P8,P14,P15,P7,P14,P15,P3,P13,P15,P0,P11
grating,315,2.30,P0|P1|P2|P3|P4|P5|P6|P7|P8|P9|P10|P11|P12|P13|P14|P15,0.831079,12,P15,P4,P13,P15,P0,P11,P15,P0,P8,P14,P15,P7,P14,P15,P3,P13,P15,P0,P11,P15
grating,315,2.30,P0|P1|P2|P3|P4|P5|P6|P7|P8|P9|P10|P11|P12|P13|P14|P15,0.831079,13,P4,P13,P15,P0,P11,P15,P0,P8,P14,P15,P7,P14,P15,P3,P13,P15,P0,P11,P15,P0
grating,315,2.30,P0|P1|P2|P3|P4|P5|P6|P7|P8|P9|P10|P11|P12|P13|P14|P15,0.831079,14,P13,P15,P0,P11,P15,P0,P8,P14,P15,P7,P14,P15,P3,P13,P15,P0,P11,P15,P0,P8
grating,315,2.30,P0|P1|P2|P3|P4|P5|P6|P7|P8|P9|P10|P11|P12|P13|P14|P15,0.831079,15,P15,P0,P11,P15,P0,P8,P14,P15,P7,P14,P15,P3,P13,P15,P0,P11,P15,P0,P8,P14
grating,315,2.30,P0|P1|P2|P3|P4|P5|P6|P7|P8|P9|P10|P11|P12|P13|P14|P15,0.831079,16,P0,P11,P15,P0,P8,P14,P15,P7,P14,P15,P3,P13,P15,P0,P11,P15,P0,P8,P14,P15
grating,315,2.30,P0|P1|P2|P3|P4|P5|P6|P7|P8|P9|P10|P11|P12|P13|P14|P15,0.831079,17,P11,P15,P0,P8,P14,P15,P7,P14,P15,P3,P13,P15,P0,P11,P15,P0,P8,P14,P15,P7
grating,315,2.30,P0|P1|P2|P3|P4|P5|P6|P7|P8|P9|P10|P11|P12|P13|P14|P15,0.831079,18,P15,P0,P8,P14,P15,P7,P14,P15,P3,P13,P15,P0,P11,P15,P0,P8,P14,P15,P7,P14
grating,315,2.30,P0|P1|P2|P3|P4|P5|P6|P7|P8|P9|P10|P11|P12|P13|P14|P15,0.831079,19,P0,P8,P14,P15,P7,P14,P15,P3,P13,P15,P0,P11,P15,P0,P8,P14,P15,P7,P14,P15
grating,135,2.40,P0|P1|P2|P3|P4|P5|P6|P7|P8|P9|P10|P11|P12|P13|P14|P15,0.831028,0,P15,P10,P0,P15,P13,P6,P15,P14,P8,P0,P15,P12,P0,P15,P14,P7,P15,P14,P10,P0
grating,135,2.40,P0|P1|P2|P3|P4|P5|P6|P7|P8|P9|P10|P11|P12|P13|P14|P15,0.831028,1,P10,P0,P15,P13,P6,P15,P14,P8,P0,P15,P12,P0,P15,P14,P7,P15,P14,P10,P0,P15
grating,135,2.40,P0|P1|P2|P3|P4|P5|P6|P7|P8|P9|P10|P11|P12|P13|P14|P15,0.831028,2,P0,P15,P13,P6,P15,P14,P8,P0,P15,P12,P0,P15,P14,P7,P15,P14,P10,P0,P15,P13
grating,135,2.40,P0|P1|P2|P3|P4|P5|P6|P7|P8|P9|P10|P11|P12|P13|P14|P15,0.831028,3,P15,P13,P6,P15,P14,P8,P0,P15,P12,P0,P15,P14,P7,P15,P14,P10,P0,P15,P13,P5
grating,135,2.40,P0|P1|P2|P3|P4|P5|P6|P7|P8|P9|P10|P11|P12|P13|P14|P15,0.831028,4,P13,P6,P15,P14,P8,P0,P15,P12,P0,P15,P14,P7,P15,P14,P10,P0,P15,P13,P5,P15
grating,135,2.40,P0|P1|P2|P3|P4|P5|P6|P7|P8|P9|P10|P11|P12|P13|P14|P15,0.831028,5,P6,P15,P14,P8,P0,P15,P12,P0,P15,P14,P7,P15,P14,P10,P0,P15,P13,P5,P15,P14
grating,135,2.40,P0|P1|P2|P3|P4|P5|P6|P7|P8|P9|P10|P11|P12|P13|P14|P15,0.831028,6,P15,P14,P8,P0,P15,P12,P0,P15,P14,P7,P15,P14,P10,P0,P15,P13,P5,P15,P14,P8
grating,135,2.40,P0|P1|P2|P3|P4|P5|P6|P7|P8|P9|P10|P11|P12|P13|P14|P15,0.831028,7,P14,P8,P0,P15,P12,P0,P15,P14,P7,P15,P14,P10,P0,P15,P13,P5,P15,P14,P8,P0
grating,135,2.40,P0|P1|P2|P3|P4|P5|P6|P7|P8|P9|P10|P11|P12|P13|P14|P15,0.831028,8,P8,P0,P15,P12,P0,P15,P14,P7,P15,P14,P10,P0,P15,P13,P5,P15,P14,P8,P0,P15
grating,135,2.40,P0|P1|P2|P3|P4|P5|P6|P7|P8|P9|P10|P11|P12|P13|P14|P15,0.831028,9,P0,P15,P12,P0,P15,P14,P7,P15,P14,P10,P0,P15,P13,P5,P15,P14,P8,P0,P15,P12
grating,135,2.40,P0|P1|P2|P3|P4|P5|P6|P7|P8|P9|P10|P11|P12|P13|P14|P15,0.831028,10,P15,P12,P0,P15,P14,P7,P15,P14,P10,P0,P15,P13,P5,P15,P14,P8,P0,P15,P12,P0
grating,135,2.40,P0|P1|P2|P3|P4|P5|P6|P7|P8|P9|P10|P11|P12|P13|P14|P15,0.831028,11,P12,P0,P15,P14,P7,P15,P14,P10,P0,P15,P13,P5,P15,P14,P8,P0,P15,P12,P0,P15
grating,135,2.40,P0|P1|P2|P3|P4|P5|P6|P7|P8|P9|P10|P11|P12|P13|P14|P15,0.831028,12,P0,P15,P14,P7,P15,P14,P10,P0,P15,P13,P5,P15,P14,P8,P0,P15,P12,P0,P15,P14
grating,135,2.40,P0|P1|P2|P3|P4|P5|P6|P7|P8|P9|P10|P11|P12|P13|P14|P15,0.831028,13,P15,P14,P7,P15,P14,P10,P0,P15,P13,P5,P15,P14,P8,P0,P15,P12,P0,P15,P14,P7
grating,135,2.40,P0|P1|P2|P3|P4|P5|P6|P7|P8|P9|P10|P11|P12|P13|P14|P15,0.831028,14,P14,P7,P15,P14,P10,P0,P15,P13,P5,P15,P14,P8,P0,P15,P12,P0,P15,P14,P7,P15
grating,135,2.40,P0|P1|P2|P3|P4|P5|P6|P7|P8|P9|P10|P11|P12|P13|P14|P15,0.831028,15,P7,P15,P14,P10,P0,P15,P13,P5,P15,P14,P8,P0,P15,P12,P0,P15,P14,P7,P15,P14
grating,135,2.40,P0|P1|P2|P3|P4|P5|P6|P7|P8|P9|P10|P11|P12|P13|P14|P15,0.831028,16,P15,P14,P10,P0,P15,P13,P5,P15,P14,P8,P0,P15,P12,P0,P15,P14,P7,P15,P14,P10
grating,135,2.40,P0|P1|P2|P3|P4|P5|P6|P7|P8|P9|P10|P11|P12|P13|P14|P15,0.831028,17,P14,P10,P0,P15,P13,P5,P15,P14,P8,P0,P15,P12,P0,P15,P14,P7,P15,P14,P10,P0
grating,135,2.40,P0|P1|P2|P3|P4|P5|P6|P7|P8|P9|P10|P11|P12|P13|P14|P15,0.831028,18,P10,P0,P15,P13,P5,P15,P14,P8,P0,P15,P12,P0,P15,P14,P7,P15,P14,P10,P0,P15
grating,135,2.40,P0|P1|P2|P3|P4|P5|P6|P7|P8|P9|P10|P11|P12|P13|P14|P15,0.831028,19,P0,P15,P13,P5,P15,P14,P8,P0,P15,P12,P0,P15,P14,P7,P15,P14,P10,P0,P15,P13
grating,315,2.40,P0|P1|P2|P3|P4|P5|P6|P7|P8|P9|P10|P11|P12|P13|P14|P15,0.831028,0,P13,P15,P0,P10,P14,P15,P7,P14,P15,P0,P12,P15,P0,P8,P14,P15,P5,P13,P15,P0
grating,315,2.40,P0|P1|P2|P3|P4|P5|P6|P7|P8|P9|P10|P11|P12|P13|P14|P15,0.831028,1,P15,P0,P10,P14,P15,P7,P14,P15,P0,P12,P15,P0,P8,P14,P15,P5,P13,P15,P0,P10
grating,315,2.40,P0|P1|P2|P3|P4|P5|P6|P7|P8|P9|P10|P11|P12|P13|P14|P15,0.831028,2,P0,P10,P14,P15,P7,P14,P15,P0,P12,P15,P0,P8,P14,P15,P5,P13,P15,P0,P10,P14
grating,315,2.40,P0|P1|P2|P3|P4|P5|P6|P7|P8|P9|P10|P11|P12|P13|P14|P15,0.831028,3,P10,P14,P15,P7,P14,P15,P0,P12,P15,P0,P8,P14,P15,P5,P13,P15,P0,P10,P14,P15
grating,315,2.40,P0|P1|P2|P3|P4|P5|P6|P7|P8|P9|P10|P11|P12|P13|P14|P15,0.831028,4,P14,P15,P7,P14,P15,P0,P12,P15,P0,P8,P14,P15,P5,P13,P15,P0,P10,P14,P15,P7
grating,315,2.40,P0|P1|P2|P3|P4|P5|P6|P7|P8|P9|P10|P11|P12|P13|P14|P15,0.831028,5,P15,P7,P14,P15,P0,P12,P15,P0,P8,P14,P15,P5,P13,P15,P0,P10,P14,P15,P7,P14
grating,315,2.40,P0|P1|P2|P3|P4|P5|P6|P7|P8|P9|P10|P11|P12|P13|P14|P15,0.831028,6,P7,P14,P15,P0,P12,P15,P0,P8,P14,P15,P5,P13,P15,P0,P10,P14,P15,P7,P14,P15
grating,315,2.40,P0|P1|P2|P3|P4|P5|P6|P7|P8|P9|P10|P11|P12|P13|P14|P15,0.831028,7,P14,P15,P0,P12,P15,P0,P8,P14,P15,P5,P13,P15,P0,P10,P14,P15,P7,P14,P15,P0
grating,315,2.40,P0|P1|P2|P3|P4|P5|P6|P7|P8|P9|P10|P11|P12|P13|P14|P15,0.831028,8,P15,P0,P12,P15,P0,P8,P14,P15,P5,P13,P15,P0,P10,P14,P15,P7,P14,P15,P0,P12
grating,315,2.40,P0|P1|P2|P3|P4|P5|P6|P7|P8|P9|P10|P11|P12|P13|P14|P15,0.831028,9,P0,P12,P15,P0,P8,P14,P15,P5,P13,P15,P0,P10,P14,P15,P7,P14,P15,P0,P12,P15
grating,315,2.40,P0|P1|P2|P3|P4|P5|P6|P7|P8|P9|P10|P11|P12|P13|P14|P15,0.831028,10,P12,P15,P0,P8,P14,P15,P5,P13,P15,P0,P10,P14,P15,P7,P14,P15,P0,P12,P15,P0
grating,315,2.40,P0|P1|P2|P3|P4|P5|P6|P7|P8|P9|P10|P11|P12|P13|P14|P15,0.831028,11,P15,P0,P8,P14,P15,P5,P13,P15,P0,P10,P14,P15,P7,P14,P15,P0,P12,P15,P0,P8
grating,315,2.40,P0|P1|P2|P3|P4|P5|P6|P7|P8|P9|P10|P11|P12|P13|P14|P15,0.831028,12,P0,P8,P14,P15,P5,P13,P15,P0,P10,P14,P15,P7,P14,P15,P0,P12,P15,P0,P8,P14
grating,315,2.40,P0|P1|P2|P3|P4|P5|P6|P7|P8|P9|P10|P11|P12|P13|P14|P15,0.831028,13,P8,P14,P15,P5,P13,P15,P0,P10,P14,P15,P7,P14,P15,P0,P12,P15,P0,P8,P14,P15
grating,315,2.40,P0|P1|P2|P3|P4|P5|P6|P7|P8|P9|P10|P11|P12|P13|P14|P15,0.831028,14,P14,P15,P5,P13,P15,P0,P10,P14,P15,P7,P14,P15,P0,P12,P15,P0,P8,P14,P15,P6
grating,315,2.40,P0|P1|P2|P3|P4|P5|P6|P7|P8|P9|P10|P11|P12|P13|P14|P15,0.831028,15,P15,P5,P13,P15,P0,P10,P14,P15,P7,P14,P15,P0,P12,P15,P0,P8,P14,P15,P6,P13
grating,315,2.40,P0|P1|P2|P3|P4|P5|P6|P7|P8|P9|P10|P11|P12|P13|P14|P15,0.831028,16,P5,P13,P15,P0,P10,P14,P15,P7,P14,P15,P0,P12,P15,P0,P8,P14,P15,P6,P13,P15
grating,315,2.40,P0|P1|P2|P3|P4|P5|P6|P7|P8|P9|P10|P11|P12|P13|P14|P15,0.831028,17,P13,P15,P0,P10,P14,P15,P7,P14,P15,P0,P12,P15,P0,P8,P14,P15,P6,P13,P15,P0
grating,315,2.40,P0|P1|P2|P3|P4|P5|P6|P7|P8|P9|P10|P11|P12|P13|P14|P15,0.831028,18,P15,P0,P10,P14,P15,P7,P14,P15,P0,P12,P15,P0,P8,P14,P15,P6,P13,P15,P0,P10
grating,315,2.40,P0|P1|P2|P3|P4|P5|P6|P7|P8|P9|P10|P11|P12|P13|P14|P15,0.831028,19,P0,P10,P14,P15,P7,P14,P15,P0,P12,P15,P0,P8,P14,P15,P6,P13,P15,P0,P10,P15
grating,135,2.50,P0|P1|P2|P3|P4|P5|P6|P7|P8|P9|P10|P11|P12|P13|P14|P15,0.831024,0,P0,P15,P13,P5,P15,P14,P9,P0,P15,P13,P6,P15,P14,P10,P0,P15,P13,P6,P15,P14
grating,135,2.50,P0|P1|P2|P3|P4|P5|P6|P7|P8|P9|P10|P11|P12|P13|P14|P15,0.831024,1,P15,P13,P5,P15,P14,P9,P0,P15,P13,P6,P15,P14,P10,P0,P15,P13,P6,P15,P14,P10
grating,135,2.50,P0|P1|P2|P3|P4|P5|P6|P7|P8|P9|P10|P11|P12|P13|P14|P15,0.831024,2,P13,P5,P15,P14,P9,P0,P15,P13,P6,P15,P14,P10,P0,P15,P13,P6,P15,P14,P10,P0
grating,135,2.50,P0|P1|P2|P3|P4|P5|P6|P7|P8|P9|P10|P11|P12|P13|P14|P15,0.831024,3,P5,P15,P14,P9,P0,P15,P13,P6,P15,P14,P10,P0,P15,P13,P6,P15,P14,P10,P0,P15
grating,135,2.50,P0|P1|P2|P3|P4|P5|P6|P7|P8|P9|P10|P11|P12|P13|P14|P15,0.831024,4,P15,P14,P9,P0,P15,P13,P6,P15,P14,P10,P0,P15,P13,P6,P15,P14,P10,P0,P15,P14
grating,135,2.50,P0|P1|P2|P3|P4|P5|P6|P7|P8|P9|P10|P11|P12|P13|P14|P15,0.831024,5,P14,P9,P0,P15,P13,P6,P15,P14,P10,P0,P15,P13,P6,P15,P14,P10,P0,P15,P14,P7
grating,135,2.50,P0|P1|P2|P3|P4|P5|P6|P7|P8|P9|P10|P11|P12|P13|P14|P15,0.831024,6,P9,P0,P15,P13,P6,P15,P14,P10,P0,P15,P13,P6,P15,P14,P10,P0,P15,P14,P7,P0
grating,135,2.50,P0|P1|P2|P3|P4|P5|P6|P7|P8|P9|P10|P11|P12|P13|P14|P15,0.831024,7,P0,P15,P13,P6,P15,P14,P10,P0,P15,P13,P6,P15,P14,P10,P0,P15,P14,P7,P0,P15
grating,135,2.50,P0|P1|P2|P3|P4|P5|P6|P7|P8|P9|P10|P11|P12|P13|P14|P15,0.831024,8,P15,P13,P6,P15,P14,P10,P0,P15,P13,P6,P15,P14,P10,P0,P15,P14,P7,P0,P15,P11
grating,135,2.50,P0|P1|P2|P3|P4|P5|P6|P7|P8|P9|P10|P11|P12|P13|P14|P15,0.831024,9,P13,P6,P15,P14,P10,P0,P15,P13,P6,P15,P14,P10,P0,P15,P14,P7,P0,P15,P11,P0
grating,135,2.50,P0|P1|P2|P3|P4|P5|P6|P7|P8|P9|P10|P11|P12|P13|P14|P15,0.831024,10,P6,P15,P14,P10,P0,P15,P13,P6,P15,P14,P10,P0,P15,P14,P7,P0,P15,P11,P0,P15
grating,135,2.50,P0|P1|P2|P3|P4|P5|P6|P7|P8|P9|P10|P11|P12|P13|P14|P15,0.831024,11,P15,P14,P10,P0,P15,P13,P6,P15,P14,P10,P0,P15,P14,P7,P0,P15,P11,P0,P15,P14
grating,135,2.50,P0|P1|P2|P3|P4|P5|P6|P7|P8|P9|P10|P11|P12|P13|P14|P15,0.831024,12,P14,P10,P0,P15,P13,P6,P15,P14,P10,P0,P15,P14,P7,P0,P15,P11,P0,P15,P14,P7
grating,135,2.50,P0|P1|P2|P3|P4|P5|P6|P7|P8|P9|P10|P11|P12|P13|P14|P15,0.831024,13,P10,P0,P15,P13,P6,P15,P14,P10,P0,P15,P14,P7,P0,P15,P11,P0,P15,P14,P7,P0
grating,135,2.50,P0|P1|P2|P3|P4|P5|P6|P7|P8|P9|P10|P11|P12|P13|P14|P15,0.831024,14,P0,P15,P13,P6,P15,P14,P10,P0,P15,P14,P7,P0,P15,P11,P0,P15,P14,P7,P0,P15
grating,135,2.50,P0|P1|P2|P3|P4|P5|P6|P7|P8|P9|P10|P11|P12|P13|P14|P15,0.831024,15,P15,P13,P6,P15,P14,P10,P0,P15,P14,P7,P0,P15,P11,P0,P15,P14,P7,P0,P15,P11
grating,135,2.50,P0|P1|P2|P3|P4|P5|P6|P7|P8|P9|P10|P11|P12|P13|P14|P15,0.831024,16,P13,P6,P15,P14,P10,P0,P15,P14,P7,P0,P15,P11,P0,P15,P14,P7,P0,P15,P11,P0
grating,135,2.50,P0|P1|P2|P3|P4|P5|P6|P7|P8|P9|P10|P11|P12|P13|P14|P15,0.831024,17,P6,P15,P14,P10,P0,P15,P14,P7,P0,P15,P11,P0,P15,P14,P7,P0,P15,P11,P0,P15
grating,135,2.50,P0|P1|P2|P3|P4|P5|P6|P7|P8|P9|P10|P11|P12|P13|P14|P15,0.831024,18,P15,P14,P10,P0,P15,P14,P7,P0,P15,P11,P0,P15,P14,P7,P0,P15,P11,P0,P15,P14
grating,135,2.50,P0|P1|P2|P3|P4|P5|P6|P7|P8|P9|P10|P11|P12|P13|P14|P15,0.831024,19,P14,P10,P0,P15,P14,P7,P0,P15,P11,P0,P15,P14,P7,P0,P15,P11,P0,P15,P14,P8
grating,315,2.50,P0|P1|P2|P3|P4|P5|P6|P7|P8|P9|P10|P11|P12|P13|P14|P15,0.831024,0,P8,P14,P15,P0,P11,P15,P0,P7,P14,P15,P0,P11,P15,P0,P7,P14,P15,P0,P10,P14
grating,315,2.50,P0|P1|P2|P3|P4|P5|P6|P7|P8|P9|P10|P11|P12|P13|P14|P15,0.831024,1,P14,P15,P0,P11,P15,P0,P7,P14,P15,P0,P11,P15,P0,P7,P14,P15,P0,P10,P14,P15
grating,315,2.50,P0|P1|P2|P3|P4|P5|P6|P7|P8|P9|P10|P11|P12|P13|P14|P15,0.831024,2,P15,P0,P11,P15,P0,P7,P14,P15,P0,P11,P15,P0,P7,P14,P15,P0,P10,P14,P15,P6
grating,315,2.50,P0|P1|P2|P3|P4|P5|P6|P7|P8|P9|P10|P11|P12|P13|P14|P15,0.831024,3,P0,P11,P15,P0,P7,P14,P15,P0,P11,P15,P0,P7,P14,P15,P0,P10,P14,P15,P6,P13
grating,315,2.50,P0|P1|P2|P3|P4|P5|P6|P7|P8|P9|P10|P11|P12|P13|P14|P15,0.831024,4,P11,P15,P0,P7,P14,P15,P0,P11,P15,P0,P7,P14,P15,P0,P10,P14,P15,P6,P13,P15
grating,315,2.50,P0|P1|P2|P3|P4|P5|P6|P7|P8|P9|P10|P11|P12|P13|P14|P15,0.831024,5,P15,P0,P7,P14,P15,P0,P11,P15,P0,P7,P14,P15,P0,P10,P14,P15,P6,P13,P15,P0
grating,315,2.50,P0|P1|P2|P3|P4|P5|P6|P7|P8|P9|P10|P11|P12|P13|P14|P15,0.831024,6,P0,P7,P14,P15,P0,P11,P15,P0,P7,P14,P15,P0,P10,P14,P15,P6,P13,P15,P0,P10
grating,315,2.50,P0|P1|P2|P3|P4|P5|P6|P7|P8|P9|P10|P11|P12|P13|P14|P15,0.831024,7,P7,P14,P15,P0,P11,P15,P0,P7,P14,P15,P0,P10,P14,P15,P6,P13,P15,P0,P10,P14
grating,315,2.50,P0|P1|P2|P3|P4|P5|P6|P7|P8|P9|P10|P11|P12|P13|P14|P15,0.831024,8,P14,P15,P0,P11,P15,P0,P7,P14,P15,P0,P10,P14,P15,P6,P13,P15,P0,P10,P14,P15
grating,315,2.50,P0|P1|P2|P3|P4|P5|P6|P7|P8|P9|P10|P11|P12|P13|P14|P15,0.831024,9,P15,P0,P11,P15,P0,P7,P14,P15,P0,P10,P14,P15,P6,P13,P15,P0,P10,P14,P15,P6
grating,315,2.50,P0|P1|P2|P3|P4|P5|P6|P7|P8|P9|P10|P11|P12|P13|P14|P15,0.831024,10,P0,P11,P15,P0,P7,P14,P15,P0,P10,P14,P15,P6,P13,P15,P0,P10,P14,P15,P6,P13
grating,315,2.50,P0|P1|P2|P3|P4|P5|P6|P7|P8|P9|P10|P11|P12|P13|P14|P15,0.831024,11,P11,P15,P0,P7,P14,P15,P0,P10,P14,P15,P6,P13,P15,P0,P10,P14,P15,P6,P13,P15
grating,315,2.50,P0|P1|P2|P3|P4|P5|P6|P7|P8|P9|P10|P11|P12|P13|P14|P15,0.831024,12,P15,P0,P7,P14,P15,P0,P10,P14,P15,P6,P13,P15,P0,P10,P14,P15,P6,P13,P15,P0
grating,315,2.50,P0|P1|P2|P3|P4|P5|P6|P7|P8|P9|P10|P11|P12|P13|P14|P15,0.831024,13,P0,P7,P14,P15,P0,P10,P14,P15,P6,P13,P15,P0,P10,P14,P15,P6,P13,P15,P0,P9
grating,315,2.50,P0|P1|P2|P3|P4|P5|P6|P7|P8|P9|P10|P11|P12|P13|P14|P15,0.831024,14,P7,P14,P15,P0,P10,P14,P15,P6,P13,P15,P0,P10,P14,P15,P6,P13,P15,P0,P9,P14
grating,315,2.50,P0|P1|P2|P3|P4|P5|P6|P7|P8|P9|P10|P11|P12|P13|P14|P15,0.831024,15,P14,P15,P0,P10,P14,P15,P6,P13,P15,P0,P10,P14,P15,P6,P13,P15,P0,P9,P14,P15
grating,315,2.50,P0|P1|P2|P3|P4|P5|P6|P7|P8|P9|P10|P11|P12|P13|P14|P15,0.831024,16,P15,P0,P10,P14,P15,P6,P13,P15,P0,P10,P14,P15,P6,P13,P15,P0,P9,P14,P15,P5
grating,315,2.50,P0|P1|P2|P3|P4|P5|P6|P7|P8|P9|P10|P11|P12|P13|P14|P15,0.831024,17,P0,P10,P14,P15,P6,P13,P15,P0,P10,P14,P15,P6,P13,P15,P0,P9,P14,P15,P5,P13
grating,315,2.50,P0|P1|P2|P3|P4|P5|P6|P7|P8|P9|P10|P11|P12|P13|P14|P15,0.831024,18,P10,P14,P15,P6,P13,P15,P0,P10,P14,P15,P6,P13,P15,P0,P9,P14,P15,P5,P13,P15
grating,315,2.50,P0|P1|P2|P3|P4|P5|P6|P7|P8|P9|P10|P11|P12|P13|P14|P15,0.831024,19,P14,P15,P6,P13,P15,P0,P10,P14,P15,P6,P13,P15,P0,P9,P14,P15,P5,P13,P15,P0
grating,135,2.60,P0|P1|P2|P3|P4|P5|P6|P7|P8|P9|P10|P11|P12|P13|P14|P15,0.831037,0,P0,P15,P14,P8,P0,P15,P13,P6,P15,P15,P11,P0,P15,P14,P8,P0,P15,P13,P6,P15
grating,135,2.60,P0|P1|P2|P3|P4|P5|P6|P7|P8|P9|P10|P11|P12|P13|P14|P15,0.831037,1,P15,P14,P8,P0,P15,P13,P6,P15,P15,P11,P0,P15,P14,P8,P0,P15,P13,P6,P15,P15
grating,135,2.60,P0|P1|P2|P3|P4|P5|P6|P7|P8|P9|P10|P11|P12|P13|P14|P15,0.831037,2,P14,P8,P0,P15,P13,P6,P15,P15,P11,P0,P15,P14,P8,P0,P15,P13,P6,P15,P15,P11
grating,135,2.60,P0|P1|P2|P3|P4|P5|P6|P7|P8|P9|P10|P11|P12|P13|P14|P15,0.831037,3,P8,P0,P15,P13,P6,P15,P15,P11,P0,P15,P14,P8,P0,P15,P13,P6,P15,P15,P11,P0
grating,135,2.60,P0|P1|P2|P3|P4|P5|P6|P7|P8|P9|P10|P11|P12|P13|P14|P15,0.831037,4,P0,P15,P13,P6,P15,P15,P11,P0,P15,P14,P8,P0,P15,P13,P6,P15,P15,P11,P0,P15
grating,135,2.60,P0|P1|P2|P3|P4|P5|P6|P7|P8|P9|P10|P11|P12|P13|P14|P15,0.831037,5,P15,P13,P6,P15,P15,P11,P0,P15,P14,P8,P0,P15,P13,P6,P15,P15,P11,P0,P15,P14
grating,135,2.60,P0|P1|P2|P3|P4|P5|P6|P7|P8|P9|P10|P11|P12|P13|P14|P15,0.831037,6,P13,P6,P15,P15,P11,P0,P15,P14,P8,P0,P15,P13,P6,P15,P15,P11,P0,P15,P14,P9
grating,135,2.60,P0|P1|P2|P3|P4|P5|P6|P7|P8|P9|P10|P11|P12|P13|P14|P15,0.831037,7,P6,P15,P15,P11,P0,P15,P14,P8,P0,P15,P13,P6,P15,P15,P11,P0,P15,P14,P9,P0
grating,135,2.60,P0|P1|P2|P3|P4|P5|P6|P7|P8|P9|P10|P11|P12|P13|P14|P15,0.831037,8,P15,P15,P11,P0,P15,P14,P8,P0,P15,P13,P6,P15,P15,P11,P0,P15,P14,P9,P0,P15
grating,135,2.60,P0|P1|P2|P3|P4|P5|P6|P7|P8|P9|P10|P11|P12|P13|P14|P15,0.831037,9,P15,P11,P0,P15,P14,P8,P0,P15,P13,P6,P15,P15,P11,P0,P15,P14,P9,P0,P15,P13
grating,135,2.60,P0|P1|P2|P3|P4|P5|P6|P7|P8|P9|P10|P11|P12|P13|P14|P15,0.831037,10,P11,P0,P15,P14,P8,P0,P15,P13,P6,P15,P15,P11,P0,P15,P14,P9,P0,P15,P13,P7
grating,135,2.60,P0|P1|P2|P3|P4|P5|P6|P7|P8|P9|P10|P11|P12|P13|P14|P15,0.831037,11,P0,P15,P14,P8,P0,P15,P13,P6,P15,P15,P11,P0,P15,P14,P9,P0,P15,P13,P7,P0
grating,135,2.60,P0|P1|P2|P3|P4|P5|P6|P7|P8|P9|P10|P11|P12|P13|P14|P15,0.831037,12,P15,P14,P8,P0,P15,P13,P6,P15,P15,P11,P0,P15,P14,P9,P0,P15,P13,P7,P0,P15
grating,135,2.60,P0|P1|P2|P3|P4|P5|P6|P7|P8|P9|P10|P11|P12|P13|P14|P15,0.831037,13,P14,P8,P0,P15,P13,P6,P15,P15,P11,P0,P15,P14,P9,P0,P15,P13,P7,P0,P15,P11
grating,135,2.60,P0|P1|P2|P3|P4|P5|P6|P7|P8|P9|P10|P11|P12|P13|P14|P15,0.831037,14,P8,P0,P15,P13,P6,P15,P15,P11,P0,P15,P14,P9,P0,P15,P13,P7,P0,P15,P11,P1
grating,135,2.60,P0|P1|P2|P3|P4|P5|P6|P7|P8|P9|P10|P11|P12|P13|P14|P15,0.831037,15,P0,P15,P13,P6,P15,P15,P11,P0,P15,P14,P9,P0,P15,P13,P7,P0,P15,P11,P1,P15
grating,135,2.60,P0|P1|P2|P3|P4|P5|P6|P7|P8|P9|P10|P11|P12|P13|P14|P15,0.831037,16,P15,P13,P6,P15,P15,P11,P0,P15,P14,P9,P0,P15,P13,P7,P0,P15,P11,P1,P15,P14
grating,135,2.60,P0|P1|P2|P3|P4|P5|P6|P7|P8|P9|P10|P11|P12|P13|P14|P15,0.831037,17,P13,P6,P15,P15,P11,P0,P15,P14,P9,P0,P15,P13,P7,P0,P15,P11,P1,P15,P14,P9
grating,135,2.60,P0|P1|P2|P3|P4|P5|P6|P7|P8|P9|P10|P11|P12|P13|P14|P15,0.831037,18,P6,P15,P15,P11,P0,P15,P14,P9,P0,P15,P13,P7,P0,P15,P11,P1,P15,P14,P9,P0
grating,135,2.60,P0|P1|P2|P3|P4|P5|P6|P7|P8|P9|P10|P11|P12|P13|P14|P15,0.831037,19,P15,P15,P11,P0,P15,P14,P9,P0,P15,P13,P7,P0,P15,P11,P1,P15,P14,P9,P0,P15
grating,315,2.60,P0|P1|P2|P3|P4|P5|P6|P7|P8|P9|P10|P11|P12|P13|P14|P15,0.831037,0,P15,P0,P9,P14,P15,P1,P11,P15,P0,P7,P13,P15,P0,P9,P14,P15,P0,P11,P15,P15
grating,315,2.60,P0|P1|P2|P3|P4|P5|P6|P7|P8|P9|P10|P11|P12|P13|P14|P15,0.831037,1,P0,P9,P14,P15,P1,P11,P15,P0,P7,P13,P15,P0,P9,P14,P15,P0,P11,P15,P15,P6
grating,315,2.60,P0|P1|P2|P3|P4|P5|P6|P7|P8|P9|P10|P11|P12|P13|P14|P15,0.831037,2,P9,P14,P15,P1,P11,P15,P0,P7,P13,P15,P0,P9,P14,P15,P0,P11,P15,P15,P6,P13
grating,315,2.60,P0|P1|P2|P3|P4|P5|P6|P7|P8|P9|P10|P11|P12|P13|P14|P15,0.831037,3,P14,P15,P1,P11,P15,P0,P7,P13,P15,P0,P9,P14,P15,P0,P11,P15,P15,P6,P13,P15
grating,315,2.60,P0|P1|P2|P3|P4|P5|P6|P7|P8|P9|P10|P11|P12|P13|P14|P15,0.831037,4,P15,P1,P11,P15,P0,P7,P13,P15,P0,P9,P14,P15,P0,P11,P15,P15,P6,P13,P15,P0
grating,315,2.60,P0|P1|P2|P3|P4|P5|P6|P7|P8|P9|P10|P11|P12|P13|P14|P15,0.831037,5,P1,P11,P15,P0,P7,P13,P15,P0,P9,P14,P15,P0,P11,P15,P15,P6,P13,P15,P0,P8
grating,315,2.60,P0|P1|P2|P3|P4|P5|P6|P7|P8|P9|P10|P11|P12|P13|P14|P15,0.831037,6,P11,P15,P0,P7,P13,P15,P0,P9,P14,P15,P0,P11,P15,P15,P6,P13,P15,P0,P8,P14
grating,315,2.60,P0|P1|P2|P3|P4|P5|P6|P7|P8|P9|P10|P11|P12|P13|P14|P15,0.831037,7,P15,P0,P7,P13,P15,P0,P9,P14,P15,P0,P11,P15,P15,P6,P13,P15,P0,P8,P14,P15
grating,315,2.60,P0|P1|P2|P3|P4|P5|P6|P7|P8|P9|P10|P11|P12|P13|P14|P15,0.831037,8,P0,P7,P13,P15,P0,P9,P14,P15,P0,P11,P15,P15,P6,P13,P15,P0,P8,P14,P15,P0
grating,315,2.60,P0|P1|P2|P3|P4|P5|P6|P7|P8|P9|P10|P11|P12|P13|P14|P15,0.831037,9,P7,P13,P15,P0,P9,P14,P15,P0,P11,P15,P15,P6,P13,P15,P0,P8,P14,P15,P0,P11
grating,315,2.60,P0|P1|P2|P3|P4|P5|P6|P7|P8|P9|P10|P11|P12|P13|P14|P15,0.831037,10,P13,P15,P0,P9,P14,P15,P0,P11,P15,P15,P6,P13,P15,P0,P8,P14,P15,P0,P11,P15
grating,315,2.60,P0|P1|P2|P3|P4|P5|P6|P7|P8|P9|P10|P11|P12|P13|P14|P15,0.831037,11,P15,P0,P9,P14,P15,P0,P11,P15,P15,P6,P13,P15,P0,P8,P14,P15,P0,P11,P15,P15
grating,315,2.60,P0|P1|P2|P3|P4|P5|P6|P7|P8|P9|P10|P11|P12|P13|P14|P15,0.831037,12,P0,P9,P14,P15,P0,P11,P15,P15,P6,P13,P15,P0,P8,P14,P15,P0,P11,P15,P15,P6
grating,315,2.60,P0|P1|P2|P3|P4|P5|P6|P7|P8|P9|P10|P11|P12|P13|P14|P15,0.831037,13,P9,P14,P15,P0,P11,P15,P15,P6,P13,P15,P0,P8,P14,P15,P0,P11,P15,P15,P6,P13
grating,315,2.60,P0|P1|P2|P3|P4|P5|P6|P7|P8|P9|P10|P11|P12|P13|P14|P15,0.831037,14,P14,P15,P0,P11,P15,P15,P6,P13,P15,P0,P8,P14,P15,P0,P11,P15,P15,P6,P13,P15
grating,315,2.60,P0|P1|P2|P3|P4|P5|P6|P7|P8|P9|P10|P11|P12|P13|P14|P15,0.831037,15,P15,P0,P11,P15,P15,P6,P13,P15,P0,P8,P14,P15,P0,P11,P15,P15,P6,P13,P15,P0
grating,315,2.60,P0|P1|P2|P3|P4|P5|P6|P7|P8|P9|P10|P11|P12|P13|P14|P15,0.831037,16,P0,P11,P15,P15,P6,P13,P15,P0,P8,P14,P15,P0,P11,P15,P15,P6,P13,P15,P0,P8
grating,315,2.60,P0|P1|P2|P3|P4|P5|P6|P7|P8|P9|P10|P11|P12|P13|P14|P15,0.831037,17,P11,P15,P15,P6,P13,P15,P0,P8,P14,P15,P0,P11,P15,P15,P6,P13,P15,P0,P8,P14
grating,315,2.60,P0|P1|P2|P3|P4|P5|P6|P7|P8|P9|P10|P11|P12|P13|P14|P15,0.831037,18,P15,P15,P6,P13,P15,P0,P8,P14,P15,P0,P11,P15,P15,P6,P13,P15,P0,P8,P14,P15
grating,315,2.60,P0|P1|P2|P3|P4|P5|P6|P7|P8|P9|P10|P11|P12|P13|P14|P15,0.831037,19,P15,P6,P13,P15,P0,P8,P14,P15,P0,P11,P15,P15,P6,P13,P15,P0,P8,P14,P15,P0
grating,135,2.70,P0|P1|P2|P3|P4|P5|P6|P7|P8|P9|P10|P11|P12|P13|P14|P15,0.831173,0,P9,P0,P15,P14,P7,P0,P15,P13,P6,P0,P15,P12,P5,P15,P14,P11,P0,P15,P14,P10
grating,135,2.70,P0|P1|P2|P3|P4|P5|P6|P7|P8|P9|P10|P11|P12|P13|P14|P15,0.831173,1,P0,P15,P14,P7,P0,P15,P13,P6,P0,P15,P12,P5,P15,P14,P11,P0,P15,P14,P10,P0
grating,135,2.70,P0|P1|P2|P3|P4|P5|P6|P7|P8|P9|P10|P11|P12|P13|P14|P15,0.831173,2,P15,P14,P7,P0,P15,P13,P6,P0,P15,P12,P5,P15,P14,P11,P0,P15,P14,P10,P0,P15
grating,135,2.70,P0|P1|P2|P3|P4|P5|P6|P7|P8|P9|P10|P11|P12|P13|P14|P15,0.831173,3,P14,P7,P0,P15,P13,P6,P0,P15,P12,P5,P15,P14,P11,P0,P15,P14,P10,P0,P15,P14
grating,135,2.70,P0|P1|P2|P3|P4|P5|P6|P7|P8|P9|P10|P11|P12|P13|P14|P15,0.831173,4,P7,P0,P15,P13,P6,P0,P15,P12,P5,P15,P14,P11,P0,P15,P14,P10,P0,P15,P14,P8
grating,135,2.70,P0|P1|P2|P3|P4|P5|P6|P7|P8|P9|P10|P11|P12|P13|P14|P15,0.831173,5,P0,P15,P13,P6,P0,P15,P12,P5,P15,P14,P11,P0,P15,P14,P10,P0,P15,P14,P8,P0
grating,135,2.70,P0|P1|P2|P3|P4|P5|P6|P7|P8|P9|P10|P11|P12|P13|P14|P15,0.831173,6,P15,P13,P6,P0,P15,P12,P5,P15,P14,P11,P0,P15,P14,P10,P0,P15,P14,P8,P0,P15
grating,135,2.70,P0|P1|P2|P3|P4|P5|P6|P7|P8|P9|P10|P11|P12|P13|P14|P15,0.831173,7,P13,P6,P0,P15,P12,P5,P15,P14,P11,P0,P15,P14,P10,P0,P15,P14,P8,P0,P15,P13
grating,135,2.70,P0|P1|P2|P3|P4|P5|P6|P7|P8|P9|P10|P11|P12|P13|P14|P15,0.831173,8,P6,P0,P15,P12,P5,P15,P14,P11,P0,P15,P14,P10,P0,P15,P14,P8,P0,P15,P13,P7
grating,135,2.70,P0|P1|P2|P3|P4|P5|P6|P7|P8|P9|P10|P11|P12|P13|P14|P15,0.831173,9,P0,P15,P12,P5,P15,P14,P11,P0,P15,P14,P10,P0,P15,P14,P8,P0,P15,P13,P7,P0
grating,135,2.70,P0|P1|P2|P3|P4|P5|P6|P7|P8|P9|P10|P11|P12|P13|P14|P15,0.831173,10,P15,P12,P5,P15,P14,P11,P0,P15,P14,P10,P0,P15,P14,P8,P0,P15,P13,P7,P0,P15
grating,135,2.70,P0|P1|P2|P3|P4|P5|P6|P7|P8|P9|P10|P11|P12|P13|P14|P15,0.831173,11,P12,P5,P15,P14,P11,P0,P15,P14,P10,P0,P15,P14,P8,P0,P15,P13,P7,P0,P15,P13
grating,135,2.70,P0|P1|P2|P3|P4|P5|P6|P7|P8|P9|P10|P11|P12|P13|P14|P15,0.831173,12,P5,P15,P14,P11,P0,P15,P14,P10,P0,P15,P14,P8,P0,P15,P13,P7,P0,P15,P13,P6
grating,135,2.70,P0|P1|P2|P3|P4|P5|P6|P7|P8|P9|P10|P11|P12|P13|P14|P15,0.831173,13,P15,P14,P11,P0,P15,P14,P10,P0,P15,P14,P8,P0,P15,P13,P7,P0,P15,P13,P6,P15
grating,135,2.70,P0|P1|P2|P3|P4|P5|P6|P7|P8|P9|P10|P11|P12|P13|P14|P15,0.831173,14,P14,P11,P0,P15,P14,P10,P0,P15,P14,P8,P0,P15,P13,P7,P0,P15,P13,P6,P15,P15
grating,135,2.70,P0|P1|P2|P3|P4|P5|P6|P7|P8|P9|P10|P11|P12|P13|P14|P15,0.831173,15,P11,P0,P15,P14,P10,P0,P15,P14,P8,P0,P15,P13,P7,P0,P15,P13,P6,P15,P15,P11
grating,135,2.70,P0|P1|P2|P3|P4|P5|P6|P7|P8|P9|P10|P11|P12|P13|P14|P15,0.831173,16,P0,P15,P14,P10,P0,P15,P14,P8,P0,P15,P13,P7,P0,P15,P13,P6,P15,P15,P11,P3
grating,135,2.70,P0|P1|P2|P3|P4|P5|P6|P7|P8|P9|P10|P11|P12|P13|P14|P15,0.831173,17,P15,P14,P10,P0,P15,P14,P8,P0,P15,P13,P7,P0,P15,P13,P6,P15,P15,P11,P3,P15
grating,135,2.70,P0|P1|P2|P3|P4|P5|P6|P7|P8|P9|P10|P11|P12|P13|P14|P15,0.831173,18,P14,P10,P0,P15,P14,P8,P0,P15,P13,P7,P0,P15,P13,P6,P15,P15,P11,P3,P15,P14
grating,135,2.70,P0|P1|P2|P3|P4|P5|P6|P7|P8|P9|P10|P11|P12|P13|P14|P15,0.831173,19,P10,P0,P15,P14,P8,P0,P15,P13,P7,P0,P15,P13,P6,P15,P15,P11,P3,P15,P14,P10
grating,315,2.70,P0|P1|P2|P3|P4|P5|P6|P7|P8|P9|P10|P11|P12|P13|P14|P15,0.831173,0,P10,P14,P15,P3,P11,P15,P15,P6,P13,P15,P0,P7,P13,P15,P0,P8,P14,P15,P0,P10
grating,315,2.70,P0|P1|P2|P3|P4|P5|P6|P7|P8|P9|P10|P11|P12|P13|P14|P15,0.831173,1,P14,P15,P3,P11,P15,P15,P6,P13,P15,P0,P7,P13,P15,P0,P8,P14,P15,P0,P10,P14
grating,315,2.70,P0|P1|P2|P3|P4|P5|P6|P7|P8|P9|P10|P11|P12|P13|P14|P15,0.831173,2,P15,P3,P11,P15,P15,P6,P13,P15,P0,P7,P13,P15,P0,P8,P14,P15,P0,P10,P14,P15
grating,315,2.70,P0|P1|P2|P3|P4|P5|P6|P7|P8|P9|P10|P11|P12|P13|P14|P15,0.831173,3,P3,P11,P15,P15,P6,P13,P15,P0,P7,P13,P15,P0,P8,P14,P15,P0,P10,P14,P15,P0
grating,315,2.70,P0|P1|P2|P3|P4|P5|P6|P7|P8|P9|P10|P11|P12|P13|P14|P15,0.831173,4,P11,P15,P15,P6,P13,P15,P0,P7,P13,P15,P0,P8,P14,P15,P0,P10,P14,P15,P0,P11
grating,315,2.70,P0|P1|P2|P3|P4|P5|P6|P7|P8|P9|P10|P11|P12|P13|P14|P15,0.831173,5,P15,P15,P6,P13,P15,P0,P7,P13,P15,P0,P8,P14,P15,P0,P10,P14,P15,P0,P11,P14
grating,315,2.70,P0|P1|P2|P3|P4|P5|P6|P7|P8|P9|P10|P11|P12|P13|P14|P15,0.831173,6,P15,P6,P13,P15,P0,P7,P13,P15,P0,P8,P14,P15,P0,P10,P14,P15,P0,P11,P14,P15
grating,315,2.70,P0|P1|P2|P3|P4|P5|P6|P7|P8|P9|P10|P11|P12|P13|P14|P15,0.831173,7,P6,P13,P15,P0,P7,P13,P15,P0,P8,P14,P15,P0,P10,P14,P15,P0,P11,P14,P15,P5
grating,315,2.70,P0|P1|P2|P3|P4|P5|P6|P7|P8|P9|P10|P11|P12|P13|P14|P15,0.831173,8,P13,P15,P0,P7,P13,P15,P0,P8,P14,P15,P0,P10,P14,P15,P0,P11,P14,P15,P5,P12
grating,315,2.70,P0|P1|P2|P3|P4|P5|P6|P7|P8|P9|P10|P11|P12|P13|P14|P15,0.831173,9,P15,P0,P7,P13,P15,P0,P8,P14,P15,P0,P10,P14,P15,P0,P11,P14,P15,P5,P12,P15
grating,315,2.70,P0|P1|P2|P3|P4|P5|P6|P7|P8|P9|P10|P11|P12|P13|P14|P15,0.831173,10,P0,P7,P13,P15,P0,P8,P14,P15,P0,P10,P14,P15,P0,P11,P14,P15,P5,P12,P15,P0
grating,315,2.70,P0|P1|P2|P3|P4|P5|P6|P7|P8|P9|P10|P11|P12|P13|P14|P15,0.831173,11,P7,P13,P15,P0,P8,P14,P15,P0,P10,P14,P15,P0,P11,P14,P15,P5,P12,P15,P0,P6
grating,315,2.70,P0|P1|P2|P3|P4|P5|P6|P7|P8|P9|P10|P11|P12|P13|P14|P15,0.831173,12,P13,P15,P0,P8,P14,P15,P0,P10,P14,P15,P0,P11,P14,P15,P5,P12,P15,P0,P6,P13
grating,315,2.70,P0|P1|P2|P3|P4|P5|P6|P7|P8|P9|P10|P11|P12|P13|P14|P15,0.831173,13,P15,P0,P8,P14,P15,P0,P10,P14,P15,P0,P11,P14,P15,P5,P12,P15,P0,P6,P13,P15
grating,315,2.70,P0|P1|P2|P3|P4|P5|P6|P7|P8|P9|P10|P11|P12|P13|P14|P15,0.831173,14,P0,P8,P14,P15,P0,P10,P14,P15,P0,P11,P14,P15,P5,P12,P15,P0,P6,P13,P15,P0
grating,315,2.70,P0|P1|P2|P3|P4|P5|P6|P7|P8|P9|P10|P11|P12|P13|P14|P15,0.831173,15,P8,P14,P15,P0,P10,P14,P15,P0,P11,P14,P15,P5,P12,P15,P0,P6,P13,P15,P0,P7
grating,315,2.70,P0|P1|P2|P3|P4|P5|P6|P7|P8|P9|P10|P11|P12|P13|P14|P15,0.831173,16,P14,P15,P0,P10,P14,P15,P0,P11,P14,P15,P5,P12,P15,P0,P6,P13,P15,P0,P7,P14
grating,315,2.70,P0|P1|P2|P3|P4|P5|P6|P7|P8|P9|P10|P11|P12|P13|P14|P15,0.831173,17,P15,P0,P10,P14,P15,P0,P11,P14,P15,P5,P12,P15,P0,P6,P13,P15,P0,P7,P14,P15
grating,315,2.70,P0|P1|P2|P3|P4|P5|P6|P7|P8|P9|P10|P11|P12|P13|P14|P15,0.831173,18,P0,P10,P14,P15,P0,P11,P14,P15,P5,P12,P15,P0,P6,P13,P15,P0,P7,P14,P15,P0
grating,315,2.70,P0|P1|P2|P3|P4|P5|P6|P7|P8|P9|P10|P11|P12|P13|P14|P15,0.831173,19,P10,P14,P15,P0,P11,P14,P15,P5,P12,P15,P0,P6,P13,P15,P0,P7,P14,P15,P0,P9
grating,135,2.80,P0|P1|P2|P3|P4|P5|P6|P7|P8|P9|P10|P11|P12|P13|P14|P15,0.831051,0,P0,P15,P13,P7,P0,P15,P13,P6,P0,P15,P13,P6,P0,P15,P12,P6,P15,P15,P12,P6
grating,135,2.80,P0|P1|P2|P3|P4|P5|P6|P7|P8|P9|P10|P11|P12|P13|P14|P15,0.831051,1,P15,P13,P7,P0,P15,P13,P6,P0,P15,P13,P6,P0,P15,P12,P6,P15,P15,P12,P6,P15
grating,135,2.80,P0|P1|P2|P3|P4|P5|P6|P7|P8|P9|P10|P11|P12|P13|P14|P15,0.831051,2,P13,P7,P0,P15,P13,P6,P0,P15,P13,P6,P0,P15,P12,P6,P15,P15,P12,P6,P15,P15
grating,135,2.80,P0|P1|P2|P3|P4|P5|P6|P7|P8|P9|P10|P11|P12|P13|P14|P15,0.831051,3,P7,P0,P15,P13,P6,P0,P15,P13,P6,P0,P15,P12,P6,P15,P15,P12,P6,P15,P15,P12
grating,135,2.80,P0|P1|P2|P3|P4|P5|P6|P7|P8|P9|P10|P11|P12|P13|P14|P15,0.831051,4,P0,P15,P13,P6,P0,P15,P13,P6,P0,P15,P12,P6,P15,P15,P12,P6,P15,P15,P12,P5
grating,135,2.80,P0|P1|P2|P3|P4|P5|P6|P7|P8|P9|P10|P11|P12|P13|P14|P15,0.831051,5,P15,P13,P6,P0,P15,P13,P6,P0,P15,P12,P6,P15,P15,P12,P6,P15,P15,P12,P5,P15
grating,135,2.80,P0|P1|P2|P3|P4|P5|P6|P7|P8|P9|P10|P11|P12|P13|P14|P15,0.831051,6,P13,P6,P0,P15,P13,P6,P0,P15,P12,P6,P15,P15,P12,P6,P15,P15,P12,P5,P15,P15
grating,135,2.80,P0|P1|P2|P3|P4|P5|P6|P7|P8|P9|P10|P11|P12|P13|P14|P15,0.831051,7,P6,P0,P15,P13,P6,P0,P15,P12,P6,P15,P15,P12,P6,P15,P15,P12,P5,P15,P15,P12
grating,135,2.80,P0|P1|P2|P3|P4|P5|P6|P7|P8|P9|P10|P11|P12|P13|P14|P15,0.831051,8,P0,P15,P13,P6,P0,P15,P12,P6,P15,P15,P12,P6,P15,P15,P12,P5,P15,P15,P12,P5
grating,135,2.80,P0|P1|P2|P3|P4|P5|P6|P7|P8|P9|P10|P11|P12|P13|P14|P15,0.831051,9,P15,P13,P6,P0,P15,P12,P6,P15,P15,P12,P6,P15,P15,P12,P5,P15,P15,P12,P5,P15
grating,135,2.80,P0|P1|P2|P3|P4|P5|P6|P7|P8|P9|P10|P11|P12|P13|P14|P15,0.831051,10,P13,P6,P0,P15,P12,P6,P15,P15,P12,P6,P15,P15,P12,P5,P15,P15,P12,P5,P15,P15
grating,135,2.80,P0|P1|P2|P3|P4|P5|P6|P7|P8|P9|P10|P11|P12|P13|P14|P15,0.831051,11,P6,P0,P15,P12,P6,P15,P15,P12,P6,P15,P15,P12,P5,P15,P15,P12,P5,P15,P15,P11
grating,135,2.80,P0|P1|P2|P3|P4|P5|P6|P7|P8|P9|P10|P11|P12|P13|P14|P15,0.831051,12,P0,P15,P12,P6,P15,P15,P12,P6,P15,P15,P12,P5,P15,P15,P12,P5,P15,P15,P11,P4
grating,135,2.80,P0|P1|P2|P3|P4|P5|P6|P7|P8|P9|P10|P11|P12|P13|P14|P15,0.831051,13,P15,P12,P6,P15,P15,P12,P6,P15,P15,P12,P5,P15,P15,P12,P5,P15,P15,P11,P4,P15
grating,135,2.80,P0|P1|P2|P3|P4|P5|P6|P7|P8|P9|P10|P11|P12|P13|P14|P15,0.831051,14,P12,P6,P15,P15,P12,P6,P15,P15,P12,P5,P15,P15,P12,P5,P15,P15,P11,P4,P15,P14
grating,135,2.80,P0|P1|P2|P3|P4|P5|P6|P7|P8|P9|P10|P11|P12|P13|P14|P15,0.831051,15,P6,P15,P15,P12,P6,P15,P15,P12,P5,P15,P15,P12,P5,P15,P15,P11,P4,P15,P14,P11
grating,135,2.80,P0|P1|P2|P3|P4|P5|P6|P7|P8|P9|P10|P11|P12|P13|P14|P15,0.831051,16,P15,P15,P12,P6,P15,P15,P12,P5,P15,P15,P12,P5,P15,P15,P11,P4,P15,P14,P11,P3
grating,135,2.80,P0|P1|P2|P3|P4|P5|P6|P7|P8|P9|P10|P11|P12|P13|P14|P15,0.831051,17,P15,P12,P6,P15,P15,P12,P5,P15,P15,P12,P5,P15,P15,P11,P4,P15,P14,P11,P3,P15
grating,135,2.80,P0|P1|P2|P3|P4|P5|P6|P7|P8|P9|P10|P11|P12|P13|P14|P15,0.831051,18,P12,P6,P15,P15,P12,P5,P15,P15,P12,P5,P15,P15,P11,P4,P15,P14,P11,P3,P15,P14
grating,135,2.80,P0|P1|P2|P3|P4|P5|P6|P7|P8|P9|P10|P11|P12|P13|P14|P15,0.831051,19,P6,P15,P15,P12,P5,P15,P15,P12,P5,P15,P15,P11,P4,P15,P14,P11,P3,P15,P14,P11
grating,315,2.80,P0|P1|P2|P3|P4|P5|P6|P7|P8|P9|P10|P11|P12|P13|P14|P15,0.831051,0,P11,P14,P15,P3,P11,P14,P15,P4,P11,P15,P15,P5,P12,P15,P15,P5,P12,P15,P15,P6
grating,315,2.80,P0|P1|P2|P3|P4|P5|P6|P7|P8|P9|P10|P11|P12|P13|P14|P15,0.831051,1,P14,P15,P3,P11,P14,P15,P4,P11,P15,P15,P5,P12,P15,P15,P5,P12,P15,P15,P6,P12
grating,315,2.80,P0|P1|P2|P3|P4|P5|P6|P7|P8|P9|P10|P11|P12|P13|P14|P15,0.831051,2,P15,P3,P11,P14,P15,P4,P11,P15,P15,P5,P12,P15,P15,P5,P12,P15,P15,P6,P12,P15
grating,315,2.80,P0|P1|P2|P3|P4|P5|P6|P7|P8|P9|P10|P11|P12|P13|P14|P15,0.831051,3,P3,P11,P14,P15,P4,P11,P15,P15,P5,P12,P15,P15,P5,P12,P15,P15,P6,P12,P15,P15
grating,315,2.80,P0|P1|P2|P3|P4|P5|P6|P7|P8|P9|P10|P11|P12|P13|P14|P15,0.831051,4,P11,P14,P15,P4,P11,P15,P15,P5,P12,P15,P15,P5,P12,P15,P15,P6,P12,P15,P15,P6
grating,315,2.80,P0|P1|P2|P3|P4|P5|P6|P7|P8|P9|P10|P11|P12|P13|P14|P15,0.831051,5,P14,P15,P4,P11,P15,P15,P5,P12,P15,P15,P5,P12,P15,P15,P6,P12,P15,P15,P6,P12
grating,315,2.80,P0|P1|P2|P3|P4|P5|P6|P7|P8|P9|P10|P11|P12|P13|P14|P15,0.831051,6,P15,P4,P11,P15,P15,P5,P12,P15,P15,P5,P12,P15,P15,P6,P12,P15,P15,P6,P12,P15
grating,315,2.80,P0|P1|P2|P3|P4|P5|P6|P7|P8|P9|P10|P11|P12|P13|P14|P15,0.831051,7,P4,P11,P15,P15,P5,P12,P15,P15,P5,P12,P15,P15,P6,P12,P15,P15,P6,P12,P15,P0
grating,315,2.80,P0|P1|P2|P3|P4|P5|P6|P7|P8|P9|P10|P11|P12|P13|P14|P15,0.831051,8,P11,P15,P15,P5,P12,P15,P15,P5,P12,P15,P15,P6,P12,P15,P15,P6,P12,P15,P0,P6
grating,315,2.80,P0|P1|P2|P3|P4|P5|P6|P7|P8|P9|P10|P11|P12|P13|P14|P15,0.831051,9,P15,P15,P5,P12,P15,P15,P5,P12,P15,P15,P6,P12,P15,P15,P6,P12,P15,P0,P6,P13
grating,315,2.80,P0|P1|P2|P3|P4|P5|P6|P7|P8|P9|P10|P11|P12|P13|P14|P15,0.831051,10,P15,P5,P12,P15,P15,P5,P12,P15,P15,P6,P12,P15,P15,P6,P12,P15,P0,P6,P13,P15
grating,315,2.80,P0|P1|P2|P3|P4|P5|P6|P7|P8|P9|P10|P11|P12|P13|P14|P15,0.831051,11,P5,P12,P15,P15,P5,P12,P15,P15,P6,P12,P15,P15,P6,P12,P15,P0,P6,P13,P15,P0
grating,315,2.80,P0|P1|P2|P3|P4|P5|P6|P7|P8|P9|P10|P11|P12|P13|P14|P15,0.831051,12,P12,P15,P15,P5,P12,P15,P15,P6,P12,P15,P15,P6,P12,P15,P0,P6,P13,P15,P0,P6
grating,315,2.80,P0|P1|P2|P3|P4|P5|P6|P7|P8|P9|P10|P11|P12|P13|P14|P15,0.831051,13,P15,P15,P5,P12,P15,P15,P6,P12,P15,P15,P6,P12,P15,P0,P6,P13,P15,P0,P6,P13
grating,315,2.80,P0|P1|P2|P3|P4|P5|P6|P7|P8|P9|P10|P11|P12|P13|P14|P15,0.831051,14,P15,P5,P12,P15,P15,P6,P12,P15,P15,P6,P12,P15,P0,P6,P13,P15,P0,P6,P13,P15
grating,315,2.80,P0|P1|P2|P3|P4|P5|P6|P7|P8|P9|P10|P11|P12|P13|P14|P15,0.831051,15,P5,P12,P15,P15,P6,P12,P15,P15,P6,P12,P15,P0,P6,P13,P15,P0,P6,P13,P15,P0
grating,315,2.80,P0|P1|P2|P3|P4|P5|P6|P7|P8|P9|P10|P11|P12|P13|P14|P15,0.831051,16,P12,P15,P15,P6,P12,P15,P15,P6,P12,P15,P0,P6,P13,P15,P0,P6,P13,P15,P0,P7
grating,315,2.80,P0|P1|P2|P3|P4|P5|P6|P7|P8|P9|P10|P11|P12|P13|P14|P15,0.831051,17,P15,P15,P6,P12,P15,P15,P6,P12,P15,P0,P6,P13,P15,P0,P6,P13,P15,P0,P7,P13
grating,315,2.80,P0|P1|P2|P3|P4|P5|P6|P7|P8|P9|P10|P11|P12|P13|P14|P15,0.831051,18,P15,P6,P12,P15,P15,P6,P12,P15,P0,P6,P13,P15,P0,P6,P13,P15,P0,P7,P13,P15
grating,315,2.80,P0|P1|P2|P3|P4|P5|P6|P7|P8|P9|P10|P11|P12|P13|P14|P15,0.831051,19,P6,P12,P15,P15,P6,P12,P15,P0,P6,P13,P15,P0,P6,P13,P15,P0,P7,P13,P15,P0
grating,135,2.90,P0|P1|P2|P3|P4|P5|P6|P7|P8|P9|P10|P11|P12|P13|P14|P15,0.831036,0,P12,P6,P0,P15,P13,P7,P0,P15,P13,P7,P0,P15,P14,P8,P0,P15,P14,P8,P0,P15
grating,135,2.90,P0|P1|P2|P3|P4|P5|P6|P7|P8|P9|P10|P11|P12|P13|P14|P15,0.831036,1,P6,P0,P15,P13,P7,P0,P15,P13,P7,P0,P15,P14,P8,P0,P15,P14,P8,P0,P15,P14
grating,135,2.90,P0|P1|P2|P3|P4|P5|P6|P7|P8|P9|P10|P11|P12|P13|P14|P15,0.831036,2,P0,P15,P13,P7,P0,P15,P13,P7,P0,P15,P14,P8,P0,P15,P14,P8,P0,P15,P14,P9
grating,135,2.90,P0|P1|P2|P3|P4|P5|P6|P7|P8|P9|P10|P11|P12|P13|P14|P15,0.831036,3,P15,P13,P7,P0,P15,P13,P7,P0,P15,P14,P8,P0,P15,P14,P8,P0,P15,P14,P9,P0
grating,135,2.90,P0|P1|P2|P3|P4|P5|P6|P7|P8|P9|P10|P11|P12|P13|P14|P15,0.831036,4,P13,P7,P0,P15,P13,P7,P0,P15,P14,P8,P0,P15,P14,P8,P0,P15,P14,P9,P0,P15
grating,135,2.90,P0|P1|P2|P3|P4|P5|P6|P7|P8|P9|P10|P11|P12|P13|P14|P15,0.831036,5,P7,P0,P15,P13,P7,P0,P15,P14,P8,P0,P15,P14,P8,P0,P15,P14,P9,P0,P15,P14
grating,135,2.90,P0|P1|P2|P3|P4|P5|P6|P7|P8|P9|P10|P11|P12|P13|P14|P15,0.831036,6,P0,P15,P13,P7,P0,P15,P14,P8,P0,P15,P14,P8,P0,P15,P14,P9,P0,P15,P14,P10
grating,135,2.90,P0|P1|P2|P3|P4|P5|P6|P7|P8|P9|P10|P11|P12|P13|P14|P15,0.831036,7,P15,P13,P7,P0,P15,P14,P8,P0,P15,P14,P8,P0,P15,P14,P9,P0,P15,P14,P10,P0
grating,135,2.90,P0|P1|P2|P3|P4|P5|P6|P7|P8|P9|P10|P11|P12|P13|P14|P15,0.831036,8,P13,P7,P0,P15,P14,P8,P0,P15,P14,P8,P0,P15,P14,P9,P0,P15,P14,P10,P0,P15
grating,135,2.90,P0|P1|P2|P3|P4|P5|P6|P7|P8|P9|P10|P11|P12|P13|P14|P15,0.831036,9,P7,P0,P15,P14,P8,P0,P15,P14,P8,P0,P15,P14,P9,P0,P15,P14,P10,P0,P15,P14
grating,135,2.90,P0|P1|P2|P3|P4|P5|P6|P7|P8|P9|P10|P11|P12|P13|P14|P15,0.831036,10,P0,P15,P14,P8,P0,P15,P14,P8,P0,P15,P14,P9,P0,P15,P14,P10,P0,P15,P14,P11
grating,135,2.90,P0|P1|P2|P3|P4|P5|P6|P7|P8|P9|P10|P11|P12|P13|P14|P15,0.831036,11,P15,P14,P8,P0,P15,P14,P8,P0,P15,P14,P9,P0,P15,P14,P10,P0,P15,P14,P11,P1
grating,135,2.90,P0|P1|P2|P3|P4|P5|P6|P7|P8|P9|P10|P11|P12|P13|P14|P15,0.831036,12,P14,P8,P0,P15,P14,P8,P0,P15,P14,P9,P0,P15,P14,P10,P0,P15,P14,P11,P1,P15
grating,135,2.90,P0|P1|P2|P3|P4|P5|P6|P7|P8|P9|P10|P11|P12|P13|P14|P15,0.831036,13,P8,P0,P15,P14,P8,P0,P15,P14,P9,P0,P15,P14,P10,P0,P15,P14,P11,P1,P15,P14
grating,135,2.90,P0|P1|P2|P3|P4|P5|P6|P7|P8|P9|P10|P11|P12|P13|P14|P15,0.831036,14,P0,P15,P14,P8,P0,P15,P14,P9,P0,P15,P14,P10,P0,P15,P14,P11,P1,P15,P14,P11
grating,135,2.90,P0|P1|P2|P3|P4|P5|P6|P7|P8|P9|P10|P11|P12|P13|P14|P15,0.831036,15,P15,P14,P8,P0,P15,P14,P9,P0,P15,P14,P10,P0,P15,P14,P11,P1,P15,P14,P11,P4
grating,135,2.90,P0|P1|P2|P3|P4|P5|P6|P7|P8|P9|P10|P11|P12|P13|P14|P15,0.831036,16,P14,P8,P0,P15,P14,P9,P0,P15,P14,P10,P0,P15,P14,P11,P1,P15,P14,P11,P4,P15
grating,135,2.90,P0|P1|P2|P3|P4|P5|P6|P7|P8|P9|P10|P11|P12|P13|P14|P15,0.831036,17,P8,P0,P15,P14,P9,P0,P15,P14,P10,P0,P15,P14,P11,P1,P15,P14,P11,P4,P15,P15
grating,135,2.90,P0|P1|P2|P3|P4|P5|P6|P7|P8|P9|P10|P11|P12|P13|P14|P15,0.831036,18,P0,P15,P14,P9,P0,P15,P14,P10,P0,P15,P14,P11,P1,P15,P14,P11,P4,P15,P15,P12
grating,135,2.90,P0|P1|P2|P3|P4|P5|P6|P7|P8|P9|P10|P11|P12|P13|P14|P15,0.831036,19,P15,P14,P9,P0,P15,P14,P10,P0,P15,P14,P11,P1,P15,P14,P11,P4,P15,P15,P12,P6
grating,315,2.90,P0|P1|P2|P3|P4|P5|P6|P7|P8|P9|P10|P11|P12|P13|P14|P15,0.831036,0,P6,P12,P15,P15,P4,P11,P14,P15,P1,P11,P14,P15,P0,P10,P14,P15,P0,P9,P14,P15
grating,315,2.90,P0|P1|P2|P3|P4|P5|P6|P7|P8|P9|P10|P11|P12|P13|P14|P15,0.831036,1,P12,P15,P15,P4,P11,P14,P15,P1,P11,P14,P15,P0,P10,P14,P15,P0,P9,P14,P15,P0
grating,315,2.90,P0|P1|P2|P3|P4|P5|P6|P7|P8|P9|P10|P11|P12|P13|P14|P15,0.831036,2,P15,P15,P4,P11,P14,P15,P1,P11,P14,P15,P0,P10,P14,P15,P0,P9,P14,P15,P0,P8
grating,315,2.90,P0|P1|P2|P3|P4|P5|P6|P7|P8|P9|P10|P11|P12|P13|P14|P15,0.831036,3,P15,P4,P11,P14,P15,P1,P11,P14,P15,P0,P10,P14,P15,P0,P9,P14,P15,P0,P8,P14
grating,315,2.90,P0|P1|P2|P3|P4|P5|P6|P7|P8|P9|P10|P11|P12|P13|P14|P15,0.831036,4,P4,P11,P14,P15,P1,P11,P14,P15,P0,P10,P14,P15,P0,P9,P14,P15,P0,P8,P14,P15
grating,315,2.90,P0|P1|P2|P3|P4|P5|P6|P7|P8|P9|P10|P11|P12|P13|P14|P15,0.831036,5,P11,P14,P15,P1,P11,P14,P15,P0,P10,P14,P15,P0,P9,P14,P15,P0,P8,P14,P15,P0
grating,315,2.90,P0|P1|P2|P3|P4|P5|P6|P7|P8|P9|P10|P11|P12|P13|P14|P15,0.831036,6,P14,P15,P1,P11,P14,P15,P0,P10,P14,P15,P0,P9,P14,P15,P0,P8,P14,P15,P0,P8
grating,315,2.90,P0|P1|P2|P3|P4|P5|P6|P7|P8|P9|P10|P11|P12|P13|P14|P15,0.831036,7,P15,P1,P11,P14,P15,P0,P10,P14,P15,P0,P9,P14,P15,P0,P8,P14,P15,P0,P8,P14
grating,315,2.90,P0|P1|P2|P3|P4|P5|P6|P7|P8|P9|P10|P11|P12|P13|P14|P15,0.831036,8,P1,P11,P14,P15,P0,P10,P14,P15,P0,P9,P14,P15,P0,P8,P14,P15,P0,P8,P14,P15
grating,315,2.90,P0|P1|P2|P3|P4|P5|P6|P7|P8|P9|P10|P11|P12|P13|P14|P15,0.831036,9,P11,P14,P15,P0,P10,P14,P15,P0,P9,P14,P15,P0,P8,P14,P15,P0,P8,P14,P15,P0
grating,315,2.90,P0|P1|P2|P3|P4|P5|P6|P7|P8|P9|P10|P11|P12|P13|P14|P15,0.831036,10,P14,P15,P0,P10,P14,P15,P0,P9,P14,P15,P0,P8,P14,P15,P0,P8,P14,P15,P0,P7
grating,315,2.90,P0|P1|P2|P3|P4|P5|P6|P7|P8|P9|P10|P11|P12|P13|P14|P15,0.831036,11,P15,P0,P10,P14,P15,P0,P9,P14,P15,P0,P8,P14,P15,P0,P8,P14,P15,P0,P7,P13
grating,315,2.90,P0|P1|P2|P3|P4|P5|P6|P7|P8|P9|P10|P11|P12|P13|P14|P15,0.831036,12,P0,P10,P14,P15,P0,P9,P14,P15,P0,P8,P14,P15,P0,P8,P14,P15,P0,P7,P13,P15
grating,315,2.90,P0|P1|P2|P3|P4|P5|P6|P7|P8|P9|P10|P11|P12|P13|P14|P15,0.831036,13,P10,P14,P15,P0,P9,P14,P15,P0,P8,P14,P15,P0,P8,P14,P15,P0,P7,P13,P15,P0
grating,315,2.90,P0|P1|P2|P3|P4|P5|P6|P7|P8|P9|P10|P11|P12|P13|P14|P15,0.831036,14,P14,P15,P0,P9,P14,P15,P0,P8,P14,P15,P0,P8,P14,P15,P0,P7,P13,P15,P0,P7
grating,315,2.90,P0|P1|P2|P3|P4|P5|P6|P7|P8|P9|P10|P11|P12|P13|P14|P15,0.831036,15,P15,P0,P9,P14,P15,P0,P8,P14,P15,P0,P8,P14,P15,P0,P7,P13,P15,P0,P7,P13
grating,315,2.90,P0|P1|P2|P3|P4|P5|P6|P7|P8|P9|P10|P11|P12|P13|P14|P15,0.831036,16,P0,P9,P14,P15,P0,P8,P14,P15,P0,P8,P14,P15,P0,P7,P13,P15,P0,P7,P13,P15
grating,315,2.90,P0|P1|P2|P3|P4|P5|P6|P7|P8|P9|P10|P11|P12|P13|P14|P15,0.831036,17,P9,P14,P15,P0,P8,P14,P15,P0,P8,P14,P15,P0,P7,P13,P15,P0,P7,P13,P15,P0
grating,315,2.90,P0|P1|P2|P3|P4|P5|P6|P7|P8|P9|P10|P11|P12|P13|P14|P15,0.831036,18,P14,P15,P0,P8,P14,P15,P0,P8,P14,P15,P0,P7,P13,P15,P0,P7,P13,P15,P0,P6
grating,315,2.90,P0|P1|P2|P3|P4|P5|P6|P7|P8|P9|P10|P11|P12|P13|P14|P15,0.831036,19,P15,P0,P8,P14,P15,P0,P8,P14,P15,P0,P7,P13,P15,P0,P7,P13,P15,P0,P6,P12
grating,135,3.00,P0|P1|P2|P3|P4|P5|P6|P7|P8|P9|P10|P11|P12|P13|P14|P15,0.831037,0,P14,P8,P0,P15,P14,P10,P0,P15,P14,P11,P4,P15,P15,P12,P6,P0,P15,P13,P7,P0
grating,135,3.00,P0|P1|P2|P3|P4|P5|P6|P7|P8|P9|P10|P11|P12|P13|P14|P15,0.831037,1,P8,P0,P15,P14,P10,P0,P15,P14,P11,P4,P15,P15,P12,P6,P0,P15,P13,P7,P0,P15
grating,135,3.00,P0|P1|P2|P3|P4|P5|P6|P7|P8|P9|P10|P11|P12|P13|P14|P15,0.831037,2,P0,P15,P14,P10,P0,P15,P14,P11,P4,P15,P15,P12,P6,P0,P15,P13,P7,P0,P15,P14
grating,135,3.00,P0|P1|P2|P3|P4|P5|P6|P7|P8|P9|P10|P11|P12|P13|P14|P15,0.831037,3,P15,P14,P10,P0,P15,P14,P11,P4,P15,P15,P12,P6,P0,P15,P13,P7,P0,P15,P14,P9
grating,135,3.00,P0|P1|P2|P3|P4|P5|P6|P7|P8|P9|P10|P11|P12|P13|P14|P15,0.831037,4,P14,P10,P0,P15,P14,P11,P4,P15,P15,P12,P6,P0,P15,P13,P7,P0,P15,P14,P9,P0
grating,135,3.00,P0|P1|P2|P3|P4|P5|P6|P7|P8|P9|P10|P11|P12|P13|P14|P15,0.831037,5,P10,P0,P15,P14,P11,P4,P15,P15,P12,P6,P0,P15,P13,P7,P0,P15,P14,P9,P0,P15
grating,135,3.00,P0|P1|P2|P3|P4|P5|P6|P7|P8|P9|P10|P11|P12|P13|P14|P15,0.831037,6,P0,P15,P14,P11,P4,P15,P15,P12,P6,P0,P15,P13,P7,P0,P15,P14,P9,P0,P15,P14
grating,135,3.00,P0|P1|P2|P3|P4|P5|P6|P7|P8|P9|P10|P11|P12|P13|P14|P15,0.831037,7,P15,P14,P11,P4,P15,P15,P12,P6,P0,P15,P13,P7,P0,P15,P14,P9,P0,P15,P14,P11
grating,135,3.00,P0|P1|P2|P3|P4|P5|P6|P7|P8|P9|P10|P11|P12|P13|P14|P15,0.831037,8,P14,P11,P4,P15,P15,P12,P6,P0,P15,P13,P7,P0,P15,P14,P9,P0,P15,P14,P11,P3
grating,135,3.00,P0|P1|P2|P3|P4|P5|P6|P7|P8|P9|P10|P11|P12|P13|P14|P15,0.831037,9,P11,P4,P15,P15,P12,P6,P0,P15,P13,P7,P0,P15,P14,P9,P0,P15,P14,P11,P3,P15
grating,135,3.00,P0|P1|P2|P3|P4|P5|P6|P7|P8|P9|P10|P11|P12|P13|P14|P15,0.831037,10,P4,P15,P15,P12,P6,P0,P15,P13,P7,P0,P15,P14,P9,P0,P15,P14,P11,P3,P15,P15
grating,135,3.00,P0|P1|P2|P3|P4|P5|P6|P7|P8|P9|P10|P11|P12|P13|P14|P15,0.831037,11,P15,P15,P12,P6,P0,P15,P13,P7,P0,P15,P14,P9,P0,P15,P14,P11,P3,P15,P15,P12
grating,135,3.00,P0|P1|P2|P3|P4|P5|P6|P7|P8|P9|P10|P11|P12|P13|P14|P15,0.831037,12,P15,P12,P6,P0,P15,P13,P7,P0,P15,P14,P9,P0,P15,P14,P11,P3,P15,P15,P12,P6
grating,135,3.00,P0|P1|P2|P3|P4|P5|P6|P7|P8|P9|P10|P11|P12|P13|P14|P15,0.831037,13,P12,P6,P0,P15,P13,P7,P0,P15,P14,P9,P0,P15,P14,P11,P3,P15,P15,P12,P6,P0
grating,135,3.00,P0|P1|P2|P3|P4|P5|P6|P7|P8|P9|P10|P11|P12|P13|P14|P15,0.831037,14,P6,P0,P15,P13,P7,P0,P15,P14,P9,P0,P15,P14,P11,P3,P15,P15,P12,P6,P0,P15
grating,135,3.00,P0|P1|P2|P3|P4|P5|P6|P7|P8|P9|P10|P11|P12|P13|P14|P15,0.831037,15,P0,P15,P13,P7,P0,P15,P14,P9,P0,P15,P14,P11,P3,P15,P15,P12,P6,P0,P15,P13
grating,135,3.00,P0|P1|P2|P3|P4|P5|P6|P7|P8|P9|P10|P11|P12|P13|P14|P15,0.831037,16,P15,P13,P7,P0,P15,P14,P9,P0,P15,P14,P11,P3,P15,P15,P12,P6,P0,P15,P13,P7
grating,135,3.00,P0|P1|P2|P3|P4|P5|P6|P7|P8|P9|P10|P11|P12|P13|P14|P15,0.831037,17,P13,P7,P0,P15,P14,P9,P0,P15,P14,P11,P3,P15,P15,P12,P6,P0,P15,P13,P7,P0
grating,135,3.00,P0|P1|P2|P3|P4|P5|P6|P7|P8|P9|P10|P11|P12|P13|P14|P15,0.831037,18,P7,P0,P15,P14,P9,P0,P15,P14,P11,P3,P15,P15,P12,P6,P0,P15,P13,P7,P0,P15
grating,135,3.00,P0|P1|P2|P3|P4|P5|P6|P7|P8|P9|P10|P11|P12|P13|P14|P15,0.831037,19,P0,P15,P14,P9,P0,P15,P14,P11,P3,P15,P15,P12,P6,P0,P15,P13,P7,P0,P15,P14
grating,315,3.00,P0|P1|P2|P3|P4|P5|P6|P7|P8|P9|P10|P11|P12|P13|P14|P15,0.831037,0,P14,P15,P0,P7,P13,P15,P0,P6,P12,P15,P15,P3,P11,P14,P15,P0,P9,P14,P15,P0
grating,315,3.00,P0|P1|P2|P3|P4|P5|P6|P7|P8|P9|P10|P11|P12|P13|P14|P15,0.831037,1,P15,P0,P7,P13,P15,P0,P6,P12,P15,P15,P3,P11,P14,P15,P0,P9,P14,P15,P0,P7
grating,315,3.00,P0|P1|P2|P3|P4|P5|P6|P7|P8|P9|P10|P11|P12|P13|P14|P15,0.831037,2,P0,P7,P13,P15,P0,P6,P12,P15,P15,P3,P11,P14,P15,P0,P9,P14,P15,P0,P7,P13
grating,315,3.00,P0|P1|P2|P3|P4|P5|P6|P7|P8|P9|P10|P11|P12|P13|P14|P15,0.831037,3,P7,P13,P15,P0,P6,P12,P15,P15,P3,P11,P14,P15,P0,P9,P14,P15,P0,P7,P13,P15
grating,315,3.00,P0|P1|P2|P3|P4|P5|P6|P7|P8|P9|P10|P11|P12|P13|P14|P15,0.831037,4,P13,P15,P0,P6,P12,P15,P15,P3,P11,P14,P15,P0,P9,P14,P15,P0,P7,P13,P15,P0
grating,315,3.00,P0|P1|P2|P3|P4|P5|P6|P7|P8|P9|P10|P11|P12|P13|P14|P15,0.831037,5,P15,P0,P6,P12,P15,P15,P3,P11,P14,P15,P0,P9,P14,P15,P0,P7,P13,P15,P0,P6
grating,315,3.00,P0|P1|P2|P3|P4|P5|P6|P7|P8|P9|P10|P11|P12|P13|P14|P15,0.831037,6,P0,P6,P12,P15,P15,P3,P11,P14,P15,P0,P9,P14,P15,P0,P7,P13,P15,P0,P6,P12
grating,315,3.00,P0|P1|P2|P3|P4|P5|P6|P7|P8|P9|P10|P11|P12|P13|P14|P15,0.831037,7,P6,P12,P15,P15,P3,P11,P14,P15,P0,P9,P14,P15,P0,P7,P13,P15,P0,P6,P12,P15
grating,315,3.00,P0|P1|P2|P3|P4|P5|P6|P7|P8|P9|P10|P11|P12|P13|P14|P15,0.831037,8,P12,P15,P15,P3,P11,P14,P15,P0,P9,P14,P15,P0,P7,P13,P15,P0,P6,P12,P15,P15
grating,315,3.00,P0|P1|P2|P3|P4|P5|P6|P7|P8|P9|P10|P11|P12|P13|P14|P15,0.831037,9,P15,P15,P3,P11,P14,P15,P0,P9,P14,P15,P0,P7,P13,P15,P0,P6,P12,P15,P15,P4
grating,315,3.00,P0|P1|P2|P3|P4|P5|P6|P7|P8|P9|P10|P11|P12|P13|P14|P15,0.831037,10,P15,P3,P11,P14,P15,P0,P9,P14,P15,P0,P7,P13,P15,P0,P6,P12,P15,P15,P4,P11
grating,315,3.00,P0|P1|P2|P3|P4|P5|P6|P7|P8|P9|P10|P11|P12|P13|P14|P15,0.831037,11,P3,P11,P14,P15,P0,P9,P14,P15,P0,P7,P13,P15,P0,P6,P12,P15,P15,P4,P11,P14
grating,315,3.00,P0|P1|P2|P3|P4|P5|P6|P7|P8|P9|P10|P11|P12|P13|P14|P15,0.831037,12,P11,P14,P15,P0,P9,P14,P15,P0,P7,P13,P15,P0,P6,P12,P15,P15,P4,P11,P14,P15
grating,315,3.00,P0|P1|P2|P3|P4|P5|P6|P7|P8|P9|P10|P11|P12|P13|P14|P15,0.831037,13,P14,P15,P0,P9,P14,P15,P0,P7,P13,P15,P0,P6,P12,P15,P15,P4,P11,P14,P15,P0
grating,315,3.00,P0|P1|P2|P3|P4|P5|P6|P7|P8|P9|P10|P11|P12|P13|P14|P15,0.831037,14,P15,P0,P9,P14,P15,P0,P7,P13,P15,P0,P6,P12,P15,P15,P4,P11,P14,P15,P0,P10
grating,315,3.00,P0|P1|P2|P3|P4|P5|P6|P7|P8|P9|P10|P11|P12|P13|P14|P15,0.831037,15,P0,P9,P14,P15,P0,P7,P13,P15,P0,P6,P12,P15,P15,P4,P11,P14,P15,P0,P10,P14
grating,315,3.00,P0|P1|P2|P3|P4|P5|P6|P7|P8|P9|P10|P11|P12|P13|P14|P15,0.831037,16,P9,P14,P15,P0,P7,P13,P15,P0,P6,P12,P15,P15,P4,P11,P14,P15,P0,P10,P14,P15
grating,315,3.00,P0|P1|P2|P3|P4|P5|P6|P7|P8|P9|P10|P11|P12|P13|P14|P15,0.831037,17,P14,P15,P0,P7,P13,P15,P0,P6,P12,P15,P15,P4,P11,P14,P15,P0,P10,P14,P15,P0
grating,315,3.00,P0|P1|P2|P3|P4|P5|P6|P7|P8|P9|P10|P11|P12|P13|P14|P15,0.831037,18,P15,P0,P7,P13,P15,P0,P6,P12,P15,P15,P4,P11,P14,P15,P0,P10,P14,P15,P0,P8
grating,315,3.00,P0|P1|P2|P3|P4|P5|P6|P7|P8|P9|P10|P11|P12|P13|P14|P15,0.831037,19,P0,P7,P13,P15,P0,P6,P12,P15,P15,P4,P11,P14,P15,P0,P10,P14,P15,P0,P8,P14
